## GMACS DEVELOPMENT VERSION 2.10.05; ** AEP & MV **; Initialized 2024-11-01 06:14:24; Last compilation on:  2025-02-06 05:28:34

--Start time: Tue Feb 11 06:14:25 2025

--Finish time: Tue Feb 11 06:21:19 2025

--Runtime: 0 hours, 6 minutes, 54 seconds
--Number of function evaluations: 2343
*******************************************

#Stock being assessed: Western_Aleutian_Islands_golden_king_crab

#General information
Year_range:                 	 1960 2021; actual data file end year is 2021
Number of seasons:          	 6
Number_of_fleets:           	 2
Fleets:                     	 Pot_Fishery Trawl_Bycatch 
Number of sexes:             	 1
Number of shell conditions: 	 1
Number of maturity states:  	 1
Weight unit is:             	 Tonnes
Numbers unit is:            	 Thousands

#Likelihoods_by_type (raw and weighted)
Catch_data: -66.07096048 -366.79250438
Index_data: -65.06923826 -65.06923826
Size_data: 813.28833224 813.28833224
Stock_recruitment: 19.29579021 19.29579021
Tagging_data: 2704.05922838 2704.05922838
Penalties: 0.06870392
Priors: 25.03093741
Initial_size_structure: 0.00000000
Total: 3129.88124953

#Likelihoods_by_type_and_fleet
Catches
Raw_likelihood:  -102.62177524 7.14378180 29.40703295
Emphasis      :  4.00000000 2.00000000 1.00000000
Net_likelihood:  -410.48710094 14.28756361 29.40703295
Index
Raw_likelihood:  -12.47622585 -32.55182107 -20.04119134
Emphasis      :  1.00000000 1.00000000 1.00000000
Net_likelihood:  -12.47622585 -32.55182107 -20.04119134
Size_composition
Raw_likelihood:  382.70065128 430.58768096
Emphasis      :  1.00000000 1.00000000
Net_likelihood:  382.70065128 430.58768096
Recruitment_penalities
Penalities    :  19.29579021 0.00000000 0.00000000
Tagging
Raw_likelihood:  2704.05922838
Emphasis      : 1.00000000
Net_likelihood:  2704.05922838
Growth_likelihood
Raw_likelihood    :  2704.05922838

#Penalties
1. Mean_Fbar=0: 0.00000000 0.00000000 0.00000000
2. Mean_Fdev: 0.00000000 0.00000000 0.00000000
3. Mdevs: 0.00000000 0.00000000 0.00000000
6. Rec_dev: 57.22066344 0.00000000 0.00000000
7. Sex_ratio: 0.00000000 0.00000000 0.00000000
8. Molt_prob: 0.00000000 0.00000000 0.00000000
9. Smooth_select: 0.00000000 0.00000000 0.00000000
10. Init_numbers: 14.70301653 0.00000000 0.00000000
11. Fdevs_(flt): 0.06870392 1.00000000 0.06870392
12. Fdovs_(flt): 0.00000000 0.00000000 0.00000000
13. SelDevs: 0.00000000 0.00000000 0.00000000

Maximum gradient: -0.00078818

#Parameter_count Parameter_type Estimate Phase Lower_bound Upper_bound Penalty Gradient Standard_error Estimated_parameter_count
1 M-base : 0.21000000 -3 
2 Log(R0) : 7.69401246 1 -10.00000000 20.00000000 3.40119738 -0.00025050 0.07327954 1
3 Log(Rinitial) : 12.00000000 -3 
4 Log(Rbar) : 8.00000000 -1 
5 Recruitment_ra-males : 110.00000000 -2 
6 Recruitment_rb-males : 0.96132020 3 0.00100000 20.00000000 1.58923521 -0.00000199 0.15916301 2
7 log(SigmaR) : -0.69314720 -1 
8 Steepness : 0.73000000 -2 
9 Rho : 0.00100000 -3 
10 Alpha_male_period_1 : 25.19024679 7 10.00000000 50.00000000 2.99573227 0.00003442 1.47648313 3
11 Beta_male_period_1 : 0.09023719 7 -0.40000000 20.00000000 2.30258509 -0.00078818 0.01138706 4
12 Gscale_male_period_1 : 3.66810645 7 0.01000000 5.00000000 1.09861229 0.00000171 0.09579694 5
13 Molt_probability_mu_male_period_1 : 141.10107470 7 65.00000000 165.00000000 6.90675478 0.00000947 0.78949969 6
14 Molt_probability_CV_male_period_1 : 0.10293956 7 -0.10000000 2.00000000 0.69314718 -0.00000050 0.00592414 7
15 MPar1 : 0.21000000 -3 
16 Sel_Pot_Fishery_male_period_1_par_1 : 4.90441383 3 4.65396035 5.19295685 4.31748811 0.00003967 0.02491345 8
17 Sel_Pot_Fishery_male_period_1_par_2 : 2.91374424 3 -4.60517019 2.99573227 2.99523215 -0.00000374 0.06455313 9
18 Sel_Pot_Fishery_male_period_2_par_1 : 4.90109455 3 4.65396035 5.19295685 4.31748811 0.00001611 0.00761910 10
19 Sel_Pot_Fishery_male_period_2_par_2 : 2.00622921 3 -4.60517019 2.99573227 2.99523215 -0.00000472 0.04745914 11
20 Sel_Trawl_Bycatch_male_period_1_par_1 : 0.00000000 -3 
21 Ret_Pot_Fishery_male_period_1_par_1 : 4.91272436 3 4.65396035 5.19295685 4.31748811 0.00006520 0.00115227 12
22 Ret_Pot_Fishery_male_period_1_par_2 : 0.62552029 3 -9.21034037 2.99573227 2.99572727 0.00000012 0.04276920 13
23 Ret_Trawl_Bycatch_male_period_1_par_1 : 0.00000000 -3 
24 AsympRet_fleet_Pot_Fishery_sex_male_year_1960 : 0.00000100 -3 
25 Dummy_sel_env_par : 0.00000000 -1 
26 Dummy_sel_dev_par : 0.00000000 -1 
27 Log_fbar_Pot_Fishery : -0.71815463 2 -1000.00000000 1000.00000000 0.00000000 -0.00070561 3.49259745 14
28 Log_fbar_Trawl_Bycatch : -8.18565426 2 -1000.00000000 1000.00000000 0.00000000 -0.00000740 3.95692416 15
29 Log_fdev_Pot_Fishery_year_1981_season_3 : -3.92325554 2 -1000.00000000 1000.00000000 0.00000000 -0.00012677 3.49365408 16
30 Log_fdev_Pot_Fishery_year_1982_season_3 : -0.44598996 2 -1000.00000000 1000.00000000 0.00000000 -0.00012201 3.49360492 17
31 Log_fdev_Pot_Fishery_year_1983_season_3 : -0.03795963 2 -1000.00000000 1000.00000000 0.00000000 -0.00009547 3.49395274 18
32 Log_fdev_Pot_Fishery_year_1984_season_3 : -1.85402519 2 -1000.00000000 1000.00000000 0.00000000 -0.00010509 3.49371362 19
33 Log_fdev_Pot_Fishery_year_1985_season_3 : -0.27361722 2 -1000.00000000 1000.00000000 0.00000000 -0.00010306 3.49338526 20
34 Log_fdev_Pot_Fishery_year_1986_season_3 : 0.80856943 2 -1000.00000000 1000.00000000 0.00000000 -0.00008260 3.49333873 21
35 Log_fdev_Pot_Fishery_year_1987_season_3 : 0.59971796 2 -1000.00000000 1000.00000000 0.00000000 -0.00000137 3.49300738 22
36 Log_fdev_Pot_Fishery_year_1988_season_3 : 0.66905030 2 -1000.00000000 1000.00000000 0.00000000 -0.00006170 3.49272263 23
37 Log_fdev_Pot_Fishery_year_1989_season_3 : 1.18503282 2 -1000.00000000 1000.00000000 0.00000000 -0.00008832 3.49281135 24
38 Log_fdev_Pot_Fishery_year_1990_season_3 : 0.85183123 2 -1000.00000000 1000.00000000 0.00000000 0.00002503 3.49286395 25
39 Log_fdev_Pot_Fishery_year_1991_season_3 : 0.70468826 2 -1000.00000000 1000.00000000 0.00000000 0.00010812 3.49268034 26
40 Log_fdev_Pot_Fishery_year_1992_season_3 : 0.39475546 2 -1000.00000000 1000.00000000 0.00000000 0.00007264 3.49262567 27
41 Log_fdev_Pot_Fishery_year_1993_season_3 : -0.11461019 2 -1000.00000000 1000.00000000 0.00000000 -0.00004034 3.49255379 28
42 Log_fdev_Pot_Fishery_year_1994_season_3 : 0.87007506 2 -1000.00000000 1000.00000000 0.00000000 -0.00008577 3.49250644 29
43 Log_fdev_Pot_Fishery_year_1995_season_3 : 0.63769930 2 -1000.00000000 1000.00000000 0.00000000 -0.00006739 3.49250124 30
44 Log_fdev_Pot_Fishery_year_1996_season_3 : 0.59104513 2 -1000.00000000 1000.00000000 0.00000000 -0.00002515 3.49249873 31
45 Log_fdev_Pot_Fishery_year_1997_season_3 : 0.41787081 2 -1000.00000000 1000.00000000 0.00000000 -0.00004008 3.49250039 32
46 Log_fdev_Pot_Fishery_year_1998_season_3 : 0.17189406 2 -1000.00000000 1000.00000000 0.00000000 -0.00002272 3.49248007 33
47 Log_fdev_Pot_Fishery_year_1999_season_3 : 0.43245220 2 -1000.00000000 1000.00000000 0.00000000 -0.00000908 3.49245669 34
48 Log_fdev_Pot_Fishery_year_2000_season_3 : 0.51559407 2 -1000.00000000 1000.00000000 0.00000000 0.00000668 3.49246608 35
49 Log_fdev_Pot_Fishery_year_2001_season_3 : 0.36847266 2 -1000.00000000 1000.00000000 0.00000000 0.00000616 3.49247138 36
50 Log_fdev_Pot_Fishery_year_2002_season_3 : 0.16923034 2 -1000.00000000 1000.00000000 0.00000000 -0.00000245 3.49245765 37
51 Log_fdev_Pot_Fishery_year_2003_season_3 : 0.03913421 2 -1000.00000000 1000.00000000 0.00000000 0.00000360 3.49242214 38
52 Log_fdev_Pot_Fishery_year_2004_season_3 : -0.06934672 2 -1000.00000000 1000.00000000 0.00000000 0.00001010 3.49239650 39
53 Log_fdev_Pot_Fishery_year_2005_season_3 : -0.21985132 2 -1000.00000000 1000.00000000 0.00000000 0.00004382 3.49260855 40
54 Log_fdev_Pot_Fishery_year_2006_season_3 : -0.41512855 2 -1000.00000000 1000.00000000 0.00000000 0.00000284 3.49261961 41
55 Log_fdev_Pot_Fishery_year_2007_season_3 : -0.32054148 2 -1000.00000000 1000.00000000 0.00000000 -0.00003199 3.49257860 42
56 Log_fdev_Pot_Fishery_year_2008_season_3 : -0.39697713 2 -1000.00000000 1000.00000000 0.00000000 -0.00002956 3.49255213 43
57 Log_fdev_Pot_Fishery_year_2009_season_3 : -0.31239645 2 -1000.00000000 1000.00000000 0.00000000 -0.00003853 3.49252992 44
58 Log_fdev_Pot_Fishery_year_2010_season_3 : -0.27969286 2 -1000.00000000 1000.00000000 0.00000000 -0.00002384 3.49253501 45
59 Log_fdev_Pot_Fishery_year_2011_season_3 : -0.20825474 2 -1000.00000000 1000.00000000 0.00000000 0.00003641 3.49253096 46
60 Log_fdev_Pot_Fishery_year_2012_season_3 : -0.05009828 2 -1000.00000000 1000.00000000 0.00000000 0.00005316 3.49253173 47
61 Log_fdev_Pot_Fishery_year_2013_season_3 : 0.13594021 2 -1000.00000000 1000.00000000 0.00000000 0.00005013 3.49259222 48
62 Log_fdev_Pot_Fishery_year_2014_season_3 : 0.09808257 2 -1000.00000000 1000.00000000 0.00000000 0.00000953 3.49266303 49
63 Log_fdev_Pot_Fishery_year_2015_season_3 : -0.00311114 2 -1000.00000000 1000.00000000 0.00000000 -0.00004766 3.49267683 50
64 Log_fdev_Pot_Fishery_year_2016_season_3 : -0.21238174 2 -1000.00000000 1000.00000000 0.00000000 -0.00007825 3.49264477 51
65 Log_fdev_Pot_Fishery_year_2017_season_3 : -0.30444063 2 -1000.00000000 1000.00000000 0.00000000 0.00000656 3.49260587 52
66 Log_fdev_Pot_Fishery_year_2018_season_3 : -0.22179678 2 -1000.00000000 1000.00000000 0.00000000 0.00001406 3.49260330 53
67 Log_fdev_Pot_Fishery_year_2019_season_3 : -0.07272958 2 -1000.00000000 1000.00000000 0.00000000 0.00001096 3.49265575 54
68 Log_fdev_Pot_Fishery_year_2020_season_3 : 0.05163024 2 -1000.00000000 1000.00000000 0.00000000 0.00000291 3.49280806 55
69 Log_fdev_Pot_Fishery_year_2021_season_3 : 0.02349097 2 -1000.00000000 1000.00000000 0.00000000 0.00000384 3.49326381 56
70 Log_fdev_Trawl_Bycatch_year_1989_season_3 : -2.53245699 2 -1000.00000000 1000.00000000 0.00000000 -0.00000030 4.07342457 57
71 Log_fdev_Trawl_Bycatch_year_1990_season_3 : -0.55993817 2 -1000.00000000 1000.00000000 0.00000000 -0.00000001 4.07347739 58
72 Log_fdev_Trawl_Bycatch_year_1991_season_3 : -3.41979771 2 -1000.00000000 1000.00000000 0.00000000 -0.00000065 4.07344851 59
73 Log_fdev_Trawl_Bycatch_year_1992_season_3 : -0.64692225 2 -1000.00000000 1000.00000000 0.00000000 -0.00000023 4.07350383 60
74 Log_fdev_Trawl_Bycatch_year_1994_season_3 : -2.12990448 2 -1000.00000000 1000.00000000 0.00000000 -0.00000081 4.07339288 61
75 Log_fdev_Trawl_Bycatch_year_1995_season_3 : -0.17148334 2 -1000.00000000 1000.00000000 0.00000000 -0.00000013 4.07390694 62
76 Log_fdev_Trawl_Bycatch_year_1996_season_3 : 1.05970684 2 -1000.00000000 1000.00000000 0.00000000 -0.00000044 4.07656031 63
77 Log_fdev_Trawl_Bycatch_year_1997_season_3 : -0.80928296 2 -1000.00000000 1000.00000000 0.00000000 -0.00000042 4.07377791 64
78 Log_fdev_Trawl_Bycatch_year_1998_season_3 : 0.64777532 2 -1000.00000000 1000.00000000 0.00000000 -0.00000022 4.07468760 65
79 Log_fdev_Trawl_Bycatch_year_1999_season_3 : 0.52687676 2 -1000.00000000 1000.00000000 0.00000000 -0.00000024 4.07403189 66
80 Log_fdev_Trawl_Bycatch_year_2000_season_3 : -0.05746348 2 -1000.00000000 1000.00000000 0.00000000 -0.00000061 4.07329830 67
81 Log_fdev_Trawl_Bycatch_year_2001_season_3 : -1.03439650 2 -1000.00000000 1000.00000000 0.00000000 -0.00000001 4.07319486 68
82 Log_fdev_Trawl_Bycatch_year_2002_season_3 : -0.07317511 2 -1000.00000000 1000.00000000 0.00000000 -0.00000045 4.07254752 69
83 Log_fdev_Trawl_Bycatch_year_2003_season_3 : -1.45540267 2 -1000.00000000 1000.00000000 0.00000000 -0.00000009 4.07314729 70
84 Log_fdev_Trawl_Bycatch_year_2004_season_3 : -0.33273721 2 -1000.00000000 1000.00000000 0.00000000 -0.00000083 4.07258158 71
85 Log_fdev_Trawl_Bycatch_year_2005_season_3 : 0.94476916 2 -1000.00000000 1000.00000000 0.00000000 -0.00000029 4.07102276 72
86 Log_fdev_Trawl_Bycatch_year_2006_season_3 : 0.46409466 2 -1000.00000000 1000.00000000 0.00000000 -0.00000035 4.07252884 73
87 Log_fdev_Trawl_Bycatch_year_2007_season_3 : 0.01481076 2 -1000.00000000 1000.00000000 0.00000000 -0.00000033 4.07287734 74
88 Log_fdev_Trawl_Bycatch_year_2008_season_3 : 1.81031450 2 -1000.00000000 1000.00000000 0.00000000 -0.00000034 4.07027154 75
89 Log_fdev_Trawl_Bycatch_year_2009_season_3 : 1.21526834 2 -1000.00000000 1000.00000000 0.00000000 -0.00000060 4.07206134 76
90 Log_fdev_Trawl_Bycatch_year_2010_season_3 : 0.63781137 2 -1000.00000000 1000.00000000 0.00000000 -0.00000041 4.07261022 77
91 Log_fdev_Trawl_Bycatch_year_2011_season_3 : 0.74975420 2 -1000.00000000 1000.00000000 0.00000000 -0.00000026 4.07262034 78
92 Log_fdev_Trawl_Bycatch_year_2012_season_3 : 1.29186461 2 -1000.00000000 1000.00000000 0.00000000 0.00000014 4.07325678 79
93 Log_fdev_Trawl_Bycatch_year_2013_season_3 : 1.15983658 2 -1000.00000000 1000.00000000 0.00000000 -0.00000054 4.07367465 80
94 Log_fdev_Trawl_Bycatch_year_2014_season_3 : 0.80855853 2 -1000.00000000 1000.00000000 0.00000000 -0.00000000 4.07328581 81
95 Log_fdev_Trawl_Bycatch_year_2015_season_3 : 0.29468693 2 -1000.00000000 1000.00000000 0.00000000 -0.00000039 4.07318356 82
96 Log_fdev_Trawl_Bycatch_year_2016_season_3 : 0.68098100 2 -1000.00000000 1000.00000000 0.00000000 -0.00000012 4.07284320 83
97 Log_fdev_Trawl_Bycatch_year_2017_season_3 : -0.08060578 2 -1000.00000000 1000.00000000 0.00000000 -0.00000030 4.07318970 84
98 Log_fdev_Trawl_Bycatch_year_2018_season_3 : 0.33225439 2 -1000.00000000 1000.00000000 0.00000000 -0.00000021 4.07349971 85
99 Log_fdev_Trawl_Bycatch_year_2019_season_3 : 1.24543215 2 -1000.00000000 1000.00000000 0.00000000 -0.00000069 4.07454083 86
100 Log_fdev_Trawl_Bycatch_year_2020_season_3 : -0.28264462 2 -1000.00000000 1000.00000000 0.00000000 0.00000008 4.07395529 87
101 Log_fdev_Trawl_Bycatch_year_2021_season_3 : -0.29859226 2 -1000.00000000 1000.00000000 0.00000000 -0.00000037 4.07481305 88
102 Log_foff_Pot_Fishery : 0.00000000 -1 
103 Log_foff_Trawl_Bycatch : 0.00000000 -1 
106 Rec_dev_est_1960 : -0.12751240 1 -8.00000000 8.00000000 0.00000000 -0.00000686 0.49932694 89
107 Rec_dev_est_1961 : -0.12821171 1 -8.00000000 8.00000000 0.00000000 -0.00000429 0.49916346 90
108 Rec_dev_est_1962 : -0.12890856 1 -8.00000000 8.00000000 0.00000000 -0.00000825 0.49895950 91
109 Rec_dev_est_1963 : -0.12975298 1 -8.00000000 8.00000000 0.00000000 -0.00000616 0.49870543 92
110 Rec_dev_est_1964 : -0.13077194 1 -8.00000000 8.00000000 0.00000000 -0.00000759 0.49838894 93
111 Rec_dev_est_1965 : -0.13199453 1 -8.00000000 8.00000000 0.00000000 -0.00000683 0.49799482 94
112 Rec_dev_est_1966 : -0.13345129 1 -8.00000000 8.00000000 0.00000000 -0.00001129 0.49750433 95
113 Rec_dev_est_1967 : -0.13517176 1 -8.00000000 8.00000000 0.00000000 -0.00002071 0.49689457 96
114 Rec_dev_est_1968 : -0.13718054 1 -8.00000000 8.00000000 0.00000000 -0.00001773 0.49613776 97
115 Rec_dev_est_1969 : -0.13949205 1 -8.00000000 8.00000000 0.00000000 -0.00003024 0.49520066 98
116 Rec_dev_est_1970 : -0.14209967 1 -8.00000000 8.00000000 0.00000000 -0.00003172 0.49404416 99
117 Rec_dev_est_1971 : -0.14496273 1 -8.00000000 8.00000000 0.00000000 -0.00004666 0.49262346 100
118 Rec_dev_est_1972 : -0.14798367 1 -8.00000000 8.00000000 0.00000000 -0.00002949 0.49088938 101
119 Rec_dev_est_1973 : -0.15097942 1 -8.00000000 8.00000000 0.00000000 -0.00005280 0.48879194 102
120 Rec_dev_est_1974 : -0.15363203 1 -8.00000000 8.00000000 0.00000000 -0.00006053 0.48628934 103
121 Rec_dev_est_1975 : -0.15541876 1 -8.00000000 8.00000000 0.00000000 -0.00008096 0.48337005 104
122 Rec_dev_est_1976 : -0.15547991 1 -8.00000000 8.00000000 0.00000000 -0.00009343 0.48010935 105
123 Rec_dev_est_1977 : -0.15234242 1 -8.00000000 8.00000000 0.00000000 -0.00008747 0.47681254 106
124 Rec_dev_est_1978 : -0.14327441 1 -8.00000000 8.00000000 0.00000000 -0.00010628 0.47432924 107
125 Rec_dev_est_1979 : -0.12297838 1 -8.00000000 8.00000000 0.00000000 -0.00009478 0.47440010 108
126 Rec_dev_est_1980 : -0.08278269 1 -8.00000000 8.00000000 0.00000000 -0.00006569 0.47832857 109
127 Rec_dev_est_1981 : -0.01572585 1 -8.00000000 8.00000000 0.00000000 -0.00004901 0.48263615 110
128 Rec_dev_est_1982 : 0.09320441 1 -8.00000000 8.00000000 0.00000000 -0.00000151 0.48771430 111
129 Rec_dev_est_1983 : 0.28835638 1 -8.00000000 8.00000000 0.00000000 0.00000788 0.50631757 112
130 Rec_dev_est_1984 : 0.45506476 1 -8.00000000 8.00000000 0.00000000 0.00003575 0.50007832 113
131 Rec_dev_est_1985 : 0.54136068 1 -8.00000000 8.00000000 0.00000000 0.00006701 0.39763834 114
132 Rec_dev_est_1986 : 0.23233524 1 -8.00000000 8.00000000 0.00000000 0.00008613 0.35851064 115
133 Rec_dev_est_1987 : -0.14483789 1 -8.00000000 8.00000000 0.00000000 0.00005998 0.35009508 116
134 Rec_dev_est_1988 : 0.03532167 1 -8.00000000 8.00000000 0.00000000 0.00000636 0.23846951 117
135 Rec_dev_est_1989 : -0.22774808 1 -8.00000000 8.00000000 0.00000000 -0.00003623 0.19995892 118
136 Rec_dev_est_1990 : -0.53685709 1 -8.00000000 8.00000000 0.00000000 -0.00003772 0.21442379 119
137 Rec_dev_est_1991 : -0.36915890 1 -8.00000000 8.00000000 0.00000000 -0.00001388 0.20882293 120
138 Rec_dev_est_1992 : 0.04809266 1 -8.00000000 8.00000000 0.00000000 0.00005029 0.15587280 121
139 Rec_dev_est_1993 : -0.17297008 1 -8.00000000 8.00000000 0.00000000 0.00004245 0.14691284 122
140 Rec_dev_est_1994 : -0.13311109 1 -8.00000000 8.00000000 0.00000000 0.00009514 0.10855945 123
141 Rec_dev_est_1995 : -0.31112685 1 -8.00000000 8.00000000 0.00000000 0.00008883 0.10859315 124
142 Rec_dev_est_1996 : -0.16457672 1 -8.00000000 8.00000000 0.00000000 0.00005047 0.10528843 125
143 Rec_dev_est_1997 : -0.15432455 1 -8.00000000 8.00000000 0.00000000 0.00001576 0.11102957 126
144 Rec_dev_est_1998 : 0.03545171 1 -8.00000000 8.00000000 0.00000000 -0.00000173 0.10218408 127
145 Rec_dev_est_1999 : 0.11025258 1 -8.00000000 8.00000000 0.00000000 -0.00001584 0.10367310 128
146 Rec_dev_est_2000 : 0.06048648 1 -8.00000000 8.00000000 0.00000000 -0.00002312 0.11815056 129
147 Rec_dev_est_2001 : 0.18166200 1 -8.00000000 8.00000000 0.00000000 -0.00004263 0.12332471 130
148 Rec_dev_est_2002 : -0.47505413 1 -8.00000000 8.00000000 0.00000000 -0.00002616 0.19573032 131
149 Rec_dev_est_2003 : -0.01483136 1 -8.00000000 8.00000000 0.00000000 -0.00000320 0.16746218 132
150 Rec_dev_est_2004 : 0.03734879 1 -8.00000000 8.00000000 0.00000000 0.00003118 0.21065660 133
151 Rec_dev_est_2005 : 0.00871760 1 -8.00000000 8.00000000 0.00000000 0.00008135 0.22277243 134
152 Rec_dev_est_2006 : -0.04705490 1 -8.00000000 8.00000000 0.00000000 0.00009464 0.21693214 135
153 Rec_dev_est_2007 : -0.41752317 1 -8.00000000 8.00000000 0.00000000 0.00005036 0.26358194 136
154 Rec_dev_est_2008 : -0.24994514 1 -8.00000000 8.00000000 0.00000000 0.00007570 0.24328214 137
155 Rec_dev_est_2009 : -0.22554898 1 -8.00000000 8.00000000 0.00000000 -0.00000970 0.22916345 138
156 Rec_dev_est_2010 : -0.61187056 1 -8.00000000 8.00000000 0.00000000 -0.00000918 0.27672350 139
157 Rec_dev_est_2011 : -0.26649832 1 -8.00000000 8.00000000 0.00000000 -0.00008454 0.22143955 140
158 Rec_dev_est_2012 : -0.02687027 1 -8.00000000 8.00000000 0.00000000 -0.00003349 0.20144999 141
159 Rec_dev_est_2013 : -0.10117377 1 -8.00000000 8.00000000 0.00000000 0.00001799 0.21482677 142
160 Rec_dev_est_2014 : -0.22677900 1 -8.00000000 8.00000000 0.00000000 0.00004661 0.23529950 143
161 Rec_dev_est_2015 : -0.18518958 1 -8.00000000 8.00000000 0.00000000 0.00003964 0.22367090 144
162 Rec_dev_est_2016 : -0.38284623 1 -8.00000000 8.00000000 0.00000000 0.00002157 0.25456223 145
163 Rec_dev_est_2017 : -0.22834849 1 -8.00000000 8.00000000 0.00000000 0.00001011 0.21725144 146
164 Rec_dev_est_2018 : -0.54883724 1 -8.00000000 8.00000000 0.00000000 0.00000282 0.25762826 147
165 Rec_dev_est_2019 : -0.47775147 1 -8.00000000 8.00000000 0.00000000 0.00000098 0.28075424 148
166 Rec_dev_est_2020 : -0.15693652 1 -8.00000000 8.00000000 0.00000000 0.00000007 0.37610667 149
167 Rec_dev_est_2021 : -0.12515693 1 -8.00000000 8.00000000 0.00000000 -0.00000014 0.50000013 150
168 Logit_rec_prop_est_1960 : -0.00000000 -1 
169 Logit_rec_prop_est_1961 : -0.00000000 -1 
170 Logit_rec_prop_est_1962 : -0.00000000 -1 
171 Logit_rec_prop_est_1963 : -0.00000000 -1 
172 Logit_rec_prop_est_1964 : -0.00000000 -1 
173 Logit_rec_prop_est_1965 : -0.00000000 -1 
174 Logit_rec_prop_est_1966 : -0.00000000 -1 
175 Logit_rec_prop_est_1967 : -0.00000000 -1 
176 Logit_rec_prop_est_1968 : -0.00000000 -1 
177 Logit_rec_prop_est_1969 : -0.00000000 -1 
178 Logit_rec_prop_est_1970 : -0.00000000 -1 
179 Logit_rec_prop_est_1971 : -0.00000000 -1 
180 Logit_rec_prop_est_1972 : -0.00000000 -1 
181 Logit_rec_prop_est_1973 : -0.00000000 -1 
182 Logit_rec_prop_est_1974 : -0.00000000 -1 
183 Logit_rec_prop_est_1975 : -0.00000000 -1 
184 Logit_rec_prop_est_1976 : -0.00000000 -1 
185 Logit_rec_prop_est_1977 : -0.00000000 -1 
186 Logit_rec_prop_est_1978 : -0.00000000 -1 
187 Logit_rec_prop_est_1979 : -0.00000000 -1 
188 Logit_rec_prop_est_1980 : -0.00000000 -1 
189 Logit_rec_prop_est_1981 : -0.00000000 -1 
190 Logit_rec_prop_est_1982 : -0.00000000 -1 
191 Logit_rec_prop_est_1983 : -0.00000000 -1 
192 Logit_rec_prop_est_1984 : -0.00000000 -1 
193 Logit_rec_prop_est_1985 : -0.00000000 -1 
194 Logit_rec_prop_est_1986 : -0.00000000 -1 
195 Logit_rec_prop_est_1987 : -0.00000000 -1 
196 Logit_rec_prop_est_1988 : -0.00000000 -1 
197 Logit_rec_prop_est_1989 : -0.00000000 -1 
198 Logit_rec_prop_est_1990 : -0.00000000 -1 
199 Logit_rec_prop_est_1991 : -0.00000000 -1 
200 Logit_rec_prop_est_1992 : -0.00000000 -1 
201 Logit_rec_prop_est_1993 : -0.00000000 -1 
202 Logit_rec_prop_est_1994 : -0.00000000 -1 
203 Logit_rec_prop_est_1995 : -0.00000000 -1 
204 Logit_rec_prop_est_1996 : -0.00000000 -1 
205 Logit_rec_prop_est_1997 : -0.00000000 -1 
206 Logit_rec_prop_est_1998 : -0.00000000 -1 
207 Logit_rec_prop_est_1999 : -0.00000000 -1 
208 Logit_rec_prop_est_2000 : -0.00000000 -1 
209 Logit_rec_prop_est_2001 : -0.00000000 -1 
210 Logit_rec_prop_est_2002 : -0.00000000 -1 
211 Logit_rec_prop_est_2003 : -0.00000000 -1 
212 Logit_rec_prop_est_2004 : -0.00000000 -1 
213 Logit_rec_prop_est_2005 : -0.00000000 -1 
214 Logit_rec_prop_est_2006 : -0.00000000 -1 
215 Logit_rec_prop_est_2007 : -0.00000000 -1 
216 Logit_rec_prop_est_2008 : -0.00000000 -1 
217 Logit_rec_prop_est_2009 : -0.00000000 -1 
218 Logit_rec_prop_est_2010 : -0.00000000 -1 
219 Logit_rec_prop_est_2011 : -0.00000000 -1 
220 Logit_rec_prop_est_2012 : -0.00000000 -1 
221 Logit_rec_prop_est_2013 : -0.00000000 -1 
222 Logit_rec_prop_est_2014 : -0.00000000 -1 
223 Logit_rec_prop_est_2015 : -0.00000000 -1 
224 Logit_rec_prop_est_2016 : -0.00000000 -1 
225 Logit_rec_prop_est_2017 : -0.00000000 -1 
226 Logit_rec_prop_est_2018 : -0.00000000 -1 
227 Logit_rec_prop_est_2019 : -0.00000000 -1 
228 Logit_rec_prop_est_2020 : -0.00000000 -1 
229 Logit_rec_prop_est_2021 : -0.00000000 -1 
230 Log_vn_comp_1 :  0.00000000 -4 
231 Log_vn_comp_2 :  0.00000000 -4 
232 Survey_q_survey_1 : 0.00107970 1 0.00000010 0.01000000 -4.60518019 -0.00001188 0.00010143 151
233 Survey_q_survey_2 : 0.00067457 1 0.00000010 0.01000000 -4.60518019 -0.00001453 0.00005185 152
234 Survey_q_survey_3 : 0.00103811 1 0.00000010 0.01000000 -4.60518019 0.00004151 0.00008083 153
235 Log_add_cvt_survey_1 : -1.75416646 6 -16.11809565 -0.69314718 -0.69314738 0.00000069 0.25651511 154
236 Log_add_cvt_survey_2 : -2.49959221 6 -16.11809565 -0.69314718 -0.69314738 0.00000069 0.24012129 155
237 Log_add_cvt_survey_3 : -1.96490696 6 -16.11809565 -0.69314718 -0.69314738 0.00000199 0.26478065 156
238 Dummy_dev_par : 0.00000000 -1 

#--------------------------------------------------------------------------------------------
#Parameter_name Estimate Standard_error Estimated_quantity_count
Male Spr_rbar : 1925.50996396 40.31335141 157
Female Spr_rbar : 0.00000000 0.00000000 158
SSSB/R(F=0) : 15261.05166820 260.62257416 159
BMSY : 5341.36808387 91.21790096 160
Bcurr/BMSY : 0.90456255 0.11400821 161
OFL(tot) : 1189.75202420 243.88381601 162
Fmsy (1) : 0.55153223 0.02207395 163
Fmsy (2) : 0.00055206 0.00018845 164
Fofl (1) : 0.49304670 0.07272084 165
Fofl (2) : 0.00055206 0.00018845 166
Ofl (1) : 1187.57271070 243.66234263 167
Ofl (2) : 2.17931349 0.79708706 168
SigmaR : 0.49999999; Weight : 2.00000008

#--------------------------------------------------------------------------------------------
#Overall_summary
#Year SSB log(SSB) SD(log(SSB) SSA Dynamic_B0 log(DynB0) SD(log(DynB0)) Recruit_male log(Recruits) SD(log(Recruits)) log(f)  SD(log(f)) Retained_mortality  Total_mortality Pot_Fishery Trawl_Bycatch Rec_dev logit_rec_prop res_recruit 
1960 17398.26121110 0.00000000 0.00000000 9185.69959736 17398.26121110 0.00000000 0.00000000 1932.36526100 0.00000000 0.00000000 0.00000000 0.00000000 0.00000000 0.00000000 0.00000000 0.00000000 -0.12751240 -0.00000000 -0.00251241
1961 17290.66160258 0.00000000 0.00000000 9063.66167025 17290.66160258 0.00000000 0.00000000 1931.01440908 0.00000000 0.00000000 0.00000000 0.00000000 0.00000000 0.00000000 0.00000000 0.00000000 -0.12821171 -0.00000000 -0.00308421
1962 17087.69584793 0.00000000 0.00000000 8883.87480522 17087.69584793 0.00000000 0.00000000 1929.66926460 0.00000000 0.00000000 0.00000000 0.00000000 0.00000000 0.00000000 0.00000000 0.00000000 -0.12890856 -0.00000000 -0.00378035
1963 16867.77018828 0.00000000 0.00000000 8731.51010887 16867.77018828 0.00000000 0.00000000 1928.04049662 0.00000000 0.00000000 0.00000000 0.00000000 0.00000000 0.00000000 0.00000000 0.00000000 -0.12975298 -0.00000000 -0.00462408
1964 16651.96222506 0.00000000 0.00000000 8606.41292117 16651.96222506 0.00000000 0.00000000 1926.07689697 0.00000000 0.00000000 0.00000000 0.00000000 0.00000000 0.00000000 0.00000000 0.00000000 -0.13077194 -0.00000000 -0.00564219
1965 16450.69386802 0.00000000 0.00000000 8503.54272661 16450.69386802 0.00000000 0.00000000 1923.72353529 0.00000000 0.00000000 0.00000000 0.00000000 0.00000000 0.00000000 0.00000000 0.00000000 -0.13199453 -0.00000000 -0.00686376
1966 16268.48303603 0.00000000 0.00000000 8418.42646409 16268.48303603 0.00000000 0.00000000 1920.92316927 0.00000000 0.00000000 0.00000000 0.00000000 0.00000000 0.00000000 0.00000000 0.00000000 -0.13345129 -0.00000000 -0.00831930
1967 16106.30567211 0.00000000 0.00000000 8347.36903851 16106.30567211 0.00000000 0.00000000 1917.62113212 0.00000000 0.00000000 0.00000000 0.00000000 0.00000000 0.00000000 0.00000000 0.00000000 -0.13517176 -0.00000000 -0.01003831
1968 15963.18111672 0.00000000 0.00000000 8287.32934763 15963.18111672 0.00000000 0.00000000 1913.77291120 0.00000000 0.00000000 0.00000000 0.00000000 0.00000000 0.00000000 0.00000000 0.00000000 -0.13718054 -0.00000000 -0.01204537
1969 15837.14880869 0.00000000 0.00000000 8235.80352077 15837.14880869 0.00000000 0.00000000 1909.35430699 0.00000000 0.00000000 0.00000000 0.00000000 0.00000000 0.00000000 0.00000000 0.00000000 -0.13949205 -0.00000000 -0.01435488
1970 15725.84432793 0.00000000 0.00000000 8190.73586506 15725.84432793 0.00000000 0.00000000 1904.38192560 0.00000000 0.00000000 0.00000000 0.00000000 0.00000000 0.00000000 0.00000000 0.00000000 -0.14209967 -0.00000000 -0.01696019
1971 15626.84044075 0.00000000 0.00000000 8150.45935349 15626.84044075 0.00000000 0.00000000 1898.93737254 0.00000000 0.00000000 0.00000000 0.00000000 0.00000000 0.00000000 0.00000000 0.00000000 -0.14496273 -0.00000000 -0.01982063
1972 15537.86024435 0.00000000 0.00000000 8113.66509708 15537.86024435 0.00000000 0.00000000 1893.20944117 0.00000000 0.00000000 0.00000000 0.00000000 0.00000000 0.00000000 0.00000000 0.00000000 -0.14798367 -0.00000000 -0.02283872
1973 15456.93198703 0.00000000 0.00000000 8079.40502957 15456.93198703 0.00000000 0.00000000 1887.54634641 0.00000000 0.00000000 0.00000000 0.00000000 0.00000000 0.00000000 0.00000000 0.00000000 -0.15097942 -0.00000000 -0.02583144
1974 15382.53113300 0.00000000 0.00000000 8047.13176768 15382.53113300 0.00000000 0.00000000 1882.54606336 0.00000000 0.00000000 0.00000000 0.00000000 0.00000000 0.00000000 0.00000000 0.00000000 -0.15363203 -0.00000000 -0.02848106
1975 15313.74948441 0.00000000 0.00000000 8016.78975740 15313.74948441 0.00000000 0.00000000 1879.18545813 0.00000000 0.00000000 0.00000000 0.00000000 0.00000000 0.00000000 0.00000000 0.00000000 -0.15541876 -0.00000000 -0.03026514
1976 15250.53185165 0.00000000 0.00000000 7988.97788158 15250.53185165 0.00000000 0.00000000 1879.07056441 0.00000000 0.00000000 0.00000000 0.00000000 0.00000000 0.00000000 0.00000000 0.00000000 -0.15547991 -0.00000000 -0.03032449
1977 15194.05040317 0.00000000 0.00000000 7965.23892271 15194.05040317 0.00000000 0.00000000 1884.97538466 0.00000000 0.00000000 0.00000000 0.00000000 0.00000000 0.00000000 0.00000000 0.00000000 -0.15234242 -0.00000000 -0.02718694
1978 15147.38068478 0.00000000 0.00000000 7948.62370915 15147.38068478 0.00000000 0.00000000 1902.14609334 0.00000000 0.00000000 0.00000000 0.00000000 0.00000000 0.00000000 0.00000000 0.00000000 -0.14327441 -0.00000000 -0.01812207
1979 15116.89966815 0.00000000 0.00000000 7944.92408394 15116.89966815 0.00000000 0.00000000 1941.14653265 0.00000000 0.00000000 0.00000000 0.00000000 0.00000000 0.00000000 0.00000000 0.00000000 -0.12297838 -0.00000000 0.00216488
1980 15115.32040774 0.00000000 0.00000000 7965.40377194 15115.32040774 0.00000000 0.00000000 2020.76163740 0.00000000 0.00000000 0.00000000 0.00000000 0.00000000 0.00000000 0.00000000 0.00000000 -0.08278269 -0.00000000 0.04234028
1981 15068.83233049 0.00000000 0.00000000 7990.58584278 15166.96735760 0.00000000 0.00000000 2160.91411225 0.00000000 0.00000000 0.00000000 0.00000000 95.60257791 98.33068215 98.33068215 0.00000000 -0.01572585 -0.00000000 0.10935693
1982 12429.82030162 0.00000000 0.00000000 6968.24215712 15311.26603771 0.00000000 0.00000000 2409.60201001 0.00000000 0.00000000 0.00000000 0.00000000 2746.07512614 2833.37888205 2833.37888205 0.00000000 0.09320441 -0.00000000 0.21822013
1983 9924.73740023 0.00000000 0.00000000 6075.05828125 15614.65763173 0.00000000 0.00000000 2928.86084080 0.00000000 0.00000000 0.00000000 0.00000000 3087.64954510 3220.37610595 3220.37610595 0.00000000 0.28835638 -0.00000000 0.41326317
1984 10836.76169089 0.00000000 0.00000000 6845.49851692 16226.57748483 0.00000000 0.00000000 3460.18459138 0.00000000 0.00000000 0.00000000 0.00000000 437.96956964 463.41737979 463.41737979 0.00000000 0.45506476 -0.00000000 0.57977640
1985 10467.91763819 0.00000000 0.00000000 7083.10377704 17248.75717433 0.00000000 0.00000000 3772.04714140 0.00000000 0.00000000 0.00000000 0.00000000 2022.87824998 2161.22061552 2161.22061552 0.00000000 0.54136068 -0.00000000 0.66590561
1986 8063.45783975 0.00000000 0.00000000 6221.55048102 18599.33835634 0.00000000 0.00000000 2769.29402055 0.00000000 0.00000000 0.00000000 0.00000000 4215.93109117 4622.11583688 4622.11583688 0.00000000 0.23233524 -0.00000000 0.35679388
1987 7521.37835676 0.00000000 0.00000000 5921.19090209 19637.94605202 0.00000000 0.00000000 1899.17444444 0.00000000 0.00000000 0.00000000 0.00000000 2496.46784649 2826.30700392 2826.30700392 0.00000000 -0.14483789 -0.00000000 -0.02007023
1988 6484.95131254 0.00000000 0.00000000 5008.46268661 19894.65008124 0.00000000 0.00000000 2274.08744786 0.00000000 0.00000000 0.00000000 0.00000000 2427.93043452 2723.55754667 2723.55754667 0.00000000 0.03532167 -0.00000000 0.16046650
1989 4581.29971936 0.00000000 0.00000000 3736.31790367 19810.17120515 0.00000000 0.00000000 1748.06436670 0.00000000 0.00000000 0.00000000 0.00000000 2985.02328393 3358.95399054 3358.86925163 0.08473891 -0.22774808 -0.00000000 -0.10278341
1990 4175.48294461 0.00000000 0.00000000 3408.58066110 19471.16990676 0.00000000 0.00000000 1283.25534850 0.00000000 0.00000000 0.00000000 0.00000000 1607.84017991 1857.23015427 1856.71253445 0.51761982 -0.53685709 -0.00000000 -0.41162935
1991 3792.18057726 0.00000000 0.00000000 3007.15630652 18708.40117563 0.00000000 0.00000000 1517.55164629 0.00000000 0.00000000 0.00000000 0.00000000 1329.33941623 1516.86335638 1516.83684696 0.02650941 -0.36915890 -0.00000000 -0.24362205
1992 3725.70960508 0.00000000 0.00000000 2897.64839703 17828.62904758 0.00000000 0.00000000 2303.31602658 0.00000000 0.00000000 0.00000000 0.00000000 1006.16883642 1134.71162536 1134.29303593 0.41858943 0.04809266 -0.00000000 0.17346181
1993 4407.63876756 0.00000000 0.00000000 3466.38744764 17341.78046060 0.00000000 0.00000000 1846.49103086 0.00000000 0.00000000 0.00000000 0.00000000 668.52756089 759.98415764 759.98415764 0.00000000 -0.17297008 -0.00000000 -0.04801818
1994 4007.05677996 0.00000000 0.00000000 3291.68741812 17019.86774063 0.00000000 0.00000000 1921.57677921 0.00000000 0.00000000 0.00000000 0.00000000 1625.70831422 1867.81743801 1867.71258951 0.10484850 -0.13311109 -0.00000000 -0.00793813
1995 4050.96347597 0.00000000 0.00000000 3310.89192952 16693.07407892 0.00000000 0.00000000 1608.22378759 0.00000000 0.00000000 0.00000000 0.00000000 1196.20918637 1393.23323291 1392.49696800 0.73626491 -0.31112685 -0.00000000 -0.18599374
1996 4007.67449188 0.00000000 0.00000000 3219.78267534 16305.32896639 0.00000000 0.00000000 1862.05452390 0.00000000 0.00000000 0.00000000 0.00000000 1183.80949571 1366.29977817 1363.83000549 2.46977268 -0.16457672 -0.00000000 -0.03926560
1997 4123.01866252 0.00000000 0.00000000 3279.26694315 15954.45797087 0.00000000 0.00000000 1881.24281264 0.00000000 0.00000000 0.00000000 0.00000000 1058.84798735 1210.77155067 1210.37701880 0.39453187 -0.15432455 -0.00000000 -0.02915998
1998 4487.51084367 0.00000000 0.00000000 3521.94994069 15721.31549109 0.00000000 0.00000000 2274.38319381 0.00000000 0.00000000 0.00000000 0.00000000 908.37218699 1035.91837284 1034.10284013 1.81553271 0.03545171 -0.00000000 0.16060603
1999 4635.64980116 0.00000000 0.00000000 3701.71404146 15708.58182186 0.00000000 0.00000000 2451.03347423 0.00000000 0.00000000 0.00000000 0.00000000 1230.82561699 1404.93239094 1403.22626485 1.70612608 0.11025258 -0.00000000 0.23521713
2000 4871.62273552 0.00000000 0.00000000 3961.72044200 15950.52961832 0.00000000 0.00000000 2332.04056664 0.00000000 0.00000000 0.00000000 0.00000000 1348.44923909 1558.69050911 1557.66884065 1.02166847 0.06048648 -0.00000000 0.18537623
2001 5276.83603010 0.00000000 0.00000000 4244.80001861 16261.27812432 0.00000000 0.00000000 2632.46107425 0.00000000 0.00000000 0.00000000 0.00000000 1258.24504171 1456.32335810 1455.90802994 0.41532816 0.18166200 -0.00000000 0.30660151
2002 5865.65017585 0.00000000 0.00000000 4648.54368152 16677.23549321 0.00000000 0.00000000 1365.06636975 0.00000000 0.00000000 0.00000000 0.00000000 1194.51107963 1371.33789871 1370.12595689 1.21194182 -0.47505413 -0.00000000 -0.35023580
2003 6012.92422451 0.00000000 0.00000000 4501.50300156 16664.98996710 0.00000000 0.00000000 2162.84788448 0.00000000 0.00000000 0.00000000 0.00000000 1228.94884849 1374.30239413 1374.00051445 0.30187968 -0.01483136 -0.00000000 0.11064369
2004 6034.91099743 0.00000000 0.00000000 4410.26003282 16514.15872537 0.00000000 0.00000000 2278.70196968 0.00000000 0.00000000 0.00000000 0.00000000 1256.02107593 1377.95857161 1376.98712930 0.97144231 0.03734879 -0.00000000 0.16236362
2005 6307.28727555 0.00000000 0.00000000 4660.51651755 16586.44292652 0.00000000 0.00000000 2214.38514309 0.00000000 0.00000000 0.00000000 0.00000000 1236.90461353 1304.99389890 1301.39325364 3.60064526 0.00871760 -0.00000000 0.13368024
2006 6797.38791064 0.00000000 0.00000000 4984.37300384 16701.05669994 0.00000000 0.00000000 2094.26421092 0.00000000 0.00000000 0.00000000 0.00000000 1055.89785209 1115.56828481 1113.24884254 2.31944227 -0.04705490 -0.00000000 0.07793638
2007 7013.23672843 0.00000000 0.00000000 5079.83053763 16760.34393379 0.00000000 0.00000000 1445.90296334 0.00000000 0.00000000 0.00000000 0.00000000 1235.19930089 1301.10769921 1299.59033223 1.51736698 -0.41752317 -0.00000000 -0.29247612
2008 6924.55672978 0.00000000 0.00000000 4834.86015104 16506.40581923 0.00000000 0.00000000 1709.68995300 0.00000000 0.00000000 0.00000000 0.00000000 1216.43214633 1282.89063254 1273.99832299 8.89230956 -0.24994514 -0.00000000 -0.12452762
2009 6554.12058447 0.00000000 0.00000000 4506.02228438 16110.51803361 0.00000000 0.00000000 1751.91276166 0.00000000 0.00000000 0.00000000 0.00000000 1342.10339556 1401.51447700 1396.78722316 4.72725384 -0.22554898 -0.00000000 -0.10029904
2010 6270.08874712 0.00000000 0.00000000 4345.55628952 15779.58957875 0.00000000 0.00000000 1190.51575292 0.00000000 0.00000000 0.00000000 0.00000000 1346.34697651 1403.17695505 1400.57338424 2.60357082 -0.61187056 -0.00000000 -0.48664502
2011 5789.46801235 0.00000000 0.00000000 3971.20410323 15259.58552510 0.00000000 0.00000000 1681.62208998 0.00000000 0.00000000 0.00000000 0.00000000 1339.84308762 1397.97467680 1395.33284697 2.64182983 -0.26649832 -0.00000000 -0.14088646
2012 5251.21156802 0.00000000 0.00000000 3680.10479558 14773.81914272 0.00000000 0.00000000 2136.96565717 0.00000000 0.00000000 0.00000000 0.00000000 1416.54629510 1478.75106431 1474.50364270 4.24742161 -0.02687027 -0.00000000 0.09839622
2013 5029.99990746 0.00000000 0.00000000 3759.05772922 14652.43547104 0.00000000 0.00000000 1983.93730877 0.00000000 0.00000000 0.00000000 0.00000000 1452.20511219 1527.86585639 1524.21096478 3.65489161 -0.10117377 -0.00000000 0.02385310
2014 5177.92676582 0.00000000 0.00000000 3975.39867533 14705.90764601 0.00000000 0.00000000 1749.75921047 0.00000000 0.00000000 0.00000000 0.00000000 1255.90032911 1337.87842861 1335.29340906 2.58501954 -0.22677900 -0.00000000 -0.10167783
2015 5334.27677383 0.00000000 0.00000000 4043.59085734 14688.61658142 0.00000000 0.00000000 1824.06513908 0.00000000 0.00000000 0.00000000 0.00000000 1171.63256589 1249.53914863 1247.96510923 1.57403939 -0.18518958 -0.00000000 -0.05996280
2016 5572.93876743 0.00000000 0.00000000 4136.39878862 14638.13956820 0.00000000 0.00000000 1496.92192448 0.00000000 0.00000000 0.00000000 0.00000000 1048.52082142 1112.70998122 1110.29373544 2.41624578 -0.38284623 -0.00000000 -0.25766105
2017 5674.51660631 0.00000000 0.00000000 4093.09385892 14471.51684562 0.00000000 0.00000000 1747.01512439 0.00000000 0.00000000 0.00000000 0.00000000 1050.73584282 1107.29867598 1106.15561252 1.14306346 -0.22834849 -0.00000000 -0.10296565
2018 5602.40047087 0.00000000 0.00000000 4015.91670941 14294.77734944 0.00000000 0.00000000 1267.97348268 0.00000000 0.00000000 0.00000000 0.00000000 1182.72495547 1240.92938494 1239.19436076 1.73502418 -0.54883724 -0.00000000 -0.42360889
2019 5247.49137656 0.00000000 0.00000000 3730.48522031 13996.91111076 0.00000000 0.00000000 1361.38928263 0.00000000 0.00000000 0.00000000 0.00000000 1307.23338466 1373.06973143 1369.07883509 3.99089634 -0.47775147 -0.00000000 -0.35220264
2020 4729.90777556 0.00000000 0.00000000 3373.84042958 13590.30114394 0.00000000 0.00000000 1876.33547192 0.00000000 0.00000000 0.00000000 0.00000000 1356.27250329 1419.51503923 1418.72315389 0.79188533 -0.15693652 -0.00000000 -0.03145878
2021 4622.93829352 0.00000000 0.00000000 3425.62868048 13417.41614608 0.00000000 0.00000000 1936.92225371 0.00000000 0.00000000 0.00000000 0.00000000 1215.27438298 1276.70006813 1275.91002718 0.79004095 -0.12515693 -0.00000000 -0.00000000

#--------------------------------------------------------------------------------------------

#Sex Maturity Year 1 2 3 4 5 6 7 8 9 10 11 12 13 14 15 16 17 
midpoints     103.00000000 108.00000000 113.00000000 118.00000000 123.00000000 128.00000000 133.00000000 138.00000000 143.00000000 148.00000000 153.00000000 158.00000000 163.00000000 168.00000000 173.00000000 178.00000000 183.00000000
male 1 1960  0.58151570 0.67932820 0.78803230 0.90827830 1.04072400 1.18603600 1.34488800 1.51796100 1.70594400 1.90953100 2.12942600 2.36633700 2.62098000 2.89407700 3.18635700 3.49855400 3.99365800
male 1 1961  0.58151570 0.67932820 0.78803230 0.90827830 1.04072400 1.18603600 1.34488800 1.51796100 1.70594400 1.90953100 2.12942600 2.36633700 2.62098000 2.89407700 3.18635700 3.49855400 3.99365800
male 1 1962  0.58151570 0.67932820 0.78803230 0.90827830 1.04072400 1.18603600 1.34488800 1.51796100 1.70594400 1.90953100 2.12942600 2.36633700 2.62098000 2.89407700 3.18635700 3.49855400 3.99365800
male 1 1963  0.58151570 0.67932820 0.78803230 0.90827830 1.04072400 1.18603600 1.34488800 1.51796100 1.70594400 1.90953100 2.12942600 2.36633700 2.62098000 2.89407700 3.18635700 3.49855400 3.99365800
male 1 1964  0.58151570 0.67932820 0.78803230 0.90827830 1.04072400 1.18603600 1.34488800 1.51796100 1.70594400 1.90953100 2.12942600 2.36633700 2.62098000 2.89407700 3.18635700 3.49855400 3.99365800
male 1 1965  0.58151570 0.67932820 0.78803230 0.90827830 1.04072400 1.18603600 1.34488800 1.51796100 1.70594400 1.90953100 2.12942600 2.36633700 2.62098000 2.89407700 3.18635700 3.49855400 3.99365800
male 1 1966  0.58151570 0.67932820 0.78803230 0.90827830 1.04072400 1.18603600 1.34488800 1.51796100 1.70594400 1.90953100 2.12942600 2.36633700 2.62098000 2.89407700 3.18635700 3.49855400 3.99365800
male 1 1967  0.58151570 0.67932820 0.78803230 0.90827830 1.04072400 1.18603600 1.34488800 1.51796100 1.70594400 1.90953100 2.12942600 2.36633700 2.62098000 2.89407700 3.18635700 3.49855400 3.99365800
male 1 1968  0.58151570 0.67932820 0.78803230 0.90827830 1.04072400 1.18603600 1.34488800 1.51796100 1.70594400 1.90953100 2.12942600 2.36633700 2.62098000 2.89407700 3.18635700 3.49855400 3.99365800
male 1 1969  0.58151570 0.67932820 0.78803230 0.90827830 1.04072400 1.18603600 1.34488800 1.51796100 1.70594400 1.90953100 2.12942600 2.36633700 2.62098000 2.89407700 3.18635700 3.49855400 3.99365800
male 1 1970  0.58151570 0.67932820 0.78803230 0.90827830 1.04072400 1.18603600 1.34488800 1.51796100 1.70594400 1.90953100 2.12942600 2.36633700 2.62098000 2.89407700 3.18635700 3.49855400 3.99365800
male 1 1971  0.58151570 0.67932820 0.78803230 0.90827830 1.04072400 1.18603600 1.34488800 1.51796100 1.70594400 1.90953100 2.12942600 2.36633700 2.62098000 2.89407700 3.18635700 3.49855400 3.99365800
male 1 1972  0.58151570 0.67932820 0.78803230 0.90827830 1.04072400 1.18603600 1.34488800 1.51796100 1.70594400 1.90953100 2.12942600 2.36633700 2.62098000 2.89407700 3.18635700 3.49855400 3.99365800
male 1 1973  0.58151570 0.67932820 0.78803230 0.90827830 1.04072400 1.18603600 1.34488800 1.51796100 1.70594400 1.90953100 2.12942600 2.36633700 2.62098000 2.89407700 3.18635700 3.49855400 3.99365800
male 1 1974  0.58151570 0.67932820 0.78803230 0.90827830 1.04072400 1.18603600 1.34488800 1.51796100 1.70594400 1.90953100 2.12942600 2.36633700 2.62098000 2.89407700 3.18635700 3.49855400 3.99365800
male 1 1975  0.58151570 0.67932820 0.78803230 0.90827830 1.04072400 1.18603600 1.34488800 1.51796100 1.70594400 1.90953100 2.12942600 2.36633700 2.62098000 2.89407700 3.18635700 3.49855400 3.99365800
male 1 1976  0.58151570 0.67932820 0.78803230 0.90827830 1.04072400 1.18603600 1.34488800 1.51796100 1.70594400 1.90953100 2.12942600 2.36633700 2.62098000 2.89407700 3.18635700 3.49855400 3.99365800
male 1 1977  0.58151570 0.67932820 0.78803230 0.90827830 1.04072400 1.18603600 1.34488800 1.51796100 1.70594400 1.90953100 2.12942600 2.36633700 2.62098000 2.89407700 3.18635700 3.49855400 3.99365800
male 1 1978  0.58151570 0.67932820 0.78803230 0.90827830 1.04072400 1.18603600 1.34488800 1.51796100 1.70594400 1.90953100 2.12942600 2.36633700 2.62098000 2.89407700 3.18635700 3.49855400 3.99365800
male 1 1979  0.58151570 0.67932820 0.78803230 0.90827830 1.04072400 1.18603600 1.34488800 1.51796100 1.70594400 1.90953100 2.12942600 2.36633700 2.62098000 2.89407700 3.18635700 3.49855400 3.99365800
male 1 1980  0.58151570 0.67932820 0.78803230 0.90827830 1.04072400 1.18603600 1.34488800 1.51796100 1.70594400 1.90953100 2.12942600 2.36633700 2.62098000 2.89407700 3.18635700 3.49855400 3.99365800
male 1 1981  0.58151570 0.67932820 0.78803230 0.90827830 1.04072400 1.18603600 1.34488800 1.51796100 1.70594400 1.90953100 2.12942600 2.36633700 2.62098000 2.89407700 3.18635700 3.49855400 3.99365800
male 1 1982  0.58151570 0.67932820 0.78803230 0.90827830 1.04072400 1.18603600 1.34488800 1.51796100 1.70594400 1.90953100 2.12942600 2.36633700 2.62098000 2.89407700 3.18635700 3.49855400 3.99365800
male 1 1983  0.58151570 0.67932820 0.78803230 0.90827830 1.04072400 1.18603600 1.34488800 1.51796100 1.70594400 1.90953100 2.12942600 2.36633700 2.62098000 2.89407700 3.18635700 3.49855400 3.99365800
male 1 1984  0.58151570 0.67932820 0.78803230 0.90827830 1.04072400 1.18603600 1.34488800 1.51796100 1.70594400 1.90953100 2.12942600 2.36633700 2.62098000 2.89407700 3.18635700 3.49855400 3.99365800
male 1 1985  0.58151570 0.67932820 0.78803230 0.90827830 1.04072400 1.18603600 1.34488800 1.51796100 1.70594400 1.90953100 2.12942600 2.36633700 2.62098000 2.89407700 3.18635700 3.49855400 3.99365800
male 1 1986  0.58151570 0.67932820 0.78803230 0.90827830 1.04072400 1.18603600 1.34488800 1.51796100 1.70594400 1.90953100 2.12942600 2.36633700 2.62098000 2.89407700 3.18635700 3.49855400 3.99365800
male 1 1987  0.58151570 0.67932820 0.78803230 0.90827830 1.04072400 1.18603600 1.34488800 1.51796100 1.70594400 1.90953100 2.12942600 2.36633700 2.62098000 2.89407700 3.18635700 3.49855400 3.99365800
male 1 1988  0.58151570 0.67932820 0.78803230 0.90827830 1.04072400 1.18603600 1.34488800 1.51796100 1.70594400 1.90953100 2.12942600 2.36633700 2.62098000 2.89407700 3.18635700 3.49855400 3.99365800
male 1 1989  0.58151570 0.67932820 0.78803230 0.90827830 1.04072400 1.18603600 1.34488800 1.51796100 1.70594400 1.90953100 2.12942600 2.36633700 2.62098000 2.89407700 3.18635700 3.49855400 3.99365800
male 1 1990  0.58151570 0.67932820 0.78803230 0.90827830 1.04072400 1.18603600 1.34488800 1.51796100 1.70594400 1.90953100 2.12942600 2.36633700 2.62098000 2.89407700 3.18635700 3.49855400 3.99365800
male 1 1991  0.58151570 0.67932820 0.78803230 0.90827830 1.04072400 1.18603600 1.34488800 1.51796100 1.70594400 1.90953100 2.12942600 2.36633700 2.62098000 2.89407700 3.18635700 3.49855400 3.99365800
male 1 1992  0.58151570 0.67932820 0.78803230 0.90827830 1.04072400 1.18603600 1.34488800 1.51796100 1.70594400 1.90953100 2.12942600 2.36633700 2.62098000 2.89407700 3.18635700 3.49855400 3.99365800
male 1 1993  0.58151570 0.67932820 0.78803230 0.90827830 1.04072400 1.18603600 1.34488800 1.51796100 1.70594400 1.90953100 2.12942600 2.36633700 2.62098000 2.89407700 3.18635700 3.49855400 3.99365800
male 1 1994  0.58151570 0.67932820 0.78803230 0.90827830 1.04072400 1.18603600 1.34488800 1.51796100 1.70594400 1.90953100 2.12942600 2.36633700 2.62098000 2.89407700 3.18635700 3.49855400 3.99365800
male 1 1995  0.58151570 0.67932820 0.78803230 0.90827830 1.04072400 1.18603600 1.34488800 1.51796100 1.70594400 1.90953100 2.12942600 2.36633700 2.62098000 2.89407700 3.18635700 3.49855400 3.99365800
male 1 1996  0.58151570 0.67932820 0.78803230 0.90827830 1.04072400 1.18603600 1.34488800 1.51796100 1.70594400 1.90953100 2.12942600 2.36633700 2.62098000 2.89407700 3.18635700 3.49855400 3.99365800
male 1 1997  0.58151570 0.67932820 0.78803230 0.90827830 1.04072400 1.18603600 1.34488800 1.51796100 1.70594400 1.90953100 2.12942600 2.36633700 2.62098000 2.89407700 3.18635700 3.49855400 3.99365800
male 1 1998  0.58151570 0.67932820 0.78803230 0.90827830 1.04072400 1.18603600 1.34488800 1.51796100 1.70594400 1.90953100 2.12942600 2.36633700 2.62098000 2.89407700 3.18635700 3.49855400 3.99365800
male 1 1999  0.58151570 0.67932820 0.78803230 0.90827830 1.04072400 1.18603600 1.34488800 1.51796100 1.70594400 1.90953100 2.12942600 2.36633700 2.62098000 2.89407700 3.18635700 3.49855400 3.99365800
male 1 2000  0.58151570 0.67932820 0.78803230 0.90827830 1.04072400 1.18603600 1.34488800 1.51796100 1.70594400 1.90953100 2.12942600 2.36633700 2.62098000 2.89407700 3.18635700 3.49855400 3.99365800
male 1 2001  0.58151570 0.67932820 0.78803230 0.90827830 1.04072400 1.18603600 1.34488800 1.51796100 1.70594400 1.90953100 2.12942600 2.36633700 2.62098000 2.89407700 3.18635700 3.49855400 3.99365800
male 1 2002  0.58151570 0.67932820 0.78803230 0.90827830 1.04072400 1.18603600 1.34488800 1.51796100 1.70594400 1.90953100 2.12942600 2.36633700 2.62098000 2.89407700 3.18635700 3.49855400 3.99365800
male 1 2003  0.58151570 0.67932820 0.78803230 0.90827830 1.04072400 1.18603600 1.34488800 1.51796100 1.70594400 1.90953100 2.12942600 2.36633700 2.62098000 2.89407700 3.18635700 3.49855400 3.99365800
male 1 2004  0.58151570 0.67932820 0.78803230 0.90827830 1.04072400 1.18603600 1.34488800 1.51796100 1.70594400 1.90953100 2.12942600 2.36633700 2.62098000 2.89407700 3.18635700 3.49855400 3.99365800
male 1 2005  0.58151570 0.67932820 0.78803230 0.90827830 1.04072400 1.18603600 1.34488800 1.51796100 1.70594400 1.90953100 2.12942600 2.36633700 2.62098000 2.89407700 3.18635700 3.49855400 3.99365800
male 1 2006  0.58151570 0.67932820 0.78803230 0.90827830 1.04072400 1.18603600 1.34488800 1.51796100 1.70594400 1.90953100 2.12942600 2.36633700 2.62098000 2.89407700 3.18635700 3.49855400 3.99365800
male 1 2007  0.58151570 0.67932820 0.78803230 0.90827830 1.04072400 1.18603600 1.34488800 1.51796100 1.70594400 1.90953100 2.12942600 2.36633700 2.62098000 2.89407700 3.18635700 3.49855400 3.99365800
male 1 2008  0.58151570 0.67932820 0.78803230 0.90827830 1.04072400 1.18603600 1.34488800 1.51796100 1.70594400 1.90953100 2.12942600 2.36633700 2.62098000 2.89407700 3.18635700 3.49855400 3.99365800
male 1 2009  0.58151570 0.67932820 0.78803230 0.90827830 1.04072400 1.18603600 1.34488800 1.51796100 1.70594400 1.90953100 2.12942600 2.36633700 2.62098000 2.89407700 3.18635700 3.49855400 3.99365800
male 1 2010  0.58151570 0.67932820 0.78803230 0.90827830 1.04072400 1.18603600 1.34488800 1.51796100 1.70594400 1.90953100 2.12942600 2.36633700 2.62098000 2.89407700 3.18635700 3.49855400 3.99365800
male 1 2011  0.58151570 0.67932820 0.78803230 0.90827830 1.04072400 1.18603600 1.34488800 1.51796100 1.70594400 1.90953100 2.12942600 2.36633700 2.62098000 2.89407700 3.18635700 3.49855400 3.99365800
male 1 2012  0.58151570 0.67932820 0.78803230 0.90827830 1.04072400 1.18603600 1.34488800 1.51796100 1.70594400 1.90953100 2.12942600 2.36633700 2.62098000 2.89407700 3.18635700 3.49855400 3.99365800
male 1 2013  0.58151570 0.67932820 0.78803230 0.90827830 1.04072400 1.18603600 1.34488800 1.51796100 1.70594400 1.90953100 2.12942600 2.36633700 2.62098000 2.89407700 3.18635700 3.49855400 3.99365800
male 1 2014  0.58151570 0.67932820 0.78803230 0.90827830 1.04072400 1.18603600 1.34488800 1.51796100 1.70594400 1.90953100 2.12942600 2.36633700 2.62098000 2.89407700 3.18635700 3.49855400 3.99365800
male 1 2015  0.58151570 0.67932820 0.78803230 0.90827830 1.04072400 1.18603600 1.34488800 1.51796100 1.70594400 1.90953100 2.12942600 2.36633700 2.62098000 2.89407700 3.18635700 3.49855400 3.99365800
male 1 2016  0.58151570 0.67932820 0.78803230 0.90827830 1.04072400 1.18603600 1.34488800 1.51796100 1.70594400 1.90953100 2.12942600 2.36633700 2.62098000 2.89407700 3.18635700 3.49855400 3.99365800
male 1 2017  0.58151570 0.67932820 0.78803230 0.90827830 1.04072400 1.18603600 1.34488800 1.51796100 1.70594400 1.90953100 2.12942600 2.36633700 2.62098000 2.89407700 3.18635700 3.49855400 3.99365800
male 1 2018  0.58151570 0.67932820 0.78803230 0.90827830 1.04072400 1.18603600 1.34488800 1.51796100 1.70594400 1.90953100 2.12942600 2.36633700 2.62098000 2.89407700 3.18635700 3.49855400 3.99365800
male 1 2019  0.58151570 0.67932820 0.78803230 0.90827830 1.04072400 1.18603600 1.34488800 1.51796100 1.70594400 1.90953100 2.12942600 2.36633700 2.62098000 2.89407700 3.18635700 3.49855400 3.99365800
male 1 2020  0.58151570 0.67932820 0.78803230 0.90827830 1.04072400 1.18603600 1.34488800 1.51796100 1.70594400 1.90953100 2.12942600 2.36633700 2.62098000 2.89407700 3.18635700 3.49855400 3.99365800
male 1 2021  0.58151570 0.67932820 0.78803230 0.90827830 1.04072400 1.18603600 1.34488800 1.51796100 1.70594400 1.90953100 2.12942600 2.36633700 2.62098000 2.89407700 3.18635700 3.49855400 3.99365800
#maturity
0.00000000
0.00000000
1.00000000
1.00000000
1.00000000
1.00000000
1.00000000
1.00000000
1.00000000
1.00000000
1.00000000
1.00000000
1.00000000
1.00000000
1.00000000
1.00000000
1.00000000


#--------------------------------------------------------------------------------------------
#Catch_fit_summary
#Series Year Fleet Season Sex Catch CV Type Units Mult Effort Discard_mortality Predicted Residual
1 1981 Pot_Fishery 3 Male 38.43600000 0.03160000  Retained  Numbers 1.00000000 0.00000000 0.20000000 38.43616943 -0.00000441
1 1982 Pot_Fishery 3 Male 1114.35100000 0.03160000  Retained  Numbers 1.00000000 0.00000000 0.20000000 1114.43349995 -0.00007403
1 1983 Pot_Fishery 3 Male 1288.35700000 0.03160000  Retained  Numbers 1.00000000 0.00000000 0.20000000 1288.45671036 -0.00007739
1 1984 Pot_Fishery 3 Male 188.78200000 0.03160000  Retained  Numbers 1.00000000 0.00000000 0.20000000 188.78325254 -0.00000663
1 1985 Pot_Fishery 3 Male 2029.52000000 0.03160000  Retained  Mass 1.00000000 0.00000000 0.20000000 2028.88663116 0.00031213
1 1986 Pot_Fishery 3 Male 4271.83000000 0.03160000  Retained  Mass 1.00000000 0.00000000 0.20000000 4263.55911975 0.00193802
1 1987 Pot_Fishery 3 Male 2535.35000000 0.03160000  Retained  Mass 1.00000000 0.00000000 0.20000000 2530.51050680 0.00191063
1 1988 Pot_Fishery 3 Male 2471.07000000 0.03160000  Retained  Mass 1.00000000 0.00000000 0.20000000 2466.01013725 0.00204974
1 1989 Pot_Fishery 3 Male 3062.63000000 0.03160000  Retained  Mass 1.00000000 0.00000000 0.20000000 3059.02972885 0.00117624
1 1990 Pot_Fishery 3 Male 1636.50000000 0.03160000  Retained  Mass 1.00000000 0.00000000 0.20000000 1641.04949684 -0.00277616
1 1991 Pot_Fishery 3 Male 1359.10000000 0.03160000  Retained  Mass 1.00000000 0.00000000 0.20000000 1353.24295667 0.00431881
1 1992 Pot_Fishery 3 Male 1030.34000000 0.03160000  Retained  Mass 1.00000000 0.00000000 0.20000000 1018.23785815 0.01181530
1 1993 Pot_Fishery 3 Male 668.56000000 0.03160000  Retained  Mass 1.00000000 0.00000000 0.20000000 672.89376536 -0.00646132
1 1994 Pot_Fishery 3 Male 1625.55000000 0.03160000  Retained  Mass 1.00000000 0.00000000 0.20000000 1655.29571571 -0.01813345
1 1995 Pot_Fishery 3 Male 1192.20000000 0.03160000  Retained  Mass 1.00000000 0.00000000 0.20000000 1216.79856405 -0.02042294
1 1996 Pot_Fishery 3 Male 1236.74000000 0.03160000  Retained  Mass 1.00000000 0.00000000 0.20000000 1202.91022371 0.02773508
1 1997 Pot_Fishery 3 Male 1067.44000000 0.03160000  Retained  Mass 1.00000000 0.00000000 0.20000000 1072.34099626 -0.00458085
1 1998 Pot_Fishery 3 Male 934.63100000 0.03160000  Retained  Mass 1.00000000 0.00000000 0.20000000 917.02236510 0.01901994
1 1999 Pot_Fishery 3 Male 1240.37000000 0.03160000  Retained  Mass 1.00000000 0.00000000 0.20000000 1245.43627287 -0.00407617
1 2000 Pot_Fishery 3 Male 1385.08000000 0.03160000  Retained  Mass 1.00000000 0.00000000 0.20000000 1366.76946968 0.01330800
1 2001 Pot_Fishery 3 Male 1287.63000000 0.03160000  Retained  Mass 1.00000000 0.00000000 0.20000000 1273.93715360 0.01069109
1 2002 Pot_Fishery 3 Male 1217.19000000 0.03160000  Retained  Mass 1.00000000 0.00000000 0.20000000 1206.35290204 0.00894325
1 2003 Pot_Fishery 3 Male 1249.26000000 0.03160000  Retained  Mass 1.00000000 0.00000000 0.20000000 1238.98308513 0.00826043
1 2004 Pot_Fishery 3 Male 1265.90000000 0.03160000  Retained  Mass 1.00000000 0.00000000 0.20000000 1263.87461387 0.00160124
1 2005 Pot_Fishery 3 Male 1237.60000000 0.03160000  Retained  Mass 1.00000000 0.00000000 0.20000000 1242.41737920 -0.00388496
1 2006 Pot_Fishery 3 Male 1055.97000000 0.03160000  Retained  Mass 1.00000000 0.00000000 0.20000000 1059.88062696 -0.00369651
1 2007 Pot_Fishery 3 Male 1241.73000000 0.03160000  Retained  Mass 1.00000000 0.00000000 0.20000000 1240.25034335 0.00119232
1 2008 Pot_Fishery 3 Male 1218.89000000 0.03160000  Retained  Mass 1.00000000 0.00000000 0.20000000 1221.17855495 -0.00187581
1 2009 Pot_Fishery 3 Male 1348.46000000 0.03160000  Retained  Mass 1.00000000 0.00000000 0.20000000 1347.08874146 0.00101742
1 2010 Pot_Fishery 3 Male 1353.82000000 0.03160000  Retained  Mass 1.00000000 0.00000000 0.20000000 1351.06215794 0.00203916
1 2011 Pot_Fishery 3 Male 1349.85000000 0.03160000  Retained  Mass 1.00000000 0.00000000 0.20000000 1345.01922601 0.00358517
1 2012 Pot_Fishery 3 Male 1420.14000000 0.03160000  Retained  Mass 1.00000000 0.00000000 0.20000000 1423.02757459 -0.00203124
1 2013 Pot_Fishery 3 Male 1456.44000000 0.03160000  Retained  Mass 1.00000000 0.00000000 0.20000000 1460.49998400 -0.00278373
1 2014 Pot_Fishery 3 Male 1266.43000000 0.03160000  Retained  Mass 1.00000000 0.00000000 0.20000000 1264.24873516 0.00172386
1 2015 Pot_Fishery 3 Male 1180.31000000 0.03160000  Retained  Mass 1.00000000 0.00000000 0.20000000 1179.40926498 0.00076343
1 2016 Pot_Fishery 3 Male 1050.05000000 0.03160000  Retained  Mass 1.00000000 0.00000000 0.20000000 1053.98583604 -0.00374123
1 2017 Pot_Fishery 3 Male 1054.43000000 0.03160000  Retained  Mass 1.00000000 0.00000000 0.20000000 1055.29091170 -0.00081614
1 2018 Pot_Fishery 3 Male 1184.49000000 0.03160000  Retained  Mass 1.00000000 0.00000000 0.20000000 1187.86648720 -0.00284653
1 2019 Pot_Fishery 3 Male 1309.40000000 0.03160000  Retained  Mass 1.00000000 0.00000000 0.20000000 1313.73429110 -0.00330467
1 2020 Pot_Fishery 3 Male 1358.32000000 0.03160000  Retained  Mass 1.00000000 0.00000000 0.20000000 1363.70809496 -0.00395889
1 2021 Pot_Fishery 3 Male 1223.36000000 0.03160000  Retained  Mass 1.00000000 0.00000000 0.20000000 1221.75197242 0.00131530
2 1990 Pot_Fishery 3 Male 3981.87000000 0.20790816  All  Mass 1.00000000 0.00000000 0.20000000 3086.99580135 0.25455317
2 1991 Pot_Fishery 3 Male 2118.23000000 0.13011734  All  Mass 1.00000000 0.00000000 0.20000000 2422.34679441 -0.13415599
2 1992 Pot_Fishery 3 Male 1039.24000000 0.14515888  All  Mass 1.00000000 0.00000000 0.20000000 1723.03320710 -0.50559655
2 1993 Pot_Fishery 3 Male 3601.26000000 0.29360630  All  Mass 1.00000000 0.00000000 0.20000000 1156.87060564 1.13556518
2 1994 Pot_Fishery 3 Male 5053.58000000 0.10674058  All  Mass 1.00000000 0.00000000 0.20000000 3063.73549006 0.50046198
2 1995 Pot_Fishery 3 Male 2618.76000000 0.05072977  All  Mass 1.00000000 0.00000000 0.20000000 2324.73241487 0.11909598
2 1996 Pot_Fishery 3 Male 1972.19000000 0.04474373  All  Mass 1.00000000 0.00000000 0.20000000 2214.60749549 -0.11593058
2 1997 Pot_Fishery 3 Male 1891.86000000 0.06014204  All  Mass 1.00000000 0.00000000 0.20000000 1907.54231894 -0.00825520
2 1998 Pot_Fishery 3 Male 1106.87000000 0.08774392  All  Mass 1.00000000 0.00000000 0.20000000 1595.98189739 -0.36595294
2 1999 Pot_Fishery 3 Male 2178.04000000 0.05644590  All  Mass 1.00000000 0.00000000 0.20000000 2196.45586031 -0.00841970
2 2000 Pot_Fishery 3 Male 2272.72000000 0.05513669  All  Mass 1.00000000 0.00000000 0.20000000 2530.89039559 -0.10759382
2 2001 Pot_Fishery 3 Male 2154.96000000 0.05688214  All  Mass 1.00000000 0.00000000 0.20000000 2359.12909202 -0.09052036
2 2002 Pot_Fishery 3 Male 1900.34000000 0.07583554  All  Mass 1.00000000 0.00000000 0.20000000 2154.25979984 -0.12541437
2 2003 Pot_Fishery 3 Male 1867.22000000 0.06576369  All  Mass 1.00000000 0.00000000 0.20000000 2016.49790711 -0.07691160
2 2004 Pot_Fishery 3 Male 1886.02000000 0.07422141  All  Mass 1.00000000 0.00000000 0.20000000 1906.19554465 -0.01064061
2 2005 Pot_Fishery 3 Male 1796.25000000 0.10293885  All  Mass 1.00000000 0.00000000 0.20000000 1577.66088266 0.12975786
2 2006 Pot_Fishery 3 Male 1551.24000000 0.11061899  All  Mass 1.00000000 0.00000000 0.20000000 1356.10717794 0.13443638
2 2007 Pot_Fishery 3 Male 1614.06000000 0.11569963  All  Mass 1.00000000 0.00000000 0.20000000 1573.97724962 0.02514705
2 2008 Pot_Fishery 3 Male 1733.15000000 0.12167644  All  Mass 1.00000000 0.00000000 0.20000000 1519.01427827 0.13187894
2 2009 Pot_Fishery 3 Male 1689.85000000 0.12751798  All  Mass 1.00000000 0.00000000 0.20000000 1630.64733950 0.03566269
2 2010 Pot_Fishery 3 Male 1604.74000000 0.12935849  All  Mass 1.00000000 0.00000000 0.20000000 1632.44752451 -0.01711869
2 2011 Pot_Fishery 3 Male 1516.82000000 0.13167597  All  Mass 1.00000000 0.00000000 0.20000000 1634.00219073 -0.07441630
2 2012 Pot_Fishery 3 Male 1839.08000000 0.11427325  All  Mass 1.00000000 0.00000000 0.20000000 1726.61341878 0.06310352
2 2013 Pot_Fishery 3 Male 1919.09000000 0.10878413  All  Mass 1.00000000 0.00000000 0.20000000 1840.69397108 0.04170846
2 2014 Pot_Fishery 3 Male 1592.18000000 0.11284839  All  Mass 1.00000000 0.00000000 0.20000000 1683.06181914 -0.05551050
2 2015 Pot_Fishery 3 Male 1565.39000000 0.10565844  All  Mass 1.00000000 0.00000000 0.20000000 1580.36854561 -0.00952308
2 2016 Pot_Fishery 3 Male 1569.99000000 0.11690220  All  Mass 1.00000000 0.00000000 0.20000000 1375.46728324 0.13227573
2 2017 Pot_Fishery 3 Male 1436.59000000 0.13824586  All  Mass 1.00000000 0.00000000 0.20000000 1342.77425628 0.06753444
2 2018 Pot_Fishery 3 Male 1637.42000000 0.14537192  All  Mass 1.00000000 0.00000000 0.20000000 1481.56108751 0.10002551
2 2019 Pot_Fishery 3 Male 1714.12000000 0.12243468  All  Mass 1.00000000 0.00000000 0.20000000 1637.64019952 0.04564353
2 2020 Pot_Fishery 3 Male 1844.19000000 0.11284839  All  Mass 1.00000000 0.00000000 0.20000000 1692.61452847 0.08576576
2 2021 Pot_Fishery 3 Male 1428.94000000 0.15918009  All  Mass 1.00000000 0.00000000 0.20000000 1540.17539992 -0.07496340
3 1989 Trawl_Bycatch 3 Male 0.09533420 1.31080000  Discarded  Mass 1.53846154 0.00000000 0.65000000 0.14740825 -0.00503439
3 1990 Trawl_Bycatch 3 Male 0.56941700 1.31080000  Discarded  Mass 1.53846154 0.00000000 0.65000000 0.87749282 -0.00167283
3 1991 Trawl_Bycatch 3 Male 0.02857880 1.31080000  Discarded  Mass 1.53846154 0.00000000 0.65000000 0.04427211 -0.00690673
3 1992 Trawl_Bycatch 3 Male 0.44240100 1.31080000  Discarded  Mass 1.53846154 0.00000000 0.65000000 0.68195016 -0.00195696
3 1994 Trawl_Bycatch 3 Male 0.11502700 1.31080000  Discarded  Mass 1.53846154 0.00000000 0.65000000 0.17774332 -0.00439071
3 1995 Trawl_Bycatch 3 Male 0.79334800 1.31080000  Discarded  Mass 1.53846154 0.00000000 0.65000000 1.22675871 -0.00508590
3 1996 Trawl_Bycatch 3 Male 2.59512000 1.31080000  Discarded  Mass 1.53846154 0.00000000 0.65000000 4.09513742 -0.02538460
3 1997 Trawl_Bycatch 3 Male 0.41718000 1.31080000  Discarded  Mass 1.53846154 0.00000000 0.65000000 0.64517650 -0.00522322
3 1998 Trawl_Bycatch 3 Male 1.88422000 1.31080000  Discarded  Mass 1.53846154 0.00000000 0.65000000 2.92902634 -0.01037320
3 1999 Trawl_Bycatch 3 Male 1.80473000 1.31080000  Discarded  Mass 1.53846154 0.00000000 0.65000000 2.79042419 -0.00499971
3 2000 Trawl_Bycatch 3 Male 1.09494000 1.31080000  Discarded  Mass 1.53846154 0.00000000 0.65000000 1.68396445 0.00033168
3 2001 Trawl_Bycatch 3 Male 0.44094500 1.31080000  Discarded  Mass 1.53846154 0.00000000 0.65000000 0.67875193 -0.00055265
3 2002 Trawl_Bycatch 3 Male 1.28080000 1.31080000  Discarded  Mass 1.53846154 0.00000000 0.65000000 1.95674238 0.00698676
3 2003 Trawl_Bycatch 3 Male 0.31402900 1.31080000  Discarded  Mass 1.53846154 0.00000000 0.65000000 0.48350371 -0.00079073
3 2004 Trawl_Bycatch 3 Male 1.00981000 1.31080000  Discarded  Mass 1.53846154 0.00000000 0.65000000 1.54335292 0.00658784
3 2005 Trawl_Bycatch 3 Male 3.74606000 1.31080000  Discarded  Mass 1.53846154 0.00000000 0.65000000 5.63278631 0.02288331
3 2006 Trawl_Bycatch 3 Male 2.37268000 1.31080000  Discarded  Mass 1.53846154 0.00000000 0.65000000 3.61958649 0.00844324
3 2007 Trawl_Bycatch 3 Male 1.54793000 1.31080000  Discarded  Mass 1.53846154 0.00000000 0.65000000 2.37102008 0.00438119
3 2008 Trawl_Bycatch 3 Male 9.30340000 1.31080000  Discarded  Mass 1.53846154 0.00000000 0.65000000 13.88087821 0.03065062
3 2009 Trawl_Bycatch 3 Male 4.86086000 1.31080000  Discarded  Mass 1.53846154 0.00000000 0.65000000 7.37673370 0.01366734
3 2010 Trawl_Bycatch 3 Male 2.66153000 1.31080000  Discarded  Mass 1.53846154 0.00000000 0.65000000 4.06313848 0.00772836
3 2011 Trawl_Bycatch 3 Male 2.70594000 1.31080000  Discarded  Mass 1.53846154 0.00000000 0.65000000 4.13034579 0.00787114
3 2012 Trawl_Bycatch 3 Male 4.33900000 1.31080000  Discarded  Mass 1.53846154 0.00000000 0.65000000 6.65339525 0.00329953
3 2013 Trawl_Bycatch 3 Male 3.73730000 1.31080000  Discarded  Mass 1.53846154 0.00000000 0.65000000 5.75217235 -0.00043124
3 2014 Trawl_Bycatch 3 Male 2.65644000 1.31080000  Discarded  Mass 1.53846154 0.00000000 0.65000000 4.07708679 0.00238709
3 2015 Trawl_Bycatch 3 Male 1.61523000 1.31080000  Discarded  Mass 1.53846154 0.00000000 0.65000000 2.47905662 0.00238219
3 2016 Trawl_Bycatch 3 Male 2.47563000 1.31080000  Discarded  Mass 1.53846154 0.00000000 0.65000000 3.78582246 0.00601467
3 2017 Trawl_Bycatch 3 Male 1.16350000 1.31080000  Discarded  Mass 1.53846154 0.00000000 0.65000000 1.78718606 0.00157327
3 2018 Trawl_Bycatch 3 Male 1.76314000 1.31080000  Discarded  Mass 1.53846154 0.00000000 0.65000000 2.71339895 -0.00032285
3 2019 Trawl_Bycatch 3 Male 4.04095000 1.31080000  Discarded  Mass 1.53846154 0.00000000 0.65000000 6.26088853 -0.00705938
3 2020 Trawl_Bycatch 3 Male 0.80714800 1.31080000  Discarded  Mass 1.53846154 0.00000000 0.65000000 1.24462399 -0.00229878
3 2021 Trawl_Bycatch 3 Male 0.80531400 1.31080000  Discarded  Mass 1.53846154 0.00000000 0.65000000 1.24062697 -0.00135697
log_q_catch
   0.0000   0.0000   0.0000
#--------------------------------------------------------------------------------------------
#Index_fit_summary
#Series Year Fleet Season Sex Maturity Index base_CV actual_CV Units q  Time Predicted
1 1995 Pot_Fishery 3 Male  All 1.0014 0.0341 0.2071  Numbers 0.0011 0.5000 0.7540
1 1996 Pot_Fishery 3 Male  All 0.9295 0.0220 0.1951  Numbers 0.0011 0.5000 0.7834
1 1997 Pot_Fishery 3 Male  All 0.9877 0.0242 0.1972  Numbers 0.0011 0.5000 0.8278
1 1998 Pot_Fishery 3 Male  All 1.0677 0.0333 0.2064  Numbers 0.0011 0.5000 0.8976
1 1999 Pot_Fishery 3 Male  All 0.9171 0.0241 0.1972  Numbers 0.0011 0.5000 0.9286
1 2000 Pot_Fishery 3 Male  All 0.8024 0.0240 0.1970  Numbers 0.0011 0.5000 0.9408
1 2001 Pot_Fishery 3 Male  All 0.8634 0.0258 0.1989  Numbers 0.0011 0.5000 1.0284
1 2002 Pot_Fishery 3 Male  All 0.9695 0.0277 0.2008  Numbers 0.0011 0.5000 1.1891
1 2003 Pot_Fishery 3 Male  All 1.2730 0.0283 0.2014  Numbers 0.0011 0.5000 1.3785
1 2004 Pot_Fishery 3 Male  All 1.2993 0.0284 0.2014  Numbers 0.0011 0.5000 1.5407
2 2005 Pot_Fishery 3 Male  All 1.2209 0.0343 0.1164  Numbers 0.0007 0.5000 1.0719
2 2006 Pot_Fishery 3 Male  All 1.1561 0.0345 0.1166  Numbers 0.0007 0.5000 1.1064
2 2007 Pot_Fishery 3 Male  All 1.0297 0.0404 0.1225  Numbers 0.0007 0.5000 1.1743
2 2008 Pot_Fishery 3 Male  All 1.1747 0.0328 0.1149  Numbers 0.0007 0.5000 1.2436
2 2009 Pot_Fishery 3 Male  All 1.2349 0.0350 0.1171  Numbers 0.0007 0.5000 1.2473
2 2010 Pot_Fishery 3 Male  All 1.0655 0.0339 0.1160  Numbers 0.0007 0.5000 1.1955
2 2011 Pot_Fishery 3 Male  All 1.1314 0.0345 0.1166  Numbers 0.0007 0.5000 1.1040
2 2012 Pot_Fishery 3 Male  All 1.1645 0.0315 0.1136  Numbers 0.0007 0.5000 0.9970
2 2013 Pot_Fishery 3 Male  All 0.8169 0.0281 0.1102  Numbers 0.0007 0.5000 0.8506
2 2014 Pot_Fishery 3 Male  All 0.7737 0.0311 0.1132  Numbers 0.0007 0.5000 0.7825
2 2015 Pot_Fishery 3 Male  All 0.7656 0.0297 0.1118  Numbers 0.0007 0.5000 0.8271
2 2016 Pot_Fishery 3 Male  All 0.8670 0.0317 0.1139  Numbers 0.0007 0.5000 0.9156
2 2017 Pot_Fishery 3 Male  All 1.0066 0.0363 0.1184  Numbers 0.0007 0.5000 0.9960
2 2018 Pot_Fishery 3 Male  All 1.2485 0.0382 0.1204  Numbers 0.0007 0.5000 1.0199
2 2019 Pot_Fishery 3 Male  All 0.9955 0.0334 0.1155  Numbers 0.0007 0.5000 0.9624
2 2020 Pot_Fishery 3 Male  All 0.8636 0.0315 0.1136  Numbers 0.0007 0.5000 0.8804
2 2021 Pot_Fishery 3 Male  All 0.7455 0.0402 0.1223  Numbers 0.0007 0.5000 0.8110
3 1985 Pot_Fishery 3 Male  All 2.0710 0.0462 0.1864  Numbers 0.0010 0.5000 2.5051
3 1986 Pot_Fishery 3 Male  All 1.5936 0.0402 0.1804  Numbers 0.0010 0.5000 1.8380
3 1987 Pot_Fishery 3 Male  All 1.2204 0.0432 0.1834  Numbers 0.0010 0.5000 1.4719
3 1988 Pot_Fishery 3 Male  All 1.4122 0.0302 0.1704  Numbers 0.0010 0.5000 1.3866
3 1989 Pot_Fishery 3 Male  All 1.1451 0.0266 0.1668  Numbers 0.0010 0.5000 1.0087
3 1990 Pot_Fishery 3 Male  All 0.8680 0.0334 0.1735  Numbers 0.0010 0.5000 0.7869
3 1991 Pot_Fishery 3 Male  All 0.7560 0.0366 0.1767  Numbers 0.0010 0.5000 0.7579
3 1992 Pot_Fishery 3 Male  All 0.6095 0.0407 0.1809  Numbers 0.0010 0.5000 0.7730
3 1993 Pot_Fishery 3 Male  All 0.7571 0.0532 0.1933  Numbers 0.0010 0.5000 0.8370
3 1994 Pot_Fishery 3 Male  All 0.8339 0.0356 0.1758  Numbers 0.0010 0.5000 0.7521
3 1995 Pot_Fishery 3 Male  All 0.8950 0.0382 0.1783  Numbers 0.0010 0.5000 0.7250
3 1996 Pot_Fishery 3 Male  All 0.8353 0.0313 0.1715  Numbers 0.0010 0.5000 0.7532
3 1997 Pot_Fishery 3 Male  All 0.7638 0.0307 0.1709  Numbers 0.0010 0.5000 0.7959
3 1998 Pot_Fishery 3 Male  All 1.0648 0.0340 0.1742  Numbers 0.0010 0.5000 0.8630
# CPUE: standard deviation and median
sdnr_MAR_cpue
   0.0000   0.0000
   0.0000   0.0000
   0.0000   0.0000

#--------------------------------------------------------------------------------------------
Size_fit_summary
#Original_series Modified_series Year Fleet  Season Sex  Type Shell  Maturity  Nsamp  DataVec_(obs) DataVec_(pred)
1 1 1985 Pot_Fishery 3 Male  Retained  All  All 45.0000    0.0000 0.0000 0.0000 0.0000 0.0000 0.0018 0.0441 0.1398 0.1887 0.1636 0.1528 0.1278 0.0785 0.0485 0.0338 0.0100 0.0105    0.0000 0.0000 0.0000 0.0000 0.0001 0.0017 0.0263 0.1198 0.1464 0.1470 0.1348 0.1160 0.0973 0.0768 0.0562 0.0373 0.0402
1 1 1986 Pot_Fishery 3 Male  Retained  All  All 23.0000    0.0000 0.0000 0.0000 0.0000 0.0000 0.0073 0.0653 0.1396 0.1604 0.1496 0.1530 0.1170 0.0889 0.0487 0.0418 0.0197 0.0086    0.0000 0.0000 0.0000 0.0000 0.0002 0.0026 0.0381 0.1530 0.1694 0.1575 0.1334 0.1063 0.0828 0.0609 0.0419 0.0266 0.0274
1 1 1987 Pot_Fishery 3 Male  Retained  All  All 8.0000    0.0000 0.0000 0.0000 0.0000 0.0000 0.0054 0.0617 0.1591 0.1913 0.1500 0.1461 0.0983 0.0819 0.0582 0.0322 0.0113 0.0043    0.0000 0.0000 0.0000 0.0000 0.0003 0.0036 0.0522 0.2033 0.2127 0.1746 0.1237 0.0837 0.0574 0.0378 0.0236 0.0139 0.0133
1 1 1988 Pot_Fishery 3 Male  Retained  All  All 286.0000    0.0000 0.0000 0.0000 0.0000 0.0002 0.0071 0.0715 0.1928 0.2444 0.1850 0.1135 0.0745 0.0434 0.0279 0.0149 0.0100 0.0149    0.0000 0.0000 0.0000 0.0000 0.0002 0.0033 0.0523 0.2157 0.2362 0.1919 0.1270 0.0763 0.0450 0.0252 0.0137 0.0072 0.0062
1 1 1989 Pot_Fishery 3 Male  Retained  All  All 513.0000    0.0000 0.0000 0.0000 0.0000 0.0001 0.0037 0.0503 0.2108 0.2668 0.1700 0.1159 0.0794 0.0500 0.0305 0.0133 0.0064 0.0029    0.0000 0.0000 0.0000 0.0000 0.0002 0.0032 0.0531 0.2131 0.2399 0.2014 0.1335 0.0775 0.0417 0.0202 0.0092 0.0041 0.0029
1 1 1990 Pot_Fishery 3 Male  Retained  All  All 205.0000    0.0000 0.0000 0.0000 0.0000 0.0007 0.0117 0.1002 0.2403 0.2252 0.1613 0.1078 0.0715 0.0414 0.0192 0.0099 0.0063 0.0045    0.0000 0.0000 0.0000 0.0000 0.0003 0.0040 0.0595 0.2267 0.2476 0.2022 0.1269 0.0703 0.0362 0.0162 0.0064 0.0024 0.0013
1 1 1991 Pot_Fishery 3 Male  Retained  All  All 102.0000    0.0000 0.0000 0.0001 0.0003 0.0013 0.0075 0.0930 0.2449 0.2455 0.1738 0.1059 0.0618 0.0349 0.0176 0.0080 0.0035 0.0017    0.0000 0.0000 0.0000 0.0000 0.0002 0.0036 0.0571 0.2291 0.2514 0.2019 0.1266 0.0704 0.0357 0.0154 0.0057 0.0019 0.0008
1 1 1992 Pot_Fishery 3 Male  Retained  All  All 76.0000    0.0000 0.0000 0.0000 0.0000 0.0003 0.0039 0.0604 0.1978 0.2378 0.1994 0.1313 0.0804 0.0452 0.0246 0.0126 0.0045 0.0018    0.0000 0.0000 0.0000 0.0000 0.0002 0.0029 0.0482 0.2106 0.2475 0.2090 0.1372 0.0783 0.0400 0.0171 0.0063 0.0020 0.0007
1 1 1993 Pot_Fishery 3 Male  Retained  All  All 378.0000    0.0000 0.0000 0.0000 0.0000 0.0002 0.0016 0.0307 0.1732 0.2726 0.2321 0.1447 0.0709 0.0433 0.0194 0.0083 0.0022 0.0008    0.0000 0.0000 0.0000 0.0000 0.0002 0.0027 0.0427 0.1899 0.2297 0.2075 0.1497 0.0929 0.0502 0.0224 0.0084 0.0027 0.0010
1 1 1994 Pot_Fishery 3 Male  Retained  All  All 367.0000    0.0000 0.0000 0.0001 0.0000 0.0000 0.0018 0.0470 0.1779 0.2539 0.1982 0.1336 0.0849 0.0534 0.0287 0.0131 0.0059 0.0014    0.0000 0.0000 0.0000 0.0000 0.0003 0.0039 0.0539 0.2030 0.2156 0.1902 0.1434 0.0944 0.0543 0.0259 0.0103 0.0034 0.0012
1 1 1995 Pot_Fishery 3 Male  Retained  All  All 705.0000    0.0000 0.0000 0.0003 0.0000 0.0002 0.0018 0.0470 0.1896 0.2476 0.1948 0.1303 0.0826 0.0519 0.0301 0.0144 0.0063 0.0030    0.0000 0.0000 0.0000 0.0000 0.0003 0.0039 0.0591 0.2333 0.2430 0.1902 0.1232 0.0732 0.0413 0.0202 0.0083 0.0029 0.0011
1 1 1996 Pot_Fishery 3 Male  Retained  All  All 817.0000    0.0000 0.0000 0.0000 0.0000 0.0000 0.0031 0.0681 0.2068 0.2295 0.1928 0.1271 0.0756 0.0487 0.0288 0.0127 0.0051 0.0017    0.0000 0.0000 0.0000 0.0000 0.0003 0.0037 0.0566 0.2275 0.2456 0.1986 0.1287 0.0730 0.0382 0.0175 0.0070 0.0024 0.0009
1 1 1997 Pot_Fishery 3 Male  Retained  All  All 984.0000    0.0000 0.0000 0.0000 0.0000 0.0001 0.0030 0.0593 0.2049 0.2407 0.1864 0.1250 0.0754 0.0475 0.0295 0.0157 0.0079 0.0046    0.0000 0.0000 0.0000 0.0000 0.0003 0.0032 0.0512 0.2169 0.2443 0.2030 0.1347 0.0777 0.0405 0.0180 0.0069 0.0023 0.0009
1 1 1998 Pot_Fishery 3 Male  Retained  All  All 613.0000    0.0000 0.0000 0.0000 0.0001 0.0000 0.0028 0.0578 0.2186 0.2662 0.2030 0.1227 0.0673 0.0339 0.0163 0.0068 0.0027 0.0016    0.0000 0.0000 0.0000 0.0000 0.0002 0.0032 0.0481 0.2047 0.2340 0.2026 0.1422 0.0861 0.0463 0.0209 0.0080 0.0027 0.0010
1 1 1999 Pot_Fishery 3 Male  Retained  All  All 915.0000    0.0000 0.0000 0.0000 0.0000 0.0000 0.0020 0.0435 0.1786 0.2669 0.2242 0.1399 0.0779 0.0412 0.0172 0.0057 0.0019 0.0009    0.0000 0.0000 0.0000 0.0000 0.0003 0.0032 0.0480 0.2017 0.2274 0.1980 0.1431 0.0902 0.0505 0.0238 0.0094 0.0032 0.0012
1 1 2000 Pot_Fishery 3 Male  Retained  All  All 1029.0000    0.0000 0.0000 0.0000 0.0001 0.0000 0.0027 0.0542 0.1946 0.2394 0.1929 0.1372 0.0803 0.0486 0.0267 0.0146 0.0057 0.0030    0.0000 0.0000 0.0000 0.0000 0.0003 0.0036 0.0525 0.2104 0.2280 0.1938 0.1379 0.0865 0.0491 0.0237 0.0097 0.0034 0.0013
1 1 2001 Pot_Fishery 3 Male  Retained  All  All 898.0000    0.0000 0.0000 0.0000 0.0000 0.0001 0.0015 0.0456 0.1993 0.2660 0.2143 0.1355 0.0671 0.0390 0.0197 0.0076 0.0029 0.0013    0.0000 0.0000 0.0000 0.0000 0.0003 0.0037 0.0546 0.2202 0.2352 0.1933 0.1322 0.0804 0.0450 0.0218 0.0090 0.0032 0.0012
1 1 2002 Pot_Fishery 3 Male  Retained  All  All 628.0000    0.0000 0.0000 0.0000 0.0000 0.0001 0.0017 0.0590 0.2182 0.2764 0.2106 0.1283 0.0577 0.0276 0.0129 0.0053 0.0017 0.0006    0.0000 0.0000 0.0000 0.0000 0.0003 0.0033 0.0504 0.2141 0.2375 0.1981 0.1357 0.0816 0.0448 0.0213 0.0087 0.0031 0.0012
1 1 2003 Pot_Fishery 3 Male  Retained  All  All 688.0000    0.0000 0.0000 0.0000 0.0000 0.0000 0.0019 0.0497 0.2186 0.2752 0.2077 0.1272 0.0625 0.0336 0.0148 0.0059 0.0019 0.0011    0.0000 0.0000 0.0000 0.0000 0.0002 0.0031 0.0471 0.2026 0.2299 0.1993 0.1427 0.0885 0.0492 0.0233 0.0095 0.0033 0.0013
1 1 2004 Pot_Fishery 3 Male  Retained  All  All 449.0000    0.0000 0.0000 0.0000 0.0000 0.0001 0.0012 0.0513 0.2150 0.2838 0.2068 0.1188 0.0627 0.0348 0.0155 0.0067 0.0020 0.0012    0.0000 0.0000 0.0000 0.0000 0.0002 0.0021 0.0372 0.1810 0.2258 0.2047 0.1516 0.0975 0.0560 0.0273 0.0113 0.0040 0.0016
1 1 2005 Pot_Fishery 3 Male  Retained  All  All 337.0000    0.0000 0.0000 0.0000 0.0000 0.0000 0.0005 0.0349 0.1727 0.2577 0.2068 0.1474 0.0824 0.0465 0.0237 0.0169 0.0073 0.0032    0.0000 0.0000 0.0000 0.0000 0.0001 0.0013 0.0274 0.1510 0.2084 0.2100 0.1685 0.1137 0.0665 0.0327 0.0136 0.0048 0.0019
1 1 2006 Pot_Fishery 3 Male  Retained  All  All 337.0000    0.0000 0.0000 0.0000 0.0000 0.0000 0.0005 0.0279 0.1365 0.2290 0.1966 0.1617 0.1012 0.0704 0.0416 0.0227 0.0078 0.0042    0.0000 0.0000 0.0000 0.0000 0.0001 0.0014 0.0291 0.1563 0.2040 0.1990 0.1617 0.1142 0.0713 0.0376 0.0166 0.0062 0.0026
1 1 2007 Pot_Fishery 3 Male  Retained  All  All 276.0000    0.0000 0.0000 0.0000 0.0000 0.0000 0.0006 0.0257 0.1294 0.2061 0.1909 0.1506 0.1129 0.0843 0.0529 0.0269 0.0134 0.0063    0.0000 0.0000 0.0000 0.0000 0.0001 0.0014 0.0287 0.1572 0.2052 0.1974 0.1586 0.1120 0.0715 0.0393 0.0183 0.0072 0.0032
1 1 2008 Pot_Fishery 3 Male  Retained  All  All 318.0000    0.0000 0.0000 0.0000 0.0000 0.0003 0.0022 0.0275 0.1247 0.1964 0.1899 0.1646 0.1035 0.0867 0.0540 0.0302 0.0147 0.0051    0.0000 0.0000 0.0000 0.0000 0.0001 0.0013 0.0272 0.1525 0.2043 0.1990 0.1600 0.1125 0.0720 0.0402 0.0193 0.0079 0.0037
1 1 2009 Pot_Fishery 3 Male  Retained  All  All 362.0000    0.0000 0.0000 0.0000 0.0001 0.0000 0.0004 0.0191 0.1111 0.1875 0.1799 0.1540 0.1154 0.0898 0.0661 0.0430 0.0216 0.0118    0.0000 0.0000 0.0000 0.0000 0.0001 0.0010 0.0236 0.1409 0.1995 0.2008 0.1647 0.1173 0.0757 0.0426 0.0208 0.0087 0.0042
1 1 2010 Pot_Fishery 3 Male  Retained  All  All 328.0000    0.0000 0.0000 0.0000 0.0000 0.0000 0.0004 0.0172 0.1054 0.1824 0.1888 0.1443 0.1192 0.0957 0.0667 0.0438 0.0219 0.0143    0.0000 0.0000 0.0000 0.0000 0.0001 0.0011 0.0227 0.1314 0.1879 0.1973 0.1688 0.1243 0.0819 0.0467 0.0231 0.0098 0.0049
1 1 2011 Pot_Fishery 3 Male  Retained  All  All 295.0000    0.0000 0.0000 0.0000 0.0000 0.0000 0.0008 0.0202 0.1122 0.1671 0.1813 0.1449 0.1188 0.0846 0.0723 0.0443 0.0290 0.0246    0.0000 0.0000 0.0000 0.0000 0.0001 0.0012 0.0243 0.1352 0.1854 0.1909 0.1643 0.1239 0.0842 0.0494 0.0249 0.0108 0.0055
1 1 2012 Pot_Fishery 3 Male  Retained  All  All 288.0000    0.0000 0.0000 0.0000 0.0000 0.0000 0.0004 0.0247 0.1244 0.2035 0.1913 0.1476 0.1010 0.0786 0.0535 0.0347 0.0210 0.0194    0.0000 0.0000 0.0000 0.0000 0.0001 0.0011 0.0237 0.1373 0.1904 0.1921 0.1611 0.1203 0.0823 0.0492 0.0254 0.0112 0.0059
1 1 2013 Pot_Fishery 3 Male  Retained  All  All 327.0000    0.0000 0.0000 0.0000 0.0000 0.0000 0.0008 0.0104 0.1094 0.1954 0.2165 0.1612 0.1062 0.0839 0.0442 0.0325 0.0224 0.0171    0.0000 0.0000 0.0000 0.0000 0.0001 0.0013 0.0268 0.1424 0.1896 0.1913 0.1601 0.1182 0.0801 0.0478 0.0249 0.0112 0.0061
1 1 2014 Pot_Fishery 3 Male  Retained  All  All 305.0000    0.0000 0.0000 0.0000 0.0000 0.0000 0.0041 0.0371 0.1809 0.2115 0.1877 0.1347 0.0983 0.0608 0.0426 0.0259 0.0109 0.0055    0.0000 0.0000 0.0000 0.0000 0.0001 0.0018 0.0340 0.1680 0.2027 0.1883 0.1487 0.1061 0.0709 0.0420 0.0219 0.0099 0.0055
1 1 2015 Pot_Fishery 3 Male  Retained  All  All 287.0000    0.0000 0.0000 0.0000 0.0000 0.0000 0.0025 0.0470 0.2008 0.2352 0.2011 0.1325 0.0774 0.0506 0.0290 0.0148 0.0067 0.0023    0.0000 0.0000 0.0000 0.0000 0.0001 0.0018 0.0358 0.1836 0.2218 0.1954 0.1429 0.0944 0.0598 0.0344 0.0176 0.0080 0.0044
1 1 2016 Pot_Fishery 3 Male  Retained  All  All 408.0000    0.0000 0.0000 0.0000 0.0000 0.0000 0.0012 0.0350 0.1669 0.2407 0.2405 0.1416 0.0841 0.0446 0.0248 0.0124 0.0041 0.0040    0.0000 0.0000 0.0000 0.0000 0.0001 0.0015 0.0322 0.1757 0.2257 0.2054 0.1501 0.0957 0.0571 0.0309 0.0152 0.0067 0.0037
1 1 2017 Pot_Fishery 3 Male  Retained  All  All 309.0000    0.0000 0.0000 0.0000 0.0000 0.0000 0.0000 0.0262 0.1327 0.2400 0.2105 0.1477 0.0853 0.0661 0.0380 0.0290 0.0131 0.0115    0.0000 0.0000 0.0000 0.0000 0.0001 0.0014 0.0293 0.1624 0.2162 0.2071 0.1592 0.1046 0.0622 0.0326 0.0152 0.0064 0.0034
1 1 2018 Pot_Fishery 3 Male  Retained  All  All 291.0000    0.0000 0.0000 0.0000 0.0000 0.0000 0.0004 0.0178 0.1311 0.2206 0.2120 0.1506 0.1028 0.0784 0.0407 0.0243 0.0117 0.0097    0.0000 0.0000 0.0000 0.0000 0.0001 0.0012 0.0266 0.1521 0.2083 0.2049 0.1633 0.1117 0.0684 0.0363 0.0168 0.0069 0.0035
1 1 2019 Pot_Fishery 3 Male  Retained  All  All 363.0000    0.0000 0.0000 0.0000 0.0000 0.0000 0.0003 0.0352 0.1568 0.2103 0.1977 0.1484 0.0991 0.0686 0.0447 0.0214 0.0098 0.0078    0.0000 0.0000 0.0000 0.0000 0.0001 0.0013 0.0270 0.1482 0.2000 0.2002 0.1641 0.1159 0.0732 0.0398 0.0187 0.0076 0.0038
1 1 2020 Pot_Fishery 3 Male  Retained  All  All 462.0000    0.0000 0.0000 0.0000 0.0000 0.0000 0.0009 0.0302 0.1529 0.2221 0.2179 0.1569 0.0950 0.0569 0.0329 0.0153 0.0102 0.0087    0.0000 0.0000 0.0000 0.0000 0.0001 0.0012 0.0268 0.1502 0.2026 0.1987 0.1604 0.1138 0.0734 0.0410 0.0197 0.0082 0.0040
1 1 2021 Pot_Fishery 3 Male  Retained  All  All 276.0000    0.0000 0.0000 0.0000 0.0000 0.0000 0.0000 0.0000 0.0341 0.1504 0.2727 0.2245 0.1398 0.0734 0.0550 0.0260 0.0130 0.0111    0.0000 0.0000 0.0000 0.0000 0.0001 0.0013 0.0271 0.1492 0.2016 0.1996 0.1609 0.1135 0.0730 0.0411 0.0200 0.0085 0.0042
2 2 1990 Pot_Fishery 3 Male  All  All  All 190.0000    0.0737 0.0377 0.0750 0.0991 0.1367 0.1261 0.0883 0.1158 0.1118 0.0596 0.0344 0.0175 0.0139 0.0050 0.0039 0.0012 0.0003    0.0284 0.0436 0.0596 0.0902 0.1202 0.1147 0.1408 0.1203 0.1000 0.0799 0.0501 0.0277 0.0143 0.0064 0.0025 0.0009 0.0005
2 2 1991 Pot_Fishery 3 Male  All  All  All 104.0000    0.0964 0.0519 0.0613 0.0835 0.1056 0.1003 0.1025 0.1147 0.0875 0.0672 0.0513 0.0342 0.0206 0.0129 0.0070 0.0027 0.0005    0.0237 0.0366 0.0509 0.0805 0.1118 0.1144 0.1459 0.1312 0.1096 0.0861 0.0539 0.0300 0.0152 0.0065 0.0024 0.0008 0.0003
2 2 1992 Pot_Fishery 3 Male  All  All  All 94.0000    0.0797 0.0495 0.0699 0.0876 0.1050 0.1198 0.1163 0.1124 0.0945 0.0688 0.0423 0.0233 0.0172 0.0085 0.0035 0.0008 0.0007    0.0286 0.0436 0.0573 0.0796 0.1019 0.0965 0.1301 0.1274 0.1140 0.0942 0.0617 0.0352 0.0180 0.0077 0.0028 0.0009 0.0003
2 2 1993 Pot_Fishery 3 Male  All  All  All 62.0000    0.1218 0.0429 0.0648 0.0773 0.0890 0.1076 0.1174 0.1072 0.0914 0.0658 0.0428 0.0282 0.0220 0.0123 0.0056 0.0032 0.0006    0.0379 0.0574 0.0732 0.0932 0.1086 0.0851 0.1089 0.1085 0.0999 0.0883 0.0636 0.0395 0.0213 0.0095 0.0036 0.0012 0.0004
2 2 1994 Pot_Fishery 3 Male  All  All  All 119.0000    0.0665 0.0500 0.0678 0.0856 0.1061 0.1178 0.1248 0.1168 0.0990 0.0728 0.0456 0.0227 0.0138 0.0061 0.0033 0.0009 0.0004    0.0310 0.0475 0.0647 0.0964 0.1255 0.1109 0.1264 0.1067 0.0863 0.0745 0.0560 0.0369 0.0212 0.0101 0.0040 0.0013 0.0005
2 2 1995 Pot_Fishery 3 Male  All  All  All 907.0000    0.0808 0.0492 0.0721 0.0923 0.1124 0.1253 0.1213 0.0990 0.0813 0.0621 0.0419 0.0259 0.0168 0.0099 0.0058 0.0025 0.0013    0.0327 0.0499 0.0662 0.0940 0.1206 0.1098 0.1356 0.1199 0.0951 0.0728 0.0471 0.0280 0.0158 0.0077 0.0032 0.0011 0.0004
2 2 1996 Pot_Fishery 3 Male  All  All  All 1061.0000    0.0823 0.0387 0.0560 0.0786 0.1009 0.1243 0.1348 0.1204 0.0984 0.0713 0.0420 0.0240 0.0138 0.0078 0.0040 0.0018 0.0008    0.0283 0.0434 0.0590 0.0885 0.1175 0.1114 0.1375 0.1238 0.1018 0.0805 0.0521 0.0296 0.0155 0.0071 0.0028 0.0010 0.0004
2 2 1997 Pot_Fishery 3 Male  All  All  All 1116.0000    0.0810 0.0396 0.0520 0.0634 0.0800 0.1013 0.1355 0.1330 0.1139 0.0822 0.0496 0.0290 0.0172 0.0106 0.0062 0.0030 0.0026    0.0317 0.0483 0.0634 0.0877 0.1107 0.1000 0.1287 0.1220 0.1046 0.0851 0.0563 0.0325 0.0170 0.0076 0.0029 0.0010 0.0004
2 2 1998 Pot_Fishery 3 Male  All  All  All 638.0000    0.0870 0.0410 0.0542 0.0700 0.0861 0.1075 0.1436 0.1446 0.1108 0.0787 0.0394 0.0205 0.0102 0.0041 0.0017 0.0004 0.0001    0.0306 0.0467 0.0621 0.0879 0.1117 0.0993 0.1236 0.1177 0.1024 0.0868 0.0608 0.0368 0.0198 0.0089 0.0034 0.0011 0.0004
2 2 1999 Pot_Fishery 3 Male  All  All  All 1155.0000    0.0815 0.0387 0.0496 0.0638 0.0846 0.1054 0.1364 0.1371 0.1210 0.0842 0.0504 0.0248 0.0134 0.0056 0.0024 0.0008 0.0005    0.0342 0.0520 0.0678 0.0919 0.1131 0.0963 0.1197 0.1126 0.0967 0.0823 0.0594 0.0375 0.0210 0.0099 0.0039 0.0013 0.0005
2 2 2000 Pot_Fishery 3 Male  All  All  All 1205.0000    0.0725 0.0430 0.0581 0.0733 0.0933 0.1134 0.1464 0.1387 0.1077 0.0696 0.0405 0.0216 0.0115 0.0057 0.0031 0.0010 0.0006    0.0350 0.0533 0.0702 0.0971 0.1207 0.1024 0.1228 0.1103 0.0910 0.0757 0.0538 0.0337 0.0191 0.0092 0.0038 0.0013 0.0005
2 2 2001 Pot_Fishery 3 Male  All  All  All 975.0000    0.0493 0.0315 0.0470 0.0635 0.0902 0.1185 0.1575 0.1546 0.1236 0.0792 0.0432 0.0201 0.0120 0.0055 0.0029 0.0008 0.0004    0.0318 0.0486 0.0650 0.0936 0.1201 0.1072 0.1294 0.1170 0.0951 0.0765 0.0522 0.0318 0.0178 0.0086 0.0035 0.0012 0.0005
2 2 2002 Pot_Fishery 3 Male  All  All  All 675.0000    0.0473 0.0323 0.0434 0.0645 0.0877 0.1180 0.1588 0.1668 0.1247 0.0788 0.0403 0.0203 0.0097 0.0045 0.0018 0.0007 0.0004    0.0326 0.0496 0.0653 0.0904 0.1135 0.0998 0.1251 0.1189 0.1004 0.0820 0.0561 0.0337 0.0185 0.0088 0.0036 0.0013 0.0005
2 2 2003 Pot_Fishery 3 Male  All  All  All 700.0000    0.0162 0.0113 0.0226 0.0368 0.0629 0.1040 0.1621 0.1826 0.1561 0.1095 0.0698 0.0323 0.0190 0.0090 0.0040 0.0013 0.0004    0.0180 0.0282 0.0414 0.0721 0.1049 0.1092 0.1354 0.1304 0.1126 0.0955 0.0683 0.0424 0.0235 0.0112 0.0045 0.0016 0.0006
2 2 2004 Pot_Fishery 3 Male  All  All  All 488.0000    0.0328 0.0185 0.0296 0.0479 0.0719 0.1137 0.1627 0.1690 0.1468 0.0978 0.0546 0.0268 0.0161 0.0074 0.0031 0.0011 0.0003    0.0262 0.0397 0.0512 0.0680 0.0852 0.0805 0.1157 0.1262 0.1199 0.1063 0.0786 0.0506 0.0290 0.0142 0.0059 0.0021 0.0008
2 2 2005 Pot_Fishery 3 Male  All  All  All 220.0000    0.0072 0.0081 0.0143 0.0256 0.0423 0.0735 0.1395 0.1894 0.1852 0.1437 0.0862 0.0433 0.0244 0.0089 0.0055 0.0020 0.0009    0.0029 0.0069 0.0140 0.0298 0.0555 0.0681 0.1136 0.1400 0.1471 0.1450 0.1162 0.0784 0.0459 0.0225 0.0094 0.0033 0.0013
2 2 2006 Pot_Fishery 3 Male  All  All  All 321.0000    0.0086 0.0080 0.0143 0.0212 0.0350 0.0616 0.1180 0.1668 0.1796 0.1468 0.1017 0.0640 0.0394 0.0207 0.0087 0.0039 0.0018    0.0027 0.0064 0.0132 0.0293 0.0563 0.0723 0.1190 0.1432 0.1423 0.1358 0.1102 0.0778 0.0486 0.0256 0.0113 0.0042 0.0017
2 2 2007 Pot_Fishery 3 Male  All  All  All 257.0000    0.0135 0.0123 0.0194 0.0317 0.0481 0.0782 0.1329 0.1710 0.1573 0.1276 0.0829 0.0563 0.0348 0.0192 0.0094 0.0038 0.0015    0.0024 0.0058 0.0120 0.0269 0.0527 0.0704 0.1191 0.1459 0.1451 0.1365 0.1096 0.0773 0.0494 0.0271 0.0127 0.0050 0.0022
2 2 2008 Pot_Fishery 3 Male  All  All  All 258.0000    0.0066 0.0101 0.0173 0.0227 0.0394 0.0646 0.1219 0.1668 0.1675 0.1382 0.0935 0.0588 0.0437 0.0260 0.0140 0.0058 0.0033    0.0017 0.0040 0.0088 0.0218 0.0458 0.0673 0.1164 0.1464 0.1492 0.1422 0.1142 0.0803 0.0514 0.0287 0.0138 0.0056 0.0026
2 2 2009 Pot_Fishery 3 Male  All  All  All 292.0000    0.0029 0.0049 0.0081 0.0133 0.0245 0.0434 0.0993 0.1567 0.1726 0.1528 0.1109 0.0783 0.0535 0.0369 0.0227 0.0121 0.0069    0.0020 0.0047 0.0095 0.0206 0.0402 0.0563 0.1049 0.1403 0.1512 0.1489 0.1219 0.0868 0.0560 0.0315 0.0154 0.0064 0.0031
2 2 2010 Pot_Fishery 3 Male  All  All  All 222.0000    0.0058 0.0055 0.0123 0.0169 0.0303 0.0556 0.1079 0.1531 0.1614 0.1465 0.1016 0.0731 0.0521 0.0365 0.0228 0.0111 0.0074    0.0022 0.0051 0.0105 0.0229 0.0439 0.0576 0.1007 0.1304 0.1419 0.1458 0.1246 0.0917 0.0604 0.0345 0.0170 0.0072 0.0036
2 2 2011 Pot_Fishery 3 Male  All  All  All 252.0000    0.0052 0.0042 0.0094 0.0152 0.0259 0.0471 0.1047 0.1584 0.1692 0.1509 0.1056 0.0705 0.0491 0.0371 0.0230 0.0136 0.0108    0.0016 0.0039 0.0084 0.0208 0.0435 0.0628 0.1069 0.1333 0.1392 0.1402 0.1204 0.0909 0.0617 0.0362 0.0183 0.0079 0.0041
2 2 2012 Pot_Fishery 3 Male  All  All  All 241.0000    0.0114 0.0069 0.0109 0.0148 0.0253 0.0474 0.1028 0.1622 0.1770 0.1508 0.1091 0.0667 0.0429 0.0327 0.0182 0.0111 0.0096    0.0024 0.0056 0.0113 0.0232 0.0433 0.0569 0.1044 0.1353 0.1429 0.1410 0.1181 0.0881 0.0603 0.0360 0.0186 0.0082 0.0044
2 2 2013 Pot_Fishery 3 Male  All  All  All 236.0000    0.0098 0.0069 0.0125 0.0184 0.0323 0.0574 0.1066 0.1496 0.1585 0.1381 0.1051 0.0733 0.0503 0.0332 0.0236 0.0132 0.0113    0.0034 0.0079 0.0157 0.0320 0.0574 0.0670 0.1108 0.1317 0.1335 0.1319 0.1102 0.0814 0.0551 0.0329 0.0171 0.0077 0.0042
2 2 2014 Pot_Fishery 3 Male  All  All  All 219.0000    0.0149 0.0120 0.0182 0.0265 0.0409 0.0709 0.1249 0.1675 0.1642 0.1385 0.0892 0.0552 0.0339 0.0212 0.0113 0.0059 0.0048    0.0032 0.0076 0.0157 0.0348 0.0666 0.0833 0.1309 0.1447 0.1329 0.1208 0.0953 0.0680 0.0454 0.0269 0.0140 0.0063 0.0035
2 2 2015 Pot_Fishery 3 Male  All  All  All 243.0000    0.0095 0.0074 0.0122 0.0210 0.0302 0.0619 0.1229 0.1816 0.1868 0.1518 0.0941 0.0529 0.0328 0.0186 0.0093 0.0049 0.0022    0.0027 0.0065 0.0136 0.0311 0.0618 0.0836 0.1380 0.1587 0.1459 0.1258 0.0919 0.0607 0.0384 0.0221 0.0113 0.0051 0.0029
2 2 2016 Pot_Fishery 3 Male  All  All  All 253.0000    0.0105 0.0090 0.0168 0.0250 0.0439 0.0665 0.1232 0.1716 0.1759 0.1473 0.0929 0.0549 0.0309 0.0160 0.0093 0.0038 0.0025    0.0027 0.0063 0.0130 0.0286 0.0555 0.0746 0.1292 0.1579 0.1545 0.1376 0.1004 0.0640 0.0382 0.0207 0.0101 0.0045 0.0025
2 2 2017 Pot_Fishery 3 Male  All  All  All 222.0000    0.0046 0.0050 0.0099 0.0166 0.0301 0.0542 0.1073 0.1570 0.1744 0.1545 0.1052 0.0693 0.0451 0.0292 0.0182 0.0104 0.0088    0.0021 0.0051 0.0108 0.0251 0.0508 0.0709 0.1217 0.1512 0.1533 0.1436 0.1102 0.0724 0.0430 0.0225 0.0105 0.0044 0.0024
2 2 2018 Pot_Fishery 3 Male  All  All  All 318.0000    0.0048 0.0050 0.0074 0.0155 0.0286 0.0571 0.1108 0.1576 0.1649 0.1464 0.1087 0.0744 0.0488 0.0332 0.0195 0.0102 0.0070    0.0024 0.0057 0.0117 0.0250 0.0478 0.0636 0.1133 0.1451 0.1512 0.1456 0.1158 0.0792 0.0485 0.0257 0.0119 0.0049 0.0025
2 2 2019 Pot_Fishery 3 Male  All  All  All 224.0000    0.0168 0.0102 0.0130 0.0230 0.0362 0.0567 0.1085 0.1446 0.1637 0.1504 0.1094 0.0778 0.0459 0.0262 0.0118 0.0031 0.0024    0.0019 0.0045 0.0098 0.0235 0.0482 0.0680 0.1151 0.1414 0.1452 0.1422 0.1164 0.0822 0.0519 0.0283 0.0133 0.0054 0.0027
2 2 2020 Pot_Fishery 3 Male  All  All  All 302.0000    0.0124 0.0091 0.0118 0.0207 0.0348 0.0660 0.1183 0.1683 0.1710 0.1468 0.1023 0.0614 0.0359 0.0195 0.0124 0.0050 0.0043    0.0022 0.0051 0.0106 0.0234 0.0459 0.0639 0.1146 0.1441 0.1481 0.1421 0.1145 0.0812 0.0524 0.0292 0.0141 0.0058 0.0029
2 2 2021 Pot_Fishery 3 Male  All  All  All 157.0000    0.0108 0.0086 0.0133 0.0213 0.0504 0.0766 0.1337 0.1609 0.1743 0.1367 0.0986 0.0521 0.0335 0.0165 0.0072 0.0037 0.0017    0.0032 0.0075 0.0149 0.0300 0.0541 0.0651 0.1129 0.1390 0.1430 0.1385 0.1115 0.0786 0.0506 0.0285 0.0139 0.0059 0.0029
#Size data: standard deviation and median
sdnr_MAR_lf
   0.6374   0.2478
   1.1644   0.5180
#Size data: Francis multipliers
Francis_weights
   0.1786   0.3168

#--------------------------------------------------------------------------------------------
Selectivity
#slx_capture
#Year Sex Fleet Selectivity
1960 male Pot_Fishery    0.16159047   0.20246448   0.25083340   0.30668877   0.36939665   0.43760844   0.50930417   0.58199438   0.65304931   0.72006843   0.78118458   0.83522720   0.88172873   0.92081127   0.95301430   0.97911853   1.00000000
1960 male Trawl_Bycatch    1.00000000   1.00000000   1.00000000   1.00000000   1.00000000   1.00000000   1.00000000   1.00000000   1.00000000   1.00000000   1.00000000   1.00000000   1.00000000   1.00000000   1.00000000   1.00000000   1.00000000
1961 male Pot_Fishery    0.16159047   0.20246448   0.25083340   0.30668877   0.36939665   0.43760844   0.50930417   0.58199438   0.65304931   0.72006843   0.78118458   0.83522720   0.88172873   0.92081127   0.95301430   0.97911853   1.00000000
1961 male Trawl_Bycatch    1.00000000   1.00000000   1.00000000   1.00000000   1.00000000   1.00000000   1.00000000   1.00000000   1.00000000   1.00000000   1.00000000   1.00000000   1.00000000   1.00000000   1.00000000   1.00000000   1.00000000
1962 male Pot_Fishery    0.16159047   0.20246448   0.25083340   0.30668877   0.36939665   0.43760844   0.50930417   0.58199438   0.65304931   0.72006843   0.78118458   0.83522720   0.88172873   0.92081127   0.95301430   0.97911853   1.00000000
1962 male Trawl_Bycatch    1.00000000   1.00000000   1.00000000   1.00000000   1.00000000   1.00000000   1.00000000   1.00000000   1.00000000   1.00000000   1.00000000   1.00000000   1.00000000   1.00000000   1.00000000   1.00000000   1.00000000
1963 male Pot_Fishery    0.16159047   0.20246448   0.25083340   0.30668877   0.36939665   0.43760844   0.50930417   0.58199438   0.65304931   0.72006843   0.78118458   0.83522720   0.88172873   0.92081127   0.95301430   0.97911853   1.00000000
1963 male Trawl_Bycatch    1.00000000   1.00000000   1.00000000   1.00000000   1.00000000   1.00000000   1.00000000   1.00000000   1.00000000   1.00000000   1.00000000   1.00000000   1.00000000   1.00000000   1.00000000   1.00000000   1.00000000
1964 male Pot_Fishery    0.16159047   0.20246448   0.25083340   0.30668877   0.36939665   0.43760844   0.50930417   0.58199438   0.65304931   0.72006843   0.78118458   0.83522720   0.88172873   0.92081127   0.95301430   0.97911853   1.00000000
1964 male Trawl_Bycatch    1.00000000   1.00000000   1.00000000   1.00000000   1.00000000   1.00000000   1.00000000   1.00000000   1.00000000   1.00000000   1.00000000   1.00000000   1.00000000   1.00000000   1.00000000   1.00000000   1.00000000
1965 male Pot_Fishery    0.16159047   0.20246448   0.25083340   0.30668877   0.36939665   0.43760844   0.50930417   0.58199438   0.65304931   0.72006843   0.78118458   0.83522720   0.88172873   0.92081127   0.95301430   0.97911853   1.00000000
1965 male Trawl_Bycatch    1.00000000   1.00000000   1.00000000   1.00000000   1.00000000   1.00000000   1.00000000   1.00000000   1.00000000   1.00000000   1.00000000   1.00000000   1.00000000   1.00000000   1.00000000   1.00000000   1.00000000
1966 male Pot_Fishery    0.16159047   0.20246448   0.25083340   0.30668877   0.36939665   0.43760844   0.50930417   0.58199438   0.65304931   0.72006843   0.78118458   0.83522720   0.88172873   0.92081127   0.95301430   0.97911853   1.00000000
1966 male Trawl_Bycatch    1.00000000   1.00000000   1.00000000   1.00000000   1.00000000   1.00000000   1.00000000   1.00000000   1.00000000   1.00000000   1.00000000   1.00000000   1.00000000   1.00000000   1.00000000   1.00000000   1.00000000
1967 male Pot_Fishery    0.16159047   0.20246448   0.25083340   0.30668877   0.36939665   0.43760844   0.50930417   0.58199438   0.65304931   0.72006843   0.78118458   0.83522720   0.88172873   0.92081127   0.95301430   0.97911853   1.00000000
1967 male Trawl_Bycatch    1.00000000   1.00000000   1.00000000   1.00000000   1.00000000   1.00000000   1.00000000   1.00000000   1.00000000   1.00000000   1.00000000   1.00000000   1.00000000   1.00000000   1.00000000   1.00000000   1.00000000
1968 male Pot_Fishery    0.16159047   0.20246448   0.25083340   0.30668877   0.36939665   0.43760844   0.50930417   0.58199438   0.65304931   0.72006843   0.78118458   0.83522720   0.88172873   0.92081127   0.95301430   0.97911853   1.00000000
1968 male Trawl_Bycatch    1.00000000   1.00000000   1.00000000   1.00000000   1.00000000   1.00000000   1.00000000   1.00000000   1.00000000   1.00000000   1.00000000   1.00000000   1.00000000   1.00000000   1.00000000   1.00000000   1.00000000
1969 male Pot_Fishery    0.16159047   0.20246448   0.25083340   0.30668877   0.36939665   0.43760844   0.50930417   0.58199438   0.65304931   0.72006843   0.78118458   0.83522720   0.88172873   0.92081127   0.95301430   0.97911853   1.00000000
1969 male Trawl_Bycatch    1.00000000   1.00000000   1.00000000   1.00000000   1.00000000   1.00000000   1.00000000   1.00000000   1.00000000   1.00000000   1.00000000   1.00000000   1.00000000   1.00000000   1.00000000   1.00000000   1.00000000
1970 male Pot_Fishery    0.16159047   0.20246448   0.25083340   0.30668877   0.36939665   0.43760844   0.50930417   0.58199438   0.65304931   0.72006843   0.78118458   0.83522720   0.88172873   0.92081127   0.95301430   0.97911853   1.00000000
1970 male Trawl_Bycatch    1.00000000   1.00000000   1.00000000   1.00000000   1.00000000   1.00000000   1.00000000   1.00000000   1.00000000   1.00000000   1.00000000   1.00000000   1.00000000   1.00000000   1.00000000   1.00000000   1.00000000
1971 male Pot_Fishery    0.16159047   0.20246448   0.25083340   0.30668877   0.36939665   0.43760844   0.50930417   0.58199438   0.65304931   0.72006843   0.78118458   0.83522720   0.88172873   0.92081127   0.95301430   0.97911853   1.00000000
1971 male Trawl_Bycatch    1.00000000   1.00000000   1.00000000   1.00000000   1.00000000   1.00000000   1.00000000   1.00000000   1.00000000   1.00000000   1.00000000   1.00000000   1.00000000   1.00000000   1.00000000   1.00000000   1.00000000
1972 male Pot_Fishery    0.16159047   0.20246448   0.25083340   0.30668877   0.36939665   0.43760844   0.50930417   0.58199438   0.65304931   0.72006843   0.78118458   0.83522720   0.88172873   0.92081127   0.95301430   0.97911853   1.00000000
1972 male Trawl_Bycatch    1.00000000   1.00000000   1.00000000   1.00000000   1.00000000   1.00000000   1.00000000   1.00000000   1.00000000   1.00000000   1.00000000   1.00000000   1.00000000   1.00000000   1.00000000   1.00000000   1.00000000
1973 male Pot_Fishery    0.16159047   0.20246448   0.25083340   0.30668877   0.36939665   0.43760844   0.50930417   0.58199438   0.65304931   0.72006843   0.78118458   0.83522720   0.88172873   0.92081127   0.95301430   0.97911853   1.00000000
1973 male Trawl_Bycatch    1.00000000   1.00000000   1.00000000   1.00000000   1.00000000   1.00000000   1.00000000   1.00000000   1.00000000   1.00000000   1.00000000   1.00000000   1.00000000   1.00000000   1.00000000   1.00000000   1.00000000
1974 male Pot_Fishery    0.16159047   0.20246448   0.25083340   0.30668877   0.36939665   0.43760844   0.50930417   0.58199438   0.65304931   0.72006843   0.78118458   0.83522720   0.88172873   0.92081127   0.95301430   0.97911853   1.00000000
1974 male Trawl_Bycatch    1.00000000   1.00000000   1.00000000   1.00000000   1.00000000   1.00000000   1.00000000   1.00000000   1.00000000   1.00000000   1.00000000   1.00000000   1.00000000   1.00000000   1.00000000   1.00000000   1.00000000
1975 male Pot_Fishery    0.16159047   0.20246448   0.25083340   0.30668877   0.36939665   0.43760844   0.50930417   0.58199438   0.65304931   0.72006843   0.78118458   0.83522720   0.88172873   0.92081127   0.95301430   0.97911853   1.00000000
1975 male Trawl_Bycatch    1.00000000   1.00000000   1.00000000   1.00000000   1.00000000   1.00000000   1.00000000   1.00000000   1.00000000   1.00000000   1.00000000   1.00000000   1.00000000   1.00000000   1.00000000   1.00000000   1.00000000
1976 male Pot_Fishery    0.16159047   0.20246448   0.25083340   0.30668877   0.36939665   0.43760844   0.50930417   0.58199438   0.65304931   0.72006843   0.78118458   0.83522720   0.88172873   0.92081127   0.95301430   0.97911853   1.00000000
1976 male Trawl_Bycatch    1.00000000   1.00000000   1.00000000   1.00000000   1.00000000   1.00000000   1.00000000   1.00000000   1.00000000   1.00000000   1.00000000   1.00000000   1.00000000   1.00000000   1.00000000   1.00000000   1.00000000
1977 male Pot_Fishery    0.16159047   0.20246448   0.25083340   0.30668877   0.36939665   0.43760844   0.50930417   0.58199438   0.65304931   0.72006843   0.78118458   0.83522720   0.88172873   0.92081127   0.95301430   0.97911853   1.00000000
1977 male Trawl_Bycatch    1.00000000   1.00000000   1.00000000   1.00000000   1.00000000   1.00000000   1.00000000   1.00000000   1.00000000   1.00000000   1.00000000   1.00000000   1.00000000   1.00000000   1.00000000   1.00000000   1.00000000
1978 male Pot_Fishery    0.16159047   0.20246448   0.25083340   0.30668877   0.36939665   0.43760844   0.50930417   0.58199438   0.65304931   0.72006843   0.78118458   0.83522720   0.88172873   0.92081127   0.95301430   0.97911853   1.00000000
1978 male Trawl_Bycatch    1.00000000   1.00000000   1.00000000   1.00000000   1.00000000   1.00000000   1.00000000   1.00000000   1.00000000   1.00000000   1.00000000   1.00000000   1.00000000   1.00000000   1.00000000   1.00000000   1.00000000
1979 male Pot_Fishery    0.16159047   0.20246448   0.25083340   0.30668877   0.36939665   0.43760844   0.50930417   0.58199438   0.65304931   0.72006843   0.78118458   0.83522720   0.88172873   0.92081127   0.95301430   0.97911853   1.00000000
1979 male Trawl_Bycatch    1.00000000   1.00000000   1.00000000   1.00000000   1.00000000   1.00000000   1.00000000   1.00000000   1.00000000   1.00000000   1.00000000   1.00000000   1.00000000   1.00000000   1.00000000   1.00000000   1.00000000
1980 male Pot_Fishery    0.16159047   0.20246448   0.25083340   0.30668877   0.36939665   0.43760844   0.50930417   0.58199438   0.65304931   0.72006843   0.78118458   0.83522720   0.88172873   0.92081127   0.95301430   0.97911853   1.00000000
1980 male Trawl_Bycatch    1.00000000   1.00000000   1.00000000   1.00000000   1.00000000   1.00000000   1.00000000   1.00000000   1.00000000   1.00000000   1.00000000   1.00000000   1.00000000   1.00000000   1.00000000   1.00000000   1.00000000
1981 male Pot_Fishery    0.16159047   0.20246448   0.25083340   0.30668877   0.36939665   0.43760844   0.50930417   0.58199438   0.65304931   0.72006843   0.78118458   0.83522720   0.88172873   0.92081127   0.95301430   0.97911853   1.00000000
1981 male Trawl_Bycatch    1.00000000   1.00000000   1.00000000   1.00000000   1.00000000   1.00000000   1.00000000   1.00000000   1.00000000   1.00000000   1.00000000   1.00000000   1.00000000   1.00000000   1.00000000   1.00000000   1.00000000
1982 male Pot_Fishery    0.16159047   0.20246448   0.25083340   0.30668877   0.36939665   0.43760844   0.50930417   0.58199438   0.65304931   0.72006843   0.78118458   0.83522720   0.88172873   0.92081127   0.95301430   0.97911853   1.00000000
1982 male Trawl_Bycatch    1.00000000   1.00000000   1.00000000   1.00000000   1.00000000   1.00000000   1.00000000   1.00000000   1.00000000   1.00000000   1.00000000   1.00000000   1.00000000   1.00000000   1.00000000   1.00000000   1.00000000
1983 male Pot_Fishery    0.16159047   0.20246448   0.25083340   0.30668877   0.36939665   0.43760844   0.50930417   0.58199438   0.65304931   0.72006843   0.78118458   0.83522720   0.88172873   0.92081127   0.95301430   0.97911853   1.00000000
1983 male Trawl_Bycatch    1.00000000   1.00000000   1.00000000   1.00000000   1.00000000   1.00000000   1.00000000   1.00000000   1.00000000   1.00000000   1.00000000   1.00000000   1.00000000   1.00000000   1.00000000   1.00000000   1.00000000
1984 male Pot_Fishery    0.16159047   0.20246448   0.25083340   0.30668877   0.36939665   0.43760844   0.50930417   0.58199438   0.65304931   0.72006843   0.78118458   0.83522720   0.88172873   0.92081127   0.95301430   0.97911853   1.00000000
1984 male Trawl_Bycatch    1.00000000   1.00000000   1.00000000   1.00000000   1.00000000   1.00000000   1.00000000   1.00000000   1.00000000   1.00000000   1.00000000   1.00000000   1.00000000   1.00000000   1.00000000   1.00000000   1.00000000
1985 male Pot_Fishery    0.16159047   0.20246448   0.25083340   0.30668877   0.36939665   0.43760844   0.50930417   0.58199438   0.65304931   0.72006843   0.78118458   0.83522720   0.88172873   0.92081127   0.95301430   0.97911853   1.00000000
1985 male Trawl_Bycatch    1.00000000   1.00000000   1.00000000   1.00000000   1.00000000   1.00000000   1.00000000   1.00000000   1.00000000   1.00000000   1.00000000   1.00000000   1.00000000   1.00000000   1.00000000   1.00000000   1.00000000
1986 male Pot_Fishery    0.16159047   0.20246448   0.25083340   0.30668877   0.36939665   0.43760844   0.50930417   0.58199438   0.65304931   0.72006843   0.78118458   0.83522720   0.88172873   0.92081127   0.95301430   0.97911853   1.00000000
1986 male Trawl_Bycatch    1.00000000   1.00000000   1.00000000   1.00000000   1.00000000   1.00000000   1.00000000   1.00000000   1.00000000   1.00000000   1.00000000   1.00000000   1.00000000   1.00000000   1.00000000   1.00000000   1.00000000
1987 male Pot_Fishery    0.16159047   0.20246448   0.25083340   0.30668877   0.36939665   0.43760844   0.50930417   0.58199438   0.65304931   0.72006843   0.78118458   0.83522720   0.88172873   0.92081127   0.95301430   0.97911853   1.00000000
1987 male Trawl_Bycatch    1.00000000   1.00000000   1.00000000   1.00000000   1.00000000   1.00000000   1.00000000   1.00000000   1.00000000   1.00000000   1.00000000   1.00000000   1.00000000   1.00000000   1.00000000   1.00000000   1.00000000
1988 male Pot_Fishery    0.16159047   0.20246448   0.25083340   0.30668877   0.36939665   0.43760844   0.50930417   0.58199438   0.65304931   0.72006843   0.78118458   0.83522720   0.88172873   0.92081127   0.95301430   0.97911853   1.00000000
1988 male Trawl_Bycatch    1.00000000   1.00000000   1.00000000   1.00000000   1.00000000   1.00000000   1.00000000   1.00000000   1.00000000   1.00000000   1.00000000   1.00000000   1.00000000   1.00000000   1.00000000   1.00000000   1.00000000
1989 male Pot_Fishery    0.16159047   0.20246448   0.25083340   0.30668877   0.36939665   0.43760844   0.50930417   0.58199438   0.65304931   0.72006843   0.78118458   0.83522720   0.88172873   0.92081127   0.95301430   0.97911853   1.00000000
1989 male Trawl_Bycatch    1.00000000   1.00000000   1.00000000   1.00000000   1.00000000   1.00000000   1.00000000   1.00000000   1.00000000   1.00000000   1.00000000   1.00000000   1.00000000   1.00000000   1.00000000   1.00000000   1.00000000
1990 male Pot_Fishery    0.16159047   0.20246448   0.25083340   0.30668877   0.36939665   0.43760844   0.50930417   0.58199438   0.65304931   0.72006843   0.78118458   0.83522720   0.88172873   0.92081127   0.95301430   0.97911853   1.00000000
1990 male Trawl_Bycatch    1.00000000   1.00000000   1.00000000   1.00000000   1.00000000   1.00000000   1.00000000   1.00000000   1.00000000   1.00000000   1.00000000   1.00000000   1.00000000   1.00000000   1.00000000   1.00000000   1.00000000
1991 male Pot_Fishery    0.16159047   0.20246448   0.25083340   0.30668877   0.36939665   0.43760844   0.50930417   0.58199438   0.65304931   0.72006843   0.78118458   0.83522720   0.88172873   0.92081127   0.95301430   0.97911853   1.00000000
1991 male Trawl_Bycatch    1.00000000   1.00000000   1.00000000   1.00000000   1.00000000   1.00000000   1.00000000   1.00000000   1.00000000   1.00000000   1.00000000   1.00000000   1.00000000   1.00000000   1.00000000   1.00000000   1.00000000
1992 male Pot_Fishery    0.16159047   0.20246448   0.25083340   0.30668877   0.36939665   0.43760844   0.50930417   0.58199438   0.65304931   0.72006843   0.78118458   0.83522720   0.88172873   0.92081127   0.95301430   0.97911853   1.00000000
1992 male Trawl_Bycatch    1.00000000   1.00000000   1.00000000   1.00000000   1.00000000   1.00000000   1.00000000   1.00000000   1.00000000   1.00000000   1.00000000   1.00000000   1.00000000   1.00000000   1.00000000   1.00000000   1.00000000
1993 male Pot_Fishery    0.16159047   0.20246448   0.25083340   0.30668877   0.36939665   0.43760844   0.50930417   0.58199438   0.65304931   0.72006843   0.78118458   0.83522720   0.88172873   0.92081127   0.95301430   0.97911853   1.00000000
1993 male Trawl_Bycatch    1.00000000   1.00000000   1.00000000   1.00000000   1.00000000   1.00000000   1.00000000   1.00000000   1.00000000   1.00000000   1.00000000   1.00000000   1.00000000   1.00000000   1.00000000   1.00000000   1.00000000
1994 male Pot_Fishery    0.16159047   0.20246448   0.25083340   0.30668877   0.36939665   0.43760844   0.50930417   0.58199438   0.65304931   0.72006843   0.78118458   0.83522720   0.88172873   0.92081127   0.95301430   0.97911853   1.00000000
1994 male Trawl_Bycatch    1.00000000   1.00000000   1.00000000   1.00000000   1.00000000   1.00000000   1.00000000   1.00000000   1.00000000   1.00000000   1.00000000   1.00000000   1.00000000   1.00000000   1.00000000   1.00000000   1.00000000
1995 male Pot_Fishery    0.16159047   0.20246448   0.25083340   0.30668877   0.36939665   0.43760844   0.50930417   0.58199438   0.65304931   0.72006843   0.78118458   0.83522720   0.88172873   0.92081127   0.95301430   0.97911853   1.00000000
1995 male Trawl_Bycatch    1.00000000   1.00000000   1.00000000   1.00000000   1.00000000   1.00000000   1.00000000   1.00000000   1.00000000   1.00000000   1.00000000   1.00000000   1.00000000   1.00000000   1.00000000   1.00000000   1.00000000
1996 male Pot_Fishery    0.16159047   0.20246448   0.25083340   0.30668877   0.36939665   0.43760844   0.50930417   0.58199438   0.65304931   0.72006843   0.78118458   0.83522720   0.88172873   0.92081127   0.95301430   0.97911853   1.00000000
1996 male Trawl_Bycatch    1.00000000   1.00000000   1.00000000   1.00000000   1.00000000   1.00000000   1.00000000   1.00000000   1.00000000   1.00000000   1.00000000   1.00000000   1.00000000   1.00000000   1.00000000   1.00000000   1.00000000
1997 male Pot_Fishery    0.16159047   0.20246448   0.25083340   0.30668877   0.36939665   0.43760844   0.50930417   0.58199438   0.65304931   0.72006843   0.78118458   0.83522720   0.88172873   0.92081127   0.95301430   0.97911853   1.00000000
1997 male Trawl_Bycatch    1.00000000   1.00000000   1.00000000   1.00000000   1.00000000   1.00000000   1.00000000   1.00000000   1.00000000   1.00000000   1.00000000   1.00000000   1.00000000   1.00000000   1.00000000   1.00000000   1.00000000
1998 male Pot_Fishery    0.16159047   0.20246448   0.25083340   0.30668877   0.36939665   0.43760844   0.50930417   0.58199438   0.65304931   0.72006843   0.78118458   0.83522720   0.88172873   0.92081127   0.95301430   0.97911853   1.00000000
1998 male Trawl_Bycatch    1.00000000   1.00000000   1.00000000   1.00000000   1.00000000   1.00000000   1.00000000   1.00000000   1.00000000   1.00000000   1.00000000   1.00000000   1.00000000   1.00000000   1.00000000   1.00000000   1.00000000
1999 male Pot_Fishery    0.16159047   0.20246448   0.25083340   0.30668877   0.36939665   0.43760844   0.50930417   0.58199438   0.65304931   0.72006843   0.78118458   0.83522720   0.88172873   0.92081127   0.95301430   0.97911853   1.00000000
1999 male Trawl_Bycatch    1.00000000   1.00000000   1.00000000   1.00000000   1.00000000   1.00000000   1.00000000   1.00000000   1.00000000   1.00000000   1.00000000   1.00000000   1.00000000   1.00000000   1.00000000   1.00000000   1.00000000
2000 male Pot_Fishery    0.16159047   0.20246448   0.25083340   0.30668877   0.36939665   0.43760844   0.50930417   0.58199438   0.65304931   0.72006843   0.78118458   0.83522720   0.88172873   0.92081127   0.95301430   0.97911853   1.00000000
2000 male Trawl_Bycatch    1.00000000   1.00000000   1.00000000   1.00000000   1.00000000   1.00000000   1.00000000   1.00000000   1.00000000   1.00000000   1.00000000   1.00000000   1.00000000   1.00000000   1.00000000   1.00000000   1.00000000
2001 male Pot_Fishery    0.16159047   0.20246448   0.25083340   0.30668877   0.36939665   0.43760844   0.50930417   0.58199438   0.65304931   0.72006843   0.78118458   0.83522720   0.88172873   0.92081127   0.95301430   0.97911853   1.00000000
2001 male Trawl_Bycatch    1.00000000   1.00000000   1.00000000   1.00000000   1.00000000   1.00000000   1.00000000   1.00000000   1.00000000   1.00000000   1.00000000   1.00000000   1.00000000   1.00000000   1.00000000   1.00000000   1.00000000
2002 male Pot_Fishery    0.16159047   0.20246448   0.25083340   0.30668877   0.36939665   0.43760844   0.50930417   0.58199438   0.65304931   0.72006843   0.78118458   0.83522720   0.88172873   0.92081127   0.95301430   0.97911853   1.00000000
2002 male Trawl_Bycatch    1.00000000   1.00000000   1.00000000   1.00000000   1.00000000   1.00000000   1.00000000   1.00000000   1.00000000   1.00000000   1.00000000   1.00000000   1.00000000   1.00000000   1.00000000   1.00000000   1.00000000
2003 male Pot_Fishery    0.16159047   0.20246448   0.25083340   0.30668877   0.36939665   0.43760844   0.50930417   0.58199438   0.65304931   0.72006843   0.78118458   0.83522720   0.88172873   0.92081127   0.95301430   0.97911853   1.00000000
2003 male Trawl_Bycatch    1.00000000   1.00000000   1.00000000   1.00000000   1.00000000   1.00000000   1.00000000   1.00000000   1.00000000   1.00000000   1.00000000   1.00000000   1.00000000   1.00000000   1.00000000   1.00000000   1.00000000
2004 male Pot_Fishery    0.16159047   0.20246448   0.25083340   0.30668877   0.36939665   0.43760844   0.50930417   0.58199438   0.65304931   0.72006843   0.78118458   0.83522720   0.88172873   0.92081127   0.95301430   0.97911853   1.00000000
2004 male Trawl_Bycatch    1.00000000   1.00000000   1.00000000   1.00000000   1.00000000   1.00000000   1.00000000   1.00000000   1.00000000   1.00000000   1.00000000   1.00000000   1.00000000   1.00000000   1.00000000   1.00000000   1.00000000
2005 male Pot_Fishery    0.01439155   0.02781088   0.05307023   0.09894018   0.17705505   0.29657648   0.45249589   0.61846472   0.76092824   0.86232070   0.92525253   0.96105370   0.98041776   0.99060596   0.99588853   0.99860677   1.00000000
2005 male Trawl_Bycatch    1.00000000   1.00000000   1.00000000   1.00000000   1.00000000   1.00000000   1.00000000   1.00000000   1.00000000   1.00000000   1.00000000   1.00000000   1.00000000   1.00000000   1.00000000   1.00000000   1.00000000
2006 male Pot_Fishery    0.01439155   0.02781088   0.05307023   0.09894018   0.17705505   0.29657648   0.45249589   0.61846472   0.76092824   0.86232070   0.92525253   0.96105370   0.98041776   0.99060596   0.99588853   0.99860677   1.00000000
2006 male Trawl_Bycatch    1.00000000   1.00000000   1.00000000   1.00000000   1.00000000   1.00000000   1.00000000   1.00000000   1.00000000   1.00000000   1.00000000   1.00000000   1.00000000   1.00000000   1.00000000   1.00000000   1.00000000
2007 male Pot_Fishery    0.01439155   0.02781088   0.05307023   0.09894018   0.17705505   0.29657648   0.45249589   0.61846472   0.76092824   0.86232070   0.92525253   0.96105370   0.98041776   0.99060596   0.99588853   0.99860677   1.00000000
2007 male Trawl_Bycatch    1.00000000   1.00000000   1.00000000   1.00000000   1.00000000   1.00000000   1.00000000   1.00000000   1.00000000   1.00000000   1.00000000   1.00000000   1.00000000   1.00000000   1.00000000   1.00000000   1.00000000
2008 male Pot_Fishery    0.01439155   0.02781088   0.05307023   0.09894018   0.17705505   0.29657648   0.45249589   0.61846472   0.76092824   0.86232070   0.92525253   0.96105370   0.98041776   0.99060596   0.99588853   0.99860677   1.00000000
2008 male Trawl_Bycatch    1.00000000   1.00000000   1.00000000   1.00000000   1.00000000   1.00000000   1.00000000   1.00000000   1.00000000   1.00000000   1.00000000   1.00000000   1.00000000   1.00000000   1.00000000   1.00000000   1.00000000
2009 male Pot_Fishery    0.01439155   0.02781088   0.05307023   0.09894018   0.17705505   0.29657648   0.45249589   0.61846472   0.76092824   0.86232070   0.92525253   0.96105370   0.98041776   0.99060596   0.99588853   0.99860677   1.00000000
2009 male Trawl_Bycatch    1.00000000   1.00000000   1.00000000   1.00000000   1.00000000   1.00000000   1.00000000   1.00000000   1.00000000   1.00000000   1.00000000   1.00000000   1.00000000   1.00000000   1.00000000   1.00000000   1.00000000
2010 male Pot_Fishery    0.01439155   0.02781088   0.05307023   0.09894018   0.17705505   0.29657648   0.45249589   0.61846472   0.76092824   0.86232070   0.92525253   0.96105370   0.98041776   0.99060596   0.99588853   0.99860677   1.00000000
2010 male Trawl_Bycatch    1.00000000   1.00000000   1.00000000   1.00000000   1.00000000   1.00000000   1.00000000   1.00000000   1.00000000   1.00000000   1.00000000   1.00000000   1.00000000   1.00000000   1.00000000   1.00000000   1.00000000
2011 male Pot_Fishery    0.01439155   0.02781088   0.05307023   0.09894018   0.17705505   0.29657648   0.45249589   0.61846472   0.76092824   0.86232070   0.92525253   0.96105370   0.98041776   0.99060596   0.99588853   0.99860677   1.00000000
2011 male Trawl_Bycatch    1.00000000   1.00000000   1.00000000   1.00000000   1.00000000   1.00000000   1.00000000   1.00000000   1.00000000   1.00000000   1.00000000   1.00000000   1.00000000   1.00000000   1.00000000   1.00000000   1.00000000
2012 male Pot_Fishery    0.01439155   0.02781088   0.05307023   0.09894018   0.17705505   0.29657648   0.45249589   0.61846472   0.76092824   0.86232070   0.92525253   0.96105370   0.98041776   0.99060596   0.99588853   0.99860677   1.00000000
2012 male Trawl_Bycatch    1.00000000   1.00000000   1.00000000   1.00000000   1.00000000   1.00000000   1.00000000   1.00000000   1.00000000   1.00000000   1.00000000   1.00000000   1.00000000   1.00000000   1.00000000   1.00000000   1.00000000
2013 male Pot_Fishery    0.01439155   0.02781088   0.05307023   0.09894018   0.17705505   0.29657648   0.45249589   0.61846472   0.76092824   0.86232070   0.92525253   0.96105370   0.98041776   0.99060596   0.99588853   0.99860677   1.00000000
2013 male Trawl_Bycatch    1.00000000   1.00000000   1.00000000   1.00000000   1.00000000   1.00000000   1.00000000   1.00000000   1.00000000   1.00000000   1.00000000   1.00000000   1.00000000   1.00000000   1.00000000   1.00000000   1.00000000
2014 male Pot_Fishery    0.01439155   0.02781088   0.05307023   0.09894018   0.17705505   0.29657648   0.45249589   0.61846472   0.76092824   0.86232070   0.92525253   0.96105370   0.98041776   0.99060596   0.99588853   0.99860677   1.00000000
2014 male Trawl_Bycatch    1.00000000   1.00000000   1.00000000   1.00000000   1.00000000   1.00000000   1.00000000   1.00000000   1.00000000   1.00000000   1.00000000   1.00000000   1.00000000   1.00000000   1.00000000   1.00000000   1.00000000
2015 male Pot_Fishery    0.01439155   0.02781088   0.05307023   0.09894018   0.17705505   0.29657648   0.45249589   0.61846472   0.76092824   0.86232070   0.92525253   0.96105370   0.98041776   0.99060596   0.99588853   0.99860677   1.00000000
2015 male Trawl_Bycatch    1.00000000   1.00000000   1.00000000   1.00000000   1.00000000   1.00000000   1.00000000   1.00000000   1.00000000   1.00000000   1.00000000   1.00000000   1.00000000   1.00000000   1.00000000   1.00000000   1.00000000
2016 male Pot_Fishery    0.01439155   0.02781088   0.05307023   0.09894018   0.17705505   0.29657648   0.45249589   0.61846472   0.76092824   0.86232070   0.92525253   0.96105370   0.98041776   0.99060596   0.99588853   0.99860677   1.00000000
2016 male Trawl_Bycatch    1.00000000   1.00000000   1.00000000   1.00000000   1.00000000   1.00000000   1.00000000   1.00000000   1.00000000   1.00000000   1.00000000   1.00000000   1.00000000   1.00000000   1.00000000   1.00000000   1.00000000
2017 male Pot_Fishery    0.01439155   0.02781088   0.05307023   0.09894018   0.17705505   0.29657648   0.45249589   0.61846472   0.76092824   0.86232070   0.92525253   0.96105370   0.98041776   0.99060596   0.99588853   0.99860677   1.00000000
2017 male Trawl_Bycatch    1.00000000   1.00000000   1.00000000   1.00000000   1.00000000   1.00000000   1.00000000   1.00000000   1.00000000   1.00000000   1.00000000   1.00000000   1.00000000   1.00000000   1.00000000   1.00000000   1.00000000
2018 male Pot_Fishery    0.01439155   0.02781088   0.05307023   0.09894018   0.17705505   0.29657648   0.45249589   0.61846472   0.76092824   0.86232070   0.92525253   0.96105370   0.98041776   0.99060596   0.99588853   0.99860677   1.00000000
2018 male Trawl_Bycatch    1.00000000   1.00000000   1.00000000   1.00000000   1.00000000   1.00000000   1.00000000   1.00000000   1.00000000   1.00000000   1.00000000   1.00000000   1.00000000   1.00000000   1.00000000   1.00000000   1.00000000
2019 male Pot_Fishery    0.01439155   0.02781088   0.05307023   0.09894018   0.17705505   0.29657648   0.45249589   0.61846472   0.76092824   0.86232070   0.92525253   0.96105370   0.98041776   0.99060596   0.99588853   0.99860677   1.00000000
2019 male Trawl_Bycatch    1.00000000   1.00000000   1.00000000   1.00000000   1.00000000   1.00000000   1.00000000   1.00000000   1.00000000   1.00000000   1.00000000   1.00000000   1.00000000   1.00000000   1.00000000   1.00000000   1.00000000
2020 male Pot_Fishery    0.01439155   0.02781088   0.05307023   0.09894018   0.17705505   0.29657648   0.45249589   0.61846472   0.76092824   0.86232070   0.92525253   0.96105370   0.98041776   0.99060596   0.99588853   0.99860677   1.00000000
2020 male Trawl_Bycatch    1.00000000   1.00000000   1.00000000   1.00000000   1.00000000   1.00000000   1.00000000   1.00000000   1.00000000   1.00000000   1.00000000   1.00000000   1.00000000   1.00000000   1.00000000   1.00000000   1.00000000
2021 male Pot_Fishery    0.01439155   0.02781088   0.05307023   0.09894018   0.17705505   0.29657648   0.45249589   0.61846472   0.76092824   0.86232070   0.92525253   0.96105370   0.98041776   0.99060596   0.99588853   0.99860677   1.00000000
2021 male Trawl_Bycatch    1.00000000   1.00000000   1.00000000   1.00000000   1.00000000   1.00000000   1.00000000   1.00000000   1.00000000   1.00000000   1.00000000   1.00000000   1.00000000   1.00000000   1.00000000   1.00000000   1.00000000
2022 male Pot_Fishery    1.00000000   1.00000000   1.00000000   1.00000000   1.00000000   1.00000000   1.00000000   1.00000000   1.00000000   1.00000000   1.00000000   1.00000000   1.00000000   1.00000000   1.00000000   1.00000000   1.00000000
2022 male Trawl_Bycatch    1.00000000   1.00000000   1.00000000   1.00000000   1.00000000   1.00000000   1.00000000   1.00000000   1.00000000   1.00000000   1.00000000   1.00000000   1.00000000   1.00000000   1.00000000   1.00000000   1.00000000
#slx_retaind
#Year Sex Fleet Retention
1960 male Pot_Fishery    0.00000002   0.00000031   0.00000451   0.00006541   0.00094835   0.01358756   0.16658791   0.74362722   0.97679215   0.99836443   0.99988619   0.99999122   0.99999846   0.99999896   0.99999900   0.99999900   0.99999900
1960 male Trawl_Bycatch    0.00000000   0.00000000   0.00000000   0.00000000   0.00000000   0.00000000   0.00000000   0.00000000   0.00000000   0.00000000   0.00000000   0.00000000   0.00000000   0.00000000   0.00000000   0.00000000   0.00000000
1961 male Pot_Fishery    0.00000002   0.00000031   0.00000451   0.00006541   0.00094835   0.01358757   0.16658808   0.74362796   0.97679312   0.99836543   0.99988719   0.99999222   0.99999946   0.99999996   1.00000000   1.00000000   1.00000000
1961 male Trawl_Bycatch    0.00000000   0.00000000   0.00000000   0.00000000   0.00000000   0.00000000   0.00000000   0.00000000   0.00000000   0.00000000   0.00000000   0.00000000   0.00000000   0.00000000   0.00000000   0.00000000   0.00000000
1962 male Pot_Fishery    0.00000002   0.00000031   0.00000451   0.00006541   0.00094835   0.01358757   0.16658808   0.74362796   0.97679312   0.99836543   0.99988719   0.99999222   0.99999946   0.99999996   1.00000000   1.00000000   1.00000000
1962 male Trawl_Bycatch    0.00000000   0.00000000   0.00000000   0.00000000   0.00000000   0.00000000   0.00000000   0.00000000   0.00000000   0.00000000   0.00000000   0.00000000   0.00000000   0.00000000   0.00000000   0.00000000   0.00000000
1963 male Pot_Fishery    0.00000002   0.00000031   0.00000451   0.00006541   0.00094835   0.01358757   0.16658808   0.74362796   0.97679312   0.99836543   0.99988719   0.99999222   0.99999946   0.99999996   1.00000000   1.00000000   1.00000000
1963 male Trawl_Bycatch    0.00000000   0.00000000   0.00000000   0.00000000   0.00000000   0.00000000   0.00000000   0.00000000   0.00000000   0.00000000   0.00000000   0.00000000   0.00000000   0.00000000   0.00000000   0.00000000   0.00000000
1964 male Pot_Fishery    0.00000002   0.00000031   0.00000451   0.00006541   0.00094835   0.01358757   0.16658808   0.74362796   0.97679312   0.99836543   0.99988719   0.99999222   0.99999946   0.99999996   1.00000000   1.00000000   1.00000000
1964 male Trawl_Bycatch    0.00000000   0.00000000   0.00000000   0.00000000   0.00000000   0.00000000   0.00000000   0.00000000   0.00000000   0.00000000   0.00000000   0.00000000   0.00000000   0.00000000   0.00000000   0.00000000   0.00000000
1965 male Pot_Fishery    0.00000002   0.00000031   0.00000451   0.00006541   0.00094835   0.01358757   0.16658808   0.74362796   0.97679312   0.99836543   0.99988719   0.99999222   0.99999946   0.99999996   1.00000000   1.00000000   1.00000000
1965 male Trawl_Bycatch    0.00000000   0.00000000   0.00000000   0.00000000   0.00000000   0.00000000   0.00000000   0.00000000   0.00000000   0.00000000   0.00000000   0.00000000   0.00000000   0.00000000   0.00000000   0.00000000   0.00000000
1966 male Pot_Fishery    0.00000002   0.00000031   0.00000451   0.00006541   0.00094835   0.01358757   0.16658808   0.74362796   0.97679312   0.99836543   0.99988719   0.99999222   0.99999946   0.99999996   1.00000000   1.00000000   1.00000000
1966 male Trawl_Bycatch    0.00000000   0.00000000   0.00000000   0.00000000   0.00000000   0.00000000   0.00000000   0.00000000   0.00000000   0.00000000   0.00000000   0.00000000   0.00000000   0.00000000   0.00000000   0.00000000   0.00000000
1967 male Pot_Fishery    0.00000002   0.00000031   0.00000451   0.00006541   0.00094835   0.01358757   0.16658808   0.74362796   0.97679312   0.99836543   0.99988719   0.99999222   0.99999946   0.99999996   1.00000000   1.00000000   1.00000000
1967 male Trawl_Bycatch    0.00000000   0.00000000   0.00000000   0.00000000   0.00000000   0.00000000   0.00000000   0.00000000   0.00000000   0.00000000   0.00000000   0.00000000   0.00000000   0.00000000   0.00000000   0.00000000   0.00000000
1968 male Pot_Fishery    0.00000002   0.00000031   0.00000451   0.00006541   0.00094835   0.01358757   0.16658808   0.74362796   0.97679312   0.99836543   0.99988719   0.99999222   0.99999946   0.99999996   1.00000000   1.00000000   1.00000000
1968 male Trawl_Bycatch    0.00000000   0.00000000   0.00000000   0.00000000   0.00000000   0.00000000   0.00000000   0.00000000   0.00000000   0.00000000   0.00000000   0.00000000   0.00000000   0.00000000   0.00000000   0.00000000   0.00000000
1969 male Pot_Fishery    0.00000002   0.00000031   0.00000451   0.00006541   0.00094835   0.01358757   0.16658808   0.74362796   0.97679312   0.99836543   0.99988719   0.99999222   0.99999946   0.99999996   1.00000000   1.00000000   1.00000000
1969 male Trawl_Bycatch    0.00000000   0.00000000   0.00000000   0.00000000   0.00000000   0.00000000   0.00000000   0.00000000   0.00000000   0.00000000   0.00000000   0.00000000   0.00000000   0.00000000   0.00000000   0.00000000   0.00000000
1970 male Pot_Fishery    0.00000002   0.00000031   0.00000451   0.00006541   0.00094835   0.01358757   0.16658808   0.74362796   0.97679312   0.99836543   0.99988719   0.99999222   0.99999946   0.99999996   1.00000000   1.00000000   1.00000000
1970 male Trawl_Bycatch    0.00000000   0.00000000   0.00000000   0.00000000   0.00000000   0.00000000   0.00000000   0.00000000   0.00000000   0.00000000   0.00000000   0.00000000   0.00000000   0.00000000   0.00000000   0.00000000   0.00000000
1971 male Pot_Fishery    0.00000002   0.00000031   0.00000451   0.00006541   0.00094835   0.01358757   0.16658808   0.74362796   0.97679312   0.99836543   0.99988719   0.99999222   0.99999946   0.99999996   1.00000000   1.00000000   1.00000000
1971 male Trawl_Bycatch    0.00000000   0.00000000   0.00000000   0.00000000   0.00000000   0.00000000   0.00000000   0.00000000   0.00000000   0.00000000   0.00000000   0.00000000   0.00000000   0.00000000   0.00000000   0.00000000   0.00000000
1972 male Pot_Fishery    0.00000002   0.00000031   0.00000451   0.00006541   0.00094835   0.01358757   0.16658808   0.74362796   0.97679312   0.99836543   0.99988719   0.99999222   0.99999946   0.99999996   1.00000000   1.00000000   1.00000000
1972 male Trawl_Bycatch    0.00000000   0.00000000   0.00000000   0.00000000   0.00000000   0.00000000   0.00000000   0.00000000   0.00000000   0.00000000   0.00000000   0.00000000   0.00000000   0.00000000   0.00000000   0.00000000   0.00000000
1973 male Pot_Fishery    0.00000002   0.00000031   0.00000451   0.00006541   0.00094835   0.01358757   0.16658808   0.74362796   0.97679312   0.99836543   0.99988719   0.99999222   0.99999946   0.99999996   1.00000000   1.00000000   1.00000000
1973 male Trawl_Bycatch    0.00000000   0.00000000   0.00000000   0.00000000   0.00000000   0.00000000   0.00000000   0.00000000   0.00000000   0.00000000   0.00000000   0.00000000   0.00000000   0.00000000   0.00000000   0.00000000   0.00000000
1974 male Pot_Fishery    0.00000002   0.00000031   0.00000451   0.00006541   0.00094835   0.01358757   0.16658808   0.74362796   0.97679312   0.99836543   0.99988719   0.99999222   0.99999946   0.99999996   1.00000000   1.00000000   1.00000000
1974 male Trawl_Bycatch    0.00000000   0.00000000   0.00000000   0.00000000   0.00000000   0.00000000   0.00000000   0.00000000   0.00000000   0.00000000   0.00000000   0.00000000   0.00000000   0.00000000   0.00000000   0.00000000   0.00000000
1975 male Pot_Fishery    0.00000002   0.00000031   0.00000451   0.00006541   0.00094835   0.01358757   0.16658808   0.74362796   0.97679312   0.99836543   0.99988719   0.99999222   0.99999946   0.99999996   1.00000000   1.00000000   1.00000000
1975 male Trawl_Bycatch    0.00000000   0.00000000   0.00000000   0.00000000   0.00000000   0.00000000   0.00000000   0.00000000   0.00000000   0.00000000   0.00000000   0.00000000   0.00000000   0.00000000   0.00000000   0.00000000   0.00000000
1976 male Pot_Fishery    0.00000002   0.00000031   0.00000451   0.00006541   0.00094835   0.01358757   0.16658808   0.74362796   0.97679312   0.99836543   0.99988719   0.99999222   0.99999946   0.99999996   1.00000000   1.00000000   1.00000000
1976 male Trawl_Bycatch    0.00000000   0.00000000   0.00000000   0.00000000   0.00000000   0.00000000   0.00000000   0.00000000   0.00000000   0.00000000   0.00000000   0.00000000   0.00000000   0.00000000   0.00000000   0.00000000   0.00000000
1977 male Pot_Fishery    0.00000002   0.00000031   0.00000451   0.00006541   0.00094835   0.01358757   0.16658808   0.74362796   0.97679312   0.99836543   0.99988719   0.99999222   0.99999946   0.99999996   1.00000000   1.00000000   1.00000000
1977 male Trawl_Bycatch    0.00000000   0.00000000   0.00000000   0.00000000   0.00000000   0.00000000   0.00000000   0.00000000   0.00000000   0.00000000   0.00000000   0.00000000   0.00000000   0.00000000   0.00000000   0.00000000   0.00000000
1978 male Pot_Fishery    0.00000002   0.00000031   0.00000451   0.00006541   0.00094835   0.01358757   0.16658808   0.74362796   0.97679312   0.99836543   0.99988719   0.99999222   0.99999946   0.99999996   1.00000000   1.00000000   1.00000000
1978 male Trawl_Bycatch    0.00000000   0.00000000   0.00000000   0.00000000   0.00000000   0.00000000   0.00000000   0.00000000   0.00000000   0.00000000   0.00000000   0.00000000   0.00000000   0.00000000   0.00000000   0.00000000   0.00000000
1979 male Pot_Fishery    0.00000002   0.00000031   0.00000451   0.00006541   0.00094835   0.01358757   0.16658808   0.74362796   0.97679312   0.99836543   0.99988719   0.99999222   0.99999946   0.99999996   1.00000000   1.00000000   1.00000000
1979 male Trawl_Bycatch    0.00000000   0.00000000   0.00000000   0.00000000   0.00000000   0.00000000   0.00000000   0.00000000   0.00000000   0.00000000   0.00000000   0.00000000   0.00000000   0.00000000   0.00000000   0.00000000   0.00000000
1980 male Pot_Fishery    0.00000002   0.00000031   0.00000451   0.00006541   0.00094835   0.01358757   0.16658808   0.74362796   0.97679312   0.99836543   0.99988719   0.99999222   0.99999946   0.99999996   1.00000000   1.00000000   1.00000000
1980 male Trawl_Bycatch    0.00000000   0.00000000   0.00000000   0.00000000   0.00000000   0.00000000   0.00000000   0.00000000   0.00000000   0.00000000   0.00000000   0.00000000   0.00000000   0.00000000   0.00000000   0.00000000   0.00000000
1981 male Pot_Fishery    0.00000002   0.00000031   0.00000451   0.00006541   0.00094835   0.01358757   0.16658808   0.74362796   0.97679312   0.99836543   0.99988719   0.99999222   0.99999946   0.99999996   1.00000000   1.00000000   1.00000000
1981 male Trawl_Bycatch    0.00000000   0.00000000   0.00000000   0.00000000   0.00000000   0.00000000   0.00000000   0.00000000   0.00000000   0.00000000   0.00000000   0.00000000   0.00000000   0.00000000   0.00000000   0.00000000   0.00000000
1982 male Pot_Fishery    0.00000002   0.00000031   0.00000451   0.00006541   0.00094835   0.01358757   0.16658808   0.74362796   0.97679312   0.99836543   0.99988719   0.99999222   0.99999946   0.99999996   1.00000000   1.00000000   1.00000000
1982 male Trawl_Bycatch    0.00000000   0.00000000   0.00000000   0.00000000   0.00000000   0.00000000   0.00000000   0.00000000   0.00000000   0.00000000   0.00000000   0.00000000   0.00000000   0.00000000   0.00000000   0.00000000   0.00000000
1983 male Pot_Fishery    0.00000002   0.00000031   0.00000451   0.00006541   0.00094835   0.01358757   0.16658808   0.74362796   0.97679312   0.99836543   0.99988719   0.99999222   0.99999946   0.99999996   1.00000000   1.00000000   1.00000000
1983 male Trawl_Bycatch    0.00000000   0.00000000   0.00000000   0.00000000   0.00000000   0.00000000   0.00000000   0.00000000   0.00000000   0.00000000   0.00000000   0.00000000   0.00000000   0.00000000   0.00000000   0.00000000   0.00000000
1984 male Pot_Fishery    0.00000002   0.00000031   0.00000451   0.00006541   0.00094835   0.01358757   0.16658808   0.74362796   0.97679312   0.99836543   0.99988719   0.99999222   0.99999946   0.99999996   1.00000000   1.00000000   1.00000000
1984 male Trawl_Bycatch    0.00000000   0.00000000   0.00000000   0.00000000   0.00000000   0.00000000   0.00000000   0.00000000   0.00000000   0.00000000   0.00000000   0.00000000   0.00000000   0.00000000   0.00000000   0.00000000   0.00000000
1985 male Pot_Fishery    0.00000002   0.00000031   0.00000451   0.00006541   0.00094835   0.01358757   0.16658808   0.74362796   0.97679312   0.99836543   0.99988719   0.99999222   0.99999946   0.99999996   1.00000000   1.00000000   1.00000000
1985 male Trawl_Bycatch    0.00000000   0.00000000   0.00000000   0.00000000   0.00000000   0.00000000   0.00000000   0.00000000   0.00000000   0.00000000   0.00000000   0.00000000   0.00000000   0.00000000   0.00000000   0.00000000   0.00000000
1986 male Pot_Fishery    0.00000002   0.00000031   0.00000451   0.00006541   0.00094835   0.01358757   0.16658808   0.74362796   0.97679312   0.99836543   0.99988719   0.99999222   0.99999946   0.99999996   1.00000000   1.00000000   1.00000000
1986 male Trawl_Bycatch    0.00000000   0.00000000   0.00000000   0.00000000   0.00000000   0.00000000   0.00000000   0.00000000   0.00000000   0.00000000   0.00000000   0.00000000   0.00000000   0.00000000   0.00000000   0.00000000   0.00000000
1987 male Pot_Fishery    0.00000002   0.00000031   0.00000451   0.00006541   0.00094835   0.01358757   0.16658808   0.74362796   0.97679312   0.99836543   0.99988719   0.99999222   0.99999946   0.99999996   1.00000000   1.00000000   1.00000000
1987 male Trawl_Bycatch    0.00000000   0.00000000   0.00000000   0.00000000   0.00000000   0.00000000   0.00000000   0.00000000   0.00000000   0.00000000   0.00000000   0.00000000   0.00000000   0.00000000   0.00000000   0.00000000   0.00000000
1988 male Pot_Fishery    0.00000002   0.00000031   0.00000451   0.00006541   0.00094835   0.01358757   0.16658808   0.74362796   0.97679312   0.99836543   0.99988719   0.99999222   0.99999946   0.99999996   1.00000000   1.00000000   1.00000000
1988 male Trawl_Bycatch    0.00000000   0.00000000   0.00000000   0.00000000   0.00000000   0.00000000   0.00000000   0.00000000   0.00000000   0.00000000   0.00000000   0.00000000   0.00000000   0.00000000   0.00000000   0.00000000   0.00000000
1989 male Pot_Fishery    0.00000002   0.00000031   0.00000451   0.00006541   0.00094835   0.01358757   0.16658808   0.74362796   0.97679312   0.99836543   0.99988719   0.99999222   0.99999946   0.99999996   1.00000000   1.00000000   1.00000000
1989 male Trawl_Bycatch    0.00000000   0.00000000   0.00000000   0.00000000   0.00000000   0.00000000   0.00000000   0.00000000   0.00000000   0.00000000   0.00000000   0.00000000   0.00000000   0.00000000   0.00000000   0.00000000   0.00000000
1990 male Pot_Fishery    0.00000002   0.00000031   0.00000451   0.00006541   0.00094835   0.01358757   0.16658808   0.74362796   0.97679312   0.99836543   0.99988719   0.99999222   0.99999946   0.99999996   1.00000000   1.00000000   1.00000000
1990 male Trawl_Bycatch    0.00000000   0.00000000   0.00000000   0.00000000   0.00000000   0.00000000   0.00000000   0.00000000   0.00000000   0.00000000   0.00000000   0.00000000   0.00000000   0.00000000   0.00000000   0.00000000   0.00000000
1991 male Pot_Fishery    0.00000002   0.00000031   0.00000451   0.00006541   0.00094835   0.01358757   0.16658808   0.74362796   0.97679312   0.99836543   0.99988719   0.99999222   0.99999946   0.99999996   1.00000000   1.00000000   1.00000000
1991 male Trawl_Bycatch    0.00000000   0.00000000   0.00000000   0.00000000   0.00000000   0.00000000   0.00000000   0.00000000   0.00000000   0.00000000   0.00000000   0.00000000   0.00000000   0.00000000   0.00000000   0.00000000   0.00000000
1992 male Pot_Fishery    0.00000002   0.00000031   0.00000451   0.00006541   0.00094835   0.01358757   0.16658808   0.74362796   0.97679312   0.99836543   0.99988719   0.99999222   0.99999946   0.99999996   1.00000000   1.00000000   1.00000000
1992 male Trawl_Bycatch    0.00000000   0.00000000   0.00000000   0.00000000   0.00000000   0.00000000   0.00000000   0.00000000   0.00000000   0.00000000   0.00000000   0.00000000   0.00000000   0.00000000   0.00000000   0.00000000   0.00000000
1993 male Pot_Fishery    0.00000002   0.00000031   0.00000451   0.00006541   0.00094835   0.01358757   0.16658808   0.74362796   0.97679312   0.99836543   0.99988719   0.99999222   0.99999946   0.99999996   1.00000000   1.00000000   1.00000000
1993 male Trawl_Bycatch    0.00000000   0.00000000   0.00000000   0.00000000   0.00000000   0.00000000   0.00000000   0.00000000   0.00000000   0.00000000   0.00000000   0.00000000   0.00000000   0.00000000   0.00000000   0.00000000   0.00000000
1994 male Pot_Fishery    0.00000002   0.00000031   0.00000451   0.00006541   0.00094835   0.01358757   0.16658808   0.74362796   0.97679312   0.99836543   0.99988719   0.99999222   0.99999946   0.99999996   1.00000000   1.00000000   1.00000000
1994 male Trawl_Bycatch    0.00000000   0.00000000   0.00000000   0.00000000   0.00000000   0.00000000   0.00000000   0.00000000   0.00000000   0.00000000   0.00000000   0.00000000   0.00000000   0.00000000   0.00000000   0.00000000   0.00000000
1995 male Pot_Fishery    0.00000002   0.00000031   0.00000451   0.00006541   0.00094835   0.01358757   0.16658808   0.74362796   0.97679312   0.99836543   0.99988719   0.99999222   0.99999946   0.99999996   1.00000000   1.00000000   1.00000000
1995 male Trawl_Bycatch    0.00000000   0.00000000   0.00000000   0.00000000   0.00000000   0.00000000   0.00000000   0.00000000   0.00000000   0.00000000   0.00000000   0.00000000   0.00000000   0.00000000   0.00000000   0.00000000   0.00000000
1996 male Pot_Fishery    0.00000002   0.00000031   0.00000451   0.00006541   0.00094835   0.01358757   0.16658808   0.74362796   0.97679312   0.99836543   0.99988719   0.99999222   0.99999946   0.99999996   1.00000000   1.00000000   1.00000000
1996 male Trawl_Bycatch    0.00000000   0.00000000   0.00000000   0.00000000   0.00000000   0.00000000   0.00000000   0.00000000   0.00000000   0.00000000   0.00000000   0.00000000   0.00000000   0.00000000   0.00000000   0.00000000   0.00000000
1997 male Pot_Fishery    0.00000002   0.00000031   0.00000451   0.00006541   0.00094835   0.01358757   0.16658808   0.74362796   0.97679312   0.99836543   0.99988719   0.99999222   0.99999946   0.99999996   1.00000000   1.00000000   1.00000000
1997 male Trawl_Bycatch    0.00000000   0.00000000   0.00000000   0.00000000   0.00000000   0.00000000   0.00000000   0.00000000   0.00000000   0.00000000   0.00000000   0.00000000   0.00000000   0.00000000   0.00000000   0.00000000   0.00000000
1998 male Pot_Fishery    0.00000002   0.00000031   0.00000451   0.00006541   0.00094835   0.01358757   0.16658808   0.74362796   0.97679312   0.99836543   0.99988719   0.99999222   0.99999946   0.99999996   1.00000000   1.00000000   1.00000000
1998 male Trawl_Bycatch    0.00000000   0.00000000   0.00000000   0.00000000   0.00000000   0.00000000   0.00000000   0.00000000   0.00000000   0.00000000   0.00000000   0.00000000   0.00000000   0.00000000   0.00000000   0.00000000   0.00000000
1999 male Pot_Fishery    0.00000002   0.00000031   0.00000451   0.00006541   0.00094835   0.01358757   0.16658808   0.74362796   0.97679312   0.99836543   0.99988719   0.99999222   0.99999946   0.99999996   1.00000000   1.00000000   1.00000000
1999 male Trawl_Bycatch    0.00000000   0.00000000   0.00000000   0.00000000   0.00000000   0.00000000   0.00000000   0.00000000   0.00000000   0.00000000   0.00000000   0.00000000   0.00000000   0.00000000   0.00000000   0.00000000   0.00000000
2000 male Pot_Fishery    0.00000002   0.00000031   0.00000451   0.00006541   0.00094835   0.01358757   0.16658808   0.74362796   0.97679312   0.99836543   0.99988719   0.99999222   0.99999946   0.99999996   1.00000000   1.00000000   1.00000000
2000 male Trawl_Bycatch    0.00000000   0.00000000   0.00000000   0.00000000   0.00000000   0.00000000   0.00000000   0.00000000   0.00000000   0.00000000   0.00000000   0.00000000   0.00000000   0.00000000   0.00000000   0.00000000   0.00000000
2001 male Pot_Fishery    0.00000002   0.00000031   0.00000451   0.00006541   0.00094835   0.01358757   0.16658808   0.74362796   0.97679312   0.99836543   0.99988719   0.99999222   0.99999946   0.99999996   1.00000000   1.00000000   1.00000000
2001 male Trawl_Bycatch    0.00000000   0.00000000   0.00000000   0.00000000   0.00000000   0.00000000   0.00000000   0.00000000   0.00000000   0.00000000   0.00000000   0.00000000   0.00000000   0.00000000   0.00000000   0.00000000   0.00000000
2002 male Pot_Fishery    0.00000002   0.00000031   0.00000451   0.00006541   0.00094835   0.01358757   0.16658808   0.74362796   0.97679312   0.99836543   0.99988719   0.99999222   0.99999946   0.99999996   1.00000000   1.00000000   1.00000000
2002 male Trawl_Bycatch    0.00000000   0.00000000   0.00000000   0.00000000   0.00000000   0.00000000   0.00000000   0.00000000   0.00000000   0.00000000   0.00000000   0.00000000   0.00000000   0.00000000   0.00000000   0.00000000   0.00000000
2003 male Pot_Fishery    0.00000002   0.00000031   0.00000451   0.00006541   0.00094835   0.01358757   0.16658808   0.74362796   0.97679312   0.99836543   0.99988719   0.99999222   0.99999946   0.99999996   1.00000000   1.00000000   1.00000000
2003 male Trawl_Bycatch    0.00000000   0.00000000   0.00000000   0.00000000   0.00000000   0.00000000   0.00000000   0.00000000   0.00000000   0.00000000   0.00000000   0.00000000   0.00000000   0.00000000   0.00000000   0.00000000   0.00000000
2004 male Pot_Fishery    0.00000002   0.00000031   0.00000451   0.00006541   0.00094835   0.01358757   0.16658808   0.74362796   0.97679312   0.99836543   0.99988719   0.99999222   0.99999946   0.99999996   1.00000000   1.00000000   1.00000000
2004 male Trawl_Bycatch    0.00000000   0.00000000   0.00000000   0.00000000   0.00000000   0.00000000   0.00000000   0.00000000   0.00000000   0.00000000   0.00000000   0.00000000   0.00000000   0.00000000   0.00000000   0.00000000   0.00000000
2005 male Pot_Fishery    0.00000002   0.00000031   0.00000451   0.00006541   0.00094835   0.01358757   0.16658808   0.74362796   0.97679312   0.99836543   0.99988719   0.99999222   0.99999946   0.99999996   1.00000000   1.00000000   1.00000000
2005 male Trawl_Bycatch    0.00000000   0.00000000   0.00000000   0.00000000   0.00000000   0.00000000   0.00000000   0.00000000   0.00000000   0.00000000   0.00000000   0.00000000   0.00000000   0.00000000   0.00000000   0.00000000   0.00000000
2006 male Pot_Fishery    0.00000002   0.00000031   0.00000451   0.00006541   0.00094835   0.01358757   0.16658808   0.74362796   0.97679312   0.99836543   0.99988719   0.99999222   0.99999946   0.99999996   1.00000000   1.00000000   1.00000000
2006 male Trawl_Bycatch    0.00000000   0.00000000   0.00000000   0.00000000   0.00000000   0.00000000   0.00000000   0.00000000   0.00000000   0.00000000   0.00000000   0.00000000   0.00000000   0.00000000   0.00000000   0.00000000   0.00000000
2007 male Pot_Fishery    0.00000002   0.00000031   0.00000451   0.00006541   0.00094835   0.01358757   0.16658808   0.74362796   0.97679312   0.99836543   0.99988719   0.99999222   0.99999946   0.99999996   1.00000000   1.00000000   1.00000000
2007 male Trawl_Bycatch    0.00000000   0.00000000   0.00000000   0.00000000   0.00000000   0.00000000   0.00000000   0.00000000   0.00000000   0.00000000   0.00000000   0.00000000   0.00000000   0.00000000   0.00000000   0.00000000   0.00000000
2008 male Pot_Fishery    0.00000002   0.00000031   0.00000451   0.00006541   0.00094835   0.01358757   0.16658808   0.74362796   0.97679312   0.99836543   0.99988719   0.99999222   0.99999946   0.99999996   1.00000000   1.00000000   1.00000000
2008 male Trawl_Bycatch    0.00000000   0.00000000   0.00000000   0.00000000   0.00000000   0.00000000   0.00000000   0.00000000   0.00000000   0.00000000   0.00000000   0.00000000   0.00000000   0.00000000   0.00000000   0.00000000   0.00000000
2009 male Pot_Fishery    0.00000002   0.00000031   0.00000451   0.00006541   0.00094835   0.01358757   0.16658808   0.74362796   0.97679312   0.99836543   0.99988719   0.99999222   0.99999946   0.99999996   1.00000000   1.00000000   1.00000000
2009 male Trawl_Bycatch    0.00000000   0.00000000   0.00000000   0.00000000   0.00000000   0.00000000   0.00000000   0.00000000   0.00000000   0.00000000   0.00000000   0.00000000   0.00000000   0.00000000   0.00000000   0.00000000   0.00000000
2010 male Pot_Fishery    0.00000002   0.00000031   0.00000451   0.00006541   0.00094835   0.01358757   0.16658808   0.74362796   0.97679312   0.99836543   0.99988719   0.99999222   0.99999946   0.99999996   1.00000000   1.00000000   1.00000000
2010 male Trawl_Bycatch    0.00000000   0.00000000   0.00000000   0.00000000   0.00000000   0.00000000   0.00000000   0.00000000   0.00000000   0.00000000   0.00000000   0.00000000   0.00000000   0.00000000   0.00000000   0.00000000   0.00000000
2011 male Pot_Fishery    0.00000002   0.00000031   0.00000451   0.00006541   0.00094835   0.01358757   0.16658808   0.74362796   0.97679312   0.99836543   0.99988719   0.99999222   0.99999946   0.99999996   1.00000000   1.00000000   1.00000000
2011 male Trawl_Bycatch    0.00000000   0.00000000   0.00000000   0.00000000   0.00000000   0.00000000   0.00000000   0.00000000   0.00000000   0.00000000   0.00000000   0.00000000   0.00000000   0.00000000   0.00000000   0.00000000   0.00000000
2012 male Pot_Fishery    0.00000002   0.00000031   0.00000451   0.00006541   0.00094835   0.01358757   0.16658808   0.74362796   0.97679312   0.99836543   0.99988719   0.99999222   0.99999946   0.99999996   1.00000000   1.00000000   1.00000000
2012 male Trawl_Bycatch    0.00000000   0.00000000   0.00000000   0.00000000   0.00000000   0.00000000   0.00000000   0.00000000   0.00000000   0.00000000   0.00000000   0.00000000   0.00000000   0.00000000   0.00000000   0.00000000   0.00000000
2013 male Pot_Fishery    0.00000002   0.00000031   0.00000451   0.00006541   0.00094835   0.01358757   0.16658808   0.74362796   0.97679312   0.99836543   0.99988719   0.99999222   0.99999946   0.99999996   1.00000000   1.00000000   1.00000000
2013 male Trawl_Bycatch    0.00000000   0.00000000   0.00000000   0.00000000   0.00000000   0.00000000   0.00000000   0.00000000   0.00000000   0.00000000   0.00000000   0.00000000   0.00000000   0.00000000   0.00000000   0.00000000   0.00000000
2014 male Pot_Fishery    0.00000002   0.00000031   0.00000451   0.00006541   0.00094835   0.01358757   0.16658808   0.74362796   0.97679312   0.99836543   0.99988719   0.99999222   0.99999946   0.99999996   1.00000000   1.00000000   1.00000000
2014 male Trawl_Bycatch    0.00000000   0.00000000   0.00000000   0.00000000   0.00000000   0.00000000   0.00000000   0.00000000   0.00000000   0.00000000   0.00000000   0.00000000   0.00000000   0.00000000   0.00000000   0.00000000   0.00000000
2015 male Pot_Fishery    0.00000002   0.00000031   0.00000451   0.00006541   0.00094835   0.01358757   0.16658808   0.74362796   0.97679312   0.99836543   0.99988719   0.99999222   0.99999946   0.99999996   1.00000000   1.00000000   1.00000000
2015 male Trawl_Bycatch    0.00000000   0.00000000   0.00000000   0.00000000   0.00000000   0.00000000   0.00000000   0.00000000   0.00000000   0.00000000   0.00000000   0.00000000   0.00000000   0.00000000   0.00000000   0.00000000   0.00000000
2016 male Pot_Fishery    0.00000002   0.00000031   0.00000451   0.00006541   0.00094835   0.01358757   0.16658808   0.74362796   0.97679312   0.99836543   0.99988719   0.99999222   0.99999946   0.99999996   1.00000000   1.00000000   1.00000000
2016 male Trawl_Bycatch    0.00000000   0.00000000   0.00000000   0.00000000   0.00000000   0.00000000   0.00000000   0.00000000   0.00000000   0.00000000   0.00000000   0.00000000   0.00000000   0.00000000   0.00000000   0.00000000   0.00000000
2017 male Pot_Fishery    0.00000002   0.00000031   0.00000451   0.00006541   0.00094835   0.01358757   0.16658808   0.74362796   0.97679312   0.99836543   0.99988719   0.99999222   0.99999946   0.99999996   1.00000000   1.00000000   1.00000000
2017 male Trawl_Bycatch    0.00000000   0.00000000   0.00000000   0.00000000   0.00000000   0.00000000   0.00000000   0.00000000   0.00000000   0.00000000   0.00000000   0.00000000   0.00000000   0.00000000   0.00000000   0.00000000   0.00000000
2018 male Pot_Fishery    0.00000002   0.00000031   0.00000451   0.00006541   0.00094835   0.01358757   0.16658808   0.74362796   0.97679312   0.99836543   0.99988719   0.99999222   0.99999946   0.99999996   1.00000000   1.00000000   1.00000000
2018 male Trawl_Bycatch    0.00000000   0.00000000   0.00000000   0.00000000   0.00000000   0.00000000   0.00000000   0.00000000   0.00000000   0.00000000   0.00000000   0.00000000   0.00000000   0.00000000   0.00000000   0.00000000   0.00000000
2019 male Pot_Fishery    0.00000002   0.00000031   0.00000451   0.00006541   0.00094835   0.01358757   0.16658808   0.74362796   0.97679312   0.99836543   0.99988719   0.99999222   0.99999946   0.99999996   1.00000000   1.00000000   1.00000000
2019 male Trawl_Bycatch    0.00000000   0.00000000   0.00000000   0.00000000   0.00000000   0.00000000   0.00000000   0.00000000   0.00000000   0.00000000   0.00000000   0.00000000   0.00000000   0.00000000   0.00000000   0.00000000   0.00000000
2020 male Pot_Fishery    0.00000002   0.00000031   0.00000451   0.00006541   0.00094835   0.01358757   0.16658808   0.74362796   0.97679312   0.99836543   0.99988719   0.99999222   0.99999946   0.99999996   1.00000000   1.00000000   1.00000000
2020 male Trawl_Bycatch    0.00000000   0.00000000   0.00000000   0.00000000   0.00000000   0.00000000   0.00000000   0.00000000   0.00000000   0.00000000   0.00000000   0.00000000   0.00000000   0.00000000   0.00000000   0.00000000   0.00000000
2021 male Pot_Fishery    0.00000002   0.00000031   0.00000451   0.00006541   0.00094835   0.01358757   0.16658808   0.74362796   0.97679312   0.99836543   0.99988719   0.99999222   0.99999946   0.99999996   1.00000000   1.00000000   1.00000000
2021 male Trawl_Bycatch    0.00000000   0.00000000   0.00000000   0.00000000   0.00000000   0.00000000   0.00000000   0.00000000   0.00000000   0.00000000   0.00000000   0.00000000   0.00000000   0.00000000   0.00000000   0.00000000   0.00000000
2022 male Pot_Fishery    1.00000000   1.00000000   1.00000000   1.00000000   1.00000000   1.00000000   1.00000000   1.00000000   1.00000000   1.00000000   1.00000000   1.00000000   1.00000000   1.00000000   1.00000000   1.00000000   1.00000000
2022 male Trawl_Bycatch    1.00000000   1.00000000   1.00000000   1.00000000   1.00000000   1.00000000   1.00000000   1.00000000   1.00000000   1.00000000   1.00000000   1.00000000   1.00000000   1.00000000   1.00000000   1.00000000   1.00000000
#slx_discard
#Year Sex Fleet Discard
1960 male Pot_Fishery    0.99999999   0.99999970   0.99999550   0.99993460   0.99905166   0.98641245   0.83341210   0.25637279   0.02320786   0.00163558   0.00011382   0.00000879   0.00000155   0.00000105   0.00000101   0.00000101   0.00000101
1960 male Trawl_Bycatch    1.00000001   1.00000001   1.00000001   1.00000001   1.00000001   1.00000001   1.00000001   1.00000001   1.00000001   1.00000001   1.00000001   1.00000001   1.00000001   1.00000001   1.00000001   1.00000001   1.00000001
1961 male Pot_Fishery    0.99999999   0.99999970   0.99999550   0.99993460   0.99905166   0.98641244   0.83341193   0.25637205   0.02320689   0.00163458   0.00011282   0.00000779   0.00000055   0.00000005   0.00000001   0.00000001   0.00000001
1961 male Trawl_Bycatch    1.00000001   1.00000001   1.00000001   1.00000001   1.00000001   1.00000001   1.00000001   1.00000001   1.00000001   1.00000001   1.00000001   1.00000001   1.00000001   1.00000001   1.00000001   1.00000001   1.00000001
1962 male Pot_Fishery    0.99999999   0.99999970   0.99999550   0.99993460   0.99905166   0.98641244   0.83341193   0.25637205   0.02320689   0.00163458   0.00011282   0.00000779   0.00000055   0.00000005   0.00000001   0.00000001   0.00000001
1962 male Trawl_Bycatch    1.00000001   1.00000001   1.00000001   1.00000001   1.00000001   1.00000001   1.00000001   1.00000001   1.00000001   1.00000001   1.00000001   1.00000001   1.00000001   1.00000001   1.00000001   1.00000001   1.00000001
1963 male Pot_Fishery    0.99999999   0.99999970   0.99999550   0.99993460   0.99905166   0.98641244   0.83341193   0.25637205   0.02320689   0.00163458   0.00011282   0.00000779   0.00000055   0.00000005   0.00000001   0.00000001   0.00000001
1963 male Trawl_Bycatch    1.00000001   1.00000001   1.00000001   1.00000001   1.00000001   1.00000001   1.00000001   1.00000001   1.00000001   1.00000001   1.00000001   1.00000001   1.00000001   1.00000001   1.00000001   1.00000001   1.00000001
1964 male Pot_Fishery    0.99999999   0.99999970   0.99999550   0.99993460   0.99905166   0.98641244   0.83341193   0.25637205   0.02320689   0.00163458   0.00011282   0.00000779   0.00000055   0.00000005   0.00000001   0.00000001   0.00000001
1964 male Trawl_Bycatch    1.00000001   1.00000001   1.00000001   1.00000001   1.00000001   1.00000001   1.00000001   1.00000001   1.00000001   1.00000001   1.00000001   1.00000001   1.00000001   1.00000001   1.00000001   1.00000001   1.00000001
1965 male Pot_Fishery    0.99999999   0.99999970   0.99999550   0.99993460   0.99905166   0.98641244   0.83341193   0.25637205   0.02320689   0.00163458   0.00011282   0.00000779   0.00000055   0.00000005   0.00000001   0.00000001   0.00000001
1965 male Trawl_Bycatch    1.00000001   1.00000001   1.00000001   1.00000001   1.00000001   1.00000001   1.00000001   1.00000001   1.00000001   1.00000001   1.00000001   1.00000001   1.00000001   1.00000001   1.00000001   1.00000001   1.00000001
1966 male Pot_Fishery    0.99999999   0.99999970   0.99999550   0.99993460   0.99905166   0.98641244   0.83341193   0.25637205   0.02320689   0.00163458   0.00011282   0.00000779   0.00000055   0.00000005   0.00000001   0.00000001   0.00000001
1966 male Trawl_Bycatch    1.00000001   1.00000001   1.00000001   1.00000001   1.00000001   1.00000001   1.00000001   1.00000001   1.00000001   1.00000001   1.00000001   1.00000001   1.00000001   1.00000001   1.00000001   1.00000001   1.00000001
1967 male Pot_Fishery    0.99999999   0.99999970   0.99999550   0.99993460   0.99905166   0.98641244   0.83341193   0.25637205   0.02320689   0.00163458   0.00011282   0.00000779   0.00000055   0.00000005   0.00000001   0.00000001   0.00000001
1967 male Trawl_Bycatch    1.00000001   1.00000001   1.00000001   1.00000001   1.00000001   1.00000001   1.00000001   1.00000001   1.00000001   1.00000001   1.00000001   1.00000001   1.00000001   1.00000001   1.00000001   1.00000001   1.00000001
1968 male Pot_Fishery    0.99999999   0.99999970   0.99999550   0.99993460   0.99905166   0.98641244   0.83341193   0.25637205   0.02320689   0.00163458   0.00011282   0.00000779   0.00000055   0.00000005   0.00000001   0.00000001   0.00000001
1968 male Trawl_Bycatch    1.00000001   1.00000001   1.00000001   1.00000001   1.00000001   1.00000001   1.00000001   1.00000001   1.00000001   1.00000001   1.00000001   1.00000001   1.00000001   1.00000001   1.00000001   1.00000001   1.00000001
1969 male Pot_Fishery    0.99999999   0.99999970   0.99999550   0.99993460   0.99905166   0.98641244   0.83341193   0.25637205   0.02320689   0.00163458   0.00011282   0.00000779   0.00000055   0.00000005   0.00000001   0.00000001   0.00000001
1969 male Trawl_Bycatch    1.00000001   1.00000001   1.00000001   1.00000001   1.00000001   1.00000001   1.00000001   1.00000001   1.00000001   1.00000001   1.00000001   1.00000001   1.00000001   1.00000001   1.00000001   1.00000001   1.00000001
1970 male Pot_Fishery    0.99999999   0.99999970   0.99999550   0.99993460   0.99905166   0.98641244   0.83341193   0.25637205   0.02320689   0.00163458   0.00011282   0.00000779   0.00000055   0.00000005   0.00000001   0.00000001   0.00000001
1970 male Trawl_Bycatch    1.00000001   1.00000001   1.00000001   1.00000001   1.00000001   1.00000001   1.00000001   1.00000001   1.00000001   1.00000001   1.00000001   1.00000001   1.00000001   1.00000001   1.00000001   1.00000001   1.00000001
1971 male Pot_Fishery    0.99999999   0.99999970   0.99999550   0.99993460   0.99905166   0.98641244   0.83341193   0.25637205   0.02320689   0.00163458   0.00011282   0.00000779   0.00000055   0.00000005   0.00000001   0.00000001   0.00000001
1971 male Trawl_Bycatch    1.00000001   1.00000001   1.00000001   1.00000001   1.00000001   1.00000001   1.00000001   1.00000001   1.00000001   1.00000001   1.00000001   1.00000001   1.00000001   1.00000001   1.00000001   1.00000001   1.00000001
1972 male Pot_Fishery    0.99999999   0.99999970   0.99999550   0.99993460   0.99905166   0.98641244   0.83341193   0.25637205   0.02320689   0.00163458   0.00011282   0.00000779   0.00000055   0.00000005   0.00000001   0.00000001   0.00000001
1972 male Trawl_Bycatch    1.00000001   1.00000001   1.00000001   1.00000001   1.00000001   1.00000001   1.00000001   1.00000001   1.00000001   1.00000001   1.00000001   1.00000001   1.00000001   1.00000001   1.00000001   1.00000001   1.00000001
1973 male Pot_Fishery    0.99999999   0.99999970   0.99999550   0.99993460   0.99905166   0.98641244   0.83341193   0.25637205   0.02320689   0.00163458   0.00011282   0.00000779   0.00000055   0.00000005   0.00000001   0.00000001   0.00000001
1973 male Trawl_Bycatch    1.00000001   1.00000001   1.00000001   1.00000001   1.00000001   1.00000001   1.00000001   1.00000001   1.00000001   1.00000001   1.00000001   1.00000001   1.00000001   1.00000001   1.00000001   1.00000001   1.00000001
1974 male Pot_Fishery    0.99999999   0.99999970   0.99999550   0.99993460   0.99905166   0.98641244   0.83341193   0.25637205   0.02320689   0.00163458   0.00011282   0.00000779   0.00000055   0.00000005   0.00000001   0.00000001   0.00000001
1974 male Trawl_Bycatch    1.00000001   1.00000001   1.00000001   1.00000001   1.00000001   1.00000001   1.00000001   1.00000001   1.00000001   1.00000001   1.00000001   1.00000001   1.00000001   1.00000001   1.00000001   1.00000001   1.00000001
1975 male Pot_Fishery    0.99999999   0.99999970   0.99999550   0.99993460   0.99905166   0.98641244   0.83341193   0.25637205   0.02320689   0.00163458   0.00011282   0.00000779   0.00000055   0.00000005   0.00000001   0.00000001   0.00000001
1975 male Trawl_Bycatch    1.00000001   1.00000001   1.00000001   1.00000001   1.00000001   1.00000001   1.00000001   1.00000001   1.00000001   1.00000001   1.00000001   1.00000001   1.00000001   1.00000001   1.00000001   1.00000001   1.00000001
1976 male Pot_Fishery    0.99999999   0.99999970   0.99999550   0.99993460   0.99905166   0.98641244   0.83341193   0.25637205   0.02320689   0.00163458   0.00011282   0.00000779   0.00000055   0.00000005   0.00000001   0.00000001   0.00000001
1976 male Trawl_Bycatch    1.00000001   1.00000001   1.00000001   1.00000001   1.00000001   1.00000001   1.00000001   1.00000001   1.00000001   1.00000001   1.00000001   1.00000001   1.00000001   1.00000001   1.00000001   1.00000001   1.00000001
1977 male Pot_Fishery    0.99999999   0.99999970   0.99999550   0.99993460   0.99905166   0.98641244   0.83341193   0.25637205   0.02320689   0.00163458   0.00011282   0.00000779   0.00000055   0.00000005   0.00000001   0.00000001   0.00000001
1977 male Trawl_Bycatch    1.00000001   1.00000001   1.00000001   1.00000001   1.00000001   1.00000001   1.00000001   1.00000001   1.00000001   1.00000001   1.00000001   1.00000001   1.00000001   1.00000001   1.00000001   1.00000001   1.00000001
1978 male Pot_Fishery    0.99999999   0.99999970   0.99999550   0.99993460   0.99905166   0.98641244   0.83341193   0.25637205   0.02320689   0.00163458   0.00011282   0.00000779   0.00000055   0.00000005   0.00000001   0.00000001   0.00000001
1978 male Trawl_Bycatch    1.00000001   1.00000001   1.00000001   1.00000001   1.00000001   1.00000001   1.00000001   1.00000001   1.00000001   1.00000001   1.00000001   1.00000001   1.00000001   1.00000001   1.00000001   1.00000001   1.00000001
1979 male Pot_Fishery    0.99999999   0.99999970   0.99999550   0.99993460   0.99905166   0.98641244   0.83341193   0.25637205   0.02320689   0.00163458   0.00011282   0.00000779   0.00000055   0.00000005   0.00000001   0.00000001   0.00000001
1979 male Trawl_Bycatch    1.00000001   1.00000001   1.00000001   1.00000001   1.00000001   1.00000001   1.00000001   1.00000001   1.00000001   1.00000001   1.00000001   1.00000001   1.00000001   1.00000001   1.00000001   1.00000001   1.00000001
1980 male Pot_Fishery    0.99999999   0.99999970   0.99999550   0.99993460   0.99905166   0.98641244   0.83341193   0.25637205   0.02320689   0.00163458   0.00011282   0.00000779   0.00000055   0.00000005   0.00000001   0.00000001   0.00000001
1980 male Trawl_Bycatch    1.00000001   1.00000001   1.00000001   1.00000001   1.00000001   1.00000001   1.00000001   1.00000001   1.00000001   1.00000001   1.00000001   1.00000001   1.00000001   1.00000001   1.00000001   1.00000001   1.00000001
1981 male Pot_Fishery    0.99999999   0.99999970   0.99999550   0.99993460   0.99905166   0.98641244   0.83341193   0.25637205   0.02320689   0.00163458   0.00011282   0.00000779   0.00000055   0.00000005   0.00000001   0.00000001   0.00000001
1981 male Trawl_Bycatch    1.00000001   1.00000001   1.00000001   1.00000001   1.00000001   1.00000001   1.00000001   1.00000001   1.00000001   1.00000001   1.00000001   1.00000001   1.00000001   1.00000001   1.00000001   1.00000001   1.00000001
1982 male Pot_Fishery    0.99999999   0.99999970   0.99999550   0.99993460   0.99905166   0.98641244   0.83341193   0.25637205   0.02320689   0.00163458   0.00011282   0.00000779   0.00000055   0.00000005   0.00000001   0.00000001   0.00000001
1982 male Trawl_Bycatch    1.00000001   1.00000001   1.00000001   1.00000001   1.00000001   1.00000001   1.00000001   1.00000001   1.00000001   1.00000001   1.00000001   1.00000001   1.00000001   1.00000001   1.00000001   1.00000001   1.00000001
1983 male Pot_Fishery    0.99999999   0.99999970   0.99999550   0.99993460   0.99905166   0.98641244   0.83341193   0.25637205   0.02320689   0.00163458   0.00011282   0.00000779   0.00000055   0.00000005   0.00000001   0.00000001   0.00000001
1983 male Trawl_Bycatch    1.00000001   1.00000001   1.00000001   1.00000001   1.00000001   1.00000001   1.00000001   1.00000001   1.00000001   1.00000001   1.00000001   1.00000001   1.00000001   1.00000001   1.00000001   1.00000001   1.00000001
1984 male Pot_Fishery    0.99999999   0.99999970   0.99999550   0.99993460   0.99905166   0.98641244   0.83341193   0.25637205   0.02320689   0.00163458   0.00011282   0.00000779   0.00000055   0.00000005   0.00000001   0.00000001   0.00000001
1984 male Trawl_Bycatch    1.00000001   1.00000001   1.00000001   1.00000001   1.00000001   1.00000001   1.00000001   1.00000001   1.00000001   1.00000001   1.00000001   1.00000001   1.00000001   1.00000001   1.00000001   1.00000001   1.00000001
1985 male Pot_Fishery    0.99999999   0.99999970   0.99999550   0.99993460   0.99905166   0.98641244   0.83341193   0.25637205   0.02320689   0.00163458   0.00011282   0.00000779   0.00000055   0.00000005   0.00000001   0.00000001   0.00000001
1985 male Trawl_Bycatch    1.00000001   1.00000001   1.00000001   1.00000001   1.00000001   1.00000001   1.00000001   1.00000001   1.00000001   1.00000001   1.00000001   1.00000001   1.00000001   1.00000001   1.00000001   1.00000001   1.00000001
1986 male Pot_Fishery    0.99999999   0.99999970   0.99999550   0.99993460   0.99905166   0.98641244   0.83341193   0.25637205   0.02320689   0.00163458   0.00011282   0.00000779   0.00000055   0.00000005   0.00000001   0.00000001   0.00000001
1986 male Trawl_Bycatch    1.00000001   1.00000001   1.00000001   1.00000001   1.00000001   1.00000001   1.00000001   1.00000001   1.00000001   1.00000001   1.00000001   1.00000001   1.00000001   1.00000001   1.00000001   1.00000001   1.00000001
1987 male Pot_Fishery    0.99999999   0.99999970   0.99999550   0.99993460   0.99905166   0.98641244   0.83341193   0.25637205   0.02320689   0.00163458   0.00011282   0.00000779   0.00000055   0.00000005   0.00000001   0.00000001   0.00000001
1987 male Trawl_Bycatch    1.00000001   1.00000001   1.00000001   1.00000001   1.00000001   1.00000001   1.00000001   1.00000001   1.00000001   1.00000001   1.00000001   1.00000001   1.00000001   1.00000001   1.00000001   1.00000001   1.00000001
1988 male Pot_Fishery    0.99999999   0.99999970   0.99999550   0.99993460   0.99905166   0.98641244   0.83341193   0.25637205   0.02320689   0.00163458   0.00011282   0.00000779   0.00000055   0.00000005   0.00000001   0.00000001   0.00000001
1988 male Trawl_Bycatch    1.00000001   1.00000001   1.00000001   1.00000001   1.00000001   1.00000001   1.00000001   1.00000001   1.00000001   1.00000001   1.00000001   1.00000001   1.00000001   1.00000001   1.00000001   1.00000001   1.00000001
1989 male Pot_Fishery    0.99999999   0.99999970   0.99999550   0.99993460   0.99905166   0.98641244   0.83341193   0.25637205   0.02320689   0.00163458   0.00011282   0.00000779   0.00000055   0.00000005   0.00000001   0.00000001   0.00000001
1989 male Trawl_Bycatch    1.00000001   1.00000001   1.00000001   1.00000001   1.00000001   1.00000001   1.00000001   1.00000001   1.00000001   1.00000001   1.00000001   1.00000001   1.00000001   1.00000001   1.00000001   1.00000001   1.00000001
1990 male Pot_Fishery    0.99999999   0.99999970   0.99999550   0.99993460   0.99905166   0.98641244   0.83341193   0.25637205   0.02320689   0.00163458   0.00011282   0.00000779   0.00000055   0.00000005   0.00000001   0.00000001   0.00000001
1990 male Trawl_Bycatch    1.00000001   1.00000001   1.00000001   1.00000001   1.00000001   1.00000001   1.00000001   1.00000001   1.00000001   1.00000001   1.00000001   1.00000001   1.00000001   1.00000001   1.00000001   1.00000001   1.00000001
1991 male Pot_Fishery    0.99999999   0.99999970   0.99999550   0.99993460   0.99905166   0.98641244   0.83341193   0.25637205   0.02320689   0.00163458   0.00011282   0.00000779   0.00000055   0.00000005   0.00000001   0.00000001   0.00000001
1991 male Trawl_Bycatch    1.00000001   1.00000001   1.00000001   1.00000001   1.00000001   1.00000001   1.00000001   1.00000001   1.00000001   1.00000001   1.00000001   1.00000001   1.00000001   1.00000001   1.00000001   1.00000001   1.00000001
1992 male Pot_Fishery    0.99999999   0.99999970   0.99999550   0.99993460   0.99905166   0.98641244   0.83341193   0.25637205   0.02320689   0.00163458   0.00011282   0.00000779   0.00000055   0.00000005   0.00000001   0.00000001   0.00000001
1992 male Trawl_Bycatch    1.00000001   1.00000001   1.00000001   1.00000001   1.00000001   1.00000001   1.00000001   1.00000001   1.00000001   1.00000001   1.00000001   1.00000001   1.00000001   1.00000001   1.00000001   1.00000001   1.00000001
1993 male Pot_Fishery    0.99999999   0.99999970   0.99999550   0.99993460   0.99905166   0.98641244   0.83341193   0.25637205   0.02320689   0.00163458   0.00011282   0.00000779   0.00000055   0.00000005   0.00000001   0.00000001   0.00000001
1993 male Trawl_Bycatch    1.00000001   1.00000001   1.00000001   1.00000001   1.00000001   1.00000001   1.00000001   1.00000001   1.00000001   1.00000001   1.00000001   1.00000001   1.00000001   1.00000001   1.00000001   1.00000001   1.00000001
1994 male Pot_Fishery    0.99999999   0.99999970   0.99999550   0.99993460   0.99905166   0.98641244   0.83341193   0.25637205   0.02320689   0.00163458   0.00011282   0.00000779   0.00000055   0.00000005   0.00000001   0.00000001   0.00000001
1994 male Trawl_Bycatch    1.00000001   1.00000001   1.00000001   1.00000001   1.00000001   1.00000001   1.00000001   1.00000001   1.00000001   1.00000001   1.00000001   1.00000001   1.00000001   1.00000001   1.00000001   1.00000001   1.00000001
1995 male Pot_Fishery    0.99999999   0.99999970   0.99999550   0.99993460   0.99905166   0.98641244   0.83341193   0.25637205   0.02320689   0.00163458   0.00011282   0.00000779   0.00000055   0.00000005   0.00000001   0.00000001   0.00000001
1995 male Trawl_Bycatch    1.00000001   1.00000001   1.00000001   1.00000001   1.00000001   1.00000001   1.00000001   1.00000001   1.00000001   1.00000001   1.00000001   1.00000001   1.00000001   1.00000001   1.00000001   1.00000001   1.00000001
1996 male Pot_Fishery    0.99999999   0.99999970   0.99999550   0.99993460   0.99905166   0.98641244   0.83341193   0.25637205   0.02320689   0.00163458   0.00011282   0.00000779   0.00000055   0.00000005   0.00000001   0.00000001   0.00000001
1996 male Trawl_Bycatch    1.00000001   1.00000001   1.00000001   1.00000001   1.00000001   1.00000001   1.00000001   1.00000001   1.00000001   1.00000001   1.00000001   1.00000001   1.00000001   1.00000001   1.00000001   1.00000001   1.00000001
1997 male Pot_Fishery    0.99999999   0.99999970   0.99999550   0.99993460   0.99905166   0.98641244   0.83341193   0.25637205   0.02320689   0.00163458   0.00011282   0.00000779   0.00000055   0.00000005   0.00000001   0.00000001   0.00000001
1997 male Trawl_Bycatch    1.00000001   1.00000001   1.00000001   1.00000001   1.00000001   1.00000001   1.00000001   1.00000001   1.00000001   1.00000001   1.00000001   1.00000001   1.00000001   1.00000001   1.00000001   1.00000001   1.00000001
1998 male Pot_Fishery    0.99999999   0.99999970   0.99999550   0.99993460   0.99905166   0.98641244   0.83341193   0.25637205   0.02320689   0.00163458   0.00011282   0.00000779   0.00000055   0.00000005   0.00000001   0.00000001   0.00000001
1998 male Trawl_Bycatch    1.00000001   1.00000001   1.00000001   1.00000001   1.00000001   1.00000001   1.00000001   1.00000001   1.00000001   1.00000001   1.00000001   1.00000001   1.00000001   1.00000001   1.00000001   1.00000001   1.00000001
1999 male Pot_Fishery    0.99999999   0.99999970   0.99999550   0.99993460   0.99905166   0.98641244   0.83341193   0.25637205   0.02320689   0.00163458   0.00011282   0.00000779   0.00000055   0.00000005   0.00000001   0.00000001   0.00000001
1999 male Trawl_Bycatch    1.00000001   1.00000001   1.00000001   1.00000001   1.00000001   1.00000001   1.00000001   1.00000001   1.00000001   1.00000001   1.00000001   1.00000001   1.00000001   1.00000001   1.00000001   1.00000001   1.00000001
2000 male Pot_Fishery    0.99999999   0.99999970   0.99999550   0.99993460   0.99905166   0.98641244   0.83341193   0.25637205   0.02320689   0.00163458   0.00011282   0.00000779   0.00000055   0.00000005   0.00000001   0.00000001   0.00000001
2000 male Trawl_Bycatch    1.00000001   1.00000001   1.00000001   1.00000001   1.00000001   1.00000001   1.00000001   1.00000001   1.00000001   1.00000001   1.00000001   1.00000001   1.00000001   1.00000001   1.00000001   1.00000001   1.00000001
2001 male Pot_Fishery    0.99999999   0.99999970   0.99999550   0.99993460   0.99905166   0.98641244   0.83341193   0.25637205   0.02320689   0.00163458   0.00011282   0.00000779   0.00000055   0.00000005   0.00000001   0.00000001   0.00000001
2001 male Trawl_Bycatch    1.00000001   1.00000001   1.00000001   1.00000001   1.00000001   1.00000001   1.00000001   1.00000001   1.00000001   1.00000001   1.00000001   1.00000001   1.00000001   1.00000001   1.00000001   1.00000001   1.00000001
2002 male Pot_Fishery    0.99999999   0.99999970   0.99999550   0.99993460   0.99905166   0.98641244   0.83341193   0.25637205   0.02320689   0.00163458   0.00011282   0.00000779   0.00000055   0.00000005   0.00000001   0.00000001   0.00000001
2002 male Trawl_Bycatch    1.00000001   1.00000001   1.00000001   1.00000001   1.00000001   1.00000001   1.00000001   1.00000001   1.00000001   1.00000001   1.00000001   1.00000001   1.00000001   1.00000001   1.00000001   1.00000001   1.00000001
2003 male Pot_Fishery    0.99999999   0.99999970   0.99999550   0.99993460   0.99905166   0.98641244   0.83341193   0.25637205   0.02320689   0.00163458   0.00011282   0.00000779   0.00000055   0.00000005   0.00000001   0.00000001   0.00000001
2003 male Trawl_Bycatch    1.00000001   1.00000001   1.00000001   1.00000001   1.00000001   1.00000001   1.00000001   1.00000001   1.00000001   1.00000001   1.00000001   1.00000001   1.00000001   1.00000001   1.00000001   1.00000001   1.00000001
2004 male Pot_Fishery    0.99999999   0.99999970   0.99999550   0.99993460   0.99905166   0.98641244   0.83341193   0.25637205   0.02320689   0.00163458   0.00011282   0.00000779   0.00000055   0.00000005   0.00000001   0.00000001   0.00000001
2004 male Trawl_Bycatch    1.00000001   1.00000001   1.00000001   1.00000001   1.00000001   1.00000001   1.00000001   1.00000001   1.00000001   1.00000001   1.00000001   1.00000001   1.00000001   1.00000001   1.00000001   1.00000001   1.00000001
2005 male Pot_Fishery    0.99999999   0.99999970   0.99999550   0.99993460   0.99905166   0.98641244   0.83341193   0.25637205   0.02320689   0.00163458   0.00011282   0.00000779   0.00000055   0.00000005   0.00000001   0.00000001   0.00000001
2005 male Trawl_Bycatch    1.00000001   1.00000001   1.00000001   1.00000001   1.00000001   1.00000001   1.00000001   1.00000001   1.00000001   1.00000001   1.00000001   1.00000001   1.00000001   1.00000001   1.00000001   1.00000001   1.00000001
2006 male Pot_Fishery    0.99999999   0.99999970   0.99999550   0.99993460   0.99905166   0.98641244   0.83341193   0.25637205   0.02320689   0.00163458   0.00011282   0.00000779   0.00000055   0.00000005   0.00000001   0.00000001   0.00000001
2006 male Trawl_Bycatch    1.00000001   1.00000001   1.00000001   1.00000001   1.00000001   1.00000001   1.00000001   1.00000001   1.00000001   1.00000001   1.00000001   1.00000001   1.00000001   1.00000001   1.00000001   1.00000001   1.00000001
2007 male Pot_Fishery    0.99999999   0.99999970   0.99999550   0.99993460   0.99905166   0.98641244   0.83341193   0.25637205   0.02320689   0.00163458   0.00011282   0.00000779   0.00000055   0.00000005   0.00000001   0.00000001   0.00000001
2007 male Trawl_Bycatch    1.00000001   1.00000001   1.00000001   1.00000001   1.00000001   1.00000001   1.00000001   1.00000001   1.00000001   1.00000001   1.00000001   1.00000001   1.00000001   1.00000001   1.00000001   1.00000001   1.00000001
2008 male Pot_Fishery    0.99999999   0.99999970   0.99999550   0.99993460   0.99905166   0.98641244   0.83341193   0.25637205   0.02320689   0.00163458   0.00011282   0.00000779   0.00000055   0.00000005   0.00000001   0.00000001   0.00000001
2008 male Trawl_Bycatch    1.00000001   1.00000001   1.00000001   1.00000001   1.00000001   1.00000001   1.00000001   1.00000001   1.00000001   1.00000001   1.00000001   1.00000001   1.00000001   1.00000001   1.00000001   1.00000001   1.00000001
2009 male Pot_Fishery    0.99999999   0.99999970   0.99999550   0.99993460   0.99905166   0.98641244   0.83341193   0.25637205   0.02320689   0.00163458   0.00011282   0.00000779   0.00000055   0.00000005   0.00000001   0.00000001   0.00000001
2009 male Trawl_Bycatch    1.00000001   1.00000001   1.00000001   1.00000001   1.00000001   1.00000001   1.00000001   1.00000001   1.00000001   1.00000001   1.00000001   1.00000001   1.00000001   1.00000001   1.00000001   1.00000001   1.00000001
2010 male Pot_Fishery    0.99999999   0.99999970   0.99999550   0.99993460   0.99905166   0.98641244   0.83341193   0.25637205   0.02320689   0.00163458   0.00011282   0.00000779   0.00000055   0.00000005   0.00000001   0.00000001   0.00000001
2010 male Trawl_Bycatch    1.00000001   1.00000001   1.00000001   1.00000001   1.00000001   1.00000001   1.00000001   1.00000001   1.00000001   1.00000001   1.00000001   1.00000001   1.00000001   1.00000001   1.00000001   1.00000001   1.00000001
2011 male Pot_Fishery    0.99999999   0.99999970   0.99999550   0.99993460   0.99905166   0.98641244   0.83341193   0.25637205   0.02320689   0.00163458   0.00011282   0.00000779   0.00000055   0.00000005   0.00000001   0.00000001   0.00000001
2011 male Trawl_Bycatch    1.00000001   1.00000001   1.00000001   1.00000001   1.00000001   1.00000001   1.00000001   1.00000001   1.00000001   1.00000001   1.00000001   1.00000001   1.00000001   1.00000001   1.00000001   1.00000001   1.00000001
2012 male Pot_Fishery    0.99999999   0.99999970   0.99999550   0.99993460   0.99905166   0.98641244   0.83341193   0.25637205   0.02320689   0.00163458   0.00011282   0.00000779   0.00000055   0.00000005   0.00000001   0.00000001   0.00000001
2012 male Trawl_Bycatch    1.00000001   1.00000001   1.00000001   1.00000001   1.00000001   1.00000001   1.00000001   1.00000001   1.00000001   1.00000001   1.00000001   1.00000001   1.00000001   1.00000001   1.00000001   1.00000001   1.00000001
2013 male Pot_Fishery    0.99999999   0.99999970   0.99999550   0.99993460   0.99905166   0.98641244   0.83341193   0.25637205   0.02320689   0.00163458   0.00011282   0.00000779   0.00000055   0.00000005   0.00000001   0.00000001   0.00000001
2013 male Trawl_Bycatch    1.00000001   1.00000001   1.00000001   1.00000001   1.00000001   1.00000001   1.00000001   1.00000001   1.00000001   1.00000001   1.00000001   1.00000001   1.00000001   1.00000001   1.00000001   1.00000001   1.00000001
2014 male Pot_Fishery    0.99999999   0.99999970   0.99999550   0.99993460   0.99905166   0.98641244   0.83341193   0.25637205   0.02320689   0.00163458   0.00011282   0.00000779   0.00000055   0.00000005   0.00000001   0.00000001   0.00000001
2014 male Trawl_Bycatch    1.00000001   1.00000001   1.00000001   1.00000001   1.00000001   1.00000001   1.00000001   1.00000001   1.00000001   1.00000001   1.00000001   1.00000001   1.00000001   1.00000001   1.00000001   1.00000001   1.00000001
2015 male Pot_Fishery    0.99999999   0.99999970   0.99999550   0.99993460   0.99905166   0.98641244   0.83341193   0.25637205   0.02320689   0.00163458   0.00011282   0.00000779   0.00000055   0.00000005   0.00000001   0.00000001   0.00000001
2015 male Trawl_Bycatch    1.00000001   1.00000001   1.00000001   1.00000001   1.00000001   1.00000001   1.00000001   1.00000001   1.00000001   1.00000001   1.00000001   1.00000001   1.00000001   1.00000001   1.00000001   1.00000001   1.00000001
2016 male Pot_Fishery    0.99999999   0.99999970   0.99999550   0.99993460   0.99905166   0.98641244   0.83341193   0.25637205   0.02320689   0.00163458   0.00011282   0.00000779   0.00000055   0.00000005   0.00000001   0.00000001   0.00000001
2016 male Trawl_Bycatch    1.00000001   1.00000001   1.00000001   1.00000001   1.00000001   1.00000001   1.00000001   1.00000001   1.00000001   1.00000001   1.00000001   1.00000001   1.00000001   1.00000001   1.00000001   1.00000001   1.00000001
2017 male Pot_Fishery    0.99999999   0.99999970   0.99999550   0.99993460   0.99905166   0.98641244   0.83341193   0.25637205   0.02320689   0.00163458   0.00011282   0.00000779   0.00000055   0.00000005   0.00000001   0.00000001   0.00000001
2017 male Trawl_Bycatch    1.00000001   1.00000001   1.00000001   1.00000001   1.00000001   1.00000001   1.00000001   1.00000001   1.00000001   1.00000001   1.00000001   1.00000001   1.00000001   1.00000001   1.00000001   1.00000001   1.00000001
2018 male Pot_Fishery    0.99999999   0.99999970   0.99999550   0.99993460   0.99905166   0.98641244   0.83341193   0.25637205   0.02320689   0.00163458   0.00011282   0.00000779   0.00000055   0.00000005   0.00000001   0.00000001   0.00000001
2018 male Trawl_Bycatch    1.00000001   1.00000001   1.00000001   1.00000001   1.00000001   1.00000001   1.00000001   1.00000001   1.00000001   1.00000001   1.00000001   1.00000001   1.00000001   1.00000001   1.00000001   1.00000001   1.00000001
2019 male Pot_Fishery    0.99999999   0.99999970   0.99999550   0.99993460   0.99905166   0.98641244   0.83341193   0.25637205   0.02320689   0.00163458   0.00011282   0.00000779   0.00000055   0.00000005   0.00000001   0.00000001   0.00000001
2019 male Trawl_Bycatch    1.00000001   1.00000001   1.00000001   1.00000001   1.00000001   1.00000001   1.00000001   1.00000001   1.00000001   1.00000001   1.00000001   1.00000001   1.00000001   1.00000001   1.00000001   1.00000001   1.00000001
2020 male Pot_Fishery    0.99999999   0.99999970   0.99999550   0.99993460   0.99905166   0.98641244   0.83341193   0.25637205   0.02320689   0.00163458   0.00011282   0.00000779   0.00000055   0.00000005   0.00000001   0.00000001   0.00000001
2020 male Trawl_Bycatch    1.00000001   1.00000001   1.00000001   1.00000001   1.00000001   1.00000001   1.00000001   1.00000001   1.00000001   1.00000001   1.00000001   1.00000001   1.00000001   1.00000001   1.00000001   1.00000001   1.00000001
2021 male Pot_Fishery    0.99999999   0.99999970   0.99999550   0.99993460   0.99905166   0.98641244   0.83341193   0.25637205   0.02320689   0.00163458   0.00011282   0.00000779   0.00000055   0.00000005   0.00000001   0.00000001   0.00000001
2021 male Trawl_Bycatch    1.00000001   1.00000001   1.00000001   1.00000001   1.00000001   1.00000001   1.00000001   1.00000001   1.00000001   1.00000001   1.00000001   1.00000001   1.00000001   1.00000001   1.00000001   1.00000001   1.00000001
2022 male Pot_Fishery    1.00000000   1.00000000   1.00000000   1.00000000   1.00000000   1.00000000   1.00000000   1.00000000   1.00000000   1.00000000   1.00000000   1.00000000   1.00000000   1.00000000   1.00000000   1.00000000   1.00000000
2022 male Trawl_Bycatch    1.00000000   1.00000000   1.00000000   1.00000000   1.00000000   1.00000000   1.00000000   1.00000000   1.00000000   1.00000000   1.00000000   1.00000000   1.00000000   1.00000000   1.00000000   1.00000000   1.00000000

# Select_control
# Selex_no first_par_no Phase Start_block End_block Env_Link Env_Link_Var Rand_Walk Start_year_RW End_year_RW Sigma_RW
1 1 3 1960 2004 0 0 0 0 0 0
1 3 3 2005 2021 0 0 0 0 0 0
2 5 -3 1960 2021 0 0 0 0 0 0
-1 6 3 1960 2021 0 0 0 0 0 0
-2 8 -3 1960 2021 0 0 0 0 0 0

#--------------------------------------------------------------------------------------------
# Natural, Fishing and Total mortality

# Proportion of M by season
# Year 1 2 3 4 5 6 
1960  0.00000000 0.16666667 0.00000000 0.46073059 0.00000000 0.37260274
1961  0.00000000 0.16666667 0.00000000 0.46073059 0.00000000 0.37260274
1962  0.00000000 0.16666667 0.00000000 0.46073059 0.00000000 0.37260274
1963  0.00000000 0.16666667 0.00000000 0.46073059 0.00000000 0.37260274
1964  0.00000000 0.16666667 0.00000000 0.46073059 0.00000000 0.37260274
1965  0.00000000 0.16666667 0.00000000 0.46073059 0.00000000 0.37260274
1966  0.00000000 0.16666667 0.00000000 0.46073059 0.00000000 0.37260274
1967  0.00000000 0.16666667 0.00000000 0.46073059 0.00000000 0.37260274
1968  0.00000000 0.16666667 0.00000000 0.46073059 0.00000000 0.37260274
1969  0.00000000 0.16666667 0.00000000 0.46073059 0.00000000 0.37260274
1970  0.00000000 0.16666667 0.00000000 0.46073059 0.00000000 0.37260274
1971  0.00000000 0.16666667 0.00000000 0.46073059 0.00000000 0.37260274
1972  0.00000000 0.16666667 0.00000000 0.46073059 0.00000000 0.37260274
1973  0.00000000 0.16666667 0.00000000 0.46073059 0.00000000 0.37260274
1974  0.00000000 0.16666667 0.00000000 0.46073059 0.00000000 0.37260274
1975  0.00000000 0.16666667 0.00000000 0.46073059 0.00000000 0.37260274
1976  0.00000000 0.16666667 0.00000000 0.46073059 0.00000000 0.37260274
1977  0.00000000 0.16666667 0.00000000 0.46073059 0.00000000 0.37260274
1978  0.00000000 0.16666667 0.00000000 0.46073059 0.00000000 0.37260274
1979  0.00000000 0.16666667 0.00000000 0.46073059 0.00000000 0.37260274
1980  0.00000000 0.16666667 0.00000000 0.46073059 0.00000000 0.37260274
1981  0.00000000 0.62739726 0.00000000 0.00000000 0.00000000 0.37260274
1982  0.00000000 0.56438356 0.00000000 0.06301370 0.00000000 0.37260274
1983  0.00000000 0.57808219 0.00000000 0.04931507 0.00000000 0.37260274
1984  0.00000000 0.62739726 0.00000000 0.00000000 0.00000000 0.37260274
1985  0.00000000 0.62739726 0.00000000 0.00000000 0.00000000 0.37260274
1986  0.00000000 0.62739726 0.00000000 0.00000000 0.00000000 0.37260274
1987  0.00000000 0.62739726 0.00000000 0.00000000 0.00000000 0.37260274
1988  0.00000000 0.62739726 0.00000000 0.00000000 0.00000000 0.37260274
1989  0.00000000 0.62739726 0.00000000 0.00000000 0.00000000 0.37260274
1990  0.00000000 0.62739726 0.00000000 0.00000000 0.00000000 0.37260274
1991  0.00000000 0.62739726 0.00000000 0.00000000 0.00000000 0.37260274
1992  0.00000000 0.62739726 0.00000000 0.00000000 0.00000000 0.37260274
1993  0.00000000 0.62739726 0.00000000 0.00000000 0.00000000 0.37260274
1994  0.00000000 0.62739726 0.00000000 0.00000000 0.00000000 0.37260274
1995  0.00000000 0.62739726 0.00000000 0.00000000 0.00000000 0.37260274
1996  0.00000000 0.62739726 0.00000000 0.00000000 0.00000000 0.37260274
1997  0.00000000 0.62739726 0.00000000 0.00000000 0.00000000 0.37260274
1998  0.00000000 0.62739726 0.00000000 0.00000000 0.00000000 0.37260274
1999  0.00000000 0.62739726 0.00000000 0.00000000 0.00000000 0.37260274
2000  0.00000000 0.51643836 0.00000000 0.11095890 0.00000000 0.37260274
2001  0.00000000 0.43561644 0.00000000 0.19178082 0.00000000 0.37260274
2002  0.00000000 0.40547945 0.00000000 0.22191781 0.00000000 0.37260274
2003  0.00000000 0.36438356 0.00000000 0.26301370 0.00000000 0.37260274
2004  0.00000000 0.31780822 0.00000000 0.30958904 0.00000000 0.37260274
2005  0.00000000 0.43013699 0.00000000 0.19726027 0.00000000 0.37260274
2006  0.00000000 0.49452055 0.00000000 0.13287671 0.00000000 0.37260274
2007  0.00000000 0.53013699 0.00000000 0.09726027 0.00000000 0.37260274
2008  0.00000000 0.50547945 0.00000000 0.12191781 0.00000000 0.37260274
2009  0.00000000 0.52465753 0.00000000 0.10273973 0.00000000 0.37260274
2010  0.00000000 0.43698630 0.00000000 0.19041096 0.00000000 0.37260274
2011  0.00000000 0.47123288 0.00000000 0.15616438 0.00000000 0.37260274
2012  0.00000000 0.50410959 0.00000000 0.12328767 0.00000000 0.37260274
2013  0.00000000 0.50958904 0.00000000 0.11780822 0.00000000 0.37260274
2014  0.00000000 0.50136986 0.00000000 0.12602740 0.00000000 0.37260274
2015  0.00000000 0.46301370 0.00000000 0.16438356 0.00000000 0.37260274
2016  0.00000000 0.42739726 0.00000000 0.20000000 0.00000000 0.37260274
2017  0.00000000 0.38356164 0.00000000 0.24383562 0.00000000 0.37260274
2018  0.00000000 0.39452055 0.00000000 0.23287671 0.00000000 0.37260274
2019  0.00000000 0.45616438 0.00000000 0.17123288 0.00000000 0.37260274
2020  0.00000000 0.49041096 0.00000000 0.13698630 0.00000000 0.37260274
2021  0.00000000 0.39041096 0.00000000 0.23698630 0.00000000 0.37260274

# Natural_mortality-by-class
# Year Sex Maturity 1 2 3 4 5 6 7 8 9 10 11 12 13 14 15 16 17 
1960 male 1  0.21000000 0.21000000 0.21000000 0.21000000 0.21000000 0.21000000 0.21000000 0.21000000 0.21000000 0.21000000 0.21000000 0.21000000 0.21000000 0.21000000 0.21000000 0.21000000 0.21000000
1961 male 1  0.21000000 0.21000000 0.21000000 0.21000000 0.21000000 0.21000000 0.21000000 0.21000000 0.21000000 0.21000000 0.21000000 0.21000000 0.21000000 0.21000000 0.21000000 0.21000000 0.21000000
1962 male 1  0.21000000 0.21000000 0.21000000 0.21000000 0.21000000 0.21000000 0.21000000 0.21000000 0.21000000 0.21000000 0.21000000 0.21000000 0.21000000 0.21000000 0.21000000 0.21000000 0.21000000
1963 male 1  0.21000000 0.21000000 0.21000000 0.21000000 0.21000000 0.21000000 0.21000000 0.21000000 0.21000000 0.21000000 0.21000000 0.21000000 0.21000000 0.21000000 0.21000000 0.21000000 0.21000000
1964 male 1  0.21000000 0.21000000 0.21000000 0.21000000 0.21000000 0.21000000 0.21000000 0.21000000 0.21000000 0.21000000 0.21000000 0.21000000 0.21000000 0.21000000 0.21000000 0.21000000 0.21000000
1965 male 1  0.21000000 0.21000000 0.21000000 0.21000000 0.21000000 0.21000000 0.21000000 0.21000000 0.21000000 0.21000000 0.21000000 0.21000000 0.21000000 0.21000000 0.21000000 0.21000000 0.21000000
1966 male 1  0.21000000 0.21000000 0.21000000 0.21000000 0.21000000 0.21000000 0.21000000 0.21000000 0.21000000 0.21000000 0.21000000 0.21000000 0.21000000 0.21000000 0.21000000 0.21000000 0.21000000
1967 male 1  0.21000000 0.21000000 0.21000000 0.21000000 0.21000000 0.21000000 0.21000000 0.21000000 0.21000000 0.21000000 0.21000000 0.21000000 0.21000000 0.21000000 0.21000000 0.21000000 0.21000000
1968 male 1  0.21000000 0.21000000 0.21000000 0.21000000 0.21000000 0.21000000 0.21000000 0.21000000 0.21000000 0.21000000 0.21000000 0.21000000 0.21000000 0.21000000 0.21000000 0.21000000 0.21000000
1969 male 1  0.21000000 0.21000000 0.21000000 0.21000000 0.21000000 0.21000000 0.21000000 0.21000000 0.21000000 0.21000000 0.21000000 0.21000000 0.21000000 0.21000000 0.21000000 0.21000000 0.21000000
1970 male 1  0.21000000 0.21000000 0.21000000 0.21000000 0.21000000 0.21000000 0.21000000 0.21000000 0.21000000 0.21000000 0.21000000 0.21000000 0.21000000 0.21000000 0.21000000 0.21000000 0.21000000
1971 male 1  0.21000000 0.21000000 0.21000000 0.21000000 0.21000000 0.21000000 0.21000000 0.21000000 0.21000000 0.21000000 0.21000000 0.21000000 0.21000000 0.21000000 0.21000000 0.21000000 0.21000000
1972 male 1  0.21000000 0.21000000 0.21000000 0.21000000 0.21000000 0.21000000 0.21000000 0.21000000 0.21000000 0.21000000 0.21000000 0.21000000 0.21000000 0.21000000 0.21000000 0.21000000 0.21000000
1973 male 1  0.21000000 0.21000000 0.21000000 0.21000000 0.21000000 0.21000000 0.21000000 0.21000000 0.21000000 0.21000000 0.21000000 0.21000000 0.21000000 0.21000000 0.21000000 0.21000000 0.21000000
1974 male 1  0.21000000 0.21000000 0.21000000 0.21000000 0.21000000 0.21000000 0.21000000 0.21000000 0.21000000 0.21000000 0.21000000 0.21000000 0.21000000 0.21000000 0.21000000 0.21000000 0.21000000
1975 male 1  0.21000000 0.21000000 0.21000000 0.21000000 0.21000000 0.21000000 0.21000000 0.21000000 0.21000000 0.21000000 0.21000000 0.21000000 0.21000000 0.21000000 0.21000000 0.21000000 0.21000000
1976 male 1  0.21000000 0.21000000 0.21000000 0.21000000 0.21000000 0.21000000 0.21000000 0.21000000 0.21000000 0.21000000 0.21000000 0.21000000 0.21000000 0.21000000 0.21000000 0.21000000 0.21000000
1977 male 1  0.21000000 0.21000000 0.21000000 0.21000000 0.21000000 0.21000000 0.21000000 0.21000000 0.21000000 0.21000000 0.21000000 0.21000000 0.21000000 0.21000000 0.21000000 0.21000000 0.21000000
1978 male 1  0.21000000 0.21000000 0.21000000 0.21000000 0.21000000 0.21000000 0.21000000 0.21000000 0.21000000 0.21000000 0.21000000 0.21000000 0.21000000 0.21000000 0.21000000 0.21000000 0.21000000
1979 male 1  0.21000000 0.21000000 0.21000000 0.21000000 0.21000000 0.21000000 0.21000000 0.21000000 0.21000000 0.21000000 0.21000000 0.21000000 0.21000000 0.21000000 0.21000000 0.21000000 0.21000000
1980 male 1  0.21000000 0.21000000 0.21000000 0.21000000 0.21000000 0.21000000 0.21000000 0.21000000 0.21000000 0.21000000 0.21000000 0.21000000 0.21000000 0.21000000 0.21000000 0.21000000 0.21000000
1981 male 1  0.21000000 0.21000000 0.21000000 0.21000000 0.21000000 0.21000000 0.21000000 0.21000000 0.21000000 0.21000000 0.21000000 0.21000000 0.21000000 0.21000000 0.21000000 0.21000000 0.21000000
1982 male 1  0.21000000 0.21000000 0.21000000 0.21000000 0.21000000 0.21000000 0.21000000 0.21000000 0.21000000 0.21000000 0.21000000 0.21000000 0.21000000 0.21000000 0.21000000 0.21000000 0.21000000
1983 male 1  0.21000000 0.21000000 0.21000000 0.21000000 0.21000000 0.21000000 0.21000000 0.21000000 0.21000000 0.21000000 0.21000000 0.21000000 0.21000000 0.21000000 0.21000000 0.21000000 0.21000000
1984 male 1  0.21000000 0.21000000 0.21000000 0.21000000 0.21000000 0.21000000 0.21000000 0.21000000 0.21000000 0.21000000 0.21000000 0.21000000 0.21000000 0.21000000 0.21000000 0.21000000 0.21000000
1985 male 1  0.21000000 0.21000000 0.21000000 0.21000000 0.21000000 0.21000000 0.21000000 0.21000000 0.21000000 0.21000000 0.21000000 0.21000000 0.21000000 0.21000000 0.21000000 0.21000000 0.21000000
1986 male 1  0.21000000 0.21000000 0.21000000 0.21000000 0.21000000 0.21000000 0.21000000 0.21000000 0.21000000 0.21000000 0.21000000 0.21000000 0.21000000 0.21000000 0.21000000 0.21000000 0.21000000
1987 male 1  0.21000000 0.21000000 0.21000000 0.21000000 0.21000000 0.21000000 0.21000000 0.21000000 0.21000000 0.21000000 0.21000000 0.21000000 0.21000000 0.21000000 0.21000000 0.21000000 0.21000000
1988 male 1  0.21000000 0.21000000 0.21000000 0.21000000 0.21000000 0.21000000 0.21000000 0.21000000 0.21000000 0.21000000 0.21000000 0.21000000 0.21000000 0.21000000 0.21000000 0.21000000 0.21000000
1989 male 1  0.21000000 0.21000000 0.21000000 0.21000000 0.21000000 0.21000000 0.21000000 0.21000000 0.21000000 0.21000000 0.21000000 0.21000000 0.21000000 0.21000000 0.21000000 0.21000000 0.21000000
1990 male 1  0.21000000 0.21000000 0.21000000 0.21000000 0.21000000 0.21000000 0.21000000 0.21000000 0.21000000 0.21000000 0.21000000 0.21000000 0.21000000 0.21000000 0.21000000 0.21000000 0.21000000
1991 male 1  0.21000000 0.21000000 0.21000000 0.21000000 0.21000000 0.21000000 0.21000000 0.21000000 0.21000000 0.21000000 0.21000000 0.21000000 0.21000000 0.21000000 0.21000000 0.21000000 0.21000000
1992 male 1  0.21000000 0.21000000 0.21000000 0.21000000 0.21000000 0.21000000 0.21000000 0.21000000 0.21000000 0.21000000 0.21000000 0.21000000 0.21000000 0.21000000 0.21000000 0.21000000 0.21000000
1993 male 1  0.21000000 0.21000000 0.21000000 0.21000000 0.21000000 0.21000000 0.21000000 0.21000000 0.21000000 0.21000000 0.21000000 0.21000000 0.21000000 0.21000000 0.21000000 0.21000000 0.21000000
1994 male 1  0.21000000 0.21000000 0.21000000 0.21000000 0.21000000 0.21000000 0.21000000 0.21000000 0.21000000 0.21000000 0.21000000 0.21000000 0.21000000 0.21000000 0.21000000 0.21000000 0.21000000
1995 male 1  0.21000000 0.21000000 0.21000000 0.21000000 0.21000000 0.21000000 0.21000000 0.21000000 0.21000000 0.21000000 0.21000000 0.21000000 0.21000000 0.21000000 0.21000000 0.21000000 0.21000000
1996 male 1  0.21000000 0.21000000 0.21000000 0.21000000 0.21000000 0.21000000 0.21000000 0.21000000 0.21000000 0.21000000 0.21000000 0.21000000 0.21000000 0.21000000 0.21000000 0.21000000 0.21000000
1997 male 1  0.21000000 0.21000000 0.21000000 0.21000000 0.21000000 0.21000000 0.21000000 0.21000000 0.21000000 0.21000000 0.21000000 0.21000000 0.21000000 0.21000000 0.21000000 0.21000000 0.21000000
1998 male 1  0.21000000 0.21000000 0.21000000 0.21000000 0.21000000 0.21000000 0.21000000 0.21000000 0.21000000 0.21000000 0.21000000 0.21000000 0.21000000 0.21000000 0.21000000 0.21000000 0.21000000
1999 male 1  0.21000000 0.21000000 0.21000000 0.21000000 0.21000000 0.21000000 0.21000000 0.21000000 0.21000000 0.21000000 0.21000000 0.21000000 0.21000000 0.21000000 0.21000000 0.21000000 0.21000000
2000 male 1  0.21000000 0.21000000 0.21000000 0.21000000 0.21000000 0.21000000 0.21000000 0.21000000 0.21000000 0.21000000 0.21000000 0.21000000 0.21000000 0.21000000 0.21000000 0.21000000 0.21000000
2001 male 1  0.21000000 0.21000000 0.21000000 0.21000000 0.21000000 0.21000000 0.21000000 0.21000000 0.21000000 0.21000000 0.21000000 0.21000000 0.21000000 0.21000000 0.21000000 0.21000000 0.21000000
2002 male 1  0.21000000 0.21000000 0.21000000 0.21000000 0.21000000 0.21000000 0.21000000 0.21000000 0.21000000 0.21000000 0.21000000 0.21000000 0.21000000 0.21000000 0.21000000 0.21000000 0.21000000
2003 male 1  0.21000000 0.21000000 0.21000000 0.21000000 0.21000000 0.21000000 0.21000000 0.21000000 0.21000000 0.21000000 0.21000000 0.21000000 0.21000000 0.21000000 0.21000000 0.21000000 0.21000000
2004 male 1  0.21000000 0.21000000 0.21000000 0.21000000 0.21000000 0.21000000 0.21000000 0.21000000 0.21000000 0.21000000 0.21000000 0.21000000 0.21000000 0.21000000 0.21000000 0.21000000 0.21000000
2005 male 1  0.21000000 0.21000000 0.21000000 0.21000000 0.21000000 0.21000000 0.21000000 0.21000000 0.21000000 0.21000000 0.21000000 0.21000000 0.21000000 0.21000000 0.21000000 0.21000000 0.21000000
2006 male 1  0.21000000 0.21000000 0.21000000 0.21000000 0.21000000 0.21000000 0.21000000 0.21000000 0.21000000 0.21000000 0.21000000 0.21000000 0.21000000 0.21000000 0.21000000 0.21000000 0.21000000
2007 male 1  0.21000000 0.21000000 0.21000000 0.21000000 0.21000000 0.21000000 0.21000000 0.21000000 0.21000000 0.21000000 0.21000000 0.21000000 0.21000000 0.21000000 0.21000000 0.21000000 0.21000000
2008 male 1  0.21000000 0.21000000 0.21000000 0.21000000 0.21000000 0.21000000 0.21000000 0.21000000 0.21000000 0.21000000 0.21000000 0.21000000 0.21000000 0.21000000 0.21000000 0.21000000 0.21000000
2009 male 1  0.21000000 0.21000000 0.21000000 0.21000000 0.21000000 0.21000000 0.21000000 0.21000000 0.21000000 0.21000000 0.21000000 0.21000000 0.21000000 0.21000000 0.21000000 0.21000000 0.21000000
2010 male 1  0.21000000 0.21000000 0.21000000 0.21000000 0.21000000 0.21000000 0.21000000 0.21000000 0.21000000 0.21000000 0.21000000 0.21000000 0.21000000 0.21000000 0.21000000 0.21000000 0.21000000
2011 male 1  0.21000000 0.21000000 0.21000000 0.21000000 0.21000000 0.21000000 0.21000000 0.21000000 0.21000000 0.21000000 0.21000000 0.21000000 0.21000000 0.21000000 0.21000000 0.21000000 0.21000000
2012 male 1  0.21000000 0.21000000 0.21000000 0.21000000 0.21000000 0.21000000 0.21000000 0.21000000 0.21000000 0.21000000 0.21000000 0.21000000 0.21000000 0.21000000 0.21000000 0.21000000 0.21000000
2013 male 1  0.21000000 0.21000000 0.21000000 0.21000000 0.21000000 0.21000000 0.21000000 0.21000000 0.21000000 0.21000000 0.21000000 0.21000000 0.21000000 0.21000000 0.21000000 0.21000000 0.21000000
2014 male 1  0.21000000 0.21000000 0.21000000 0.21000000 0.21000000 0.21000000 0.21000000 0.21000000 0.21000000 0.21000000 0.21000000 0.21000000 0.21000000 0.21000000 0.21000000 0.21000000 0.21000000
2015 male 1  0.21000000 0.21000000 0.21000000 0.21000000 0.21000000 0.21000000 0.21000000 0.21000000 0.21000000 0.21000000 0.21000000 0.21000000 0.21000000 0.21000000 0.21000000 0.21000000 0.21000000
2016 male 1  0.21000000 0.21000000 0.21000000 0.21000000 0.21000000 0.21000000 0.21000000 0.21000000 0.21000000 0.21000000 0.21000000 0.21000000 0.21000000 0.21000000 0.21000000 0.21000000 0.21000000
2017 male 1  0.21000000 0.21000000 0.21000000 0.21000000 0.21000000 0.21000000 0.21000000 0.21000000 0.21000000 0.21000000 0.21000000 0.21000000 0.21000000 0.21000000 0.21000000 0.21000000 0.21000000
2018 male 1  0.21000000 0.21000000 0.21000000 0.21000000 0.21000000 0.21000000 0.21000000 0.21000000 0.21000000 0.21000000 0.21000000 0.21000000 0.21000000 0.21000000 0.21000000 0.21000000 0.21000000
2019 male 1  0.21000000 0.21000000 0.21000000 0.21000000 0.21000000 0.21000000 0.21000000 0.21000000 0.21000000 0.21000000 0.21000000 0.21000000 0.21000000 0.21000000 0.21000000 0.21000000 0.21000000
2020 male 1  0.21000000 0.21000000 0.21000000 0.21000000 0.21000000 0.21000000 0.21000000 0.21000000 0.21000000 0.21000000 0.21000000 0.21000000 0.21000000 0.21000000 0.21000000 0.21000000 0.21000000
2021 male 1  0.21000000 0.21000000 0.21000000 0.21000000 0.21000000 0.21000000 0.21000000 0.21000000 0.21000000 0.21000000 0.21000000 0.21000000 0.21000000 0.21000000 0.21000000 0.21000000 0.21000000

# Fully-selected fishing mortality-by-season by sex and fishery
# Sex Fleet Year 1 2 3 4 5 6 
male Pot_Fishery 1960  0.00000000 0.00000000 0.00000000 0.00000000 0.00000000 0.00000000
male Pot_Fishery 1961  0.00000000 0.00000000 0.00000000 0.00000000 0.00000000 0.00000000
male Pot_Fishery 1962  0.00000000 0.00000000 0.00000000 0.00000000 0.00000000 0.00000000
male Pot_Fishery 1963  0.00000000 0.00000000 0.00000000 0.00000000 0.00000000 0.00000000
male Pot_Fishery 1964  0.00000000 0.00000000 0.00000000 0.00000000 0.00000000 0.00000000
male Pot_Fishery 1965  0.00000000 0.00000000 0.00000000 0.00000000 0.00000000 0.00000000
male Pot_Fishery 1966  0.00000000 0.00000000 0.00000000 0.00000000 0.00000000 0.00000000
male Pot_Fishery 1967  0.00000000 0.00000000 0.00000000 0.00000000 0.00000000 0.00000000
male Pot_Fishery 1968  0.00000000 0.00000000 0.00000000 0.00000000 0.00000000 0.00000000
male Pot_Fishery 1969  0.00000000 0.00000000 0.00000000 0.00000000 0.00000000 0.00000000
male Pot_Fishery 1970  0.00000000 0.00000000 0.00000000 0.00000000 0.00000000 0.00000000
male Pot_Fishery 1971  0.00000000 0.00000000 0.00000000 0.00000000 0.00000000 0.00000000
male Pot_Fishery 1972  0.00000000 0.00000000 0.00000000 0.00000000 0.00000000 0.00000000
male Pot_Fishery 1973  0.00000000 0.00000000 0.00000000 0.00000000 0.00000000 0.00000000
male Pot_Fishery 1974  0.00000000 0.00000000 0.00000000 0.00000000 0.00000000 0.00000000
male Pot_Fishery 1975  0.00000000 0.00000000 0.00000000 0.00000000 0.00000000 0.00000000
male Pot_Fishery 1976  0.00000000 0.00000000 0.00000000 0.00000000 0.00000000 0.00000000
male Pot_Fishery 1977  0.00000000 0.00000000 0.00000000 0.00000000 0.00000000 0.00000000
male Pot_Fishery 1978  0.00000000 0.00000000 0.00000000 0.00000000 0.00000000 0.00000000
male Pot_Fishery 1979  0.00000000 0.00000000 0.00000000 0.00000000 0.00000000 0.00000000
male Pot_Fishery 1980  0.00000000 0.00000000 0.00000000 0.00000000 0.00000000 0.00000000
male Pot_Fishery 1981  0.00000000 0.00000000 0.00964409 0.00000000 0.00000000 0.00000000
male Pot_Fishery 1982  0.00000000 0.00000000 0.31218960 0.00000000 0.00000000 0.00000000
male Pot_Fishery 1983  0.00000000 0.00000000 0.46948720 0.00000000 0.00000000 0.00000000
male Pot_Fishery 1984  0.00000000 0.00000000 0.07636889 0.00000000 0.00000000 0.00000000
male Pot_Fishery 1985  0.00000000 0.00000000 0.37091890 0.00000000 0.00000000 0.00000000
male Pot_Fishery 1986  0.00000000 0.00000000 1.09462824 0.00000000 0.00000000 0.00000000
male Pot_Fishery 1987  0.00000000 0.00000000 0.88830807 0.00000000 0.00000000 0.00000000
male Pot_Fishery 1988  0.00000000 0.00000000 0.95208180 0.00000000 0.00000000 0.00000000
male Pot_Fishery 1989  0.00000000 0.00000000 1.59500711 0.00000000 0.00000000 0.00000000
male Pot_Fishery 1990  0.00000000 0.00000000 1.14302311 0.00000000 0.00000000 0.00000000
male Pot_Fishery 1991  0.00000000 0.00000000 0.98662390 0.00000000 0.00000000 0.00000000
male Pot_Fishery 1992  0.00000000 0.00000000 0.72368493 0.00000000 0.00000000 0.00000000
male Pot_Fishery 1993  0.00000000 0.00000000 0.43484535 0.00000000 0.00000000 0.00000000
male Pot_Fishery 1994  0.00000000 0.00000000 1.16406761 0.00000000 0.00000000 0.00000000
male Pot_Fishery 1995  0.00000000 0.00000000 0.92269612 0.00000000 0.00000000 0.00000000
male Pot_Fishery 1996  0.00000000 0.00000000 0.88063724 0.00000000 0.00000000 0.00000000
male Pot_Fishery 1997  0.00000000 0.00000000 0.74060799 0.00000000 0.00000000 0.00000000
male Pot_Fishery 1998  0.00000000 0.00000000 0.57911131 0.00000000 0.00000000 0.00000000
male Pot_Fishery 1999  0.00000000 0.00000000 0.75148620 0.00000000 0.00000000 0.00000000
male Pot_Fishery 2000  0.00000000 0.00000000 0.81663703 0.00000000 0.00000000 0.00000000
male Pot_Fishery 2001  0.00000000 0.00000000 0.70491224 0.00000000 0.00000000 0.00000000
male Pot_Fishery 2002  0.00000000 0.00000000 0.57757078 0.00000000 0.00000000 0.00000000
male Pot_Fishery 2003  0.00000000 0.00000000 0.50711351 0.00000000 0.00000000 0.00000000
male Pot_Fishery 2004  0.00000000 0.00000000 0.45498021 0.00000000 0.00000000 0.00000000
male Pot_Fishery 2005  0.00000000 0.00000000 0.39140754 0.00000000 0.00000000 0.00000000
male Pot_Fishery 2006  0.00000000 0.00000000 0.32197442 0.00000000 0.00000000 0.00000000
male Pot_Fishery 2007  0.00000000 0.00000000 0.35391585 0.00000000 0.00000000 0.00000000
male Pot_Fishery 2008  0.00000000 0.00000000 0.32787208 0.00000000 0.00000000 0.00000000
male Pot_Fishery 2009  0.00000000 0.00000000 0.35681028 0.00000000 0.00000000 0.00000000
male Pot_Fishery 2010  0.00000000 0.00000000 0.36867216 0.00000000 0.00000000 0.00000000
male Pot_Fishery 2011  0.00000000 0.00000000 0.39597296 0.00000000 0.00000000 0.00000000
male Pot_Fishery 2012  0.00000000 0.00000000 0.46382270 0.00000000 0.00000000 0.00000000
male Pot_Fishery 2013  0.00000000 0.00000000 0.55865989 0.00000000 0.00000000 0.00000000
male Pot_Fishery 2014  0.00000000 0.00000000 0.53790568 0.00000000 0.00000000 0.00000000
male Pot_Fishery 2015  0.00000000 0.00000000 0.48613653 0.00000000 0.00000000 0.00000000
male Pot_Fishery 2016  0.00000000 0.00000000 0.39434214 0.00000000 0.00000000 0.00000000
male Pot_Fishery 2017  0.00000000 0.00000000 0.35966032 0.00000000 0.00000000 0.00000000
male Pot_Fishery 2018  0.00000000 0.00000000 0.39064682 0.00000000 0.00000000 0.00000000
male Pot_Fishery 2019  0.00000000 0.00000000 0.45344368 0.00000000 0.00000000 0.00000000
male Pot_Fishery 2020  0.00000000 0.00000000 0.51349017 0.00000000 0.00000000 0.00000000
male Pot_Fishery 2021  0.00000000 0.00000000 0.49924234 0.00000000 0.00000000 0.00000000
male Trawl_Bycatch 1960  0.00000000 0.00000000 0.00000000 0.00000000 0.00000000 0.00000000
male Trawl_Bycatch 1961  0.00000000 0.00000000 0.00000000 0.00000000 0.00000000 0.00000000
male Trawl_Bycatch 1962  0.00000000 0.00000000 0.00000000 0.00000000 0.00000000 0.00000000
male Trawl_Bycatch 1963  0.00000000 0.00000000 0.00000000 0.00000000 0.00000000 0.00000000
male Trawl_Bycatch 1964  0.00000000 0.00000000 0.00000000 0.00000000 0.00000000 0.00000000
male Trawl_Bycatch 1965  0.00000000 0.00000000 0.00000000 0.00000000 0.00000000 0.00000000
male Trawl_Bycatch 1966  0.00000000 0.00000000 0.00000000 0.00000000 0.00000000 0.00000000
male Trawl_Bycatch 1967  0.00000000 0.00000000 0.00000000 0.00000000 0.00000000 0.00000000
male Trawl_Bycatch 1968  0.00000000 0.00000000 0.00000000 0.00000000 0.00000000 0.00000000
male Trawl_Bycatch 1969  0.00000000 0.00000000 0.00000000 0.00000000 0.00000000 0.00000000
male Trawl_Bycatch 1970  0.00000000 0.00000000 0.00000000 0.00000000 0.00000000 0.00000000
male Trawl_Bycatch 1971  0.00000000 0.00000000 0.00000000 0.00000000 0.00000000 0.00000000
male Trawl_Bycatch 1972  0.00000000 0.00000000 0.00000000 0.00000000 0.00000000 0.00000000
male Trawl_Bycatch 1973  0.00000000 0.00000000 0.00000000 0.00000000 0.00000000 0.00000000
male Trawl_Bycatch 1974  0.00000000 0.00000000 0.00000000 0.00000000 0.00000000 0.00000000
male Trawl_Bycatch 1975  0.00000000 0.00000000 0.00000000 0.00000000 0.00000000 0.00000000
male Trawl_Bycatch 1976  0.00000000 0.00000000 0.00000000 0.00000000 0.00000000 0.00000000
male Trawl_Bycatch 1977  0.00000000 0.00000000 0.00000000 0.00000000 0.00000000 0.00000000
male Trawl_Bycatch 1978  0.00000000 0.00000000 0.00000000 0.00000000 0.00000000 0.00000000
male Trawl_Bycatch 1979  0.00000000 0.00000000 0.00000000 0.00000000 0.00000000 0.00000000
male Trawl_Bycatch 1980  0.00000000 0.00000000 0.00000000 0.00000000 0.00000000 0.00000000
male Trawl_Bycatch 1981  0.00000000 0.00000000 0.00000000 0.00000000 0.00000000 0.00000000
male Trawl_Bycatch 1982  0.00000000 0.00000000 0.00000000 0.00000000 0.00000000 0.00000000
male Trawl_Bycatch 1983  0.00000000 0.00000000 0.00000000 0.00000000 0.00000000 0.00000000
male Trawl_Bycatch 1984  0.00000000 0.00000000 0.00000000 0.00000000 0.00000000 0.00000000
male Trawl_Bycatch 1985  0.00000000 0.00000000 0.00000000 0.00000000 0.00000000 0.00000000
male Trawl_Bycatch 1986  0.00000000 0.00000000 0.00000000 0.00000000 0.00000000 0.00000000
male Trawl_Bycatch 1987  0.00000000 0.00000000 0.00000000 0.00000000 0.00000000 0.00000000
male Trawl_Bycatch 1988  0.00000000 0.00000000 0.00000000 0.00000000 0.00000000 0.00000000
male Trawl_Bycatch 1989  0.00000000 0.00000000 0.00002214 0.00000000 0.00000000 0.00000000
male Trawl_Bycatch 1990  0.00000000 0.00000000 0.00015916 0.00000000 0.00000000 0.00000000
male Trawl_Bycatch 1991  0.00000000 0.00000000 0.00000912 0.00000000 0.00000000 0.00000000
male Trawl_Bycatch 1992  0.00000000 0.00000000 0.00014590 0.00000000 0.00000000 0.00000000
male Trawl_Bycatch 1993  0.00000000 0.00000000 0.00000000 0.00000000 0.00000000 0.00000000
male Trawl_Bycatch 1994  0.00000000 0.00000000 0.00003311 0.00000000 0.00000000 0.00000000
male Trawl_Bycatch 1995  0.00000000 0.00000000 0.00023472 0.00000000 0.00000000 0.00000000
male Trawl_Bycatch 1996  0.00000000 0.00000000 0.00080397 0.00000000 0.00000000 0.00000000
male Trawl_Bycatch 1997  0.00000000 0.00000000 0.00012404 0.00000000 0.00000000 0.00000000
male Trawl_Bycatch 1998  0.00000000 0.00000000 0.00053253 0.00000000 0.00000000 0.00000000
male Trawl_Bycatch 1999  0.00000000 0.00000000 0.00047188 0.00000000 0.00000000 0.00000000
male Trawl_Bycatch 2000  0.00000000 0.00000000 0.00026306 0.00000000 0.00000000 0.00000000
male Trawl_Bycatch 2001  0.00000000 0.00000000 0.00009903 0.00000000 0.00000000 0.00000000
male Trawl_Bycatch 2002  0.00000000 0.00000000 0.00025896 0.00000000 0.00000000 0.00000000
male Trawl_Bycatch 2003  0.00000000 0.00000000 0.00006500 0.00000000 0.00000000 0.00000000
male Trawl_Bycatch 2004  0.00000000 0.00000000 0.00019976 0.00000000 0.00000000 0.00000000
male Trawl_Bycatch 2005  0.00000000 0.00000000 0.00071668 0.00000000 0.00000000 0.00000000
male Trawl_Bycatch 2006  0.00000000 0.00000000 0.00044317 0.00000000 0.00000000 0.00000000
male Trawl_Bycatch 2007  0.00000000 0.00000000 0.00028278 0.00000000 0.00000000 0.00000000
male Trawl_Bycatch 2008  0.00000000 0.00000000 0.00170304 0.00000000 0.00000000 0.00000000
male Trawl_Bycatch 2009  0.00000000 0.00000000 0.00093929 0.00000000 0.00000000 0.00000000
male Trawl_Bycatch 2010  0.00000000 0.00000000 0.00052725 0.00000000 0.00000000 0.00000000
male Trawl_Bycatch 2011  0.00000000 0.00000000 0.00058970 0.00000000 0.00000000 0.00000000
male Trawl_Bycatch 2012  0.00000000 0.00000000 0.00101406 0.00000000 0.00000000 0.00000000
male Trawl_Bycatch 2013  0.00000000 0.00000000 0.00088864 0.00000000 0.00000000 0.00000000
male Trawl_Bycatch 2014  0.00000000 0.00000000 0.00062541 0.00000000 0.00000000 0.00000000
male Trawl_Bycatch 2015  0.00000000 0.00000000 0.00037411 0.00000000 0.00000000 0.00000000
male Trawl_Bycatch 2016  0.00000000 0.00000000 0.00055051 0.00000000 0.00000000 0.00000000
male Trawl_Bycatch 2017  0.00000000 0.00000000 0.00025704 0.00000000 0.00000000 0.00000000
male Trawl_Bycatch 2018  0.00000000 0.00000000 0.00038843 0.00000000 0.00000000 0.00000000
male Trawl_Bycatch 2019  0.00000000 0.00000000 0.00096805 0.00000000 0.00000000 0.00000000
male Trawl_Bycatch 2020  0.00000000 0.00000000 0.00021002 0.00000000 0.00000000 0.00000000
male Trawl_Bycatch 2021  0.00000000 0.00000000 0.00020670 0.00000000 0.00000000 0.00000000

# Fully-selected_fishing mortality by fleet
# Sex Year Season Fleet Pot_Fishery Trawl_Bycatch 
male 1960 1 0.00000000 0.00000000 
male 1960 2 0.00000000 0.00000000 
male 1960 3 0.00000000 0.00000000 
male 1960 4 0.00000000 0.00000000 
male 1960 5 0.00000000 0.00000000 
male 1960 6 0.00000000 0.00000000 
male 1961 1 0.00000000 0.00000000 
male 1961 2 0.00000000 0.00000000 
male 1961 3 0.00000000 0.00000000 
male 1961 4 0.00000000 0.00000000 
male 1961 5 0.00000000 0.00000000 
male 1961 6 0.00000000 0.00000000 
male 1962 1 0.00000000 0.00000000 
male 1962 2 0.00000000 0.00000000 
male 1962 3 0.00000000 0.00000000 
male 1962 4 0.00000000 0.00000000 
male 1962 5 0.00000000 0.00000000 
male 1962 6 0.00000000 0.00000000 
male 1963 1 0.00000000 0.00000000 
male 1963 2 0.00000000 0.00000000 
male 1963 3 0.00000000 0.00000000 
male 1963 4 0.00000000 0.00000000 
male 1963 5 0.00000000 0.00000000 
male 1963 6 0.00000000 0.00000000 
male 1964 1 0.00000000 0.00000000 
male 1964 2 0.00000000 0.00000000 
male 1964 3 0.00000000 0.00000000 
male 1964 4 0.00000000 0.00000000 
male 1964 5 0.00000000 0.00000000 
male 1964 6 0.00000000 0.00000000 
male 1965 1 0.00000000 0.00000000 
male 1965 2 0.00000000 0.00000000 
male 1965 3 0.00000000 0.00000000 
male 1965 4 0.00000000 0.00000000 
male 1965 5 0.00000000 0.00000000 
male 1965 6 0.00000000 0.00000000 
male 1966 1 0.00000000 0.00000000 
male 1966 2 0.00000000 0.00000000 
male 1966 3 0.00000000 0.00000000 
male 1966 4 0.00000000 0.00000000 
male 1966 5 0.00000000 0.00000000 
male 1966 6 0.00000000 0.00000000 
male 1967 1 0.00000000 0.00000000 
male 1967 2 0.00000000 0.00000000 
male 1967 3 0.00000000 0.00000000 
male 1967 4 0.00000000 0.00000000 
male 1967 5 0.00000000 0.00000000 
male 1967 6 0.00000000 0.00000000 
male 1968 1 0.00000000 0.00000000 
male 1968 2 0.00000000 0.00000000 
male 1968 3 0.00000000 0.00000000 
male 1968 4 0.00000000 0.00000000 
male 1968 5 0.00000000 0.00000000 
male 1968 6 0.00000000 0.00000000 
male 1969 1 0.00000000 0.00000000 
male 1969 2 0.00000000 0.00000000 
male 1969 3 0.00000000 0.00000000 
male 1969 4 0.00000000 0.00000000 
male 1969 5 0.00000000 0.00000000 
male 1969 6 0.00000000 0.00000000 
male 1970 1 0.00000000 0.00000000 
male 1970 2 0.00000000 0.00000000 
male 1970 3 0.00000000 0.00000000 
male 1970 4 0.00000000 0.00000000 
male 1970 5 0.00000000 0.00000000 
male 1970 6 0.00000000 0.00000000 
male 1971 1 0.00000000 0.00000000 
male 1971 2 0.00000000 0.00000000 
male 1971 3 0.00000000 0.00000000 
male 1971 4 0.00000000 0.00000000 
male 1971 5 0.00000000 0.00000000 
male 1971 6 0.00000000 0.00000000 
male 1972 1 0.00000000 0.00000000 
male 1972 2 0.00000000 0.00000000 
male 1972 3 0.00000000 0.00000000 
male 1972 4 0.00000000 0.00000000 
male 1972 5 0.00000000 0.00000000 
male 1972 6 0.00000000 0.00000000 
male 1973 1 0.00000000 0.00000000 
male 1973 2 0.00000000 0.00000000 
male 1973 3 0.00000000 0.00000000 
male 1973 4 0.00000000 0.00000000 
male 1973 5 0.00000000 0.00000000 
male 1973 6 0.00000000 0.00000000 
male 1974 1 0.00000000 0.00000000 
male 1974 2 0.00000000 0.00000000 
male 1974 3 0.00000000 0.00000000 
male 1974 4 0.00000000 0.00000000 
male 1974 5 0.00000000 0.00000000 
male 1974 6 0.00000000 0.00000000 
male 1975 1 0.00000000 0.00000000 
male 1975 2 0.00000000 0.00000000 
male 1975 3 0.00000000 0.00000000 
male 1975 4 0.00000000 0.00000000 
male 1975 5 0.00000000 0.00000000 
male 1975 6 0.00000000 0.00000000 
male 1976 1 0.00000000 0.00000000 
male 1976 2 0.00000000 0.00000000 
male 1976 3 0.00000000 0.00000000 
male 1976 4 0.00000000 0.00000000 
male 1976 5 0.00000000 0.00000000 
male 1976 6 0.00000000 0.00000000 
male 1977 1 0.00000000 0.00000000 
male 1977 2 0.00000000 0.00000000 
male 1977 3 0.00000000 0.00000000 
male 1977 4 0.00000000 0.00000000 
male 1977 5 0.00000000 0.00000000 
male 1977 6 0.00000000 0.00000000 
male 1978 1 0.00000000 0.00000000 
male 1978 2 0.00000000 0.00000000 
male 1978 3 0.00000000 0.00000000 
male 1978 4 0.00000000 0.00000000 
male 1978 5 0.00000000 0.00000000 
male 1978 6 0.00000000 0.00000000 
male 1979 1 0.00000000 0.00000000 
male 1979 2 0.00000000 0.00000000 
male 1979 3 0.00000000 0.00000000 
male 1979 4 0.00000000 0.00000000 
male 1979 5 0.00000000 0.00000000 
male 1979 6 0.00000000 0.00000000 
male 1980 1 0.00000000 0.00000000 
male 1980 2 0.00000000 0.00000000 
male 1980 3 0.00000000 0.00000000 
male 1980 4 0.00000000 0.00000000 
male 1980 5 0.00000000 0.00000000 
male 1980 6 0.00000000 0.00000000 
male 1981 1 0.00000000 0.00000000 
male 1981 2 0.00000000 0.00000000 
male 1981 3 0.00964409 0.00000000 
male 1981 4 0.00000000 0.00000000 
male 1981 5 0.00000000 0.00000000 
male 1981 6 0.00000000 0.00000000 
male 1982 1 0.00000000 0.00000000 
male 1982 2 0.00000000 0.00000000 
male 1982 3 0.31218960 0.00000000 
male 1982 4 0.00000000 0.00000000 
male 1982 5 0.00000000 0.00000000 
male 1982 6 0.00000000 0.00000000 
male 1983 1 0.00000000 0.00000000 
male 1983 2 0.00000000 0.00000000 
male 1983 3 0.46948720 0.00000000 
male 1983 4 0.00000000 0.00000000 
male 1983 5 0.00000000 0.00000000 
male 1983 6 0.00000000 0.00000000 
male 1984 1 0.00000000 0.00000000 
male 1984 2 0.00000000 0.00000000 
male 1984 3 0.07636889 0.00000000 
male 1984 4 0.00000000 0.00000000 
male 1984 5 0.00000000 0.00000000 
male 1984 6 0.00000000 0.00000000 
male 1985 1 0.00000000 0.00000000 
male 1985 2 0.00000000 0.00000000 
male 1985 3 0.37091890 0.00000000 
male 1985 4 0.00000000 0.00000000 
male 1985 5 0.00000000 0.00000000 
male 1985 6 0.00000000 0.00000000 
male 1986 1 0.00000000 0.00000000 
male 1986 2 0.00000000 0.00000000 
male 1986 3 1.09462824 0.00000000 
male 1986 4 0.00000000 0.00000000 
male 1986 5 0.00000000 0.00000000 
male 1986 6 0.00000000 0.00000000 
male 1987 1 0.00000000 0.00000000 
male 1987 2 0.00000000 0.00000000 
male 1987 3 0.88830807 0.00000000 
male 1987 4 0.00000000 0.00000000 
male 1987 5 0.00000000 0.00000000 
male 1987 6 0.00000000 0.00000000 
male 1988 1 0.00000000 0.00000000 
male 1988 2 0.00000000 0.00000000 
male 1988 3 0.95208180 0.00000000 
male 1988 4 0.00000000 0.00000000 
male 1988 5 0.00000000 0.00000000 
male 1988 6 0.00000000 0.00000000 
male 1989 1 0.00000000 0.00000000 
male 1989 2 0.00000000 0.00000000 
male 1989 3 1.59500711 0.00002214 
male 1989 4 0.00000000 0.00000000 
male 1989 5 0.00000000 0.00000000 
male 1989 6 0.00000000 0.00000000 
male 1990 1 0.00000000 0.00000000 
male 1990 2 0.00000000 0.00000000 
male 1990 3 1.14302311 0.00015916 
male 1990 4 0.00000000 0.00000000 
male 1990 5 0.00000000 0.00000000 
male 1990 6 0.00000000 0.00000000 
male 1991 1 0.00000000 0.00000000 
male 1991 2 0.00000000 0.00000000 
male 1991 3 0.98662390 0.00000912 
male 1991 4 0.00000000 0.00000000 
male 1991 5 0.00000000 0.00000000 
male 1991 6 0.00000000 0.00000000 
male 1992 1 0.00000000 0.00000000 
male 1992 2 0.00000000 0.00000000 
male 1992 3 0.72368493 0.00014590 
male 1992 4 0.00000000 0.00000000 
male 1992 5 0.00000000 0.00000000 
male 1992 6 0.00000000 0.00000000 
male 1993 1 0.00000000 0.00000000 
male 1993 2 0.00000000 0.00000000 
male 1993 3 0.43484535 0.00000000 
male 1993 4 0.00000000 0.00000000 
male 1993 5 0.00000000 0.00000000 
male 1993 6 0.00000000 0.00000000 
male 1994 1 0.00000000 0.00000000 
male 1994 2 0.00000000 0.00000000 
male 1994 3 1.16406761 0.00003311 
male 1994 4 0.00000000 0.00000000 
male 1994 5 0.00000000 0.00000000 
male 1994 6 0.00000000 0.00000000 
male 1995 1 0.00000000 0.00000000 
male 1995 2 0.00000000 0.00000000 
male 1995 3 0.92269612 0.00023472 
male 1995 4 0.00000000 0.00000000 
male 1995 5 0.00000000 0.00000000 
male 1995 6 0.00000000 0.00000000 
male 1996 1 0.00000000 0.00000000 
male 1996 2 0.00000000 0.00000000 
male 1996 3 0.88063724 0.00080397 
male 1996 4 0.00000000 0.00000000 
male 1996 5 0.00000000 0.00000000 
male 1996 6 0.00000000 0.00000000 
male 1997 1 0.00000000 0.00000000 
male 1997 2 0.00000000 0.00000000 
male 1997 3 0.74060799 0.00012404 
male 1997 4 0.00000000 0.00000000 
male 1997 5 0.00000000 0.00000000 
male 1997 6 0.00000000 0.00000000 
male 1998 1 0.00000000 0.00000000 
male 1998 2 0.00000000 0.00000000 
male 1998 3 0.57911131 0.00053253 
male 1998 4 0.00000000 0.00000000 
male 1998 5 0.00000000 0.00000000 
male 1998 6 0.00000000 0.00000000 
male 1999 1 0.00000000 0.00000000 
male 1999 2 0.00000000 0.00000000 
male 1999 3 0.75148620 0.00047188 
male 1999 4 0.00000000 0.00000000 
male 1999 5 0.00000000 0.00000000 
male 1999 6 0.00000000 0.00000000 
male 2000 1 0.00000000 0.00000000 
male 2000 2 0.00000000 0.00000000 
male 2000 3 0.81663703 0.00026306 
male 2000 4 0.00000000 0.00000000 
male 2000 5 0.00000000 0.00000000 
male 2000 6 0.00000000 0.00000000 
male 2001 1 0.00000000 0.00000000 
male 2001 2 0.00000000 0.00000000 
male 2001 3 0.70491224 0.00009903 
male 2001 4 0.00000000 0.00000000 
male 2001 5 0.00000000 0.00000000 
male 2001 6 0.00000000 0.00000000 
male 2002 1 0.00000000 0.00000000 
male 2002 2 0.00000000 0.00000000 
male 2002 3 0.57757078 0.00025896 
male 2002 4 0.00000000 0.00000000 
male 2002 5 0.00000000 0.00000000 
male 2002 6 0.00000000 0.00000000 
male 2003 1 0.00000000 0.00000000 
male 2003 2 0.00000000 0.00000000 
male 2003 3 0.50711351 0.00006500 
male 2003 4 0.00000000 0.00000000 
male 2003 5 0.00000000 0.00000000 
male 2003 6 0.00000000 0.00000000 
male 2004 1 0.00000000 0.00000000 
male 2004 2 0.00000000 0.00000000 
male 2004 3 0.45498021 0.00019976 
male 2004 4 0.00000000 0.00000000 
male 2004 5 0.00000000 0.00000000 
male 2004 6 0.00000000 0.00000000 
male 2005 1 0.00000000 0.00000000 
male 2005 2 0.00000000 0.00000000 
male 2005 3 0.39140754 0.00071668 
male 2005 4 0.00000000 0.00000000 
male 2005 5 0.00000000 0.00000000 
male 2005 6 0.00000000 0.00000000 
male 2006 1 0.00000000 0.00000000 
male 2006 2 0.00000000 0.00000000 
male 2006 3 0.32197442 0.00044317 
male 2006 4 0.00000000 0.00000000 
male 2006 5 0.00000000 0.00000000 
male 2006 6 0.00000000 0.00000000 
male 2007 1 0.00000000 0.00000000 
male 2007 2 0.00000000 0.00000000 
male 2007 3 0.35391585 0.00028278 
male 2007 4 0.00000000 0.00000000 
male 2007 5 0.00000000 0.00000000 
male 2007 6 0.00000000 0.00000000 
male 2008 1 0.00000000 0.00000000 
male 2008 2 0.00000000 0.00000000 
male 2008 3 0.32787208 0.00170304 
male 2008 4 0.00000000 0.00000000 
male 2008 5 0.00000000 0.00000000 
male 2008 6 0.00000000 0.00000000 
male 2009 1 0.00000000 0.00000000 
male 2009 2 0.00000000 0.00000000 
male 2009 3 0.35681028 0.00093929 
male 2009 4 0.00000000 0.00000000 
male 2009 5 0.00000000 0.00000000 
male 2009 6 0.00000000 0.00000000 
male 2010 1 0.00000000 0.00000000 
male 2010 2 0.00000000 0.00000000 
male 2010 3 0.36867216 0.00052725 
male 2010 4 0.00000000 0.00000000 
male 2010 5 0.00000000 0.00000000 
male 2010 6 0.00000000 0.00000000 
male 2011 1 0.00000000 0.00000000 
male 2011 2 0.00000000 0.00000000 
male 2011 3 0.39597296 0.00058970 
male 2011 4 0.00000000 0.00000000 
male 2011 5 0.00000000 0.00000000 
male 2011 6 0.00000000 0.00000000 
male 2012 1 0.00000000 0.00000000 
male 2012 2 0.00000000 0.00000000 
male 2012 3 0.46382270 0.00101406 
male 2012 4 0.00000000 0.00000000 
male 2012 5 0.00000000 0.00000000 
male 2012 6 0.00000000 0.00000000 
male 2013 1 0.00000000 0.00000000 
male 2013 2 0.00000000 0.00000000 
male 2013 3 0.55865989 0.00088864 
male 2013 4 0.00000000 0.00000000 
male 2013 5 0.00000000 0.00000000 
male 2013 6 0.00000000 0.00000000 
male 2014 1 0.00000000 0.00000000 
male 2014 2 0.00000000 0.00000000 
male 2014 3 0.53790568 0.00062541 
male 2014 4 0.00000000 0.00000000 
male 2014 5 0.00000000 0.00000000 
male 2014 6 0.00000000 0.00000000 
male 2015 1 0.00000000 0.00000000 
male 2015 2 0.00000000 0.00000000 
male 2015 3 0.48613653 0.00037411 
male 2015 4 0.00000000 0.00000000 
male 2015 5 0.00000000 0.00000000 
male 2015 6 0.00000000 0.00000000 
male 2016 1 0.00000000 0.00000000 
male 2016 2 0.00000000 0.00000000 
male 2016 3 0.39434214 0.00055051 
male 2016 4 0.00000000 0.00000000 
male 2016 5 0.00000000 0.00000000 
male 2016 6 0.00000000 0.00000000 
male 2017 1 0.00000000 0.00000000 
male 2017 2 0.00000000 0.00000000 
male 2017 3 0.35966032 0.00025704 
male 2017 4 0.00000000 0.00000000 
male 2017 5 0.00000000 0.00000000 
male 2017 6 0.00000000 0.00000000 
male 2018 1 0.00000000 0.00000000 
male 2018 2 0.00000000 0.00000000 
male 2018 3 0.39064682 0.00038843 
male 2018 4 0.00000000 0.00000000 
male 2018 5 0.00000000 0.00000000 
male 2018 6 0.00000000 0.00000000 
male 2019 1 0.00000000 0.00000000 
male 2019 2 0.00000000 0.00000000 
male 2019 3 0.45344368 0.00096805 
male 2019 4 0.00000000 0.00000000 
male 2019 5 0.00000000 0.00000000 
male 2019 6 0.00000000 0.00000000 
male 2020 1 0.00000000 0.00000000 
male 2020 2 0.00000000 0.00000000 
male 2020 3 0.51349017 0.00021002 
male 2020 4 0.00000000 0.00000000 
male 2020 5 0.00000000 0.00000000 
male 2020 6 0.00000000 0.00000000 
male 2021 1 0.00000000 0.00000000 
male 2021 2 0.00000000 0.00000000 
male 2021 3 0.49924234 0.00020670 
male 2021 4 0.00000000 0.00000000 
male 2021 5 0.00000000 0.00000000 
male 2021 6 0.00000000 0.00000000 

# Fishing mortality-at-size by sex and season (Continuous)
# Sex Year Season 1 2 3 4 5 6 7 8 9 10 11 12 13 14 15 16 17 
male 1960 1  0.00000000 0.00000000 0.00000000 0.00000000 0.00000000 0.00000000 0.00000000 0.00000000 0.00000000 0.00000000 0.00000000 0.00000000 0.00000000 0.00000000 0.00000000 0.00000000 0.00000000
male 1960 2  0.00000000 0.00000000 0.00000000 0.00000000 0.00000000 0.00000000 0.00000000 0.00000000 0.00000000 0.00000000 0.00000000 0.00000000 0.00000000 0.00000000 0.00000000 0.00000000 0.00000000
male 1960 3  0.00000000 0.00000000 0.00000000 0.00000000 0.00000000 0.00000000 0.00000000 0.00000000 0.00000000 0.00000000 0.00000000 0.00000000 0.00000000 0.00000000 0.00000000 0.00000000 0.00000000
male 1960 4  0.00000000 0.00000000 0.00000000 0.00000000 0.00000000 0.00000000 0.00000000 0.00000000 0.00000000 0.00000000 0.00000000 0.00000000 0.00000000 0.00000000 0.00000000 0.00000000 0.00000000
male 1960 5  0.00000000 0.00000000 0.00000000 0.00000000 0.00000000 0.00000000 0.00000000 0.00000000 0.00000000 0.00000000 0.00000000 0.00000000 0.00000000 0.00000000 0.00000000 0.00000000 0.00000000
male 1960 6  0.00000000 0.00000000 0.00000000 0.00000000 0.00000000 0.00000000 0.00000000 0.00000000 0.00000000 0.00000000 0.00000000 0.00000000 0.00000000 0.00000000 0.00000000 0.00000000 0.00000000
male 1961 1  0.00000000 0.00000000 0.00000000 0.00000000 0.00000000 0.00000000 0.00000000 0.00000000 0.00000000 0.00000000 0.00000000 0.00000000 0.00000000 0.00000000 0.00000000 0.00000000 0.00000000
male 1961 2  0.00000000 0.00000000 0.00000000 0.00000000 0.00000000 0.00000000 0.00000000 0.00000000 0.00000000 0.00000000 0.00000000 0.00000000 0.00000000 0.00000000 0.00000000 0.00000000 0.00000000
male 1961 3  0.00000000 0.00000000 0.00000000 0.00000000 0.00000000 0.00000000 0.00000000 0.00000000 0.00000000 0.00000000 0.00000000 0.00000000 0.00000000 0.00000000 0.00000000 0.00000000 0.00000000
male 1961 4  0.00000000 0.00000000 0.00000000 0.00000000 0.00000000 0.00000000 0.00000000 0.00000000 0.00000000 0.00000000 0.00000000 0.00000000 0.00000000 0.00000000 0.00000000 0.00000000 0.00000000
male 1961 5  0.00000000 0.00000000 0.00000000 0.00000000 0.00000000 0.00000000 0.00000000 0.00000000 0.00000000 0.00000000 0.00000000 0.00000000 0.00000000 0.00000000 0.00000000 0.00000000 0.00000000
male 1961 6  0.00000000 0.00000000 0.00000000 0.00000000 0.00000000 0.00000000 0.00000000 0.00000000 0.00000000 0.00000000 0.00000000 0.00000000 0.00000000 0.00000000 0.00000000 0.00000000 0.00000000
male 1962 1  0.00000000 0.00000000 0.00000000 0.00000000 0.00000000 0.00000000 0.00000000 0.00000000 0.00000000 0.00000000 0.00000000 0.00000000 0.00000000 0.00000000 0.00000000 0.00000000 0.00000000
male 1962 2  0.00000000 0.00000000 0.00000000 0.00000000 0.00000000 0.00000000 0.00000000 0.00000000 0.00000000 0.00000000 0.00000000 0.00000000 0.00000000 0.00000000 0.00000000 0.00000000 0.00000000
male 1962 3  0.00000000 0.00000000 0.00000000 0.00000000 0.00000000 0.00000000 0.00000000 0.00000000 0.00000000 0.00000000 0.00000000 0.00000000 0.00000000 0.00000000 0.00000000 0.00000000 0.00000000
male 1962 4  0.00000000 0.00000000 0.00000000 0.00000000 0.00000000 0.00000000 0.00000000 0.00000000 0.00000000 0.00000000 0.00000000 0.00000000 0.00000000 0.00000000 0.00000000 0.00000000 0.00000000
male 1962 5  0.00000000 0.00000000 0.00000000 0.00000000 0.00000000 0.00000000 0.00000000 0.00000000 0.00000000 0.00000000 0.00000000 0.00000000 0.00000000 0.00000000 0.00000000 0.00000000 0.00000000
male 1962 6  0.00000000 0.00000000 0.00000000 0.00000000 0.00000000 0.00000000 0.00000000 0.00000000 0.00000000 0.00000000 0.00000000 0.00000000 0.00000000 0.00000000 0.00000000 0.00000000 0.00000000
male 1963 1  0.00000000 0.00000000 0.00000000 0.00000000 0.00000000 0.00000000 0.00000000 0.00000000 0.00000000 0.00000000 0.00000000 0.00000000 0.00000000 0.00000000 0.00000000 0.00000000 0.00000000
male 1963 2  0.00000000 0.00000000 0.00000000 0.00000000 0.00000000 0.00000000 0.00000000 0.00000000 0.00000000 0.00000000 0.00000000 0.00000000 0.00000000 0.00000000 0.00000000 0.00000000 0.00000000
male 1963 3  0.00000000 0.00000000 0.00000000 0.00000000 0.00000000 0.00000000 0.00000000 0.00000000 0.00000000 0.00000000 0.00000000 0.00000000 0.00000000 0.00000000 0.00000000 0.00000000 0.00000000
male 1963 4  0.00000000 0.00000000 0.00000000 0.00000000 0.00000000 0.00000000 0.00000000 0.00000000 0.00000000 0.00000000 0.00000000 0.00000000 0.00000000 0.00000000 0.00000000 0.00000000 0.00000000
male 1963 5  0.00000000 0.00000000 0.00000000 0.00000000 0.00000000 0.00000000 0.00000000 0.00000000 0.00000000 0.00000000 0.00000000 0.00000000 0.00000000 0.00000000 0.00000000 0.00000000 0.00000000
male 1963 6  0.00000000 0.00000000 0.00000000 0.00000000 0.00000000 0.00000000 0.00000000 0.00000000 0.00000000 0.00000000 0.00000000 0.00000000 0.00000000 0.00000000 0.00000000 0.00000000 0.00000000
male 1964 1  0.00000000 0.00000000 0.00000000 0.00000000 0.00000000 0.00000000 0.00000000 0.00000000 0.00000000 0.00000000 0.00000000 0.00000000 0.00000000 0.00000000 0.00000000 0.00000000 0.00000000
male 1964 2  0.00000000 0.00000000 0.00000000 0.00000000 0.00000000 0.00000000 0.00000000 0.00000000 0.00000000 0.00000000 0.00000000 0.00000000 0.00000000 0.00000000 0.00000000 0.00000000 0.00000000
male 1964 3  0.00000000 0.00000000 0.00000000 0.00000000 0.00000000 0.00000000 0.00000000 0.00000000 0.00000000 0.00000000 0.00000000 0.00000000 0.00000000 0.00000000 0.00000000 0.00000000 0.00000000
male 1964 4  0.00000000 0.00000000 0.00000000 0.00000000 0.00000000 0.00000000 0.00000000 0.00000000 0.00000000 0.00000000 0.00000000 0.00000000 0.00000000 0.00000000 0.00000000 0.00000000 0.00000000
male 1964 5  0.00000000 0.00000000 0.00000000 0.00000000 0.00000000 0.00000000 0.00000000 0.00000000 0.00000000 0.00000000 0.00000000 0.00000000 0.00000000 0.00000000 0.00000000 0.00000000 0.00000000
male 1964 6  0.00000000 0.00000000 0.00000000 0.00000000 0.00000000 0.00000000 0.00000000 0.00000000 0.00000000 0.00000000 0.00000000 0.00000000 0.00000000 0.00000000 0.00000000 0.00000000 0.00000000
male 1965 1  0.00000000 0.00000000 0.00000000 0.00000000 0.00000000 0.00000000 0.00000000 0.00000000 0.00000000 0.00000000 0.00000000 0.00000000 0.00000000 0.00000000 0.00000000 0.00000000 0.00000000
male 1965 2  0.00000000 0.00000000 0.00000000 0.00000000 0.00000000 0.00000000 0.00000000 0.00000000 0.00000000 0.00000000 0.00000000 0.00000000 0.00000000 0.00000000 0.00000000 0.00000000 0.00000000
male 1965 3  0.00000000 0.00000000 0.00000000 0.00000000 0.00000000 0.00000000 0.00000000 0.00000000 0.00000000 0.00000000 0.00000000 0.00000000 0.00000000 0.00000000 0.00000000 0.00000000 0.00000000
male 1965 4  0.00000000 0.00000000 0.00000000 0.00000000 0.00000000 0.00000000 0.00000000 0.00000000 0.00000000 0.00000000 0.00000000 0.00000000 0.00000000 0.00000000 0.00000000 0.00000000 0.00000000
male 1965 5  0.00000000 0.00000000 0.00000000 0.00000000 0.00000000 0.00000000 0.00000000 0.00000000 0.00000000 0.00000000 0.00000000 0.00000000 0.00000000 0.00000000 0.00000000 0.00000000 0.00000000
male 1965 6  0.00000000 0.00000000 0.00000000 0.00000000 0.00000000 0.00000000 0.00000000 0.00000000 0.00000000 0.00000000 0.00000000 0.00000000 0.00000000 0.00000000 0.00000000 0.00000000 0.00000000
male 1966 1  0.00000000 0.00000000 0.00000000 0.00000000 0.00000000 0.00000000 0.00000000 0.00000000 0.00000000 0.00000000 0.00000000 0.00000000 0.00000000 0.00000000 0.00000000 0.00000000 0.00000000
male 1966 2  0.00000000 0.00000000 0.00000000 0.00000000 0.00000000 0.00000000 0.00000000 0.00000000 0.00000000 0.00000000 0.00000000 0.00000000 0.00000000 0.00000000 0.00000000 0.00000000 0.00000000
male 1966 3  0.00000000 0.00000000 0.00000000 0.00000000 0.00000000 0.00000000 0.00000000 0.00000000 0.00000000 0.00000000 0.00000000 0.00000000 0.00000000 0.00000000 0.00000000 0.00000000 0.00000000
male 1966 4  0.00000000 0.00000000 0.00000000 0.00000000 0.00000000 0.00000000 0.00000000 0.00000000 0.00000000 0.00000000 0.00000000 0.00000000 0.00000000 0.00000000 0.00000000 0.00000000 0.00000000
male 1966 5  0.00000000 0.00000000 0.00000000 0.00000000 0.00000000 0.00000000 0.00000000 0.00000000 0.00000000 0.00000000 0.00000000 0.00000000 0.00000000 0.00000000 0.00000000 0.00000000 0.00000000
male 1966 6  0.00000000 0.00000000 0.00000000 0.00000000 0.00000000 0.00000000 0.00000000 0.00000000 0.00000000 0.00000000 0.00000000 0.00000000 0.00000000 0.00000000 0.00000000 0.00000000 0.00000000
male 1967 1  0.00000000 0.00000000 0.00000000 0.00000000 0.00000000 0.00000000 0.00000000 0.00000000 0.00000000 0.00000000 0.00000000 0.00000000 0.00000000 0.00000000 0.00000000 0.00000000 0.00000000
male 1967 2  0.00000000 0.00000000 0.00000000 0.00000000 0.00000000 0.00000000 0.00000000 0.00000000 0.00000000 0.00000000 0.00000000 0.00000000 0.00000000 0.00000000 0.00000000 0.00000000 0.00000000
male 1967 3  0.00000000 0.00000000 0.00000000 0.00000000 0.00000000 0.00000000 0.00000000 0.00000000 0.00000000 0.00000000 0.00000000 0.00000000 0.00000000 0.00000000 0.00000000 0.00000000 0.00000000
male 1967 4  0.00000000 0.00000000 0.00000000 0.00000000 0.00000000 0.00000000 0.00000000 0.00000000 0.00000000 0.00000000 0.00000000 0.00000000 0.00000000 0.00000000 0.00000000 0.00000000 0.00000000
male 1967 5  0.00000000 0.00000000 0.00000000 0.00000000 0.00000000 0.00000000 0.00000000 0.00000000 0.00000000 0.00000000 0.00000000 0.00000000 0.00000000 0.00000000 0.00000000 0.00000000 0.00000000
male 1967 6  0.00000000 0.00000000 0.00000000 0.00000000 0.00000000 0.00000000 0.00000000 0.00000000 0.00000000 0.00000000 0.00000000 0.00000000 0.00000000 0.00000000 0.00000000 0.00000000 0.00000000
male 1968 1  0.00000000 0.00000000 0.00000000 0.00000000 0.00000000 0.00000000 0.00000000 0.00000000 0.00000000 0.00000000 0.00000000 0.00000000 0.00000000 0.00000000 0.00000000 0.00000000 0.00000000
male 1968 2  0.00000000 0.00000000 0.00000000 0.00000000 0.00000000 0.00000000 0.00000000 0.00000000 0.00000000 0.00000000 0.00000000 0.00000000 0.00000000 0.00000000 0.00000000 0.00000000 0.00000000
male 1968 3  0.00000000 0.00000000 0.00000000 0.00000000 0.00000000 0.00000000 0.00000000 0.00000000 0.00000000 0.00000000 0.00000000 0.00000000 0.00000000 0.00000000 0.00000000 0.00000000 0.00000000
male 1968 4  0.00000000 0.00000000 0.00000000 0.00000000 0.00000000 0.00000000 0.00000000 0.00000000 0.00000000 0.00000000 0.00000000 0.00000000 0.00000000 0.00000000 0.00000000 0.00000000 0.00000000
male 1968 5  0.00000000 0.00000000 0.00000000 0.00000000 0.00000000 0.00000000 0.00000000 0.00000000 0.00000000 0.00000000 0.00000000 0.00000000 0.00000000 0.00000000 0.00000000 0.00000000 0.00000000
male 1968 6  0.00000000 0.00000000 0.00000000 0.00000000 0.00000000 0.00000000 0.00000000 0.00000000 0.00000000 0.00000000 0.00000000 0.00000000 0.00000000 0.00000000 0.00000000 0.00000000 0.00000000
male 1969 1  0.00000000 0.00000000 0.00000000 0.00000000 0.00000000 0.00000000 0.00000000 0.00000000 0.00000000 0.00000000 0.00000000 0.00000000 0.00000000 0.00000000 0.00000000 0.00000000 0.00000000
male 1969 2  0.00000000 0.00000000 0.00000000 0.00000000 0.00000000 0.00000000 0.00000000 0.00000000 0.00000000 0.00000000 0.00000000 0.00000000 0.00000000 0.00000000 0.00000000 0.00000000 0.00000000
male 1969 3  0.00000000 0.00000000 0.00000000 0.00000000 0.00000000 0.00000000 0.00000000 0.00000000 0.00000000 0.00000000 0.00000000 0.00000000 0.00000000 0.00000000 0.00000000 0.00000000 0.00000000
male 1969 4  0.00000000 0.00000000 0.00000000 0.00000000 0.00000000 0.00000000 0.00000000 0.00000000 0.00000000 0.00000000 0.00000000 0.00000000 0.00000000 0.00000000 0.00000000 0.00000000 0.00000000
male 1969 5  0.00000000 0.00000000 0.00000000 0.00000000 0.00000000 0.00000000 0.00000000 0.00000000 0.00000000 0.00000000 0.00000000 0.00000000 0.00000000 0.00000000 0.00000000 0.00000000 0.00000000
male 1969 6  0.00000000 0.00000000 0.00000000 0.00000000 0.00000000 0.00000000 0.00000000 0.00000000 0.00000000 0.00000000 0.00000000 0.00000000 0.00000000 0.00000000 0.00000000 0.00000000 0.00000000
male 1970 1  0.00000000 0.00000000 0.00000000 0.00000000 0.00000000 0.00000000 0.00000000 0.00000000 0.00000000 0.00000000 0.00000000 0.00000000 0.00000000 0.00000000 0.00000000 0.00000000 0.00000000
male 1970 2  0.00000000 0.00000000 0.00000000 0.00000000 0.00000000 0.00000000 0.00000000 0.00000000 0.00000000 0.00000000 0.00000000 0.00000000 0.00000000 0.00000000 0.00000000 0.00000000 0.00000000
male 1970 3  0.00000000 0.00000000 0.00000000 0.00000000 0.00000000 0.00000000 0.00000000 0.00000000 0.00000000 0.00000000 0.00000000 0.00000000 0.00000000 0.00000000 0.00000000 0.00000000 0.00000000
male 1970 4  0.00000000 0.00000000 0.00000000 0.00000000 0.00000000 0.00000000 0.00000000 0.00000000 0.00000000 0.00000000 0.00000000 0.00000000 0.00000000 0.00000000 0.00000000 0.00000000 0.00000000
male 1970 5  0.00000000 0.00000000 0.00000000 0.00000000 0.00000000 0.00000000 0.00000000 0.00000000 0.00000000 0.00000000 0.00000000 0.00000000 0.00000000 0.00000000 0.00000000 0.00000000 0.00000000
male 1970 6  0.00000000 0.00000000 0.00000000 0.00000000 0.00000000 0.00000000 0.00000000 0.00000000 0.00000000 0.00000000 0.00000000 0.00000000 0.00000000 0.00000000 0.00000000 0.00000000 0.00000000
male 1971 1  0.00000000 0.00000000 0.00000000 0.00000000 0.00000000 0.00000000 0.00000000 0.00000000 0.00000000 0.00000000 0.00000000 0.00000000 0.00000000 0.00000000 0.00000000 0.00000000 0.00000000
male 1971 2  0.00000000 0.00000000 0.00000000 0.00000000 0.00000000 0.00000000 0.00000000 0.00000000 0.00000000 0.00000000 0.00000000 0.00000000 0.00000000 0.00000000 0.00000000 0.00000000 0.00000000
male 1971 3  0.00000000 0.00000000 0.00000000 0.00000000 0.00000000 0.00000000 0.00000000 0.00000000 0.00000000 0.00000000 0.00000000 0.00000000 0.00000000 0.00000000 0.00000000 0.00000000 0.00000000
male 1971 4  0.00000000 0.00000000 0.00000000 0.00000000 0.00000000 0.00000000 0.00000000 0.00000000 0.00000000 0.00000000 0.00000000 0.00000000 0.00000000 0.00000000 0.00000000 0.00000000 0.00000000
male 1971 5  0.00000000 0.00000000 0.00000000 0.00000000 0.00000000 0.00000000 0.00000000 0.00000000 0.00000000 0.00000000 0.00000000 0.00000000 0.00000000 0.00000000 0.00000000 0.00000000 0.00000000
male 1971 6  0.00000000 0.00000000 0.00000000 0.00000000 0.00000000 0.00000000 0.00000000 0.00000000 0.00000000 0.00000000 0.00000000 0.00000000 0.00000000 0.00000000 0.00000000 0.00000000 0.00000000
male 1972 1  0.00000000 0.00000000 0.00000000 0.00000000 0.00000000 0.00000000 0.00000000 0.00000000 0.00000000 0.00000000 0.00000000 0.00000000 0.00000000 0.00000000 0.00000000 0.00000000 0.00000000
male 1972 2  0.00000000 0.00000000 0.00000000 0.00000000 0.00000000 0.00000000 0.00000000 0.00000000 0.00000000 0.00000000 0.00000000 0.00000000 0.00000000 0.00000000 0.00000000 0.00000000 0.00000000
male 1972 3  0.00000000 0.00000000 0.00000000 0.00000000 0.00000000 0.00000000 0.00000000 0.00000000 0.00000000 0.00000000 0.00000000 0.00000000 0.00000000 0.00000000 0.00000000 0.00000000 0.00000000
male 1972 4  0.00000000 0.00000000 0.00000000 0.00000000 0.00000000 0.00000000 0.00000000 0.00000000 0.00000000 0.00000000 0.00000000 0.00000000 0.00000000 0.00000000 0.00000000 0.00000000 0.00000000
male 1972 5  0.00000000 0.00000000 0.00000000 0.00000000 0.00000000 0.00000000 0.00000000 0.00000000 0.00000000 0.00000000 0.00000000 0.00000000 0.00000000 0.00000000 0.00000000 0.00000000 0.00000000
male 1972 6  0.00000000 0.00000000 0.00000000 0.00000000 0.00000000 0.00000000 0.00000000 0.00000000 0.00000000 0.00000000 0.00000000 0.00000000 0.00000000 0.00000000 0.00000000 0.00000000 0.00000000
male 1973 1  0.00000000 0.00000000 0.00000000 0.00000000 0.00000000 0.00000000 0.00000000 0.00000000 0.00000000 0.00000000 0.00000000 0.00000000 0.00000000 0.00000000 0.00000000 0.00000000 0.00000000
male 1973 2  0.00000000 0.00000000 0.00000000 0.00000000 0.00000000 0.00000000 0.00000000 0.00000000 0.00000000 0.00000000 0.00000000 0.00000000 0.00000000 0.00000000 0.00000000 0.00000000 0.00000000
male 1973 3  0.00000000 0.00000000 0.00000000 0.00000000 0.00000000 0.00000000 0.00000000 0.00000000 0.00000000 0.00000000 0.00000000 0.00000000 0.00000000 0.00000000 0.00000000 0.00000000 0.00000000
male 1973 4  0.00000000 0.00000000 0.00000000 0.00000000 0.00000000 0.00000000 0.00000000 0.00000000 0.00000000 0.00000000 0.00000000 0.00000000 0.00000000 0.00000000 0.00000000 0.00000000 0.00000000
male 1973 5  0.00000000 0.00000000 0.00000000 0.00000000 0.00000000 0.00000000 0.00000000 0.00000000 0.00000000 0.00000000 0.00000000 0.00000000 0.00000000 0.00000000 0.00000000 0.00000000 0.00000000
male 1973 6  0.00000000 0.00000000 0.00000000 0.00000000 0.00000000 0.00000000 0.00000000 0.00000000 0.00000000 0.00000000 0.00000000 0.00000000 0.00000000 0.00000000 0.00000000 0.00000000 0.00000000
male 1974 1  0.00000000 0.00000000 0.00000000 0.00000000 0.00000000 0.00000000 0.00000000 0.00000000 0.00000000 0.00000000 0.00000000 0.00000000 0.00000000 0.00000000 0.00000000 0.00000000 0.00000000
male 1974 2  0.00000000 0.00000000 0.00000000 0.00000000 0.00000000 0.00000000 0.00000000 0.00000000 0.00000000 0.00000000 0.00000000 0.00000000 0.00000000 0.00000000 0.00000000 0.00000000 0.00000000
male 1974 3  0.00000000 0.00000000 0.00000000 0.00000000 0.00000000 0.00000000 0.00000000 0.00000000 0.00000000 0.00000000 0.00000000 0.00000000 0.00000000 0.00000000 0.00000000 0.00000000 0.00000000
male 1974 4  0.00000000 0.00000000 0.00000000 0.00000000 0.00000000 0.00000000 0.00000000 0.00000000 0.00000000 0.00000000 0.00000000 0.00000000 0.00000000 0.00000000 0.00000000 0.00000000 0.00000000
male 1974 5  0.00000000 0.00000000 0.00000000 0.00000000 0.00000000 0.00000000 0.00000000 0.00000000 0.00000000 0.00000000 0.00000000 0.00000000 0.00000000 0.00000000 0.00000000 0.00000000 0.00000000
male 1974 6  0.00000000 0.00000000 0.00000000 0.00000000 0.00000000 0.00000000 0.00000000 0.00000000 0.00000000 0.00000000 0.00000000 0.00000000 0.00000000 0.00000000 0.00000000 0.00000000 0.00000000
male 1975 1  0.00000000 0.00000000 0.00000000 0.00000000 0.00000000 0.00000000 0.00000000 0.00000000 0.00000000 0.00000000 0.00000000 0.00000000 0.00000000 0.00000000 0.00000000 0.00000000 0.00000000
male 1975 2  0.00000000 0.00000000 0.00000000 0.00000000 0.00000000 0.00000000 0.00000000 0.00000000 0.00000000 0.00000000 0.00000000 0.00000000 0.00000000 0.00000000 0.00000000 0.00000000 0.00000000
male 1975 3  0.00000000 0.00000000 0.00000000 0.00000000 0.00000000 0.00000000 0.00000000 0.00000000 0.00000000 0.00000000 0.00000000 0.00000000 0.00000000 0.00000000 0.00000000 0.00000000 0.00000000
male 1975 4  0.00000000 0.00000000 0.00000000 0.00000000 0.00000000 0.00000000 0.00000000 0.00000000 0.00000000 0.00000000 0.00000000 0.00000000 0.00000000 0.00000000 0.00000000 0.00000000 0.00000000
male 1975 5  0.00000000 0.00000000 0.00000000 0.00000000 0.00000000 0.00000000 0.00000000 0.00000000 0.00000000 0.00000000 0.00000000 0.00000000 0.00000000 0.00000000 0.00000000 0.00000000 0.00000000
male 1975 6  0.00000000 0.00000000 0.00000000 0.00000000 0.00000000 0.00000000 0.00000000 0.00000000 0.00000000 0.00000000 0.00000000 0.00000000 0.00000000 0.00000000 0.00000000 0.00000000 0.00000000
male 1976 1  0.00000000 0.00000000 0.00000000 0.00000000 0.00000000 0.00000000 0.00000000 0.00000000 0.00000000 0.00000000 0.00000000 0.00000000 0.00000000 0.00000000 0.00000000 0.00000000 0.00000000
male 1976 2  0.00000000 0.00000000 0.00000000 0.00000000 0.00000000 0.00000000 0.00000000 0.00000000 0.00000000 0.00000000 0.00000000 0.00000000 0.00000000 0.00000000 0.00000000 0.00000000 0.00000000
male 1976 3  0.00000000 0.00000000 0.00000000 0.00000000 0.00000000 0.00000000 0.00000000 0.00000000 0.00000000 0.00000000 0.00000000 0.00000000 0.00000000 0.00000000 0.00000000 0.00000000 0.00000000
male 1976 4  0.00000000 0.00000000 0.00000000 0.00000000 0.00000000 0.00000000 0.00000000 0.00000000 0.00000000 0.00000000 0.00000000 0.00000000 0.00000000 0.00000000 0.00000000 0.00000000 0.00000000
male 1976 5  0.00000000 0.00000000 0.00000000 0.00000000 0.00000000 0.00000000 0.00000000 0.00000000 0.00000000 0.00000000 0.00000000 0.00000000 0.00000000 0.00000000 0.00000000 0.00000000 0.00000000
male 1976 6  0.00000000 0.00000000 0.00000000 0.00000000 0.00000000 0.00000000 0.00000000 0.00000000 0.00000000 0.00000000 0.00000000 0.00000000 0.00000000 0.00000000 0.00000000 0.00000000 0.00000000
male 1977 1  0.00000000 0.00000000 0.00000000 0.00000000 0.00000000 0.00000000 0.00000000 0.00000000 0.00000000 0.00000000 0.00000000 0.00000000 0.00000000 0.00000000 0.00000000 0.00000000 0.00000000
male 1977 2  0.00000000 0.00000000 0.00000000 0.00000000 0.00000000 0.00000000 0.00000000 0.00000000 0.00000000 0.00000000 0.00000000 0.00000000 0.00000000 0.00000000 0.00000000 0.00000000 0.00000000
male 1977 3  0.00000000 0.00000000 0.00000000 0.00000000 0.00000000 0.00000000 0.00000000 0.00000000 0.00000000 0.00000000 0.00000000 0.00000000 0.00000000 0.00000000 0.00000000 0.00000000 0.00000000
male 1977 4  0.00000000 0.00000000 0.00000000 0.00000000 0.00000000 0.00000000 0.00000000 0.00000000 0.00000000 0.00000000 0.00000000 0.00000000 0.00000000 0.00000000 0.00000000 0.00000000 0.00000000
male 1977 5  0.00000000 0.00000000 0.00000000 0.00000000 0.00000000 0.00000000 0.00000000 0.00000000 0.00000000 0.00000000 0.00000000 0.00000000 0.00000000 0.00000000 0.00000000 0.00000000 0.00000000
male 1977 6  0.00000000 0.00000000 0.00000000 0.00000000 0.00000000 0.00000000 0.00000000 0.00000000 0.00000000 0.00000000 0.00000000 0.00000000 0.00000000 0.00000000 0.00000000 0.00000000 0.00000000
male 1978 1  0.00000000 0.00000000 0.00000000 0.00000000 0.00000000 0.00000000 0.00000000 0.00000000 0.00000000 0.00000000 0.00000000 0.00000000 0.00000000 0.00000000 0.00000000 0.00000000 0.00000000
male 1978 2  0.00000000 0.00000000 0.00000000 0.00000000 0.00000000 0.00000000 0.00000000 0.00000000 0.00000000 0.00000000 0.00000000 0.00000000 0.00000000 0.00000000 0.00000000 0.00000000 0.00000000
male 1978 3  0.00000000 0.00000000 0.00000000 0.00000000 0.00000000 0.00000000 0.00000000 0.00000000 0.00000000 0.00000000 0.00000000 0.00000000 0.00000000 0.00000000 0.00000000 0.00000000 0.00000000
male 1978 4  0.00000000 0.00000000 0.00000000 0.00000000 0.00000000 0.00000000 0.00000000 0.00000000 0.00000000 0.00000000 0.00000000 0.00000000 0.00000000 0.00000000 0.00000000 0.00000000 0.00000000
male 1978 5  0.00000000 0.00000000 0.00000000 0.00000000 0.00000000 0.00000000 0.00000000 0.00000000 0.00000000 0.00000000 0.00000000 0.00000000 0.00000000 0.00000000 0.00000000 0.00000000 0.00000000
male 1978 6  0.00000000 0.00000000 0.00000000 0.00000000 0.00000000 0.00000000 0.00000000 0.00000000 0.00000000 0.00000000 0.00000000 0.00000000 0.00000000 0.00000000 0.00000000 0.00000000 0.00000000
male 1979 1  0.00000000 0.00000000 0.00000000 0.00000000 0.00000000 0.00000000 0.00000000 0.00000000 0.00000000 0.00000000 0.00000000 0.00000000 0.00000000 0.00000000 0.00000000 0.00000000 0.00000000
male 1979 2  0.00000000 0.00000000 0.00000000 0.00000000 0.00000000 0.00000000 0.00000000 0.00000000 0.00000000 0.00000000 0.00000000 0.00000000 0.00000000 0.00000000 0.00000000 0.00000000 0.00000000
male 1979 3  0.00000000 0.00000000 0.00000000 0.00000000 0.00000000 0.00000000 0.00000000 0.00000000 0.00000000 0.00000000 0.00000000 0.00000000 0.00000000 0.00000000 0.00000000 0.00000000 0.00000000
male 1979 4  0.00000000 0.00000000 0.00000000 0.00000000 0.00000000 0.00000000 0.00000000 0.00000000 0.00000000 0.00000000 0.00000000 0.00000000 0.00000000 0.00000000 0.00000000 0.00000000 0.00000000
male 1979 5  0.00000000 0.00000000 0.00000000 0.00000000 0.00000000 0.00000000 0.00000000 0.00000000 0.00000000 0.00000000 0.00000000 0.00000000 0.00000000 0.00000000 0.00000000 0.00000000 0.00000000
male 1979 6  0.00000000 0.00000000 0.00000000 0.00000000 0.00000000 0.00000000 0.00000000 0.00000000 0.00000000 0.00000000 0.00000000 0.00000000 0.00000000 0.00000000 0.00000000 0.00000000 0.00000000
male 1980 1  0.00000000 0.00000000 0.00000000 0.00000000 0.00000000 0.00000000 0.00000000 0.00000000 0.00000000 0.00000000 0.00000000 0.00000000 0.00000000 0.00000000 0.00000000 0.00000000 0.00000000
male 1980 2  0.00000000 0.00000000 0.00000000 0.00000000 0.00000000 0.00000000 0.00000000 0.00000000 0.00000000 0.00000000 0.00000000 0.00000000 0.00000000 0.00000000 0.00000000 0.00000000 0.00000000
male 1980 3  0.00000000 0.00000000 0.00000000 0.00000000 0.00000000 0.00000000 0.00000000 0.00000000 0.00000000 0.00000000 0.00000000 0.00000000 0.00000000 0.00000000 0.00000000 0.00000000 0.00000000
male 1980 4  0.00000000 0.00000000 0.00000000 0.00000000 0.00000000 0.00000000 0.00000000 0.00000000 0.00000000 0.00000000 0.00000000 0.00000000 0.00000000 0.00000000 0.00000000 0.00000000 0.00000000
male 1980 5  0.00000000 0.00000000 0.00000000 0.00000000 0.00000000 0.00000000 0.00000000 0.00000000 0.00000000 0.00000000 0.00000000 0.00000000 0.00000000 0.00000000 0.00000000 0.00000000 0.00000000
male 1980 6  0.00000000 0.00000000 0.00000000 0.00000000 0.00000000 0.00000000 0.00000000 0.00000000 0.00000000 0.00000000 0.00000000 0.00000000 0.00000000 0.00000000 0.00000000 0.00000000 0.00000000
male 1981 1  0.00000000 0.00000000 0.00000000 0.00000000 0.00000000 0.00000000 0.00000000 0.00000000 0.00000000 0.00000000 0.00000000 0.00000000 0.00000000 0.00000000 0.00000000 0.00000000 0.00000000
male 1981 2  0.00000000 0.00000000 0.00000000 0.00000000 0.00000000 0.00000000 0.00000000 0.00000000 0.00000000 0.00000000 0.00000000 0.00000000 0.00000000 0.00000000 0.00000000 0.00000000 0.00000000
male 1981 3  0.00031168 0.00039052 0.00048382 0.00059170 0.00071520 0.00088994 0.00163695 0.00446163 0.00618114 0.00693532 0.00753313 0.00805495 0.00850347 0.00888038 0.00919095 0.00944271 0.00964409
male 1981 4  0.00000000 0.00000000 0.00000000 0.00000000 0.00000000 0.00000000 0.00000000 0.00000000 0.00000000 0.00000000 0.00000000 0.00000000 0.00000000 0.00000000 0.00000000 0.00000000 0.00000000
male 1981 5  0.00000000 0.00000000 0.00000000 0.00000000 0.00000000 0.00000000 0.00000000 0.00000000 0.00000000 0.00000000 0.00000000 0.00000000 0.00000000 0.00000000 0.00000000 0.00000000 0.00000000
male 1981 6  0.00000000 0.00000000 0.00000000 0.00000000 0.00000000 0.00000000 0.00000000 0.00000000 0.00000000 0.00000000 0.00000000 0.00000000 0.00000000 0.00000000 0.00000000 0.00000000 0.00000000
male 1982 1  0.00000000 0.00000000 0.00000000 0.00000000 0.00000000 0.00000000 0.00000000 0.00000000 0.00000000 0.00000000 0.00000000 0.00000000 0.00000000 0.00000000 0.00000000 0.00000000 0.00000000
male 1982 2  0.00000000 0.00000000 0.00000000 0.00000000 0.00000000 0.00000000 0.00000000 0.00000000 0.00000000 0.00000000 0.00000000 0.00000000 0.00000000 0.00000000 0.00000000 0.00000000 0.00000000
male 1982 3  0.01008937 0.01264148 0.01566180 0.01915402 0.02315185 0.02880839 0.05298983 0.14442787 0.20009016 0.22450392 0.24385569 0.26074762 0.27526642 0.28746769 0.29752115 0.30567062 0.31218960
male 1982 4  0.00000000 0.00000000 0.00000000 0.00000000 0.00000000 0.00000000 0.00000000 0.00000000 0.00000000 0.00000000 0.00000000 0.00000000 0.00000000 0.00000000 0.00000000 0.00000000 0.00000000
male 1982 5  0.00000000 0.00000000 0.00000000 0.00000000 0.00000000 0.00000000 0.00000000 0.00000000 0.00000000 0.00000000 0.00000000 0.00000000 0.00000000 0.00000000 0.00000000 0.00000000 0.00000000
male 1982 6  0.00000000 0.00000000 0.00000000 0.00000000 0.00000000 0.00000000 0.00000000 0.00000000 0.00000000 0.00000000 0.00000000 0.00000000 0.00000000 0.00000000 0.00000000 0.00000000 0.00000000
male 1983 1  0.00000000 0.00000000 0.00000000 0.00000000 0.00000000 0.00000000 0.00000000 0.00000000 0.00000000 0.00000000 0.00000000 0.00000000 0.00000000 0.00000000 0.00000000 0.00000000 0.00000000
male 1983 2  0.00000000 0.00000000 0.00000000 0.00000000 0.00000000 0.00000000 0.00000000 0.00000000 0.00000000 0.00000000 0.00000000 0.00000000 0.00000000 0.00000000 0.00000000 0.00000000 0.00000000
male 1983 3  0.01517293 0.01901092 0.02355304 0.02880482 0.03481698 0.04332358 0.07968890 0.21719826 0.30090614 0.33762084 0.36672306 0.39212604 0.41396017 0.43230909 0.44742801 0.45968361 0.46948720
male 1983 4  0.00000000 0.00000000 0.00000000 0.00000000 0.00000000 0.00000000 0.00000000 0.00000000 0.00000000 0.00000000 0.00000000 0.00000000 0.00000000 0.00000000 0.00000000 0.00000000 0.00000000
male 1983 5  0.00000000 0.00000000 0.00000000 0.00000000 0.00000000 0.00000000 0.00000000 0.00000000 0.00000000 0.00000000 0.00000000 0.00000000 0.00000000 0.00000000 0.00000000 0.00000000 0.00000000
male 1983 6  0.00000000 0.00000000 0.00000000 0.00000000 0.00000000 0.00000000 0.00000000 0.00000000 0.00000000 0.00000000 0.00000000 0.00000000 0.00000000 0.00000000 0.00000000 0.00000000 0.00000000
male 1984 1  0.00000000 0.00000000 0.00000000 0.00000000 0.00000000 0.00000000 0.00000000 0.00000000 0.00000000 0.00000000 0.00000000 0.00000000 0.00000000 0.00000000 0.00000000 0.00000000 0.00000000
male 1984 2  0.00000000 0.00000000 0.00000000 0.00000000 0.00000000 0.00000000 0.00000000 0.00000000 0.00000000 0.00000000 0.00000000 0.00000000 0.00000000 0.00000000 0.00000000 0.00000000 0.00000000
male 1984 3  0.00246810 0.00309240 0.00383124 0.00468552 0.00566349 0.00704721 0.01296255 0.03533044 0.04894674 0.05491892 0.05965282 0.06378498 0.06733662 0.07032134 0.07278065 0.07477420 0.07636889
male 1984 4  0.00000000 0.00000000 0.00000000 0.00000000 0.00000000 0.00000000 0.00000000 0.00000000 0.00000000 0.00000000 0.00000000 0.00000000 0.00000000 0.00000000 0.00000000 0.00000000 0.00000000
male 1984 5  0.00000000 0.00000000 0.00000000 0.00000000 0.00000000 0.00000000 0.00000000 0.00000000 0.00000000 0.00000000 0.00000000 0.00000000 0.00000000 0.00000000 0.00000000 0.00000000 0.00000000
male 1984 6  0.00000000 0.00000000 0.00000000 0.00000000 0.00000000 0.00000000 0.00000000 0.00000000 0.00000000 0.00000000 0.00000000 0.00000000 0.00000000 0.00000000 0.00000000 0.00000000 0.00000000
male 1985 1  0.00000000 0.00000000 0.00000000 0.00000000 0.00000000 0.00000000 0.00000000 0.00000000 0.00000000 0.00000000 0.00000000 0.00000000 0.00000000 0.00000000 0.00000000 0.00000000 0.00000000
male 1985 2  0.00000000 0.00000000 0.00000000 0.00000000 0.00000000 0.00000000 0.00000000 0.00000000 0.00000000 0.00000000 0.00000000 0.00000000 0.00000000 0.00000000 0.00000000 0.00000000 0.00000000
male 1985 3  0.01198739 0.01501960 0.01860811 0.02275729 0.02750719 0.03422785 0.06295830 0.17159773 0.23773124 0.26673773 0.28972997 0.30979963 0.32704971 0.34154629 0.35349101 0.36317357 0.37091890
male 1985 4  0.00000000 0.00000000 0.00000000 0.00000000 0.00000000 0.00000000 0.00000000 0.00000000 0.00000000 0.00000000 0.00000000 0.00000000 0.00000000 0.00000000 0.00000000 0.00000000 0.00000000
male 1985 5  0.00000000 0.00000000 0.00000000 0.00000000 0.00000000 0.00000000 0.00000000 0.00000000 0.00000000 0.00000000 0.00000000 0.00000000 0.00000000 0.00000000 0.00000000 0.00000000 0.00000000
male 1985 6  0.00000000 0.00000000 0.00000000 0.00000000 0.00000000 0.00000000 0.00000000 0.00000000 0.00000000 0.00000000 0.00000000 0.00000000 0.00000000 0.00000000 0.00000000 0.00000000 0.00000000
male 1986 1  0.00000000 0.00000000 0.00000000 0.00000000 0.00000000 0.00000000 0.00000000 0.00000000 0.00000000 0.00000000 0.00000000 0.00000000 0.00000000 0.00000000 0.00000000 0.00000000 0.00000000
male 1986 2  0.00000000 0.00000000 0.00000000 0.00000000 0.00000000 0.00000000 0.00000000 0.00000000 0.00000000 0.00000000 0.00000000 0.00000000 0.00000000 0.00000000 0.00000000 0.00000000 0.00000000
male 1986 3  0.03537630 0.04432472 0.05491485 0.06715961 0.08117718 0.10101067 0.18579786 0.50640646 0.70157474 0.78717654 0.85502953 0.91425759 0.96516475 1.00794599 1.04319636 1.07177080 1.09462824
male 1986 4  0.00000000 0.00000000 0.00000000 0.00000000 0.00000000 0.00000000 0.00000000 0.00000000 0.00000000 0.00000000 0.00000000 0.00000000 0.00000000 0.00000000 0.00000000 0.00000000 0.00000000
male 1986 5  0.00000000 0.00000000 0.00000000 0.00000000 0.00000000 0.00000000 0.00000000 0.00000000 0.00000000 0.00000000 0.00000000 0.00000000 0.00000000 0.00000000 0.00000000 0.00000000 0.00000000
male 1986 6  0.00000000 0.00000000 0.00000000 0.00000000 0.00000000 0.00000000 0.00000000 0.00000000 0.00000000 0.00000000 0.00000000 0.00000000 0.00000000 0.00000000 0.00000000 0.00000000 0.00000000
male 1987 1  0.00000000 0.00000000 0.00000000 0.00000000 0.00000000 0.00000000 0.00000000 0.00000000 0.00000000 0.00000000 0.00000000 0.00000000 0.00000000 0.00000000 0.00000000 0.00000000 0.00000000
male 1987 2  0.00000000 0.00000000 0.00000000 0.00000000 0.00000000 0.00000000 0.00000000 0.00000000 0.00000000 0.00000000 0.00000000 0.00000000 0.00000000 0.00000000 0.00000000 0.00000000 0.00000000
male 1987 3  0.02870843 0.03597021 0.04456427 0.05450108 0.06587656 0.08197175 0.15077789 0.41095682 0.56933896 0.63880617 0.69386994 0.74193445 0.78324641 0.81796406 0.84657029 0.86975889 0.88830807
male 1987 4  0.00000000 0.00000000 0.00000000 0.00000000 0.00000000 0.00000000 0.00000000 0.00000000 0.00000000 0.00000000 0.00000000 0.00000000 0.00000000 0.00000000 0.00000000 0.00000000 0.00000000
male 1987 5  0.00000000 0.00000000 0.00000000 0.00000000 0.00000000 0.00000000 0.00000000 0.00000000 0.00000000 0.00000000 0.00000000 0.00000000 0.00000000 0.00000000 0.00000000 0.00000000 0.00000000
male 1987 6  0.00000000 0.00000000 0.00000000 0.00000000 0.00000000 0.00000000 0.00000000 0.00000000 0.00000000 0.00000000 0.00000000 0.00000000 0.00000000 0.00000000 0.00000000 0.00000000 0.00000000
male 1988 1  0.00000000 0.00000000 0.00000000 0.00000000 0.00000000 0.00000000 0.00000000 0.00000000 0.00000000 0.00000000 0.00000000 0.00000000 0.00000000 0.00000000 0.00000000 0.00000000 0.00000000
male 1988 2  0.00000000 0.00000000 0.00000000 0.00000000 0.00000000 0.00000000 0.00000000 0.00000000 0.00000000 0.00000000 0.00000000 0.00000000 0.00000000 0.00000000 0.00000000 0.00000000 0.00000000
male 1988 3  0.03076947 0.03855260 0.04776364 0.05841384 0.07060599 0.08785670 0.16160259 0.44046038 0.61021315 0.68466757 0.74368450 0.79519967 0.83947752 0.87668762 0.90734757 0.93220093 0.95208180
male 1988 4  0.00000000 0.00000000 0.00000000 0.00000000 0.00000000 0.00000000 0.00000000 0.00000000 0.00000000 0.00000000 0.00000000 0.00000000 0.00000000 0.00000000 0.00000000 0.00000000 0.00000000
male 1988 5  0.00000000 0.00000000 0.00000000 0.00000000 0.00000000 0.00000000 0.00000000 0.00000000 0.00000000 0.00000000 0.00000000 0.00000000 0.00000000 0.00000000 0.00000000 0.00000000 0.00000000
male 1988 6  0.00000000 0.00000000 0.00000000 0.00000000 0.00000000 0.00000000 0.00000000 0.00000000 0.00000000 0.00000000 0.00000000 0.00000000 0.00000000 0.00000000 0.00000000 0.00000000 0.00000000
male 1989 1  0.00000000 0.00000000 0.00000000 0.00000000 0.00000000 0.00000000 0.00000000 0.00000000 0.00000000 0.00000000 0.00000000 0.00000000 0.00000000 0.00000000 0.00000000 0.00000000 0.00000000
male 1989 2  0.00000000 0.00000000 0.00000000 0.00000000 0.00000000 0.00000000 0.00000000 0.00000000 0.00000000 0.00000000 0.00000000 0.00000000 0.00000000 0.00000000 0.00000000 0.00000000 0.00000000
male 1989 3  0.05156199 0.06460093 0.08003204 0.09787414 0.11829946 0.14719928 0.27074458 0.73791048 1.02229452 1.14702681 1.24589690 1.33219943 1.40637738 1.46871487 1.52007897 1.56171541 1.59502150
male 1989 4  0.00000000 0.00000000 0.00000000 0.00000000 0.00000000 0.00000000 0.00000000 0.00000000 0.00000000 0.00000000 0.00000000 0.00000000 0.00000000 0.00000000 0.00000000 0.00000000 0.00000000
male 1989 5  0.00000000 0.00000000 0.00000000 0.00000000 0.00000000 0.00000000 0.00000000 0.00000000 0.00000000 0.00000000 0.00000000 0.00000000 0.00000000 0.00000000 0.00000000 0.00000000 0.00000000
male 1989 6  0.00000000 0.00000000 0.00000000 0.00000000 0.00000000 0.00000000 0.00000000 0.00000000 0.00000000 0.00000000 0.00000000 0.00000000 0.00000000 0.00000000 0.00000000 0.00000000 0.00000000
male 1990 1  0.00000000 0.00000000 0.00000000 0.00000000 0.00000000 0.00000000 0.00000000 0.00000000 0.00000000 0.00000000 0.00000000 0.00000000 0.00000000 0.00000000 0.00000000 0.00000000 0.00000000
male 1990 2  0.00000000 0.00000000 0.00000000 0.00000000 0.00000000 0.00000000 0.00000000 0.00000000 0.00000000 0.00000000 0.00000000 0.00000000 0.00000000 0.00000000 0.00000000 0.00000000 0.00000000
male 1990 3  0.03704379 0.04638783 0.05744616 0.07023227 0.08486957 0.10557993 0.19411567 0.52889876 0.73269568 0.82208204 0.89293489 0.95478150 1.00793933 1.05261198 1.08942082 1.11925856 1.14312656
male 1990 4  0.00000000 0.00000000 0.00000000 0.00000000 0.00000000 0.00000000 0.00000000 0.00000000 0.00000000 0.00000000 0.00000000 0.00000000 0.00000000 0.00000000 0.00000000 0.00000000 0.00000000
male 1990 5  0.00000000 0.00000000 0.00000000 0.00000000 0.00000000 0.00000000 0.00000000 0.00000000 0.00000000 0.00000000 0.00000000 0.00000000 0.00000000 0.00000000 0.00000000 0.00000000 0.00000000
male 1990 6  0.00000000 0.00000000 0.00000000 0.00000000 0.00000000 0.00000000 0.00000000 0.00000000 0.00000000 0.00000000 0.00000000 0.00000000 0.00000000 0.00000000 0.00000000 0.00000000 0.00000000
male 1991 1  0.00000000 0.00000000 0.00000000 0.00000000 0.00000000 0.00000000 0.00000000 0.00000000 0.00000000 0.00000000 0.00000000 0.00000000 0.00000000 0.00000000 0.00000000 0.00000000 0.00000000
male 1991 2  0.00000000 0.00000000 0.00000000 0.00000000 0.00000000 0.00000000 0.00000000 0.00000000 0.00000000 0.00000000 0.00000000 0.00000000 0.00000000 0.00000000 0.00000000 0.00000000 0.00000000
male 1991 3  0.03189173 0.03995723 0.04950246 0.06053905 0.07317354 0.09105012 0.16747156 0.45644647 0.63235797 0.70951365 0.77067174 0.82405592 0.86994019 0.90850030 0.94027261 0.96602767 0.98662983
male 1991 4  0.00000000 0.00000000 0.00000000 0.00000000 0.00000000 0.00000000 0.00000000 0.00000000 0.00000000 0.00000000 0.00000000 0.00000000 0.00000000 0.00000000 0.00000000 0.00000000 0.00000000
male 1991 5  0.00000000 0.00000000 0.00000000 0.00000000 0.00000000 0.00000000 0.00000000 0.00000000 0.00000000 0.00000000 0.00000000 0.00000000 0.00000000 0.00000000 0.00000000 0.00000000 0.00000000
male 1991 6  0.00000000 0.00000000 0.00000000 0.00000000 0.00000000 0.00000000 0.00000000 0.00000000 0.00000000 0.00000000 0.00000000 0.00000000 0.00000000 0.00000000 0.00000000 0.00000000 0.00000000
male 1992 1  0.00000000 0.00000000 0.00000000 0.00000000 0.00000000 0.00000000 0.00000000 0.00000000 0.00000000 0.00000000 0.00000000 0.00000000 0.00000000 0.00000000 0.00000000 0.00000000 0.00000000
male 1992 2  0.00000000 0.00000000 0.00000000 0.00000000 0.00000000 0.00000000 0.00000000 0.00000000 0.00000000 0.00000000 0.00000000 0.00000000 0.00000000 0.00000000 0.00000000 0.00000000 0.00000000
male 1992 3  0.02348296 0.02939897 0.03640036 0.04449566 0.05376301 0.06687541 0.12293025 0.33489226 0.46392269 0.52051609 0.56537532 0.60453241 0.63818835 0.66647205 0.68977692 0.70866816 0.72377976
male 1992 4  0.00000000 0.00000000 0.00000000 0.00000000 0.00000000 0.00000000 0.00000000 0.00000000 0.00000000 0.00000000 0.00000000 0.00000000 0.00000000 0.00000000 0.00000000 0.00000000 0.00000000
male 1992 5  0.00000000 0.00000000 0.00000000 0.00000000 0.00000000 0.00000000 0.00000000 0.00000000 0.00000000 0.00000000 0.00000000 0.00000000 0.00000000 0.00000000 0.00000000 0.00000000 0.00000000
male 1992 6  0.00000000 0.00000000 0.00000000 0.00000000 0.00000000 0.00000000 0.00000000 0.00000000 0.00000000 0.00000000 0.00000000 0.00000000 0.00000000 0.00000000 0.00000000 0.00000000 0.00000000
male 1993 1  0.00000000 0.00000000 0.00000000 0.00000000 0.00000000 0.00000000 0.00000000 0.00000000 0.00000000 0.00000000 0.00000000 0.00000000 0.00000000 0.00000000 0.00000000 0.00000000 0.00000000
male 1993 2  0.00000000 0.00000000 0.00000000 0.00000000 0.00000000 0.00000000 0.00000000 0.00000000 0.00000000 0.00000000 0.00000000 0.00000000 0.00000000 0.00000000 0.00000000 0.00000000 0.00000000
male 1993 3  0.01405337 0.01760817 0.02181514 0.02667942 0.03224795 0.04012688 0.07380893 0.20117195 0.27870331 0.31270896 0.33966383 0.36319241 0.38341548 0.40041049 0.41441384 0.42576514 0.43484535
male 1993 4  0.00000000 0.00000000 0.00000000 0.00000000 0.00000000 0.00000000 0.00000000 0.00000000 0.00000000 0.00000000 0.00000000 0.00000000 0.00000000 0.00000000 0.00000000 0.00000000 0.00000000
male 1993 5  0.00000000 0.00000000 0.00000000 0.00000000 0.00000000 0.00000000 0.00000000 0.00000000 0.00000000 0.00000000 0.00000000 0.00000000 0.00000000 0.00000000 0.00000000 0.00000000 0.00000000
male 1993 6  0.00000000 0.00000000 0.00000000 0.00000000 0.00000000 0.00000000 0.00000000 0.00000000 0.00000000 0.00000000 0.00000000 0.00000000 0.00000000 0.00000000 0.00000000 0.00000000 0.00000000
male 1994 1  0.00000000 0.00000000 0.00000000 0.00000000 0.00000000 0.00000000 0.00000000 0.00000000 0.00000000 0.00000000 0.00000000 0.00000000 0.00000000 0.00000000 0.00000000 0.00000000 0.00000000
male 1994 2  0.00000000 0.00000000 0.00000000 0.00000000 0.00000000 0.00000000 0.00000000 0.00000000 0.00000000 0.00000000 0.00000000 0.00000000 0.00000000 0.00000000 0.00000000 0.00000000 0.00000000
male 1994 3  0.03764197 0.04715805 0.05841998 0.07144150 0.08634830 0.10743996 0.19760575 0.53855263 0.74610170 0.83713378 0.90929113 0.97227641 1.02641294 1.07190807 1.10939460 1.13978170 1.16408914
male 1994 4  0.00000000 0.00000000 0.00000000 0.00000000 0.00000000 0.00000000 0.00000000 0.00000000 0.00000000 0.00000000 0.00000000 0.00000000 0.00000000 0.00000000 0.00000000 0.00000000 0.00000000
male 1994 5  0.00000000 0.00000000 0.00000000 0.00000000 0.00000000 0.00000000 0.00000000 0.00000000 0.00000000 0.00000000 0.00000000 0.00000000 0.00000000 0.00000000 0.00000000 0.00000000 0.00000000
male 1994 6  0.00000000 0.00000000 0.00000000 0.00000000 0.00000000 0.00000000 0.00000000 0.00000000 0.00000000 0.00000000 0.00000000 0.00000000 0.00000000 0.00000000 0.00000000 0.00000000 0.00000000
male 1995 1  0.00000000 0.00000000 0.00000000 0.00000000 0.00000000 0.00000000 0.00000000 0.00000000 0.00000000 0.00000000 0.00000000 0.00000000 0.00000000 0.00000000 0.00000000 0.00000000 0.00000000
male 1995 2  0.00000000 0.00000000 0.00000000 0.00000000 0.00000000 0.00000000 0.00000000 0.00000000 0.00000000 0.00000000 0.00000000 0.00000000 0.00000000 0.00000000 0.00000000 0.00000000 0.00000000
male 1995 3  0.02997235 0.03751525 0.04644200 0.05676348 0.06857933 0.08529760 0.15676735 0.42701829 0.59153169 0.66368811 0.72088350 0.77080867 0.81371990 0.84978153 0.87949516 0.90358144 0.92284869
male 1995 4  0.00000000 0.00000000 0.00000000 0.00000000 0.00000000 0.00000000 0.00000000 0.00000000 0.00000000 0.00000000 0.00000000 0.00000000 0.00000000 0.00000000 0.00000000 0.00000000 0.00000000
male 1995 5  0.00000000 0.00000000 0.00000000 0.00000000 0.00000000 0.00000000 0.00000000 0.00000000 0.00000000 0.00000000 0.00000000 0.00000000 0.00000000 0.00000000 0.00000000 0.00000000 0.00000000
male 1995 6  0.00000000 0.00000000 0.00000000 0.00000000 0.00000000 0.00000000 0.00000000 0.00000000 0.00000000 0.00000000 0.00000000 0.00000000 0.00000000 0.00000000 0.00000000 0.00000000 0.00000000
male 1996 1  0.00000000 0.00000000 0.00000000 0.00000000 0.00000000 0.00000000 0.00000000 0.00000000 0.00000000 0.00000000 0.00000000 0.00000000 0.00000000 0.00000000 0.00000000 0.00000000 0.00000000
male 1996 2  0.00000000 0.00000000 0.00000000 0.00000000 0.00000000 0.00000000 0.00000000 0.00000000 0.00000000 0.00000000 0.00000000 0.00000000 0.00000000 0.00000000 0.00000000 0.00000000 0.00000000
male 1996 3  0.02898310 0.03618218 0.04470202 0.05455302 0.06583027 0.08178648 0.14999846 0.40793065 0.56494511 0.63381245 0.68840073 0.73605018 0.77700540 0.81142325 0.83978246 0.86277082 0.88115982
male 1996 4  0.00000000 0.00000000 0.00000000 0.00000000 0.00000000 0.00000000 0.00000000 0.00000000 0.00000000 0.00000000 0.00000000 0.00000000 0.00000000 0.00000000 0.00000000 0.00000000 0.00000000
male 1996 5  0.00000000 0.00000000 0.00000000 0.00000000 0.00000000 0.00000000 0.00000000 0.00000000 0.00000000 0.00000000 0.00000000 0.00000000 0.00000000 0.00000000 0.00000000 0.00000000 0.00000000
male 1996 6  0.00000000 0.00000000 0.00000000 0.00000000 0.00000000 0.00000000 0.00000000 0.00000000 0.00000000 0.00000000 0.00000000 0.00000000 0.00000000 0.00000000 0.00000000 0.00000000 0.00000000
male 1997 1  0.00000000 0.00000000 0.00000000 0.00000000 0.00000000 0.00000000 0.00000000 0.00000000 0.00000000 0.00000000 0.00000000 0.00000000 0.00000000 0.00000000 0.00000000 0.00000000 0.00000000
male 1997 2  0.00000000 0.00000000 0.00000000 0.00000000 0.00000000 0.00000000 0.00000000 0.00000000 0.00000000 0.00000000 0.00000000 0.00000000 0.00000000 0.00000000 0.00000000 0.00000000 0.00000000
male 1997 3  0.02401566 0.03007002 0.03723514 0.04551974 0.05500380 0.06842283 0.12578849 0.34270715 0.47475489 0.53267170 0.57857995 0.61865271 0.65309569 0.68204079 0.70589063 0.72522363 0.74068862
male 1997 4  0.00000000 0.00000000 0.00000000 0.00000000 0.00000000 0.00000000 0.00000000 0.00000000 0.00000000 0.00000000 0.00000000 0.00000000 0.00000000 0.00000000 0.00000000 0.00000000 0.00000000
male 1997 5  0.00000000 0.00000000 0.00000000 0.00000000 0.00000000 0.00000000 0.00000000 0.00000000 0.00000000 0.00000000 0.00000000 0.00000000 0.00000000 0.00000000 0.00000000 0.00000000 0.00000000
male 1997 6  0.00000000 0.00000000 0.00000000 0.00000000 0.00000000 0.00000000 0.00000000 0.00000000 0.00000000 0.00000000 0.00000000 0.00000000 0.00000000 0.00000000 0.00000000 0.00000000 0.00000000
male 1998 1  0.00000000 0.00000000 0.00000000 0.00000000 0.00000000 0.00000000 0.00000000 0.00000000 0.00000000 0.00000000 0.00000000 0.00000000 0.00000000 0.00000000 0.00000000 0.00000000 0.00000000
male 1998 2  0.00000000 0.00000000 0.00000000 0.00000000 0.00000000 0.00000000 0.00000000 0.00000000 0.00000000 0.00000000 0.00000000 0.00000000 0.00000000 0.00000000 0.00000000 0.00000000 0.00000000
male 1998 3  0.01906192 0.02379606 0.02939876 0.03587682 0.04329280 0.05378568 0.09864220 0.26825966 0.37151313 0.41680063 0.45269814 0.48403265 0.51096500 0.53359835 0.55224750 0.56736476 0.57945746
male 1998 4  0.00000000 0.00000000 0.00000000 0.00000000 0.00000000 0.00000000 0.00000000 0.00000000 0.00000000 0.00000000 0.00000000 0.00000000 0.00000000 0.00000000 0.00000000 0.00000000 0.00000000
male 1998 5  0.00000000 0.00000000 0.00000000 0.00000000 0.00000000 0.00000000 0.00000000 0.00000000 0.00000000 0.00000000 0.00000000 0.00000000 0.00000000 0.00000000 0.00000000 0.00000000 0.00000000
male 1998 6  0.00000000 0.00000000 0.00000000 0.00000000 0.00000000 0.00000000 0.00000000 0.00000000 0.00000000 0.00000000 0.00000000 0.00000000 0.00000000 0.00000000 0.00000000 0.00000000 0.00000000
male 1999 1  0.00000000 0.00000000 0.00000000 0.00000000 0.00000000 0.00000000 0.00000000 0.00000000 0.00000000 0.00000000 0.00000000 0.00000000 0.00000000 0.00000000 0.00000000 0.00000000 0.00000000
male 1999 2  0.00000000 0.00000000 0.00000000 0.00000000 0.00000000 0.00000000 0.00000000 0.00000000 0.00000000 0.00000000 0.00000000 0.00000000 0.00000000 0.00000000 0.00000000 0.00000000 0.00000000
male 1999 3  0.02459333 0.03073661 0.03800697 0.04641326 0.05603663 0.06965276 0.12786101 0.34796582 0.48195311 0.54072062 0.58730318 0.62796454 0.66291341 0.69228367 0.71648382 0.73610079 0.75179293
male 1999 4  0.00000000 0.00000000 0.00000000 0.00000000 0.00000000 0.00000000 0.00000000 0.00000000 0.00000000 0.00000000 0.00000000 0.00000000 0.00000000 0.00000000 0.00000000 0.00000000 0.00000000
male 1999 5  0.00000000 0.00000000 0.00000000 0.00000000 0.00000000 0.00000000 0.00000000 0.00000000 0.00000000 0.00000000 0.00000000 0.00000000 0.00000000 0.00000000 0.00000000 0.00000000 0.00000000
male 1999 6  0.00000000 0.00000000 0.00000000 0.00000000 0.00000000 0.00000000 0.00000000 0.00000000 0.00000000 0.00000000 0.00000000 0.00000000 0.00000000 0.00000000 0.00000000 0.00000000 0.00000000
male 2000 1  0.00000000 0.00000000 0.00000000 0.00000000 0.00000000 0.00000000 0.00000000 0.00000000 0.00000000 0.00000000 0.00000000 0.00000000 0.00000000 0.00000000 0.00000000 0.00000000 0.00000000
male 2000 2  0.00000000 0.00000000 0.00000000 0.00000000 0.00000000 0.00000000 0.00000000 0.00000000 0.00000000 0.00000000 0.00000000 0.00000000 0.00000000 0.00000000 0.00000000 0.00000000 0.00000000
male 2000 3  0.02656315 0.03323903 0.04113970 0.05027478 0.06073245 0.07552905 0.13878372 0.37797073 0.52357418 0.58743659 0.63805767 0.68224421 0.72022301 0.75213955 0.77843776 0.79975544 0.81680802
male 2000 4  0.00000000 0.00000000 0.00000000 0.00000000 0.00000000 0.00000000 0.00000000 0.00000000 0.00000000 0.00000000 0.00000000 0.00000000 0.00000000 0.00000000 0.00000000 0.00000000 0.00000000
male 2000 5  0.00000000 0.00000000 0.00000000 0.00000000 0.00000000 0.00000000 0.00000000 0.00000000 0.00000000 0.00000000 0.00000000 0.00000000 0.00000000 0.00000000 0.00000000 0.00000000 0.00000000
male 2000 6  0.00000000 0.00000000 0.00000000 0.00000000 0.00000000 0.00000000 0.00000000 0.00000000 0.00000000 0.00000000 0.00000000 0.00000000 0.00000000 0.00000000 0.00000000 0.00000000 0.00000000
male 2001 1  0.00000000 0.00000000 0.00000000 0.00000000 0.00000000 0.00000000 0.00000000 0.00000000 0.00000000 0.00000000 0.00000000 0.00000000 0.00000000 0.00000000 0.00000000 0.00000000 0.00000000
male 2001 2  0.00000000 0.00000000 0.00000000 0.00000000 0.00000000 0.00000000 0.00000000 0.00000000 0.00000000 0.00000000 0.00000000 0.00000000 0.00000000 0.00000000 0.00000000 0.00000000 0.00000000
male 2001 3  0.02284579 0.02860835 0.03542812 0.04331342 0.05234037 0.06511263 0.11971338 0.32617701 0.45186034 0.50698568 0.55068125 0.58882259 0.62160548 0.64915549 0.67185582 0.69025701 0.70497661
male 2001 4  0.00000000 0.00000000 0.00000000 0.00000000 0.00000000 0.00000000 0.00000000 0.00000000 0.00000000 0.00000000 0.00000000 0.00000000 0.00000000 0.00000000 0.00000000 0.00000000 0.00000000
male 2001 5  0.00000000 0.00000000 0.00000000 0.00000000 0.00000000 0.00000000 0.00000000 0.00000000 0.00000000 0.00000000 0.00000000 0.00000000 0.00000000 0.00000000 0.00000000 0.00000000 0.00000000
male 2001 6  0.00000000 0.00000000 0.00000000 0.00000000 0.00000000 0.00000000 0.00000000 0.00000000 0.00000000 0.00000000 0.00000000 0.00000000 0.00000000 0.00000000 0.00000000 0.00000000 0.00000000
male 2002 1  0.00000000 0.00000000 0.00000000 0.00000000 0.00000000 0.00000000 0.00000000 0.00000000 0.00000000 0.00000000 0.00000000 0.00000000 0.00000000 0.00000000 0.00000000 0.00000000 0.00000000
male 2002 2  0.00000000 0.00000000 0.00000000 0.00000000 0.00000000 0.00000000 0.00000000 0.00000000 0.00000000 0.00000000 0.00000000 0.00000000 0.00000000 0.00000000 0.00000000 0.00000000 0.00000000
male 2002 3  0.01883431 0.02355587 0.02914366 0.03560449 0.04300073 0.05346570 0.09820290 0.26736915 0.37034795 0.41551497 0.45131699 0.48256815 0.50942886 0.53200199 0.55060154 0.56567858 0.57773911
male 2002 4  0.00000000 0.00000000 0.00000000 0.00000000 0.00000000 0.00000000 0.00000000 0.00000000 0.00000000 0.00000000 0.00000000 0.00000000 0.00000000 0.00000000 0.00000000 0.00000000 0.00000000
male 2002 5  0.00000000 0.00000000 0.00000000 0.00000000 0.00000000 0.00000000 0.00000000 0.00000000 0.00000000 0.00000000 0.00000000 0.00000000 0.00000000 0.00000000 0.00000000 0.00000000 0.00000000
male 2002 6  0.00000000 0.00000000 0.00000000 0.00000000 0.00000000 0.00000000 0.00000000 0.00000000 0.00000000 0.00000000 0.00000000 0.00000000 0.00000000 0.00000000 0.00000000 0.00000000 0.00000000
male 2003 1  0.00000000 0.00000000 0.00000000 0.00000000 0.00000000 0.00000000 0.00000000 0.00000000 0.00000000 0.00000000 0.00000000 0.00000000 0.00000000 0.00000000 0.00000000 0.00000000 0.00000000
male 2003 2  0.00000000 0.00000000 0.00000000 0.00000000 0.00000000 0.00000000 0.00000000 0.00000000 0.00000000 0.00000000 0.00000000 0.00000000 0.00000000 0.00000000 0.00000000 0.00000000 0.00000000
male 2003 3  0.01643120 0.02057677 0.02548291 0.03115560 0.03764958 0.04683794 0.08611769 0.23464752 0.32506404 0.36472118 0.39615575 0.42359461 0.44717861 0.46699807 0.48332868 0.49656649 0.50715576
male 2003 4  0.00000000 0.00000000 0.00000000 0.00000000 0.00000000 0.00000000 0.00000000 0.00000000 0.00000000 0.00000000 0.00000000 0.00000000 0.00000000 0.00000000 0.00000000 0.00000000 0.00000000
male 2003 5  0.00000000 0.00000000 0.00000000 0.00000000 0.00000000 0.00000000 0.00000000 0.00000000 0.00000000 0.00000000 0.00000000 0.00000000 0.00000000 0.00000000 0.00000000 0.00000000 0.00000000
male 2003 6  0.00000000 0.00000000 0.00000000 0.00000000 0.00000000 0.00000000 0.00000000 0.00000000 0.00000000 0.00000000 0.00000000 0.00000000 0.00000000 0.00000000 0.00000000 0.00000000 0.00000000
male 2004 1  0.00000000 0.00000000 0.00000000 0.00000000 0.00000000 0.00000000 0.00000000 0.00000000 0.00000000 0.00000000 0.00000000 0.00000000 0.00000000 0.00000000 0.00000000 0.00000000 0.00000000
male 2004 2  0.00000000 0.00000000 0.00000000 0.00000000 0.00000000 0.00000000 0.00000000 0.00000000 0.00000000 0.00000000 0.00000000 0.00000000 0.00000000 0.00000000 0.00000000 0.00000000 0.00000000
male 2004 3  0.01483394 0.01855333 0.02295510 0.02804461 0.03387099 0.04211474 0.07735638 0.21061676 0.29173809 0.32731833 0.35552130 0.38013933 0.40129880 0.41908074 0.43373249 0.44560940 0.45511006
male 2004 4  0.00000000 0.00000000 0.00000000 0.00000000 0.00000000 0.00000000 0.00000000 0.00000000 0.00000000 0.00000000 0.00000000 0.00000000 0.00000000 0.00000000 0.00000000 0.00000000 0.00000000
male 2004 5  0.00000000 0.00000000 0.00000000 0.00000000 0.00000000 0.00000000 0.00000000 0.00000000 0.00000000 0.00000000 0.00000000 0.00000000 0.00000000 0.00000000 0.00000000 0.00000000 0.00000000
male 2004 6  0.00000000 0.00000000 0.00000000 0.00000000 0.00000000 0.00000000 0.00000000 0.00000000 0.00000000 0.00000000 0.00000000 0.00000000 0.00000000 0.00000000 0.00000000 0.00000000 0.00000000
male 2005 1  0.00000000 0.00000000 0.00000000 0.00000000 0.00000000 0.00000000 0.00000000 0.00000000 0.00000000 0.00000000 0.00000000 0.00000000 0.00000000 0.00000000 0.00000000 0.00000000 0.00000000
male 2005 2  0.00000000 0.00000000 0.00000000 0.00000000 0.00000000 0.00000000 0.00000000 0.00000000 0.00000000 0.00000000 0.00000000 0.00000000 0.00000000 0.00000000 0.00000000 0.00000000 0.00000000
male 2005 3  0.00159243 0.00264292 0.00462033 0.00821305 0.01437855 0.02494412 0.05949147 0.19288925 0.29276947 0.33754331 0.36258398 0.37662717 0.38420858 0.38819648 0.39026412 0.39132806 0.39187338
male 2005 4  0.00000000 0.00000000 0.00000000 0.00000000 0.00000000 0.00000000 0.00000000 0.00000000 0.00000000 0.00000000 0.00000000 0.00000000 0.00000000 0.00000000 0.00000000 0.00000000 0.00000000
male 2005 5  0.00000000 0.00000000 0.00000000 0.00000000 0.00000000 0.00000000 0.00000000 0.00000000 0.00000000 0.00000000 0.00000000 0.00000000 0.00000000 0.00000000 0.00000000 0.00000000 0.00000000
male 2005 6  0.00000000 0.00000000 0.00000000 0.00000000 0.00000000 0.00000000 0.00000000 0.00000000 0.00000000 0.00000000 0.00000000 0.00000000 0.00000000 0.00000000 0.00000000 0.00000000 0.00000000
male 2006 1  0.00000000 0.00000000 0.00000000 0.00000000 0.00000000 0.00000000 0.00000000 0.00000000 0.00000000 0.00000000 0.00000000 0.00000000 0.00000000 0.00000000 0.00000000 0.00000000 0.00000000
male 2006 2  0.00000000 0.00000000 0.00000000 0.00000000 0.00000000 0.00000000 0.00000000 0.00000000 0.00000000 0.00000000 0.00000000 0.00000000 0.00000000 0.00000000 0.00000000 0.00000000 0.00000000
male 2006 3  0.00121480 0.00207894 0.00370557 0.00666097 0.01173275 0.02042405 0.04884293 0.15857682 0.24073895 0.27757020 0.29816882 0.30972084 0.31595736 0.31923783 0.32093869 0.32181389 0.32226248
male 2006 4  0.00000000 0.00000000 0.00000000 0.00000000 0.00000000 0.00000000 0.00000000 0.00000000 0.00000000 0.00000000 0.00000000 0.00000000 0.00000000 0.00000000 0.00000000 0.00000000 0.00000000
male 2006 5  0.00000000 0.00000000 0.00000000 0.00000000 0.00000000 0.00000000 0.00000000 0.00000000 0.00000000 0.00000000 0.00000000 0.00000000 0.00000000 0.00000000 0.00000000 0.00000000 0.00000000
male 2006 6  0.00000000 0.00000000 0.00000000 0.00000000 0.00000000 0.00000000 0.00000000 0.00000000 0.00000000 0.00000000 0.00000000 0.00000000 0.00000000 0.00000000 0.00000000 0.00000000 0.00000000
male 2007 1  0.00000000 0.00000000 0.00000000 0.00000000 0.00000000 0.00000000 0.00000000 0.00000000 0.00000000 0.00000000 0.00000000 0.00000000 0.00000000 0.00000000 0.00000000 0.00000000 0.00000000
male 2007 2  0.00000000 0.00000000 0.00000000 0.00000000 0.00000000 0.00000000 0.00000000 0.00000000 0.00000000 0.00000000 0.00000000 0.00000000 0.00000000 0.00000000 0.00000000 0.00000000 0.00000000
male 2007 3  0.00120249 0.00215235 0.00394035 0.00718894 0.01276387 0.02231738 0.05355556 0.17417559 0.26448860 0.30497369 0.32761579 0.34031383 0.34716904 0.35077495 0.35264454 0.35360657 0.35409966
male 2007 4  0.00000000 0.00000000 0.00000000 0.00000000 0.00000000 0.00000000 0.00000000 0.00000000 0.00000000 0.00000000 0.00000000 0.00000000 0.00000000 0.00000000 0.00000000 0.00000000 0.00000000
male 2007 5  0.00000000 0.00000000 0.00000000 0.00000000 0.00000000 0.00000000 0.00000000 0.00000000 0.00000000 0.00000000 0.00000000 0.00000000 0.00000000 0.00000000 0.00000000 0.00000000 0.00000000
male 2007 6  0.00000000 0.00000000 0.00000000 0.00000000 0.00000000 0.00000000 0.00000000 0.00000000 0.00000000 0.00000000 0.00000000 0.00000000 0.00000000 0.00000000 0.00000000 0.00000000 0.00000000
male 2008 1  0.00000000 0.00000000 0.00000000 0.00000000 0.00000000 0.00000000 0.00000000 0.00000000 0.00000000 0.00000000 0.00000000 0.00000000 0.00000000 0.00000000 0.00000000 0.00000000 0.00000000
male 2008 2  0.00000000 0.00000000 0.00000000 0.00000000 0.00000000 0.00000000 0.00000000 0.00000000 0.00000000 0.00000000 0.00000000 0.00000000 0.00000000 0.00000000 0.00000000 0.00000000 0.00000000
male 2008 3  0.00205069 0.00293066 0.00458709 0.00759662 0.01276130 0.02161180 0.05055124 0.16229514 0.24596225 0.28346814 0.30444406 0.31620769 0.32255844 0.32589900 0.32763102 0.32852225 0.32897905
male 2008 4  0.00000000 0.00000000 0.00000000 0.00000000 0.00000000 0.00000000 0.00000000 0.00000000 0.00000000 0.00000000 0.00000000 0.00000000 0.00000000 0.00000000 0.00000000 0.00000000 0.00000000
male 2008 5  0.00000000 0.00000000 0.00000000 0.00000000 0.00000000 0.00000000 0.00000000 0.00000000 0.00000000 0.00000000 0.00000000 0.00000000 0.00000000 0.00000000 0.00000000 0.00000000 0.00000000
male 2008 6  0.00000000 0.00000000 0.00000000 0.00000000 0.00000000 0.00000000 0.00000000 0.00000000 0.00000000 0.00000000 0.00000000 0.00000000 0.00000000 0.00000000 0.00000000 0.00000000 0.00000000
male 2009 1  0.00000000 0.00000000 0.00000000 0.00000000 0.00000000 0.00000000 0.00000000 0.00000000 0.00000000 0.00000000 0.00000000 0.00000000 0.00000000 0.00000000 0.00000000 0.00000000 0.00000000
male 2009 2  0.00000000 0.00000000 0.00000000 0.00000000 0.00000000 0.00000000 0.00000000 0.00000000 0.00000000 0.00000000 0.00000000 0.00000000 0.00000000 0.00000000 0.00000000 0.00000000 0.00000000
male 2009 3  0.00163755 0.00259518 0.00439781 0.00767296 0.01329348 0.02292513 0.05441878 0.17602528 0.26707689 0.30789308 0.33072036 0.34352224 0.35043352 0.35406892 0.35595380 0.35692370 0.35742082
male 2009 4  0.00000000 0.00000000 0.00000000 0.00000000 0.00000000 0.00000000 0.00000000 0.00000000 0.00000000 0.00000000 0.00000000 0.00000000 0.00000000 0.00000000 0.00000000 0.00000000 0.00000000
male 2009 5  0.00000000 0.00000000 0.00000000 0.00000000 0.00000000 0.00000000 0.00000000 0.00000000 0.00000000 0.00000000 0.00000000 0.00000000 0.00000000 0.00000000 0.00000000 0.00000000 0.00000000
male 2009 6  0.00000000 0.00000000 0.00000000 0.00000000 0.00000000 0.00000000 0.00000000 0.00000000 0.00000000 0.00000000 0.00000000 0.00000000 0.00000000 0.00000000 0.00000000 0.00000000 0.00000000
male 2010 1  0.00000000 0.00000000 0.00000000 0.00000000 0.00000000 0.00000000 0.00000000 0.00000000 0.00000000 0.00000000 0.00000000 0.00000000 0.00000000 0.00000000 0.00000000 0.00000000 0.00000000
male 2010 2  0.00000000 0.00000000 0.00000000 0.00000000 0.00000000 0.00000000 0.00000000 0.00000000 0.00000000 0.00000000 0.00000000 0.00000000 0.00000000 0.00000000 0.00000000 0.00000000 0.00000000
male 2010 3  0.00140386 0.00239333 0.00425588 0.00763992 0.01344729 0.02339913 0.05593977 0.18158897 0.27566753 0.31784062 0.34142677 0.35465425 0.36179529 0.36555154 0.36749908 0.36850122 0.36901487
male 2010 4  0.00000000 0.00000000 0.00000000 0.00000000 0.00000000 0.00000000 0.00000000 0.00000000 0.00000000 0.00000000 0.00000000 0.00000000 0.00000000 0.00000000 0.00000000 0.00000000 0.00000000
male 2010 5  0.00000000 0.00000000 0.00000000 0.00000000 0.00000000 0.00000000 0.00000000 0.00000000 0.00000000 0.00000000 0.00000000 0.00000000 0.00000000 0.00000000 0.00000000 0.00000000 0.00000000
male 2010 6  0.00000000 0.00000000 0.00000000 0.00000000 0.00000000 0.00000000 0.00000000 0.00000000 0.00000000 0.00000000 0.00000000 0.00000000 0.00000000 0.00000000 0.00000000 0.00000000 0.00000000
male 2011 1  0.00000000 0.00000000 0.00000000 0.00000000 0.00000000 0.00000000 0.00000000 0.00000000 0.00000000 0.00000000 0.00000000 0.00000000 0.00000000 0.00000000 0.00000000 0.00000000 0.00000000
male 2011 2  0.00000000 0.00000000 0.00000000 0.00000000 0.00000000 0.00000000 0.00000000 0.00000000 0.00000000 0.00000000 0.00000000 0.00000000 0.00000000 0.00000000 0.00000000 0.00000000 0.00000000
male 2011 3  0.00152304 0.00258578 0.00458625 0.00822088 0.01445830 0.02514710 0.06009742 0.19505116 0.29609639 0.34139247 0.36672522 0.38093221 0.38860205 0.39263646 0.39472823 0.39580458 0.39635626
male 2011 4  0.00000000 0.00000000 0.00000000 0.00000000 0.00000000 0.00000000 0.00000000 0.00000000 0.00000000 0.00000000 0.00000000 0.00000000 0.00000000 0.00000000 0.00000000 0.00000000 0.00000000
male 2011 5  0.00000000 0.00000000 0.00000000 0.00000000 0.00000000 0.00000000 0.00000000 0.00000000 0.00000000 0.00000000 0.00000000 0.00000000 0.00000000 0.00000000 0.00000000 0.00000000 0.00000000
male 2011 6  0.00000000 0.00000000 0.00000000 0.00000000 0.00000000 0.00000000 0.00000000 0.00000000 0.00000000 0.00000000 0.00000000 0.00000000 0.00000000 0.00000000 0.00000000 0.00000000 0.00000000
male 2012 1  0.00000000 0.00000000 0.00000000 0.00000000 0.00000000 0.00000000 0.00000000 0.00000000 0.00000000 0.00000000 0.00000000 0.00000000 0.00000000 0.00000000 0.00000000 0.00000000 0.00000000
male 2012 2  0.00000000 0.00000000 0.00000000 0.00000000 0.00000000 0.00000000 0.00000000 0.00000000 0.00000000 0.00000000 0.00000000 0.00000000 0.00000000 0.00000000 0.00000000 0.00000000 0.00000000
male 2012 3  0.00199417 0.00323901 0.00558227 0.00983968 0.01714588 0.02966620 0.07060524 0.22868323 0.34704251 0.40010005 0.42977354 0.44641490 0.45539896 0.46012466 0.46257485 0.46383563 0.46448185
male 2012 4  0.00000000 0.00000000 0.00000000 0.00000000 0.00000000 0.00000000 0.00000000 0.00000000 0.00000000 0.00000000 0.00000000 0.00000000 0.00000000 0.00000000 0.00000000 0.00000000 0.00000000
male 2012 5  0.00000000 0.00000000 0.00000000 0.00000000 0.00000000 0.00000000 0.00000000 0.00000000 0.00000000 0.00000000 0.00000000 0.00000000 0.00000000 0.00000000 0.00000000 0.00000000 0.00000000
male 2012 6  0.00000000 0.00000000 0.00000000 0.00000000 0.00000000 0.00000000 0.00000000 0.00000000 0.00000000 0.00000000 0.00000000 0.00000000 0.00000000 0.00000000 0.00000000 0.00000000 0.00000000
male 2013 1  0.00000000 0.00000000 0.00000000 0.00000000 0.00000000 0.00000000 0.00000000 0.00000000 0.00000000 0.00000000 0.00000000 0.00000000 0.00000000 0.00000000 0.00000000 0.00000000 0.00000000
male 2013 2  0.00000000 0.00000000 0.00000000 0.00000000 0.00000000 0.00000000 0.00000000 0.00000000 0.00000000 0.00000000 0.00000000 0.00000000 0.00000000 0.00000000 0.00000000 0.00000000 0.00000000
male 2013 3  0.00218561 0.00368498 0.00650737 0.01163529 0.02043537 0.03551570 0.08482549 0.27522547 0.41778551 0.48169165 0.51743244 0.53747644 0.54829746 0.55398942 0.55694060 0.55845917 0.55923751
male 2013 4  0.00000000 0.00000000 0.00000000 0.00000000 0.00000000 0.00000000 0.00000000 0.00000000 0.00000000 0.00000000 0.00000000 0.00000000 0.00000000 0.00000000 0.00000000 0.00000000 0.00000000
male 2013 5  0.00000000 0.00000000 0.00000000 0.00000000 0.00000000 0.00000000 0.00000000 0.00000000 0.00000000 0.00000000 0.00000000 0.00000000 0.00000000 0.00000000 0.00000000 0.00000000 0.00000000
male 2013 6  0.00000000 0.00000000 0.00000000 0.00000000 0.00000000 0.00000000 0.00000000 0.00000000 0.00000000 0.00000000 0.00000000 0.00000000 0.00000000 0.00000000 0.00000000 0.00000000 0.00000000
male 2014 1  0.00000000 0.00000000 0.00000000 0.00000000 0.00000000 0.00000000 0.00000000 0.00000000 0.00000000 0.00000000 0.00000000 0.00000000 0.00000000 0.00000000 0.00000000 0.00000000 0.00000000
male 2014 2  0.00000000 0.00000000 0.00000000 0.00000000 0.00000000 0.00000000 0.00000000 0.00000000 0.00000000 0.00000000 0.00000000 0.00000000 0.00000000 0.00000000 0.00000000 0.00000000 0.00000000
male 2014 3  0.00195478 0.00339845 0.00611598 0.01105340 0.01952656 0.03404666 0.08152459 0.26485121 0.40211514 0.46364717 0.49806019 0.51735955 0.52777857 0.53325907 0.53610061 0.53756277 0.53831220
male 2014 4  0.00000000 0.00000000 0.00000000 0.00000000 0.00000000 0.00000000 0.00000000 0.00000000 0.00000000 0.00000000 0.00000000 0.00000000 0.00000000 0.00000000 0.00000000 0.00000000 0.00000000
male 2014 5  0.00000000 0.00000000 0.00000000 0.00000000 0.00000000 0.00000000 0.00000000 0.00000000 0.00000000 0.00000000 0.00000000 0.00000000 0.00000000 0.00000000 0.00000000 0.00000000 0.00000000
male 2014 6  0.00000000 0.00000000 0.00000000 0.00000000 0.00000000 0.00000000 0.00000000 0.00000000 0.00000000 0.00000000 0.00000000 0.00000000 0.00000000 0.00000000 0.00000000 0.00000000 0.00000000
male 2015 1  0.00000000 0.00000000 0.00000000 0.00000000 0.00000000 0.00000000 0.00000000 0.00000000 0.00000000 0.00000000 0.00000000 0.00000000 0.00000000 0.00000000 0.00000000 0.00000000 0.00000000
male 2015 2  0.00000000 0.00000000 0.00000000 0.00000000 0.00000000 0.00000000 0.00000000 0.00000000 0.00000000 0.00000000 0.00000000 0.00000000 0.00000000 0.00000000 0.00000000 0.00000000 0.00000000
male 2015 3  0.00164242 0.00294715 0.00540314 0.00986537 0.01752306 0.03064571 0.07355427 0.23923716 0.36329053 0.41890059 0.45000163 0.46744358 0.47685985 0.48181290 0.48438097 0.48570240 0.48637970
male 2015 4  0.00000000 0.00000000 0.00000000 0.00000000 0.00000000 0.00000000 0.00000000 0.00000000 0.00000000 0.00000000 0.00000000 0.00000000 0.00000000 0.00000000 0.00000000 0.00000000 0.00000000
male 2015 5  0.00000000 0.00000000 0.00000000 0.00000000 0.00000000 0.00000000 0.00000000 0.00000000 0.00000000 0.00000000 0.00000000 0.00000000 0.00000000 0.00000000 0.00000000 0.00000000 0.00000000
male 2015 6  0.00000000 0.00000000 0.00000000 0.00000000 0.00000000 0.00000000 0.00000000 0.00000000 0.00000000 0.00000000 0.00000000 0.00000000 0.00000000 0.00000000 0.00000000 0.00000000 0.00000000
male 2016 1  0.00000000 0.00000000 0.00000000 0.00000000 0.00000000 0.00000000 0.00000000 0.00000000 0.00000000 0.00000000 0.00000000 0.00000000 0.00000000 0.00000000 0.00000000 0.00000000 0.00000000
male 2016 2  0.00000000 0.00000000 0.00000000 0.00000000 0.00000000 0.00000000 0.00000000 0.00000000 0.00000000 0.00000000 0.00000000 0.00000000 0.00000000 0.00000000 0.00000000 0.00000000 0.00000000
male 2016 3  0.00149287 0.00255123 0.00454347 0.00816313 0.01437485 0.02501963 0.05982601 0.19422395 0.29485303 0.33996256 0.36519096 0.37933945 0.38697770 0.39099549 0.39307865 0.39415056 0.39469997
male 2016 4  0.00000000 0.00000000 0.00000000 0.00000000 0.00000000 0.00000000 0.00000000 0.00000000 0.00000000 0.00000000 0.00000000 0.00000000 0.00000000 0.00000000 0.00000000 0.00000000 0.00000000
male 2016 5  0.00000000 0.00000000 0.00000000 0.00000000 0.00000000 0.00000000 0.00000000 0.00000000 0.00000000 0.00000000 0.00000000 0.00000000 0.00000000 0.00000000 0.00000000 0.00000000 0.00000000
male 2016 6  0.00000000 0.00000000 0.00000000 0.00000000 0.00000000 0.00000000 0.00000000 0.00000000 0.00000000 0.00000000 0.00000000 0.00000000 0.00000000 0.00000000 0.00000000 0.00000000 0.00000000
male 2017 1  0.00000000 0.00000000 0.00000000 0.00000000 0.00000000 0.00000000 0.00000000 0.00000000 0.00000000 0.00000000 0.00000000 0.00000000 0.00000000 0.00000000 0.00000000 0.00000000 0.00000000
male 2017 2  0.00000000 0.00000000 0.00000000 0.00000000 0.00000000 0.00000000 0.00000000 0.00000000 0.00000000 0.00000000 0.00000000 0.00000000 0.00000000 0.00000000 0.00000000 0.00000000 0.00000000
male 2017 3  0.00120229 0.00216758 0.00398460 0.00728591 0.01295133 0.02265991 0.05440512 0.17698295 0.26876184 0.30990406 0.33291366 0.34581781 0.35278429 0.35644872 0.35834866 0.35932630 0.35982739
male 2017 4  0.00000000 0.00000000 0.00000000 0.00000000 0.00000000 0.00000000 0.00000000 0.00000000 0.00000000 0.00000000 0.00000000 0.00000000 0.00000000 0.00000000 0.00000000 0.00000000 0.00000000
male 2017 5  0.00000000 0.00000000 0.00000000 0.00000000 0.00000000 0.00000000 0.00000000 0.00000000 0.00000000 0.00000000 0.00000000 0.00000000 0.00000000 0.00000000 0.00000000 0.00000000 0.00000000
male 2017 6  0.00000000 0.00000000 0.00000000 0.00000000 0.00000000 0.00000000 0.00000000 0.00000000 0.00000000 0.00000000 0.00000000 0.00000000 0.00000000 0.00000000 0.00000000 0.00000000 0.00000000
male 2018 1  0.00000000 0.00000000 0.00000000 0.00000000 0.00000000 0.00000000 0.00000000 0.00000000 0.00000000 0.00000000 0.00000000 0.00000000 0.00000000 0.00000000 0.00000000 0.00000000 0.00000000
male 2018 2  0.00000000 0.00000000 0.00000000 0.00000000 0.00000000 0.00000000 0.00000000 0.00000000 0.00000000 0.00000000 0.00000000 0.00000000 0.00000000 0.00000000 0.00000000 0.00000000 0.00000000
male 2018 3  0.00137688 0.00242533 0.00439890 0.00798463 0.01413815 0.02468318 0.05916339 0.19230190 0.29198800 0.33667482 0.36166681 0.37568271 0.38324939 0.38722953 0.38929316 0.39035503 0.39089930
male 2018 4  0.00000000 0.00000000 0.00000000 0.00000000 0.00000000 0.00000000 0.00000000 0.00000000 0.00000000 0.00000000 0.00000000 0.00000000 0.00000000 0.00000000 0.00000000 0.00000000 0.00000000
male 2018 5  0.00000000 0.00000000 0.00000000 0.00000000 0.00000000 0.00000000 0.00000000 0.00000000 0.00000000 0.00000000 0.00000000 0.00000000 0.00000000 0.00000000 0.00000000 0.00000000 0.00000000
male 2018 6  0.00000000 0.00000000 0.00000000 0.00000000 0.00000000 0.00000000 0.00000000 0.00000000 0.00000000 0.00000000 0.00000000 0.00000000 0.00000000 0.00000000 0.00000000 0.00000000 0.00000000
male 2019 1  0.00000000 0.00000000 0.00000000 0.00000000 0.00000000 0.00000000 0.00000000 0.00000000 0.00000000 0.00000000 0.00000000 0.00000000 0.00000000 0.00000000 0.00000000 0.00000000 0.00000000
male 2019 2  0.00000000 0.00000000 0.00000000 0.00000000 0.00000000 0.00000000 0.00000000 0.00000000 0.00000000 0.00000000 0.00000000 0.00000000 0.00000000 0.00000000 0.00000000 0.00000000 0.00000000
male 2019 3  0.00193439 0.00315137 0.00544219 0.00960434 0.01674704 0.02898719 0.06901014 0.22355080 0.33926153 0.39113180 0.42014128 0.43641025 0.44519328 0.44981324 0.45220860 0.45344116 0.45407292
male 2019 4  0.00000000 0.00000000 0.00000000 0.00000000 0.00000000 0.00000000 0.00000000 0.00000000 0.00000000 0.00000000 0.00000000 0.00000000 0.00000000 0.00000000 0.00000000 0.00000000 0.00000000
male 2019 5  0.00000000 0.00000000 0.00000000 0.00000000 0.00000000 0.00000000 0.00000000 0.00000000 0.00000000 0.00000000 0.00000000 0.00000000 0.00000000 0.00000000 0.00000000 0.00000000 0.00000000
male 2019 6  0.00000000 0.00000000 0.00000000 0.00000000 0.00000000 0.00000000 0.00000000 0.00000000 0.00000000 0.00000000 0.00000000 0.00000000 0.00000000 0.00000000 0.00000000 0.00000000 0.00000000
male 2020 1  0.00000000 0.00000000 0.00000000 0.00000000 0.00000000 0.00000000 0.00000000 0.00000000 0.00000000 0.00000000 0.00000000 0.00000000 0.00000000 0.00000000 0.00000000 0.00000000 0.00000000
male 2020 2  0.00000000 0.00000000 0.00000000 0.00000000 0.00000000 0.00000000 0.00000000 0.00000000 0.00000000 0.00000000 0.00000000 0.00000000 0.00000000 0.00000000 0.00000000 0.00000000 0.00000000
male 2020 3  0.00161450 0.00299264 0.00558682 0.01030014 0.01838870 0.03224973 0.07757264 0.25257808 0.38361161 0.44235070 0.47520172 0.49362508 0.50357118 0.50880293 0.51151549 0.51291128 0.51362669
male 2020 4  0.00000000 0.00000000 0.00000000 0.00000000 0.00000000 0.00000000 0.00000000 0.00000000 0.00000000 0.00000000 0.00000000 0.00000000 0.00000000 0.00000000 0.00000000 0.00000000 0.00000000
male 2020 5  0.00000000 0.00000000 0.00000000 0.00000000 0.00000000 0.00000000 0.00000000 0.00000000 0.00000000 0.00000000 0.00000000 0.00000000 0.00000000 0.00000000 0.00000000 0.00000000 0.00000000
male 2020 6  0.00000000 0.00000000 0.00000000 0.00000000 0.00000000 0.00000000 0.00000000 0.00000000 0.00000000 0.00000000 0.00000000 0.00000000 0.00000000 0.00000000 0.00000000 0.00000000 0.00000000
male 2021 1  0.00000000 0.00000000 0.00000000 0.00000000 0.00000000 0.00000000 0.00000000 0.00000000 0.00000000 0.00000000 0.00000000 0.00000000 0.00000000 0.00000000 0.00000000 0.00000000 0.00000000
male 2021 2  0.00000000 0.00000000 0.00000000 0.00000000 0.00000000 0.00000000 0.00000000 0.00000000 0.00000000 0.00000000 0.00000000 0.00000000 0.00000000 0.00000000 0.00000000 0.00000000 0.00000000
male 2021 3  0.00157133 0.00291123 0.00543343 0.01001596 0.01788009 0.03135652 0.07542185 0.24557141 0.37296915 0.43007840 0.46201790 0.47993007 0.48960020 0.49468678 0.49732407 0.49868113 0.49937669
male 2021 4  0.00000000 0.00000000 0.00000000 0.00000000 0.00000000 0.00000000 0.00000000 0.00000000 0.00000000 0.00000000 0.00000000 0.00000000 0.00000000 0.00000000 0.00000000 0.00000000 0.00000000
male 2021 5  0.00000000 0.00000000 0.00000000 0.00000000 0.00000000 0.00000000 0.00000000 0.00000000 0.00000000 0.00000000 0.00000000 0.00000000 0.00000000 0.00000000 0.00000000 0.00000000 0.00000000
male 2021 6  0.00000000 0.00000000 0.00000000 0.00000000 0.00000000 0.00000000 0.00000000 0.00000000 0.00000000 0.00000000 0.00000000 0.00000000 0.00000000 0.00000000 0.00000000 0.00000000 0.00000000

# Fishing mortality-at-size by sex and season (Discrete)
# Sex Year Season 1 2 3 4 5 6 7 8 9 10 11 12 13 14 15 16 17 
male 1960 1  0.00000000 0.00000000 0.00000000 0.00000000 0.00000000 0.00000000 0.00000000 0.00000000 0.00000000 0.00000000 0.00000000 0.00000000 0.00000000 0.00000000 0.00000000 0.00000000 0.00000000
male 1960 2  0.00000000 0.00000000 0.00000000 0.00000000 0.00000000 0.00000000 0.00000000 0.00000000 0.00000000 0.00000000 0.00000000 0.00000000 0.00000000 0.00000000 0.00000000 0.00000000 0.00000000
male 1960 3  0.00000000 0.00000000 0.00000000 0.00000000 0.00000000 0.00000000 0.00000000 0.00000000 0.00000000 0.00000000 0.00000000 0.00000000 0.00000000 0.00000000 0.00000000 0.00000000 0.00000000
male 1960 4  0.00000000 0.00000000 0.00000000 0.00000000 0.00000000 0.00000000 0.00000000 0.00000000 0.00000000 0.00000000 0.00000000 0.00000000 0.00000000 0.00000000 0.00000000 0.00000000 0.00000000
male 1960 5  0.00000000 0.00000000 0.00000000 0.00000000 0.00000000 0.00000000 0.00000000 0.00000000 0.00000000 0.00000000 0.00000000 0.00000000 0.00000000 0.00000000 0.00000000 0.00000000 0.00000000
male 1960 6  0.00000000 0.00000000 0.00000000 0.00000000 0.00000000 0.00000000 0.00000000 0.00000000 0.00000000 0.00000000 0.00000000 0.00000000 0.00000000 0.00000000 0.00000000 0.00000000 0.00000000
male 1961 1  0.00000000 0.00000000 0.00000000 0.00000000 0.00000000 0.00000000 0.00000000 0.00000000 0.00000000 0.00000000 0.00000000 0.00000000 0.00000000 0.00000000 0.00000000 0.00000000 0.00000000
male 1961 2  0.00000000 0.00000000 0.00000000 0.00000000 0.00000000 0.00000000 0.00000000 0.00000000 0.00000000 0.00000000 0.00000000 0.00000000 0.00000000 0.00000000 0.00000000 0.00000000 0.00000000
male 1961 3  0.00000000 0.00000000 0.00000000 0.00000000 0.00000000 0.00000000 0.00000000 0.00000000 0.00000000 0.00000000 0.00000000 0.00000000 0.00000000 0.00000000 0.00000000 0.00000000 0.00000000
male 1961 4  0.00000000 0.00000000 0.00000000 0.00000000 0.00000000 0.00000000 0.00000000 0.00000000 0.00000000 0.00000000 0.00000000 0.00000000 0.00000000 0.00000000 0.00000000 0.00000000 0.00000000
male 1961 5  0.00000000 0.00000000 0.00000000 0.00000000 0.00000000 0.00000000 0.00000000 0.00000000 0.00000000 0.00000000 0.00000000 0.00000000 0.00000000 0.00000000 0.00000000 0.00000000 0.00000000
male 1961 6  0.00000000 0.00000000 0.00000000 0.00000000 0.00000000 0.00000000 0.00000000 0.00000000 0.00000000 0.00000000 0.00000000 0.00000000 0.00000000 0.00000000 0.00000000 0.00000000 0.00000000
male 1962 1  0.00000000 0.00000000 0.00000000 0.00000000 0.00000000 0.00000000 0.00000000 0.00000000 0.00000000 0.00000000 0.00000000 0.00000000 0.00000000 0.00000000 0.00000000 0.00000000 0.00000000
male 1962 2  0.00000000 0.00000000 0.00000000 0.00000000 0.00000000 0.00000000 0.00000000 0.00000000 0.00000000 0.00000000 0.00000000 0.00000000 0.00000000 0.00000000 0.00000000 0.00000000 0.00000000
male 1962 3  0.00000000 0.00000000 0.00000000 0.00000000 0.00000000 0.00000000 0.00000000 0.00000000 0.00000000 0.00000000 0.00000000 0.00000000 0.00000000 0.00000000 0.00000000 0.00000000 0.00000000
male 1962 4  0.00000000 0.00000000 0.00000000 0.00000000 0.00000000 0.00000000 0.00000000 0.00000000 0.00000000 0.00000000 0.00000000 0.00000000 0.00000000 0.00000000 0.00000000 0.00000000 0.00000000
male 1962 5  0.00000000 0.00000000 0.00000000 0.00000000 0.00000000 0.00000000 0.00000000 0.00000000 0.00000000 0.00000000 0.00000000 0.00000000 0.00000000 0.00000000 0.00000000 0.00000000 0.00000000
male 1962 6  0.00000000 0.00000000 0.00000000 0.00000000 0.00000000 0.00000000 0.00000000 0.00000000 0.00000000 0.00000000 0.00000000 0.00000000 0.00000000 0.00000000 0.00000000 0.00000000 0.00000000
male 1963 1  0.00000000 0.00000000 0.00000000 0.00000000 0.00000000 0.00000000 0.00000000 0.00000000 0.00000000 0.00000000 0.00000000 0.00000000 0.00000000 0.00000000 0.00000000 0.00000000 0.00000000
male 1963 2  0.00000000 0.00000000 0.00000000 0.00000000 0.00000000 0.00000000 0.00000000 0.00000000 0.00000000 0.00000000 0.00000000 0.00000000 0.00000000 0.00000000 0.00000000 0.00000000 0.00000000
male 1963 3  0.00000000 0.00000000 0.00000000 0.00000000 0.00000000 0.00000000 0.00000000 0.00000000 0.00000000 0.00000000 0.00000000 0.00000000 0.00000000 0.00000000 0.00000000 0.00000000 0.00000000
male 1963 4  0.00000000 0.00000000 0.00000000 0.00000000 0.00000000 0.00000000 0.00000000 0.00000000 0.00000000 0.00000000 0.00000000 0.00000000 0.00000000 0.00000000 0.00000000 0.00000000 0.00000000
male 1963 5  0.00000000 0.00000000 0.00000000 0.00000000 0.00000000 0.00000000 0.00000000 0.00000000 0.00000000 0.00000000 0.00000000 0.00000000 0.00000000 0.00000000 0.00000000 0.00000000 0.00000000
male 1963 6  0.00000000 0.00000000 0.00000000 0.00000000 0.00000000 0.00000000 0.00000000 0.00000000 0.00000000 0.00000000 0.00000000 0.00000000 0.00000000 0.00000000 0.00000000 0.00000000 0.00000000
male 1964 1  0.00000000 0.00000000 0.00000000 0.00000000 0.00000000 0.00000000 0.00000000 0.00000000 0.00000000 0.00000000 0.00000000 0.00000000 0.00000000 0.00000000 0.00000000 0.00000000 0.00000000
male 1964 2  0.00000000 0.00000000 0.00000000 0.00000000 0.00000000 0.00000000 0.00000000 0.00000000 0.00000000 0.00000000 0.00000000 0.00000000 0.00000000 0.00000000 0.00000000 0.00000000 0.00000000
male 1964 3  0.00000000 0.00000000 0.00000000 0.00000000 0.00000000 0.00000000 0.00000000 0.00000000 0.00000000 0.00000000 0.00000000 0.00000000 0.00000000 0.00000000 0.00000000 0.00000000 0.00000000
male 1964 4  0.00000000 0.00000000 0.00000000 0.00000000 0.00000000 0.00000000 0.00000000 0.00000000 0.00000000 0.00000000 0.00000000 0.00000000 0.00000000 0.00000000 0.00000000 0.00000000 0.00000000
male 1964 5  0.00000000 0.00000000 0.00000000 0.00000000 0.00000000 0.00000000 0.00000000 0.00000000 0.00000000 0.00000000 0.00000000 0.00000000 0.00000000 0.00000000 0.00000000 0.00000000 0.00000000
male 1964 6  0.00000000 0.00000000 0.00000000 0.00000000 0.00000000 0.00000000 0.00000000 0.00000000 0.00000000 0.00000000 0.00000000 0.00000000 0.00000000 0.00000000 0.00000000 0.00000000 0.00000000
male 1965 1  0.00000000 0.00000000 0.00000000 0.00000000 0.00000000 0.00000000 0.00000000 0.00000000 0.00000000 0.00000000 0.00000000 0.00000000 0.00000000 0.00000000 0.00000000 0.00000000 0.00000000
male 1965 2  0.00000000 0.00000000 0.00000000 0.00000000 0.00000000 0.00000000 0.00000000 0.00000000 0.00000000 0.00000000 0.00000000 0.00000000 0.00000000 0.00000000 0.00000000 0.00000000 0.00000000
male 1965 3  0.00000000 0.00000000 0.00000000 0.00000000 0.00000000 0.00000000 0.00000000 0.00000000 0.00000000 0.00000000 0.00000000 0.00000000 0.00000000 0.00000000 0.00000000 0.00000000 0.00000000
male 1965 4  0.00000000 0.00000000 0.00000000 0.00000000 0.00000000 0.00000000 0.00000000 0.00000000 0.00000000 0.00000000 0.00000000 0.00000000 0.00000000 0.00000000 0.00000000 0.00000000 0.00000000
male 1965 5  0.00000000 0.00000000 0.00000000 0.00000000 0.00000000 0.00000000 0.00000000 0.00000000 0.00000000 0.00000000 0.00000000 0.00000000 0.00000000 0.00000000 0.00000000 0.00000000 0.00000000
male 1965 6  0.00000000 0.00000000 0.00000000 0.00000000 0.00000000 0.00000000 0.00000000 0.00000000 0.00000000 0.00000000 0.00000000 0.00000000 0.00000000 0.00000000 0.00000000 0.00000000 0.00000000
male 1966 1  0.00000000 0.00000000 0.00000000 0.00000000 0.00000000 0.00000000 0.00000000 0.00000000 0.00000000 0.00000000 0.00000000 0.00000000 0.00000000 0.00000000 0.00000000 0.00000000 0.00000000
male 1966 2  0.00000000 0.00000000 0.00000000 0.00000000 0.00000000 0.00000000 0.00000000 0.00000000 0.00000000 0.00000000 0.00000000 0.00000000 0.00000000 0.00000000 0.00000000 0.00000000 0.00000000
male 1966 3  0.00000000 0.00000000 0.00000000 0.00000000 0.00000000 0.00000000 0.00000000 0.00000000 0.00000000 0.00000000 0.00000000 0.00000000 0.00000000 0.00000000 0.00000000 0.00000000 0.00000000
male 1966 4  0.00000000 0.00000000 0.00000000 0.00000000 0.00000000 0.00000000 0.00000000 0.00000000 0.00000000 0.00000000 0.00000000 0.00000000 0.00000000 0.00000000 0.00000000 0.00000000 0.00000000
male 1966 5  0.00000000 0.00000000 0.00000000 0.00000000 0.00000000 0.00000000 0.00000000 0.00000000 0.00000000 0.00000000 0.00000000 0.00000000 0.00000000 0.00000000 0.00000000 0.00000000 0.00000000
male 1966 6  0.00000000 0.00000000 0.00000000 0.00000000 0.00000000 0.00000000 0.00000000 0.00000000 0.00000000 0.00000000 0.00000000 0.00000000 0.00000000 0.00000000 0.00000000 0.00000000 0.00000000
male 1967 1  0.00000000 0.00000000 0.00000000 0.00000000 0.00000000 0.00000000 0.00000000 0.00000000 0.00000000 0.00000000 0.00000000 0.00000000 0.00000000 0.00000000 0.00000000 0.00000000 0.00000000
male 1967 2  0.00000000 0.00000000 0.00000000 0.00000000 0.00000000 0.00000000 0.00000000 0.00000000 0.00000000 0.00000000 0.00000000 0.00000000 0.00000000 0.00000000 0.00000000 0.00000000 0.00000000
male 1967 3  0.00000000 0.00000000 0.00000000 0.00000000 0.00000000 0.00000000 0.00000000 0.00000000 0.00000000 0.00000000 0.00000000 0.00000000 0.00000000 0.00000000 0.00000000 0.00000000 0.00000000
male 1967 4  0.00000000 0.00000000 0.00000000 0.00000000 0.00000000 0.00000000 0.00000000 0.00000000 0.00000000 0.00000000 0.00000000 0.00000000 0.00000000 0.00000000 0.00000000 0.00000000 0.00000000
male 1967 5  0.00000000 0.00000000 0.00000000 0.00000000 0.00000000 0.00000000 0.00000000 0.00000000 0.00000000 0.00000000 0.00000000 0.00000000 0.00000000 0.00000000 0.00000000 0.00000000 0.00000000
male 1967 6  0.00000000 0.00000000 0.00000000 0.00000000 0.00000000 0.00000000 0.00000000 0.00000000 0.00000000 0.00000000 0.00000000 0.00000000 0.00000000 0.00000000 0.00000000 0.00000000 0.00000000
male 1968 1  0.00000000 0.00000000 0.00000000 0.00000000 0.00000000 0.00000000 0.00000000 0.00000000 0.00000000 0.00000000 0.00000000 0.00000000 0.00000000 0.00000000 0.00000000 0.00000000 0.00000000
male 1968 2  0.00000000 0.00000000 0.00000000 0.00000000 0.00000000 0.00000000 0.00000000 0.00000000 0.00000000 0.00000000 0.00000000 0.00000000 0.00000000 0.00000000 0.00000000 0.00000000 0.00000000
male 1968 3  0.00000000 0.00000000 0.00000000 0.00000000 0.00000000 0.00000000 0.00000000 0.00000000 0.00000000 0.00000000 0.00000000 0.00000000 0.00000000 0.00000000 0.00000000 0.00000000 0.00000000
male 1968 4  0.00000000 0.00000000 0.00000000 0.00000000 0.00000000 0.00000000 0.00000000 0.00000000 0.00000000 0.00000000 0.00000000 0.00000000 0.00000000 0.00000000 0.00000000 0.00000000 0.00000000
male 1968 5  0.00000000 0.00000000 0.00000000 0.00000000 0.00000000 0.00000000 0.00000000 0.00000000 0.00000000 0.00000000 0.00000000 0.00000000 0.00000000 0.00000000 0.00000000 0.00000000 0.00000000
male 1968 6  0.00000000 0.00000000 0.00000000 0.00000000 0.00000000 0.00000000 0.00000000 0.00000000 0.00000000 0.00000000 0.00000000 0.00000000 0.00000000 0.00000000 0.00000000 0.00000000 0.00000000
male 1969 1  0.00000000 0.00000000 0.00000000 0.00000000 0.00000000 0.00000000 0.00000000 0.00000000 0.00000000 0.00000000 0.00000000 0.00000000 0.00000000 0.00000000 0.00000000 0.00000000 0.00000000
male 1969 2  0.00000000 0.00000000 0.00000000 0.00000000 0.00000000 0.00000000 0.00000000 0.00000000 0.00000000 0.00000000 0.00000000 0.00000000 0.00000000 0.00000000 0.00000000 0.00000000 0.00000000
male 1969 3  0.00000000 0.00000000 0.00000000 0.00000000 0.00000000 0.00000000 0.00000000 0.00000000 0.00000000 0.00000000 0.00000000 0.00000000 0.00000000 0.00000000 0.00000000 0.00000000 0.00000000
male 1969 4  0.00000000 0.00000000 0.00000000 0.00000000 0.00000000 0.00000000 0.00000000 0.00000000 0.00000000 0.00000000 0.00000000 0.00000000 0.00000000 0.00000000 0.00000000 0.00000000 0.00000000
male 1969 5  0.00000000 0.00000000 0.00000000 0.00000000 0.00000000 0.00000000 0.00000000 0.00000000 0.00000000 0.00000000 0.00000000 0.00000000 0.00000000 0.00000000 0.00000000 0.00000000 0.00000000
male 1969 6  0.00000000 0.00000000 0.00000000 0.00000000 0.00000000 0.00000000 0.00000000 0.00000000 0.00000000 0.00000000 0.00000000 0.00000000 0.00000000 0.00000000 0.00000000 0.00000000 0.00000000
male 1970 1  0.00000000 0.00000000 0.00000000 0.00000000 0.00000000 0.00000000 0.00000000 0.00000000 0.00000000 0.00000000 0.00000000 0.00000000 0.00000000 0.00000000 0.00000000 0.00000000 0.00000000
male 1970 2  0.00000000 0.00000000 0.00000000 0.00000000 0.00000000 0.00000000 0.00000000 0.00000000 0.00000000 0.00000000 0.00000000 0.00000000 0.00000000 0.00000000 0.00000000 0.00000000 0.00000000
male 1970 3  0.00000000 0.00000000 0.00000000 0.00000000 0.00000000 0.00000000 0.00000000 0.00000000 0.00000000 0.00000000 0.00000000 0.00000000 0.00000000 0.00000000 0.00000000 0.00000000 0.00000000
male 1970 4  0.00000000 0.00000000 0.00000000 0.00000000 0.00000000 0.00000000 0.00000000 0.00000000 0.00000000 0.00000000 0.00000000 0.00000000 0.00000000 0.00000000 0.00000000 0.00000000 0.00000000
male 1970 5  0.00000000 0.00000000 0.00000000 0.00000000 0.00000000 0.00000000 0.00000000 0.00000000 0.00000000 0.00000000 0.00000000 0.00000000 0.00000000 0.00000000 0.00000000 0.00000000 0.00000000
male 1970 6  0.00000000 0.00000000 0.00000000 0.00000000 0.00000000 0.00000000 0.00000000 0.00000000 0.00000000 0.00000000 0.00000000 0.00000000 0.00000000 0.00000000 0.00000000 0.00000000 0.00000000
male 1971 1  0.00000000 0.00000000 0.00000000 0.00000000 0.00000000 0.00000000 0.00000000 0.00000000 0.00000000 0.00000000 0.00000000 0.00000000 0.00000000 0.00000000 0.00000000 0.00000000 0.00000000
male 1971 2  0.00000000 0.00000000 0.00000000 0.00000000 0.00000000 0.00000000 0.00000000 0.00000000 0.00000000 0.00000000 0.00000000 0.00000000 0.00000000 0.00000000 0.00000000 0.00000000 0.00000000
male 1971 3  0.00000000 0.00000000 0.00000000 0.00000000 0.00000000 0.00000000 0.00000000 0.00000000 0.00000000 0.00000000 0.00000000 0.00000000 0.00000000 0.00000000 0.00000000 0.00000000 0.00000000
male 1971 4  0.00000000 0.00000000 0.00000000 0.00000000 0.00000000 0.00000000 0.00000000 0.00000000 0.00000000 0.00000000 0.00000000 0.00000000 0.00000000 0.00000000 0.00000000 0.00000000 0.00000000
male 1971 5  0.00000000 0.00000000 0.00000000 0.00000000 0.00000000 0.00000000 0.00000000 0.00000000 0.00000000 0.00000000 0.00000000 0.00000000 0.00000000 0.00000000 0.00000000 0.00000000 0.00000000
male 1971 6  0.00000000 0.00000000 0.00000000 0.00000000 0.00000000 0.00000000 0.00000000 0.00000000 0.00000000 0.00000000 0.00000000 0.00000000 0.00000000 0.00000000 0.00000000 0.00000000 0.00000000
male 1972 1  0.00000000 0.00000000 0.00000000 0.00000000 0.00000000 0.00000000 0.00000000 0.00000000 0.00000000 0.00000000 0.00000000 0.00000000 0.00000000 0.00000000 0.00000000 0.00000000 0.00000000
male 1972 2  0.00000000 0.00000000 0.00000000 0.00000000 0.00000000 0.00000000 0.00000000 0.00000000 0.00000000 0.00000000 0.00000000 0.00000000 0.00000000 0.00000000 0.00000000 0.00000000 0.00000000
male 1972 3  0.00000000 0.00000000 0.00000000 0.00000000 0.00000000 0.00000000 0.00000000 0.00000000 0.00000000 0.00000000 0.00000000 0.00000000 0.00000000 0.00000000 0.00000000 0.00000000 0.00000000
male 1972 4  0.00000000 0.00000000 0.00000000 0.00000000 0.00000000 0.00000000 0.00000000 0.00000000 0.00000000 0.00000000 0.00000000 0.00000000 0.00000000 0.00000000 0.00000000 0.00000000 0.00000000
male 1972 5  0.00000000 0.00000000 0.00000000 0.00000000 0.00000000 0.00000000 0.00000000 0.00000000 0.00000000 0.00000000 0.00000000 0.00000000 0.00000000 0.00000000 0.00000000 0.00000000 0.00000000
male 1972 6  0.00000000 0.00000000 0.00000000 0.00000000 0.00000000 0.00000000 0.00000000 0.00000000 0.00000000 0.00000000 0.00000000 0.00000000 0.00000000 0.00000000 0.00000000 0.00000000 0.00000000
male 1973 1  0.00000000 0.00000000 0.00000000 0.00000000 0.00000000 0.00000000 0.00000000 0.00000000 0.00000000 0.00000000 0.00000000 0.00000000 0.00000000 0.00000000 0.00000000 0.00000000 0.00000000
male 1973 2  0.00000000 0.00000000 0.00000000 0.00000000 0.00000000 0.00000000 0.00000000 0.00000000 0.00000000 0.00000000 0.00000000 0.00000000 0.00000000 0.00000000 0.00000000 0.00000000 0.00000000
male 1973 3  0.00000000 0.00000000 0.00000000 0.00000000 0.00000000 0.00000000 0.00000000 0.00000000 0.00000000 0.00000000 0.00000000 0.00000000 0.00000000 0.00000000 0.00000000 0.00000000 0.00000000
male 1973 4  0.00000000 0.00000000 0.00000000 0.00000000 0.00000000 0.00000000 0.00000000 0.00000000 0.00000000 0.00000000 0.00000000 0.00000000 0.00000000 0.00000000 0.00000000 0.00000000 0.00000000
male 1973 5  0.00000000 0.00000000 0.00000000 0.00000000 0.00000000 0.00000000 0.00000000 0.00000000 0.00000000 0.00000000 0.00000000 0.00000000 0.00000000 0.00000000 0.00000000 0.00000000 0.00000000
male 1973 6  0.00000000 0.00000000 0.00000000 0.00000000 0.00000000 0.00000000 0.00000000 0.00000000 0.00000000 0.00000000 0.00000000 0.00000000 0.00000000 0.00000000 0.00000000 0.00000000 0.00000000
male 1974 1  0.00000000 0.00000000 0.00000000 0.00000000 0.00000000 0.00000000 0.00000000 0.00000000 0.00000000 0.00000000 0.00000000 0.00000000 0.00000000 0.00000000 0.00000000 0.00000000 0.00000000
male 1974 2  0.00000000 0.00000000 0.00000000 0.00000000 0.00000000 0.00000000 0.00000000 0.00000000 0.00000000 0.00000000 0.00000000 0.00000000 0.00000000 0.00000000 0.00000000 0.00000000 0.00000000
male 1974 3  0.00000000 0.00000000 0.00000000 0.00000000 0.00000000 0.00000000 0.00000000 0.00000000 0.00000000 0.00000000 0.00000000 0.00000000 0.00000000 0.00000000 0.00000000 0.00000000 0.00000000
male 1974 4  0.00000000 0.00000000 0.00000000 0.00000000 0.00000000 0.00000000 0.00000000 0.00000000 0.00000000 0.00000000 0.00000000 0.00000000 0.00000000 0.00000000 0.00000000 0.00000000 0.00000000
male 1974 5  0.00000000 0.00000000 0.00000000 0.00000000 0.00000000 0.00000000 0.00000000 0.00000000 0.00000000 0.00000000 0.00000000 0.00000000 0.00000000 0.00000000 0.00000000 0.00000000 0.00000000
male 1974 6  0.00000000 0.00000000 0.00000000 0.00000000 0.00000000 0.00000000 0.00000000 0.00000000 0.00000000 0.00000000 0.00000000 0.00000000 0.00000000 0.00000000 0.00000000 0.00000000 0.00000000
male 1975 1  0.00000000 0.00000000 0.00000000 0.00000000 0.00000000 0.00000000 0.00000000 0.00000000 0.00000000 0.00000000 0.00000000 0.00000000 0.00000000 0.00000000 0.00000000 0.00000000 0.00000000
male 1975 2  0.00000000 0.00000000 0.00000000 0.00000000 0.00000000 0.00000000 0.00000000 0.00000000 0.00000000 0.00000000 0.00000000 0.00000000 0.00000000 0.00000000 0.00000000 0.00000000 0.00000000
male 1975 3  0.00000000 0.00000000 0.00000000 0.00000000 0.00000000 0.00000000 0.00000000 0.00000000 0.00000000 0.00000000 0.00000000 0.00000000 0.00000000 0.00000000 0.00000000 0.00000000 0.00000000
male 1975 4  0.00000000 0.00000000 0.00000000 0.00000000 0.00000000 0.00000000 0.00000000 0.00000000 0.00000000 0.00000000 0.00000000 0.00000000 0.00000000 0.00000000 0.00000000 0.00000000 0.00000000
male 1975 5  0.00000000 0.00000000 0.00000000 0.00000000 0.00000000 0.00000000 0.00000000 0.00000000 0.00000000 0.00000000 0.00000000 0.00000000 0.00000000 0.00000000 0.00000000 0.00000000 0.00000000
male 1975 6  0.00000000 0.00000000 0.00000000 0.00000000 0.00000000 0.00000000 0.00000000 0.00000000 0.00000000 0.00000000 0.00000000 0.00000000 0.00000000 0.00000000 0.00000000 0.00000000 0.00000000
male 1976 1  0.00000000 0.00000000 0.00000000 0.00000000 0.00000000 0.00000000 0.00000000 0.00000000 0.00000000 0.00000000 0.00000000 0.00000000 0.00000000 0.00000000 0.00000000 0.00000000 0.00000000
male 1976 2  0.00000000 0.00000000 0.00000000 0.00000000 0.00000000 0.00000000 0.00000000 0.00000000 0.00000000 0.00000000 0.00000000 0.00000000 0.00000000 0.00000000 0.00000000 0.00000000 0.00000000
male 1976 3  0.00000000 0.00000000 0.00000000 0.00000000 0.00000000 0.00000000 0.00000000 0.00000000 0.00000000 0.00000000 0.00000000 0.00000000 0.00000000 0.00000000 0.00000000 0.00000000 0.00000000
male 1976 4  0.00000000 0.00000000 0.00000000 0.00000000 0.00000000 0.00000000 0.00000000 0.00000000 0.00000000 0.00000000 0.00000000 0.00000000 0.00000000 0.00000000 0.00000000 0.00000000 0.00000000
male 1976 5  0.00000000 0.00000000 0.00000000 0.00000000 0.00000000 0.00000000 0.00000000 0.00000000 0.00000000 0.00000000 0.00000000 0.00000000 0.00000000 0.00000000 0.00000000 0.00000000 0.00000000
male 1976 6  0.00000000 0.00000000 0.00000000 0.00000000 0.00000000 0.00000000 0.00000000 0.00000000 0.00000000 0.00000000 0.00000000 0.00000000 0.00000000 0.00000000 0.00000000 0.00000000 0.00000000
male 1977 1  0.00000000 0.00000000 0.00000000 0.00000000 0.00000000 0.00000000 0.00000000 0.00000000 0.00000000 0.00000000 0.00000000 0.00000000 0.00000000 0.00000000 0.00000000 0.00000000 0.00000000
male 1977 2  0.00000000 0.00000000 0.00000000 0.00000000 0.00000000 0.00000000 0.00000000 0.00000000 0.00000000 0.00000000 0.00000000 0.00000000 0.00000000 0.00000000 0.00000000 0.00000000 0.00000000
male 1977 3  0.00000000 0.00000000 0.00000000 0.00000000 0.00000000 0.00000000 0.00000000 0.00000000 0.00000000 0.00000000 0.00000000 0.00000000 0.00000000 0.00000000 0.00000000 0.00000000 0.00000000
male 1977 4  0.00000000 0.00000000 0.00000000 0.00000000 0.00000000 0.00000000 0.00000000 0.00000000 0.00000000 0.00000000 0.00000000 0.00000000 0.00000000 0.00000000 0.00000000 0.00000000 0.00000000
male 1977 5  0.00000000 0.00000000 0.00000000 0.00000000 0.00000000 0.00000000 0.00000000 0.00000000 0.00000000 0.00000000 0.00000000 0.00000000 0.00000000 0.00000000 0.00000000 0.00000000 0.00000000
male 1977 6  0.00000000 0.00000000 0.00000000 0.00000000 0.00000000 0.00000000 0.00000000 0.00000000 0.00000000 0.00000000 0.00000000 0.00000000 0.00000000 0.00000000 0.00000000 0.00000000 0.00000000
male 1978 1  0.00000000 0.00000000 0.00000000 0.00000000 0.00000000 0.00000000 0.00000000 0.00000000 0.00000000 0.00000000 0.00000000 0.00000000 0.00000000 0.00000000 0.00000000 0.00000000 0.00000000
male 1978 2  0.00000000 0.00000000 0.00000000 0.00000000 0.00000000 0.00000000 0.00000000 0.00000000 0.00000000 0.00000000 0.00000000 0.00000000 0.00000000 0.00000000 0.00000000 0.00000000 0.00000000
male 1978 3  0.00000000 0.00000000 0.00000000 0.00000000 0.00000000 0.00000000 0.00000000 0.00000000 0.00000000 0.00000000 0.00000000 0.00000000 0.00000000 0.00000000 0.00000000 0.00000000 0.00000000
male 1978 4  0.00000000 0.00000000 0.00000000 0.00000000 0.00000000 0.00000000 0.00000000 0.00000000 0.00000000 0.00000000 0.00000000 0.00000000 0.00000000 0.00000000 0.00000000 0.00000000 0.00000000
male 1978 5  0.00000000 0.00000000 0.00000000 0.00000000 0.00000000 0.00000000 0.00000000 0.00000000 0.00000000 0.00000000 0.00000000 0.00000000 0.00000000 0.00000000 0.00000000 0.00000000 0.00000000
male 1978 6  0.00000000 0.00000000 0.00000000 0.00000000 0.00000000 0.00000000 0.00000000 0.00000000 0.00000000 0.00000000 0.00000000 0.00000000 0.00000000 0.00000000 0.00000000 0.00000000 0.00000000
male 1979 1  0.00000000 0.00000000 0.00000000 0.00000000 0.00000000 0.00000000 0.00000000 0.00000000 0.00000000 0.00000000 0.00000000 0.00000000 0.00000000 0.00000000 0.00000000 0.00000000 0.00000000
male 1979 2  0.00000000 0.00000000 0.00000000 0.00000000 0.00000000 0.00000000 0.00000000 0.00000000 0.00000000 0.00000000 0.00000000 0.00000000 0.00000000 0.00000000 0.00000000 0.00000000 0.00000000
male 1979 3  0.00000000 0.00000000 0.00000000 0.00000000 0.00000000 0.00000000 0.00000000 0.00000000 0.00000000 0.00000000 0.00000000 0.00000000 0.00000000 0.00000000 0.00000000 0.00000000 0.00000000
male 1979 4  0.00000000 0.00000000 0.00000000 0.00000000 0.00000000 0.00000000 0.00000000 0.00000000 0.00000000 0.00000000 0.00000000 0.00000000 0.00000000 0.00000000 0.00000000 0.00000000 0.00000000
male 1979 5  0.00000000 0.00000000 0.00000000 0.00000000 0.00000000 0.00000000 0.00000000 0.00000000 0.00000000 0.00000000 0.00000000 0.00000000 0.00000000 0.00000000 0.00000000 0.00000000 0.00000000
male 1979 6  0.00000000 0.00000000 0.00000000 0.00000000 0.00000000 0.00000000 0.00000000 0.00000000 0.00000000 0.00000000 0.00000000 0.00000000 0.00000000 0.00000000 0.00000000 0.00000000 0.00000000
male 1980 1  0.00000000 0.00000000 0.00000000 0.00000000 0.00000000 0.00000000 0.00000000 0.00000000 0.00000000 0.00000000 0.00000000 0.00000000 0.00000000 0.00000000 0.00000000 0.00000000 0.00000000
male 1980 2  0.00000000 0.00000000 0.00000000 0.00000000 0.00000000 0.00000000 0.00000000 0.00000000 0.00000000 0.00000000 0.00000000 0.00000000 0.00000000 0.00000000 0.00000000 0.00000000 0.00000000
male 1980 3  0.00000000 0.00000000 0.00000000 0.00000000 0.00000000 0.00000000 0.00000000 0.00000000 0.00000000 0.00000000 0.00000000 0.00000000 0.00000000 0.00000000 0.00000000 0.00000000 0.00000000
male 1980 4  0.00000000 0.00000000 0.00000000 0.00000000 0.00000000 0.00000000 0.00000000 0.00000000 0.00000000 0.00000000 0.00000000 0.00000000 0.00000000 0.00000000 0.00000000 0.00000000 0.00000000
male 1980 5  0.00000000 0.00000000 0.00000000 0.00000000 0.00000000 0.00000000 0.00000000 0.00000000 0.00000000 0.00000000 0.00000000 0.00000000 0.00000000 0.00000000 0.00000000 0.00000000 0.00000000
male 1980 6  0.00000000 0.00000000 0.00000000 0.00000000 0.00000000 0.00000000 0.00000000 0.00000000 0.00000000 0.00000000 0.00000000 0.00000000 0.00000000 0.00000000 0.00000000 0.00000000 0.00000000
male 1981 1  0.00000000 0.00000000 0.00000000 0.00000000 0.00000000 0.00000000 0.00000000 0.00000000 0.00000000 0.00000000 0.00000000 0.00000000 0.00000000 0.00000000 0.00000000 0.00000000 0.00000000
male 1981 2  0.00000000 0.00000000 0.00000000 0.00000000 0.00000000 0.00000000 0.00000000 0.00000000 0.00000000 0.00000000 0.00000000 0.00000000 0.00000000 0.00000000 0.00000000 0.00000000 0.00000000
male 1981 3  0.00155839 0.00195259 0.00241906 0.00295773 0.00356249 0.00422033 0.00491177 0.00561281 0.00629807 0.00694440 0.00753381 0.00805500 0.00850347 0.00888039 0.00919095 0.00944271 0.00964409
male 1981 4  0.00000000 0.00000000 0.00000000 0.00000000 0.00000000 0.00000000 0.00000000 0.00000000 0.00000000 0.00000000 0.00000000 0.00000000 0.00000000 0.00000000 0.00000000 0.00000000 0.00000000
male 1981 5  0.00000000 0.00000000 0.00000000 0.00000000 0.00000000 0.00000000 0.00000000 0.00000000 0.00000000 0.00000000 0.00000000 0.00000000 0.00000000 0.00000000 0.00000000 0.00000000 0.00000000
male 1981 6  0.00000000 0.00000000 0.00000000 0.00000000 0.00000000 0.00000000 0.00000000 0.00000000 0.00000000 0.00000000 0.00000000 0.00000000 0.00000000 0.00000000 0.00000000 0.00000000 0.00000000
male 1982 1  0.00000000 0.00000000 0.00000000 0.00000000 0.00000000 0.00000000 0.00000000 0.00000000 0.00000000 0.00000000 0.00000000 0.00000000 0.00000000 0.00000000 0.00000000 0.00000000 0.00000000
male 1982 2  0.00000000 0.00000000 0.00000000 0.00000000 0.00000000 0.00000000 0.00000000 0.00000000 0.00000000 0.00000000 0.00000000 0.00000000 0.00000000 0.00000000 0.00000000 0.00000000 0.00000000
male 1982 3  0.05044686 0.06320730 0.07830758 0.09574504 0.11532179 0.13661680 0.15899947 0.18169259 0.20387520 0.22479788 0.24387770 0.26074924 0.27526654 0.28746770 0.29752115 0.30567062 0.31218960
male 1982 4  0.00000000 0.00000000 0.00000000 0.00000000 0.00000000 0.00000000 0.00000000 0.00000000 0.00000000 0.00000000 0.00000000 0.00000000 0.00000000 0.00000000 0.00000000 0.00000000 0.00000000
male 1982 5  0.00000000 0.00000000 0.00000000 0.00000000 0.00000000 0.00000000 0.00000000 0.00000000 0.00000000 0.00000000 0.00000000 0.00000000 0.00000000 0.00000000 0.00000000 0.00000000 0.00000000
male 1982 6  0.00000000 0.00000000 0.00000000 0.00000000 0.00000000 0.00000000 0.00000000 0.00000000 0.00000000 0.00000000 0.00000000 0.00000000 0.00000000 0.00000000 0.00000000 0.00000000 0.00000000
male 1983 1  0.00000000 0.00000000 0.00000000 0.00000000 0.00000000 0.00000000 0.00000000 0.00000000 0.00000000 0.00000000 0.00000000 0.00000000 0.00000000 0.00000000 0.00000000 0.00000000 0.00000000
male 1983 2  0.00000000 0.00000000 0.00000000 0.00000000 0.00000000 0.00000000 0.00000000 0.00000000 0.00000000 0.00000000 0.00000000 0.00000000 0.00000000 0.00000000 0.00000000 0.00000000 0.00000000
male 1983 3  0.07586466 0.09505448 0.11776307 0.14398645 0.17342700 0.20545156 0.23911179 0.27323891 0.30659829 0.33806291 0.36675616 0.39212847 0.41396035 0.43230910 0.44742801 0.45968361 0.46948720
male 1983 4  0.00000000 0.00000000 0.00000000 0.00000000 0.00000000 0.00000000 0.00000000 0.00000000 0.00000000 0.00000000 0.00000000 0.00000000 0.00000000 0.00000000 0.00000000 0.00000000 0.00000000
male 1983 5  0.00000000 0.00000000 0.00000000 0.00000000 0.00000000 0.00000000 0.00000000 0.00000000 0.00000000 0.00000000 0.00000000 0.00000000 0.00000000 0.00000000 0.00000000 0.00000000 0.00000000
male 1983 6  0.00000000 0.00000000 0.00000000 0.00000000 0.00000000 0.00000000 0.00000000 0.00000000 0.00000000 0.00000000 0.00000000 0.00000000 0.00000000 0.00000000 0.00000000 0.00000000 0.00000000
male 1984 1  0.00000000 0.00000000 0.00000000 0.00000000 0.00000000 0.00000000 0.00000000 0.00000000 0.00000000 0.00000000 0.00000000 0.00000000 0.00000000 0.00000000 0.00000000 0.00000000 0.00000000
male 1984 2  0.00000000 0.00000000 0.00000000 0.00000000 0.00000000 0.00000000 0.00000000 0.00000000 0.00000000 0.00000000 0.00000000 0.00000000 0.00000000 0.00000000 0.00000000 0.00000000 0.00000000
male 1984 3  0.01234049 0.01546199 0.01915587 0.02342148 0.02821041 0.03341967 0.03889500 0.04444627 0.04987265 0.05499083 0.05965820 0.06378538 0.06733665 0.07032134 0.07278065 0.07477420 0.07636889
male 1984 4  0.00000000 0.00000000 0.00000000 0.00000000 0.00000000 0.00000000 0.00000000 0.00000000 0.00000000 0.00000000 0.00000000 0.00000000 0.00000000 0.00000000 0.00000000 0.00000000 0.00000000
male 1984 5  0.00000000 0.00000000 0.00000000 0.00000000 0.00000000 0.00000000 0.00000000 0.00000000 0.00000000 0.00000000 0.00000000 0.00000000 0.00000000 0.00000000 0.00000000 0.00000000 0.00000000
male 1984 6  0.00000000 0.00000000 0.00000000 0.00000000 0.00000000 0.00000000 0.00000000 0.00000000 0.00000000 0.00000000 0.00000000 0.00000000 0.00000000 0.00000000 0.00000000 0.00000000 0.00000000
male 1985 1  0.00000000 0.00000000 0.00000000 0.00000000 0.00000000 0.00000000 0.00000000 0.00000000 0.00000000 0.00000000 0.00000000 0.00000000 0.00000000 0.00000000 0.00000000 0.00000000 0.00000000
male 1985 2  0.00000000 0.00000000 0.00000000 0.00000000 0.00000000 0.00000000 0.00000000 0.00000000 0.00000000 0.00000000 0.00000000 0.00000000 0.00000000 0.00000000 0.00000000 0.00000000 0.00000000
male 1985 3  0.05993696 0.07509790 0.09303885 0.11375666 0.13701620 0.16231724 0.18891054 0.21587272 0.24222833 0.26708699 0.28975612 0.30980155 0.32704985 0.34154630 0.35349101 0.36317357 0.37091890
male 1985 4  0.00000000 0.00000000 0.00000000 0.00000000 0.00000000 0.00000000 0.00000000 0.00000000 0.00000000 0.00000000 0.00000000 0.00000000 0.00000000 0.00000000 0.00000000 0.00000000 0.00000000
male 1985 5  0.00000000 0.00000000 0.00000000 0.00000000 0.00000000 0.00000000 0.00000000 0.00000000 0.00000000 0.00000000 0.00000000 0.00000000 0.00000000 0.00000000 0.00000000 0.00000000 0.00000000
male 1985 6  0.00000000 0.00000000 0.00000000 0.00000000 0.00000000 0.00000000 0.00000000 0.00000000 0.00000000 0.00000000 0.00000000 0.00000000 0.00000000 0.00000000 0.00000000 0.00000000 0.00000000
male 1986 1  0.00000000 0.00000000 0.00000000 0.00000000 0.00000000 0.00000000 0.00000000 0.00000000 0.00000000 0.00000000 0.00000000 0.00000000 0.00000000 0.00000000 0.00000000 0.00000000 0.00000000
male 1986 2  0.00000000 0.00000000 0.00000000 0.00000000 0.00000000 0.00000000 0.00000000 0.00000000 0.00000000 0.00000000 0.00000000 0.00000000 0.00000000 0.00000000 0.00000000 0.00000000 0.00000000
male 1986 3  0.17688149 0.22162334 0.27456932 0.33571019 0.40435200 0.47901856 0.55749873 0.63706749 0.71484622 0.78820724 0.85510671 0.91426328 0.96516517 1.00794602 1.04319637 1.07177080 1.09462824
male 1986 4  0.00000000 0.00000000 0.00000000 0.00000000 0.00000000 0.00000000 0.00000000 0.00000000 0.00000000 0.00000000 0.00000000 0.00000000 0.00000000 0.00000000 0.00000000 0.00000000 0.00000000
male 1986 5  0.00000000 0.00000000 0.00000000 0.00000000 0.00000000 0.00000000 0.00000000 0.00000000 0.00000000 0.00000000 0.00000000 0.00000000 0.00000000 0.00000000 0.00000000 0.00000000 0.00000000
male 1986 6  0.00000000 0.00000000 0.00000000 0.00000000 0.00000000 0.00000000 0.00000000 0.00000000 0.00000000 0.00000000 0.00000000 0.00000000 0.00000000 0.00000000 0.00000000 0.00000000 0.00000000
male 1987 1  0.00000000 0.00000000 0.00000000 0.00000000 0.00000000 0.00000000 0.00000000 0.00000000 0.00000000 0.00000000 0.00000000 0.00000000 0.00000000 0.00000000 0.00000000 0.00000000 0.00000000
male 1987 2  0.00000000 0.00000000 0.00000000 0.00000000 0.00000000 0.00000000 0.00000000 0.00000000 0.00000000 0.00000000 0.00000000 0.00000000 0.00000000 0.00000000 0.00000000 0.00000000 0.00000000
male 1987 3  0.14354212 0.17985083 0.22281733 0.27243411 0.32813803 0.38873111 0.45241901 0.51699031 0.58010898 0.63964260 0.69393257 0.74193906 0.78324675 0.81796408 0.84657029 0.86975890 0.88830807
male 1987 4  0.00000000 0.00000000 0.00000000 0.00000000 0.00000000 0.00000000 0.00000000 0.00000000 0.00000000 0.00000000 0.00000000 0.00000000 0.00000000 0.00000000 0.00000000 0.00000000 0.00000000
male 1987 5  0.00000000 0.00000000 0.00000000 0.00000000 0.00000000 0.00000000 0.00000000 0.00000000 0.00000000 0.00000000 0.00000000 0.00000000 0.00000000 0.00000000 0.00000000 0.00000000 0.00000000
male 1987 6  0.00000000 0.00000000 0.00000000 0.00000000 0.00000000 0.00000000 0.00000000 0.00000000 0.00000000 0.00000000 0.00000000 0.00000000 0.00000000 0.00000000 0.00000000 0.00000000 0.00000000
male 1988 1  0.00000000 0.00000000 0.00000000 0.00000000 0.00000000 0.00000000 0.00000000 0.00000000 0.00000000 0.00000000 0.00000000 0.00000000 0.00000000 0.00000000 0.00000000 0.00000000 0.00000000
male 1988 2  0.00000000 0.00000000 0.00000000 0.00000000 0.00000000 0.00000000 0.00000000 0.00000000 0.00000000 0.00000000 0.00000000 0.00000000 0.00000000 0.00000000 0.00000000 0.00000000 0.00000000
male 1988 3  0.15384735 0.19276274 0.23881391 0.29199280 0.35169583 0.41663903 0.48489923 0.55410626 0.62175636 0.68556405 0.74375162 0.79520462 0.83947788 0.87668765 0.90734757 0.93220093 0.95208180
male 1988 4  0.00000000 0.00000000 0.00000000 0.00000000 0.00000000 0.00000000 0.00000000 0.00000000 0.00000000 0.00000000 0.00000000 0.00000000 0.00000000 0.00000000 0.00000000 0.00000000 0.00000000
male 1988 5  0.00000000 0.00000000 0.00000000 0.00000000 0.00000000 0.00000000 0.00000000 0.00000000 0.00000000 0.00000000 0.00000000 0.00000000 0.00000000 0.00000000 0.00000000 0.00000000 0.00000000
male 1988 6  0.00000000 0.00000000 0.00000000 0.00000000 0.00000000 0.00000000 0.00000000 0.00000000 0.00000000 0.00000000 0.00000000 0.00000000 0.00000000 0.00000000 0.00000000 0.00000000 0.00000000
male 1989 1  0.00000000 0.00000000 0.00000000 0.00000000 0.00000000 0.00000000 0.00000000 0.00000000 0.00000000 0.00000000 0.00000000 0.00000000 0.00000000 0.00000000 0.00000000 0.00000000 0.00000000
male 1989 2  0.00000000 0.00000000 0.00000000 0.00000000 0.00000000 0.00000000 0.00000000 0.00000000 0.00000000 0.00000000 0.00000000 0.00000000 0.00000000 0.00000000 0.00000000 0.00000000 0.00000000
male 1989 3  0.25776009 0.32295442 0.40010319 0.48919291 0.58921242 0.69801072 0.81236591 0.92830732 1.04164044 1.14853641 1.24601710 1.33221546 1.40638573 1.46872266 1.52008672 1.56172316 1.59502925
male 1989 4  0.00000000 0.00000000 0.00000000 0.00000000 0.00000000 0.00000000 0.00000000 0.00000000 0.00000000 0.00000000 0.00000000 0.00000000 0.00000000 0.00000000 0.00000000 0.00000000 0.00000000
male 1989 5  0.00000000 0.00000000 0.00000000 0.00000000 0.00000000 0.00000000 0.00000000 0.00000000 0.00000000 0.00000000 0.00000000 0.00000000 0.00000000 0.00000000 0.00000000 0.00000000 0.00000000
male 1989 6  0.00000000 0.00000000 0.00000000 0.00000000 0.00000000 0.00000000 0.00000000 0.00000000 0.00000000 0.00000000 0.00000000 0.00000000 0.00000000 0.00000000 0.00000000 0.00000000 0.00000000
male 1990 1  0.00000000 0.00000000 0.00000000 0.00000000 0.00000000 0.00000000 0.00000000 0.00000000 0.00000000 0.00000000 0.00000000 0.00000000 0.00000000 0.00000000 0.00000000 0.00000000 0.00000000
male 1990 2  0.00000000 0.00000000 0.00000000 0.00000000 0.00000000 0.00000000 0.00000000 0.00000000 0.00000000 0.00000000 0.00000000 0.00000000 0.00000000 0.00000000 0.00000000 0.00000000 0.00000000
male 1990 3  0.18486080 0.23158074 0.28686753 0.35071151 0.42238807 0.50035572 0.58230560 0.66539219 0.74660961 0.82321402 0.89307119 0.95484315 1.00799547 1.05266772 1.08947652 1.11931427 1.14318227
male 1990 4  0.00000000 0.00000000 0.00000000 0.00000000 0.00000000 0.00000000 0.00000000 0.00000000 0.00000000 0.00000000 0.00000000 0.00000000 0.00000000 0.00000000 0.00000000 0.00000000 0.00000000
male 1990 5  0.00000000 0.00000000 0.00000000 0.00000000 0.00000000 0.00000000 0.00000000 0.00000000 0.00000000 0.00000000 0.00000000 0.00000000 0.00000000 0.00000000 0.00000000 0.00000000 0.00000000
male 1990 6  0.00000000 0.00000000 0.00000000 0.00000000 0.00000000 0.00000000 0.00000000 0.00000000 0.00000000 0.00000000 0.00000000 0.00000000 0.00000000 0.00000000 0.00000000 0.00000000 0.00000000
male 1991 1  0.00000000 0.00000000 0.00000000 0.00000000 0.00000000 0.00000000 0.00000000 0.00000000 0.00000000 0.00000000 0.00000000 0.00000000 0.00000000 0.00000000 0.00000000 0.00000000 0.00000000
male 1991 2  0.00000000 0.00000000 0.00000000 0.00000000 0.00000000 0.00000000 0.00000000 0.00000000 0.00000000 0.00000000 0.00000000 0.00000000 0.00000000 0.00000000 0.00000000 0.00000000 0.00000000
male 1991 3  0.15943814 0.19976541 0.24748734 0.30259559 0.36446468 0.43176406 0.50250078 0.57421868 0.64432318 0.71044584 0.77074450 0.82406423 0.86994375 0.90850352 0.94027580 0.96603086 0.98663302
male 1991 4  0.00000000 0.00000000 0.00000000 0.00000000 0.00000000 0.00000000 0.00000000 0.00000000 0.00000000 0.00000000 0.00000000 0.00000000 0.00000000 0.00000000 0.00000000 0.00000000 0.00000000
male 1991 5  0.00000000 0.00000000 0.00000000 0.00000000 0.00000000 0.00000000 0.00000000 0.00000000 0.00000000 0.00000000 0.00000000 0.00000000 0.00000000 0.00000000 0.00000000 0.00000000 0.00000000
male 1991 6  0.00000000 0.00000000 0.00000000 0.00000000 0.00000000 0.00000000 0.00000000 0.00000000 0.00000000 0.00000000 0.00000000 0.00000000 0.00000000 0.00000000 0.00000000 0.00000000 0.00000000
male 1992 1  0.00000000 0.00000000 0.00000000 0.00000000 0.00000000 0.00000000 0.00000000 0.00000000 0.00000000 0.00000000 0.00000000 0.00000000 0.00000000 0.00000000 0.00000000 0.00000000 0.00000000
male 1992 2  0.00000000 0.00000000 0.00000000 0.00000000 0.00000000 0.00000000 0.00000000 0.00000000 0.00000000 0.00000000 0.00000000 0.00000000 0.00000000 0.00000000 0.00000000 0.00000000 0.00000000
male 1992 3  0.11708649 0.14666639 0.18167025 0.22209194 0.26747269 0.31683653 0.36872165 0.42132646 0.47274784 0.52124857 0.56547741 0.60458723 0.63823969 0.66652314 0.68982798 0.70871922 0.72383083
male 1992 4  0.00000000 0.00000000 0.00000000 0.00000000 0.00000000 0.00000000 0.00000000 0.00000000 0.00000000 0.00000000 0.00000000 0.00000000 0.00000000 0.00000000 0.00000000 0.00000000 0.00000000
male 1992 5  0.00000000 0.00000000 0.00000000 0.00000000 0.00000000 0.00000000 0.00000000 0.00000000 0.00000000 0.00000000 0.00000000 0.00000000 0.00000000 0.00000000 0.00000000 0.00000000 0.00000000
male 1992 6  0.00000000 0.00000000 0.00000000 0.00000000 0.00000000 0.00000000 0.00000000 0.00000000 0.00000000 0.00000000 0.00000000 0.00000000 0.00000000 0.00000000 0.00000000 0.00000000 0.00000000
male 1993 1  0.00000000 0.00000000 0.00000000 0.00000000 0.00000000 0.00000000 0.00000000 0.00000000 0.00000000 0.00000000 0.00000000 0.00000000 0.00000000 0.00000000 0.00000000 0.00000000 0.00000000
male 1993 2  0.00000000 0.00000000 0.00000000 0.00000000 0.00000000 0.00000000 0.00000000 0.00000000 0.00000000 0.00000000 0.00000000 0.00000000 0.00000000 0.00000000 0.00000000 0.00000000 0.00000000
male 1993 3  0.07026686 0.08804074 0.10907374 0.13336219 0.16063042 0.19029200 0.22146855 0.25307755 0.28397546 0.31311841 0.33969449 0.36319467 0.38341564 0.40041050 0.41441384 0.42576514 0.43484535
male 1993 4  0.00000000 0.00000000 0.00000000 0.00000000 0.00000000 0.00000000 0.00000000 0.00000000 0.00000000 0.00000000 0.00000000 0.00000000 0.00000000 0.00000000 0.00000000 0.00000000 0.00000000
male 1993 5  0.00000000 0.00000000 0.00000000 0.00000000 0.00000000 0.00000000 0.00000000 0.00000000 0.00000000 0.00000000 0.00000000 0.00000000 0.00000000 0.00000000 0.00000000 0.00000000 0.00000000
male 1993 6  0.00000000 0.00000000 0.00000000 0.00000000 0.00000000 0.00000000 0.00000000 0.00000000 0.00000000 0.00000000 0.00000000 0.00000000 0.00000000 0.00000000 0.00000000 0.00000000 0.00000000
male 1994 1  0.00000000 0.00000000 0.00000000 0.00000000 0.00000000 0.00000000 0.00000000 0.00000000 0.00000000 0.00000000 0.00000000 0.00000000 0.00000000 0.00000000 0.00000000 0.00000000 0.00000000
male 1994 2  0.00000000 0.00000000 0.00000000 0.00000000 0.00000000 0.00000000 0.00000000 0.00000000 0.00000000 0.00000000 0.00000000 0.00000000 0.00000000 0.00000000 0.00000000 0.00000000 0.00000000
male 1994 3  0.18813535 0.23571546 0.29202015 0.35703958 0.43003579 0.50943893 0.59289760 0.67751393 0.76022667 0.83824146 0.90938479 0.97229405 1.02642497 1.07191969 1.10940619 1.13979329 1.16410073
male 1994 4  0.00000000 0.00000000 0.00000000 0.00000000 0.00000000 0.00000000 0.00000000 0.00000000 0.00000000 0.00000000 0.00000000 0.00000000 0.00000000 0.00000000 0.00000000 0.00000000 0.00000000
male 1994 5  0.00000000 0.00000000 0.00000000 0.00000000 0.00000000 0.00000000 0.00000000 0.00000000 0.00000000 0.00000000 0.00000000 0.00000000 0.00000000 0.00000000 0.00000000 0.00000000 0.00000000
male 1994 6  0.00000000 0.00000000 0.00000000 0.00000000 0.00000000 0.00000000 0.00000000 0.00000000 0.00000000 0.00000000 0.00000000 0.00000000 0.00000000 0.00000000 0.00000000 0.00000000 0.00000000
male 1995 1  0.00000000 0.00000000 0.00000000 0.00000000 0.00000000 0.00000000 0.00000000 0.00000000 0.00000000 0.00000000 0.00000000 0.00000000 0.00000000 0.00000000 0.00000000 0.00000000 0.00000000
male 1995 2  0.00000000 0.00000000 0.00000000 0.00000000 0.00000000 0.00000000 0.00000000 0.00000000 0.00000000 0.00000000 0.00000000 0.00000000 0.00000000 0.00000000 0.00000000 0.00000000 0.00000000
male 1995 3  0.14933362 0.18704790 0.23167772 0.28321526 0.34107557 0.40401433 0.47016770 0.53723868 0.60280078 0.66463907 0.72103070 0.77089561 0.81380240 0.84986370 0.87957731 0.90366359 0.92293084
male 1995 4  0.00000000 0.00000000 0.00000000 0.00000000 0.00000000 0.00000000 0.00000000 0.00000000 0.00000000 0.00000000 0.00000000 0.00000000 0.00000000 0.00000000 0.00000000 0.00000000 0.00000000
male 1995 5  0.00000000 0.00000000 0.00000000 0.00000000 0.00000000 0.00000000 0.00000000 0.00000000 0.00000000 0.00000000 0.00000000 0.00000000 0.00000000 0.00000000 0.00000000 0.00000000 0.00000000
male 1995 6  0.00000000 0.00000000 0.00000000 0.00000000 0.00000000 0.00000000 0.00000000 0.00000000 0.00000000 0.00000000 0.00000000 0.00000000 0.00000000 0.00000000 0.00000000 0.00000000 0.00000000
male 1996 1  0.00000000 0.00000000 0.00000000 0.00000000 0.00000000 0.00000000 0.00000000 0.00000000 0.00000000 0.00000000 0.00000000 0.00000000 0.00000000 0.00000000 0.00000000 0.00000000 0.00000000
male 1996 2  0.00000000 0.00000000 0.00000000 0.00000000 0.00000000 0.00000000 0.00000000 0.00000000 0.00000000 0.00000000 0.00000000 0.00000000 0.00000000 0.00000000 0.00000000 0.00000000 0.00000000
male 1996 3  0.14310656 0.17910173 0.22169720 0.27088552 0.32610842 0.38617826 0.44931619 0.51332990 0.57590351 0.63492305 0.68874421 0.73633615 0.77728712 0.81170466 0.84006385 0.86305221 0.88144121
male 1996 4  0.00000000 0.00000000 0.00000000 0.00000000 0.00000000 0.00000000 0.00000000 0.00000000 0.00000000 0.00000000 0.00000000 0.00000000 0.00000000 0.00000000 0.00000000 0.00000000 0.00000000
male 1996 5  0.00000000 0.00000000 0.00000000 0.00000000 0.00000000 0.00000000 0.00000000 0.00000000 0.00000000 0.00000000 0.00000000 0.00000000 0.00000000 0.00000000 0.00000000 0.00000000 0.00000000
male 1996 6  0.00000000 0.00000000 0.00000000 0.00000000 0.00000000 0.00000000 0.00000000 0.00000000 0.00000000 0.00000000 0.00000000 0.00000000 0.00000000 0.00000000 0.00000000 0.00000000 0.00000000
male 1997 1  0.00000000 0.00000000 0.00000000 0.00000000 0.00000000 0.00000000 0.00000000 0.00000000 0.00000000 0.00000000 0.00000000 0.00000000 0.00000000 0.00000000 0.00000000 0.00000000 0.00000000
male 1997 2  0.00000000 0.00000000 0.00000000 0.00000000 0.00000000 0.00000000 0.00000000 0.00000000 0.00000000 0.00000000 0.00000000 0.00000000 0.00000000 0.00000000 0.00000000 0.00000000 0.00000000
male 1997 3  0.11979923 0.15007085 0.18589325 0.22726019 0.27370215 0.32422035 0.37731878 0.43115373 0.48377758 0.53341247 0.57867558 0.61869997 0.65313938 0.68208422 0.70593404 0.72526705 0.74073203
male 1997 4  0.00000000 0.00000000 0.00000000 0.00000000 0.00000000 0.00000000 0.00000000 0.00000000 0.00000000 0.00000000 0.00000000 0.00000000 0.00000000 0.00000000 0.00000000 0.00000000 0.00000000
male 1997 5  0.00000000 0.00000000 0.00000000 0.00000000 0.00000000 0.00000000 0.00000000 0.00000000 0.00000000 0.00000000 0.00000000 0.00000000 0.00000000 0.00000000 0.00000000 0.00000000 0.00000000
male 1997 6  0.00000000 0.00000000 0.00000000 0.00000000 0.00000000 0.00000000 0.00000000 0.00000000 0.00000000 0.00000000 0.00000000 0.00000000 0.00000000 0.00000000 0.00000000 0.00000000 0.00000000
male 1998 1  0.00000000 0.00000000 0.00000000 0.00000000 0.00000000 0.00000000 0.00000000 0.00000000 0.00000000 0.00000000 0.00000000 0.00000000 0.00000000 0.00000000 0.00000000 0.00000000 0.00000000
male 1998 2  0.00000000 0.00000000 0.00000000 0.00000000 0.00000000 0.00000000 0.00000000 0.00000000 0.00000000 0.00000000 0.00000000 0.00000000 0.00000000 0.00000000 0.00000000 0.00000000 0.00000000
male 1998 3  0.09411140 0.11778200 0.14579298 0.17813946 0.21445430 0.25395653 0.29547633 0.33757206 0.37872077 0.41753230 0.45292535 0.48422205 0.51115161 0.53378475 0.55243389 0.56755114 0.57964384
male 1998 4  0.00000000 0.00000000 0.00000000 0.00000000 0.00000000 0.00000000 0.00000000 0.00000000 0.00000000 0.00000000 0.00000000 0.00000000 0.00000000 0.00000000 0.00000000 0.00000000 0.00000000
male 1998 5  0.00000000 0.00000000 0.00000000 0.00000000 0.00000000 0.00000000 0.00000000 0.00000000 0.00000000 0.00000000 0.00000000 0.00000000 0.00000000 0.00000000 0.00000000 0.00000000 0.00000000
male 1998 6  0.00000000 0.00000000 0.00000000 0.00000000 0.00000000 0.00000000 0.00000000 0.00000000 0.00000000 0.00000000 0.00000000 0.00000000 0.00000000 0.00000000 0.00000000 0.00000000 0.00000000
male 1999 1  0.00000000 0.00000000 0.00000000 0.00000000 0.00000000 0.00000000 0.00000000 0.00000000 0.00000000 0.00000000 0.00000000 0.00000000 0.00000000 0.00000000 0.00000000 0.00000000 0.00000000
male 1999 2  0.00000000 0.00000000 0.00000000 0.00000000 0.00000000 0.00000000 0.00000000 0.00000000 0.00000000 0.00000000 0.00000000 0.00000000 0.00000000 0.00000000 0.00000000 0.00000000 0.00000000
male 1999 3  0.12190489 0.15262115 0.18896972 0.23094426 0.27806837 0.32932859 0.38320694 0.43783263 0.49122943 0.54159338 0.58752132 0.62813360 0.66307886 0.69244885 0.71664898 0.73626595 0.75195809
male 1999 4  0.00000000 0.00000000 0.00000000 0.00000000 0.00000000 0.00000000 0.00000000 0.00000000 0.00000000 0.00000000 0.00000000 0.00000000 0.00000000 0.00000000 0.00000000 0.00000000 0.00000000
male 1999 5  0.00000000 0.00000000 0.00000000 0.00000000 0.00000000 0.00000000 0.00000000 0.00000000 0.00000000 0.00000000 0.00000000 0.00000000 0.00000000 0.00000000 0.00000000 0.00000000 0.00000000
male 1999 6  0.00000000 0.00000000 0.00000000 0.00000000 0.00000000 0.00000000 0.00000000 0.00000000 0.00000000 0.00000000 0.00000000 0.00000000 0.00000000 0.00000000 0.00000000 0.00000000 0.00000000
male 2000 1  0.00000000 0.00000000 0.00000000 0.00000000 0.00000000 0.00000000 0.00000000 0.00000000 0.00000000 0.00000000 0.00000000 0.00000000 0.00000000 0.00000000 0.00000000 0.00000000 0.00000000
male 2000 2  0.00000000 0.00000000 0.00000000 0.00000000 0.00000000 0.00000000 0.00000000 0.00000000 0.00000000 0.00000000 0.00000000 0.00000000 0.00000000 0.00000000 0.00000000 0.00000000 0.00000000
male 2000 3  0.13222382 0.16560305 0.20510290 0.25071647 0.30192605 0.35763032 0.41617971 0.47554123 0.53356731 0.58829761 0.63820732 0.68234052 0.72031539 0.75223164 0.77852983 0.79984751 0.81690009
male 2000 4  0.00000000 0.00000000 0.00000000 0.00000000 0.00000000 0.00000000 0.00000000 0.00000000 0.00000000 0.00000000 0.00000000 0.00000000 0.00000000 0.00000000 0.00000000 0.00000000 0.00000000
male 2000 5  0.00000000 0.00000000 0.00000000 0.00000000 0.00000000 0.00000000 0.00000000 0.00000000 0.00000000 0.00000000 0.00000000 0.00000000 0.00000000 0.00000000 0.00000000 0.00000000 0.00000000
male 2000 6  0.00000000 0.00000000 0.00000000 0.00000000 0.00000000 0.00000000 0.00000000 0.00000000 0.00000000 0.00000000 0.00000000 0.00000000 0.00000000 0.00000000 0.00000000 0.00000000 0.00000000
male 2001 1  0.00000000 0.00000000 0.00000000 0.00000000 0.00000000 0.00000000 0.00000000 0.00000000 0.00000000 0.00000000 0.00000000 0.00000000 0.00000000 0.00000000 0.00000000 0.00000000 0.00000000
male 2001 2  0.00000000 0.00000000 0.00000000 0.00000000 0.00000000 0.00000000 0.00000000 0.00000000 0.00000000 0.00000000 0.00000000 0.00000000 0.00000000 0.00000000 0.00000000 0.00000000 0.00000000
male 2001 3  0.11400613 0.14281872 0.17691457 0.21628770 0.26049125 0.30857458 0.35911378 0.41035400 0.46044149 0.50768409 0.55076561 0.58886091 0.62164041 0.64919017 0.67189048 0.69029167 0.70501128
male 2001 4  0.00000000 0.00000000 0.00000000 0.00000000 0.00000000 0.00000000 0.00000000 0.00000000 0.00000000 0.00000000 0.00000000 0.00000000 0.00000000 0.00000000 0.00000000 0.00000000 0.00000000
male 2001 5  0.00000000 0.00000000 0.00000000 0.00000000 0.00000000 0.00000000 0.00000000 0.00000000 0.00000000 0.00000000 0.00000000 0.00000000 0.00000000 0.00000000 0.00000000 0.00000000 0.00000000
male 2001 6  0.00000000 0.00000000 0.00000000 0.00000000 0.00000000 0.00000000 0.00000000 0.00000000 0.00000000 0.00000000 0.00000000 0.00000000 0.00000000 0.00000000 0.00000000 0.00000000 0.00000000
male 2002 1  0.00000000 0.00000000 0.00000000 0.00000000 0.00000000 0.00000000 0.00000000 0.00000000 0.00000000 0.00000000 0.00000000 0.00000000 0.00000000 0.00000000 0.00000000 0.00000000 0.00000000
male 2002 2  0.00000000 0.00000000 0.00000000 0.00000000 0.00000000 0.00000000 0.00000000 0.00000000 0.00000000 0.00000000 0.00000000 0.00000000 0.00000000 0.00000000 0.00000000 0.00000000 0.00000000
male 2002 3  0.09358890 0.11719653 0.14513300 0.17739343 0.21361167 0.25300881 0.29441817 0.33640191 0.37744116 0.41614945 0.45144835 0.48266179 0.50951971 0.53209264 0.55069217 0.56576922 0.57782974
male 2002 4  0.00000000 0.00000000 0.00000000 0.00000000 0.00000000 0.00000000 0.00000000 0.00000000 0.00000000 0.00000000 0.00000000 0.00000000 0.00000000 0.00000000 0.00000000 0.00000000 0.00000000
male 2002 5  0.00000000 0.00000000 0.00000000 0.00000000 0.00000000 0.00000000 0.00000000 0.00000000 0.00000000 0.00000000 0.00000000 0.00000000 0.00000000 0.00000000 0.00000000 0.00000000 0.00000000
male 2002 6  0.00000000 0.00000000 0.00000000 0.00000000 0.00000000 0.00000000 0.00000000 0.00000000 0.00000000 0.00000000 0.00000000 0.00000000 0.00000000 0.00000000 0.00000000 0.00000000 0.00000000
male 2003 1  0.00000000 0.00000000 0.00000000 0.00000000 0.00000000 0.00000000 0.00000000 0.00000000 0.00000000 0.00000000 0.00000000 0.00000000 0.00000000 0.00000000 0.00000000 0.00000000 0.00000000
male 2003 2  0.00000000 0.00000000 0.00000000 0.00000000 0.00000000 0.00000000 0.00000000 0.00000000 0.00000000 0.00000000 0.00000000 0.00000000 0.00000000 0.00000000 0.00000000 0.00000000 0.00000000
male 2003 3  0.08200971 0.10273748 0.12726601 0.15559102 0.18739104 0.22198216 0.25834003 0.29520222 0.33123513 0.36522143 0.39621426 0.42362000 0.44720155 0.46702084 0.48335143 0.49658924 0.50717851
male 2003 4  0.00000000 0.00000000 0.00000000 0.00000000 0.00000000 0.00000000 0.00000000 0.00000000 0.00000000 0.00000000 0.00000000 0.00000000 0.00000000 0.00000000 0.00000000 0.00000000 0.00000000
male 2003 5  0.00000000 0.00000000 0.00000000 0.00000000 0.00000000 0.00000000 0.00000000 0.00000000 0.00000000 0.00000000 0.00000000 0.00000000 0.00000000 0.00000000 0.00000000 0.00000000 0.00000000
male 2003 6  0.00000000 0.00000000 0.00000000 0.00000000 0.00000000 0.00000000 0.00000000 0.00000000 0.00000000 0.00000000 0.00000000 0.00000000 0.00000000 0.00000000 0.00000000 0.00000000 0.00000000
male 2004 1  0.00000000 0.00000000 0.00000000 0.00000000 0.00000000 0.00000000 0.00000000 0.00000000 0.00000000 0.00000000 0.00000000 0.00000000 0.00000000 0.00000000 0.00000000 0.00000000 0.00000000
male 2004 2  0.00000000 0.00000000 0.00000000 0.00000000 0.00000000 0.00000000 0.00000000 0.00000000 0.00000000 0.00000000 0.00000000 0.00000000 0.00000000 0.00000000 0.00000000 0.00000000 0.00000000
male 2004 3  0.07372023 0.09231709 0.11432399 0.13973708 0.16826793 0.19930294 0.23192308 0.26499569 0.29732428 0.32781665 0.35562329 0.38021161 0.40136889 0.41915067 0.43380241 0.44567932 0.45517997
male 2004 4  0.00000000 0.00000000 0.00000000 0.00000000 0.00000000 0.00000000 0.00000000 0.00000000 0.00000000 0.00000000 0.00000000 0.00000000 0.00000000 0.00000000 0.00000000 0.00000000 0.00000000
male 2004 5  0.00000000 0.00000000 0.00000000 0.00000000 0.00000000 0.00000000 0.00000000 0.00000000 0.00000000 0.00000000 0.00000000 0.00000000 0.00000000 0.00000000 0.00000000 0.00000000 0.00000000
male 2004 6  0.00000000 0.00000000 0.00000000 0.00000000 0.00000000 0.00000000 0.00000000 0.00000000 0.00000000 0.00000000 0.00000000 0.00000000 0.00000000 0.00000000 0.00000000 0.00000000 0.00000000
male 2005 1  0.00000000 0.00000000 0.00000000 0.00000000 0.00000000 0.00000000 0.00000000 0.00000000 0.00000000 0.00000000 0.00000000 0.00000000 0.00000000 0.00000000 0.00000000 0.00000000 0.00000000
male 2005 2  0.00000000 0.00000000 0.00000000 0.00000000 0.00000000 0.00000000 0.00000000 0.00000000 0.00000000 0.00000000 0.00000000 0.00000000 0.00000000 0.00000000 0.00000000 0.00000000 0.00000000
male 2005 3  0.00634964 0.01160207 0.02148877 0.03944261 0.07001736 0.11679895 0.17782698 0.24278843 0.29854973 0.33823551 0.36286750 0.37688035 0.38445958 0.38844732 0.39051496 0.39157890 0.39212422
male 2005 4  0.00000000 0.00000000 0.00000000 0.00000000 0.00000000 0.00000000 0.00000000 0.00000000 0.00000000 0.00000000 0.00000000 0.00000000 0.00000000 0.00000000 0.00000000 0.00000000 0.00000000
male 2005 5  0.00000000 0.00000000 0.00000000 0.00000000 0.00000000 0.00000000 0.00000000 0.00000000 0.00000000 0.00000000 0.00000000 0.00000000 0.00000000 0.00000000 0.00000000 0.00000000 0.00000000
male 2005 6  0.00000000 0.00000000 0.00000000 0.00000000 0.00000000 0.00000000 0.00000000 0.00000000 0.00000000 0.00000000 0.00000000 0.00000000 0.00000000 0.00000000 0.00000000 0.00000000 0.00000000
male 2006 1  0.00000000 0.00000000 0.00000000 0.00000000 0.00000000 0.00000000 0.00000000 0.00000000 0.00000000 0.00000000 0.00000000 0.00000000 0.00000000 0.00000000 0.00000000 0.00000000 0.00000000
male 2006 2  0.00000000 0.00000000 0.00000000 0.00000000 0.00000000 0.00000000 0.00000000 0.00000000 0.00000000 0.00000000 0.00000000 0.00000000 0.00000000 0.00000000 0.00000000 0.00000000 0.00000000
male 2006 3  0.00507688 0.00939756 0.01753043 0.03229938 0.05745037 0.09593321 0.14613527 0.19957299 0.24544260 0.27808838 0.29835082 0.30987788 0.31611261 0.31939295 0.32109380 0.32196900 0.32241759
male 2006 4  0.00000000 0.00000000 0.00000000 0.00000000 0.00000000 0.00000000 0.00000000 0.00000000 0.00000000 0.00000000 0.00000000 0.00000000 0.00000000 0.00000000 0.00000000 0.00000000 0.00000000
male 2006 5  0.00000000 0.00000000 0.00000000 0.00000000 0.00000000 0.00000000 0.00000000 0.00000000 0.00000000 0.00000000 0.00000000 0.00000000 0.00000000 0.00000000 0.00000000 0.00000000 0.00000000
male 2006 6  0.00000000 0.00000000 0.00000000 0.00000000 0.00000000 0.00000000 0.00000000 0.00000000 0.00000000 0.00000000 0.00000000 0.00000000 0.00000000 0.00000000 0.00000000 0.00000000 0.00000000
male 2007 1  0.00000000 0.00000000 0.00000000 0.00000000 0.00000000 0.00000000 0.00000000 0.00000000 0.00000000 0.00000000 0.00000000 0.00000000 0.00000000 0.00000000 0.00000000 0.00000000 0.00000000
male 2007 2  0.00000000 0.00000000 0.00000000 0.00000000 0.00000000 0.00000000 0.00000000 0.00000000 0.00000000 0.00000000 0.00000000 0.00000000 0.00000000 0.00000000 0.00000000 0.00000000 0.00000000
male 2007 3  0.00537618 0.01012549 0.01906518 0.03529928 0.06294537 0.10524589 0.16042825 0.21916725 0.26958734 0.30547174 0.32774431 0.34041492 0.34726816 0.35087393 0.35274351 0.35370554 0.35419863
male 2007 4  0.00000000 0.00000000 0.00000000 0.00000000 0.00000000 0.00000000 0.00000000 0.00000000 0.00000000 0.00000000 0.00000000 0.00000000 0.00000000 0.00000000 0.00000000 0.00000000 0.00000000
male 2007 5  0.00000000 0.00000000 0.00000000 0.00000000 0.00000000 0.00000000 0.00000000 0.00000000 0.00000000 0.00000000 0.00000000 0.00000000 0.00000000 0.00000000 0.00000000 0.00000000 0.00000000
male 2007 6  0.00000000 0.00000000 0.00000000 0.00000000 0.00000000 0.00000000 0.00000000 0.00000000 0.00000000 0.00000000 0.00000000 0.00000000 0.00000000 0.00000000 0.00000000 0.00000000 0.00000000
male 2008 1  0.00000000 0.00000000 0.00000000 0.00000000 0.00000000 0.00000000 0.00000000 0.00000000 0.00000000 0.00000000 0.00000000 0.00000000 0.00000000 0.00000000 0.00000000 0.00000000 0.00000000
male 2008 2  0.00000000 0.00000000 0.00000000 0.00000000 0.00000000 0.00000000 0.00000000 0.00000000 0.00000000 0.00000000 0.00000000 0.00000000 0.00000000 0.00000000 0.00000000 0.00000000 0.00000000
male 2008 3  0.00642163 0.01082145 0.01910329 0.03414276 0.05975445 0.09894219 0.15006381 0.20448035 0.25119016 0.28443392 0.30506751 0.31680571 0.32315465 0.32649507 0.32822708 0.32911831 0.32957512
male 2008 4  0.00000000 0.00000000 0.00000000 0.00000000 0.00000000 0.00000000 0.00000000 0.00000000 0.00000000 0.00000000 0.00000000 0.00000000 0.00000000 0.00000000 0.00000000 0.00000000 0.00000000
male 2008 5  0.00000000 0.00000000 0.00000000 0.00000000 0.00000000 0.00000000 0.00000000 0.00000000 0.00000000 0.00000000 0.00000000 0.00000000 0.00000000 0.00000000 0.00000000 0.00000000 0.00000000
male 2008 6  0.00000000 0.00000000 0.00000000 0.00000000 0.00000000 0.00000000 0.00000000 0.00000000 0.00000000 0.00000000 0.00000000 0.00000000 0.00000000 0.00000000 0.00000000 0.00000000 0.00000000
male 2009 1  0.00000000 0.00000000 0.00000000 0.00000000 0.00000000 0.00000000 0.00000000 0.00000000 0.00000000 0.00000000 0.00000000 0.00000000 0.00000000 0.00000000 0.00000000 0.00000000 0.00000000
male 2009 2  0.00000000 0.00000000 0.00000000 0.00000000 0.00000000 0.00000000 0.00000000 0.00000000 0.00000000 0.00000000 0.00000000 0.00000000 0.00000000 0.00000000 0.00000000 0.00000000 0.00000000
male 2009 3  0.00607434 0.01086250 0.01987529 0.03624216 0.06411435 0.10676083 0.16239448 0.22161386 0.27244631 0.30862418 0.33107890 0.34385313 0.35076242 0.35439768 0.35628255 0.35725245 0.35774957
male 2009 4  0.00000000 0.00000000 0.00000000 0.00000000 0.00000000 0.00000000 0.00000000 0.00000000 0.00000000 0.00000000 0.00000000 0.00000000 0.00000000 0.00000000 0.00000000 0.00000000 0.00000000
male 2009 5  0.00000000 0.00000000 0.00000000 0.00000000 0.00000000 0.00000000 0.00000000 0.00000000 0.00000000 0.00000000 0.00000000 0.00000000 0.00000000 0.00000000 0.00000000 0.00000000 0.00000000
male 2009 6  0.00000000 0.00000000 0.00000000 0.00000000 0.00000000 0.00000000 0.00000000 0.00000000 0.00000000 0.00000000 0.00000000 0.00000000 0.00000000 0.00000000 0.00000000 0.00000000 0.00000000
male 2010 1  0.00000000 0.00000000 0.00000000 0.00000000 0.00000000 0.00000000 0.00000000 0.00000000 0.00000000 0.00000000 0.00000000 0.00000000 0.00000000 0.00000000 0.00000000 0.00000000 0.00000000
male 2010 2  0.00000000 0.00000000 0.00000000 0.00000000 0.00000000 0.00000000 0.00000000 0.00000000 0.00000000 0.00000000 0.00000000 0.00000000 0.00000000 0.00000000 0.00000000 0.00000000 0.00000000
male 2010 3  0.00583301 0.01078034 0.02009276 0.03700374 0.06580251 0.10986674 0.16734988 0.22853797 0.28106030 0.31844088 0.34164209 0.35484099 0.36197998 0.36573608 0.36768362 0.36868576 0.36919941
male 2010 4  0.00000000 0.00000000 0.00000000 0.00000000 0.00000000 0.00000000 0.00000000 0.00000000 0.00000000 0.00000000 0.00000000 0.00000000 0.00000000 0.00000000 0.00000000 0.00000000 0.00000000
male 2010 5  0.00000000 0.00000000 0.00000000 0.00000000 0.00000000 0.00000000 0.00000000 0.00000000 0.00000000 0.00000000 0.00000000 0.00000000 0.00000000 0.00000000 0.00000000 0.00000000 0.00000000
male 2010 6  0.00000000 0.00000000 0.00000000 0.00000000 0.00000000 0.00000000 0.00000000 0.00000000 0.00000000 0.00000000 0.00000000 0.00000000 0.00000000 0.00000000 0.00000000 0.00000000 0.00000000
male 2011 1  0.00000000 0.00000000 0.00000000 0.00000000 0.00000000 0.00000000 0.00000000 0.00000000 0.00000000 0.00000000 0.00000000 0.00000000 0.00000000 0.00000000 0.00000000 0.00000000 0.00000000
male 2011 2  0.00000000 0.00000000 0.00000000 0.00000000 0.00000000 0.00000000 0.00000000 0.00000000 0.00000000 0.00000000 0.00000000 0.00000000 0.00000000 0.00000000 0.00000000 0.00000000 0.00000000
male 2011 3  0.00628836 0.01160205 0.02160408 0.03976733 0.07069871 0.11802596 0.17976583 0.24548500 0.30189670 0.34204537 0.36696468 0.38114097 0.38880861 0.39284287 0.39493462 0.39601097 0.39656265
male 2011 4  0.00000000 0.00000000 0.00000000 0.00000000 0.00000000 0.00000000 0.00000000 0.00000000 0.00000000 0.00000000 0.00000000 0.00000000 0.00000000 0.00000000 0.00000000 0.00000000 0.00000000
male 2011 5  0.00000000 0.00000000 0.00000000 0.00000000 0.00000000 0.00000000 0.00000000 0.00000000 0.00000000 0.00000000 0.00000000 0.00000000 0.00000000 0.00000000 0.00000000 0.00000000 0.00000000
male 2011 6  0.00000000 0.00000000 0.00000000 0.00000000 0.00000000 0.00000000 0.00000000 0.00000000 0.00000000 0.00000000 0.00000000 0.00000000 0.00000000 0.00000000 0.00000000 0.00000000 0.00000000
male 2012 1  0.00000000 0.00000000 0.00000000 0.00000000 0.00000000 0.00000000 0.00000000 0.00000000 0.00000000 0.00000000 0.00000000 0.00000000 0.00000000 0.00000000 0.00000000 0.00000000 0.00000000
male 2012 2  0.00000000 0.00000000 0.00000000 0.00000000 0.00000000 0.00000000 0.00000000 0.00000000 0.00000000 0.00000000 0.00000000 0.00000000 0.00000000 0.00000000 0.00000000 0.00000000 0.00000000
male 2012 3  0.00768919 0.01391338 0.02562924 0.04690477 0.08313621 0.13857297 0.21089193 0.28787204 0.35394986 0.40097798 0.43016719 0.44677259 0.45575408 0.46047960 0.46292978 0.46419055 0.46483677
male 2012 4  0.00000000 0.00000000 0.00000000 0.00000000 0.00000000 0.00000000 0.00000000 0.00000000 0.00000000 0.00000000 0.00000000 0.00000000 0.00000000 0.00000000 0.00000000 0.00000000 0.00000000
male 2012 5  0.00000000 0.00000000 0.00000000 0.00000000 0.00000000 0.00000000 0.00000000 0.00000000 0.00000000 0.00000000 0.00000000 0.00000000 0.00000000 0.00000000 0.00000000 0.00000000 0.00000000
male 2012 6  0.00000000 0.00000000 0.00000000 0.00000000 0.00000000 0.00000000 0.00000000 0.00000000 0.00000000 0.00000000 0.00000000 0.00000000 0.00000000 0.00000000 0.00000000 0.00000000 0.00000000
male 2013 1  0.00000000 0.00000000 0.00000000 0.00000000 0.00000000 0.00000000 0.00000000 0.00000000 0.00000000 0.00000000 0.00000000 0.00000000 0.00000000 0.00000000 0.00000000 0.00000000 0.00000000
male 2013 2  0.00000000 0.00000000 0.00000000 0.00000000 0.00000000 0.00000000 0.00000000 0.00000000 0.00000000 0.00000000 0.00000000 0.00000000 0.00000000 0.00000000 0.00000000 0.00000000 0.00000000
male 2013 3  0.00892862 0.01642546 0.03053685 0.05616255 0.09980219 0.16657402 0.25367995 0.34640007 0.42598873 0.48263263 0.51779012 0.53779080 0.54860872 0.55430046 0.55725162 0.55877019 0.55954853
male 2013 4  0.00000000 0.00000000 0.00000000 0.00000000 0.00000000 0.00000000 0.00000000 0.00000000 0.00000000 0.00000000 0.00000000 0.00000000 0.00000000 0.00000000 0.00000000 0.00000000 0.00000000
male 2013 5  0.00000000 0.00000000 0.00000000 0.00000000 0.00000000 0.00000000 0.00000000 0.00000000 0.00000000 0.00000000 0.00000000 0.00000000 0.00000000 0.00000000 0.00000000 0.00000000 0.00000000
male 2013 6  0.00000000 0.00000000 0.00000000 0.00000000 0.00000000 0.00000000 0.00000000 0.00000000 0.00000000 0.00000000 0.00000000 0.00000000 0.00000000 0.00000000 0.00000000 0.00000000 0.00000000
male 2014 1  0.00000000 0.00000000 0.00000000 0.00000000 0.00000000 0.00000000 0.00000000 0.00000000 0.00000000 0.00000000 0.00000000 0.00000000 0.00000000 0.00000000 0.00000000 0.00000000 0.00000000
male 2014 2  0.00000000 0.00000000 0.00000000 0.00000000 0.00000000 0.00000000 0.00000000 0.00000000 0.00000000 0.00000000 0.00000000 0.00000000 0.00000000 0.00000000 0.00000000 0.00000000 0.00000000
male 2014 3  0.00836671 0.01558505 0.02917219 0.05384590 0.09586433 0.16015558 0.24402552 0.33330110 0.40993303 0.46447261 0.49832400 0.51758166 0.52799769 0.53347798 0.53631951 0.53778166 0.53853109
male 2014 4  0.00000000 0.00000000 0.00000000 0.00000000 0.00000000 0.00000000 0.00000000 0.00000000 0.00000000 0.00000000 0.00000000 0.00000000 0.00000000 0.00000000 0.00000000 0.00000000 0.00000000
male 2014 5  0.00000000 0.00000000 0.00000000 0.00000000 0.00000000 0.00000000 0.00000000 0.00000000 0.00000000 0.00000000 0.00000000 0.00000000 0.00000000 0.00000000 0.00000000 0.00000000 0.00000000
male 2014 6  0.00000000 0.00000000 0.00000000 0.00000000 0.00000000 0.00000000 0.00000000 0.00000000 0.00000000 0.00000000 0.00000000 0.00000000 0.00000000 0.00000000 0.00000000 0.00000000 0.00000000
male 2015 1  0.00000000 0.00000000 0.00000000 0.00000000 0.00000000 0.00000000 0.00000000 0.00000000 0.00000000 0.00000000 0.00000000 0.00000000 0.00000000 0.00000000 0.00000000 0.00000000 0.00000000
male 2015 2  0.00000000 0.00000000 0.00000000 0.00000000 0.00000000 0.00000000 0.00000000 0.00000000 0.00000000 0.00000000 0.00000000 0.00000000 0.00000000 0.00000000 0.00000000 0.00000000 0.00000000
male 2015 3  0.00737037 0.01389399 0.02617349 0.04847255 0.08644703 0.14455077 0.22034889 0.30103240 0.37028912 0.41957970 0.45017316 0.46757742 0.47699100 0.48194385 0.48451190 0.48583334 0.48651064
male 2015 4  0.00000000 0.00000000 0.00000000 0.00000000 0.00000000 0.00000000 0.00000000 0.00000000 0.00000000 0.00000000 0.00000000 0.00000000 0.00000000 0.00000000 0.00000000 0.00000000 0.00000000
male 2015 5  0.00000000 0.00000000 0.00000000 0.00000000 0.00000000 0.00000000 0.00000000 0.00000000 0.00000000 0.00000000 0.00000000 0.00000000 0.00000000 0.00000000 0.00000000 0.00000000 0.00000000
male 2015 6  0.00000000 0.00000000 0.00000000 0.00000000 0.00000000 0.00000000 0.00000000 0.00000000 0.00000000 0.00000000 0.00000000 0.00000000 0.00000000 0.00000000 0.00000000 0.00000000 0.00000000
male 2016 1  0.00000000 0.00000000 0.00000000 0.00000000 0.00000000 0.00000000 0.00000000 0.00000000 0.00000000 0.00000000 0.00000000 0.00000000 0.00000000 0.00000000 0.00000000 0.00000000 0.00000000
male 2016 2  0.00000000 0.00000000 0.00000000 0.00000000 0.00000000 0.00000000 0.00000000 0.00000000 0.00000000 0.00000000 0.00000000 0.00000000 0.00000000 0.00000000 0.00000000 0.00000000 0.00000000
male 2016 3  0.00622570 0.01151751 0.02147834 0.03956679 0.07037077 0.11750311 0.17898871 0.24443721 0.30061658 0.34059990 0.36541657 0.37953448 0.38717055 0.39118818 0.39327132 0.39434324 0.39489265
male 2016 4  0.00000000 0.00000000 0.00000000 0.00000000 0.00000000 0.00000000 0.00000000 0.00000000 0.00000000 0.00000000 0.00000000 0.00000000 0.00000000 0.00000000 0.00000000 0.00000000 0.00000000
male 2016 5  0.00000000 0.00000000 0.00000000 0.00000000 0.00000000 0.00000000 0.00000000 0.00000000 0.00000000 0.00000000 0.00000000 0.00000000 0.00000000 0.00000000 0.00000000 0.00000000 0.00000000
male 2016 6  0.00000000 0.00000000 0.00000000 0.00000000 0.00000000 0.00000000 0.00000000 0.00000000 0.00000000 0.00000000 0.00000000 0.00000000 0.00000000 0.00000000 0.00000000 0.00000000 0.00000000
male 2017 1  0.00000000 0.00000000 0.00000000 0.00000000 0.00000000 0.00000000 0.00000000 0.00000000 0.00000000 0.00000000 0.00000000 0.00000000 0.00000000 0.00000000 0.00000000 0.00000000 0.00000000
male 2017 2  0.00000000 0.00000000 0.00000000 0.00000000 0.00000000 0.00000000 0.00000000 0.00000000 0.00000000 0.00000000 0.00000000 0.00000000 0.00000000 0.00000000 0.00000000 0.00000000 0.00000000
male 2017 3  0.00543312 0.01025952 0.01934430 0.03584190 0.06393672 0.10692383 0.16300186 0.22269426 0.27393274 0.31039958 0.33303366 0.34590992 0.35287440 0.35653870 0.35843863 0.35941627 0.35991736
male 2017 4  0.00000000 0.00000000 0.00000000 0.00000000 0.00000000 0.00000000 0.00000000 0.00000000 0.00000000 0.00000000 0.00000000 0.00000000 0.00000000 0.00000000 0.00000000 0.00000000 0.00000000
male 2017 5  0.00000000 0.00000000 0.00000000 0.00000000 0.00000000 0.00000000 0.00000000 0.00000000 0.00000000 0.00000000 0.00000000 0.00000000 0.00000000 0.00000000 0.00000000 0.00000000 0.00000000
male 2017 6  0.00000000 0.00000000 0.00000000 0.00000000 0.00000000 0.00000000 0.00000000 0.00000000 0.00000000 0.00000000 0.00000000 0.00000000 0.00000000 0.00000000 0.00000000 0.00000000 0.00000000
male 2018 1  0.00000000 0.00000000 0.00000000 0.00000000 0.00000000 0.00000000 0.00000000 0.00000000 0.00000000 0.00000000 0.00000000 0.00000000 0.00000000 0.00000000 0.00000000 0.00000000 0.00000000
male 2018 2  0.00000000 0.00000000 0.00000000 0.00000000 0.00000000 0.00000000 0.00000000 0.00000000 0.00000000 0.00000000 0.00000000 0.00000000 0.00000000 0.00000000 0.00000000 0.00000000 0.00000000
male 2018 3  0.00601044 0.01125266 0.02112015 0.03903910 0.06955442 0.11624509 0.17715451 0.24198970 0.29764262 0.33725127 0.36183538 0.37582100 0.38338550 0.38736549 0.38942911 0.39049098 0.39103525
male 2018 4  0.00000000 0.00000000 0.00000000 0.00000000 0.00000000 0.00000000 0.00000000 0.00000000 0.00000000 0.00000000 0.00000000 0.00000000 0.00000000 0.00000000 0.00000000 0.00000000 0.00000000
male 2018 5  0.00000000 0.00000000 0.00000000 0.00000000 0.00000000 0.00000000 0.00000000 0.00000000 0.00000000 0.00000000 0.00000000 0.00000000 0.00000000 0.00000000 0.00000000 0.00000000 0.00000000
male 2018 6  0.00000000 0.00000000 0.00000000 0.00000000 0.00000000 0.00000000 0.00000000 0.00000000 0.00000000 0.00000000 0.00000000 0.00000000 0.00000000 0.00000000 0.00000000 0.00000000 0.00000000
male 2019 1  0.00000000 0.00000000 0.00000000 0.00000000 0.00000000 0.00000000 0.00000000 0.00000000 0.00000000 0.00000000 0.00000000 0.00000000 0.00000000 0.00000000 0.00000000 0.00000000 0.00000000
male 2019 2  0.00000000 0.00000000 0.00000000 0.00000000 0.00000000 0.00000000 0.00000000 0.00000000 0.00000000 0.00000000 0.00000000 0.00000000 0.00000000 0.00000000 0.00000000 0.00000000 0.00000000
male 2019 3  0.00749381 0.01357872 0.02503242 0.04583186 0.08125255 0.13544878 0.20614946 0.28140697 0.34600616 0.39198193 0.42051797 0.43675178 0.44553229 0.45015207 0.45254742 0.45377998 0.45441174
male 2019 4  0.00000000 0.00000000 0.00000000 0.00000000 0.00000000 0.00000000 0.00000000 0.00000000 0.00000000 0.00000000 0.00000000 0.00000000 0.00000000 0.00000000 0.00000000 0.00000000 0.00000000
male 2019 5  0.00000000 0.00000000 0.00000000 0.00000000 0.00000000 0.00000000 0.00000000 0.00000000 0.00000000 0.00000000 0.00000000 0.00000000 0.00000000 0.00000000 0.00000000 0.00000000 0.00000000
male 2019 6  0.00000000 0.00000000 0.00000000 0.00000000 0.00000000 0.00000000 0.00000000 0.00000000 0.00000000 0.00000000 0.00000000 0.00000000 0.00000000 0.00000000 0.00000000 0.00000000 0.00000000
male 2020 1  0.00000000 0.00000000 0.00000000 0.00000000 0.00000000 0.00000000 0.00000000 0.00000000 0.00000000 0.00000000 0.00000000 0.00000000 0.00000000 0.00000000 0.00000000 0.00000000 0.00000000
male 2020 2  0.00000000 0.00000000 0.00000000 0.00000000 0.00000000 0.00000000 0.00000000 0.00000000 0.00000000 0.00000000 0.00000000 0.00000000 0.00000000 0.00000000 0.00000000 0.00000000 0.00000000
male 2020 3  0.00759994 0.01449064 0.02746107 0.05101483 0.09112605 0.15249913 0.23256222 0.31778558 0.39093920 0.44300323 0.47531810 0.49370166 0.50364491 0.50887645 0.51158900 0.51298478 0.51370020
male 2020 4  0.00000000 0.00000000 0.00000000 0.00000000 0.00000000 0.00000000 0.00000000 0.00000000 0.00000000 0.00000000 0.00000000 0.00000000 0.00000000 0.00000000 0.00000000 0.00000000 0.00000000
male 2020 5  0.00000000 0.00000000 0.00000000 0.00000000 0.00000000 0.00000000 0.00000000 0.00000000 0.00000000 0.00000000 0.00000000 0.00000000 0.00000000 0.00000000 0.00000000 0.00000000 0.00000000
male 2020 6  0.00000000 0.00000000 0.00000000 0.00000000 0.00000000 0.00000000 0.00000000 0.00000000 0.00000000 0.00000000 0.00000000 0.00000000 0.00000000 0.00000000 0.00000000 0.00000000 0.00000000
male 2021 1  0.00000000 0.00000000 0.00000000 0.00000000 0.00000000 0.00000000 0.00000000 0.00000000 0.00000000 0.00000000 0.00000000 0.00000000 0.00000000 0.00000000 0.00000000 0.00000000 0.00000000
male 2021 2  0.00000000 0.00000000 0.00000000 0.00000000 0.00000000 0.00000000 0.00000000 0.00000000 0.00000000 0.00000000 0.00000000 0.00000000 0.00000000 0.00000000 0.00000000 0.00000000 0.00000000
male 2021 3  0.00739157 0.01409107 0.02670161 0.04960183 0.08860008 0.14827023 0.22611181 0.30897047 0.38009429 0.43071370 0.46213194 0.48000540 0.48967275 0.49475914 0.49739642 0.49875348 0.49944904
male 2021 4  0.00000000 0.00000000 0.00000000 0.00000000 0.00000000 0.00000000 0.00000000 0.00000000 0.00000000 0.00000000 0.00000000 0.00000000 0.00000000 0.00000000 0.00000000 0.00000000 0.00000000
male 2021 5  0.00000000 0.00000000 0.00000000 0.00000000 0.00000000 0.00000000 0.00000000 0.00000000 0.00000000 0.00000000 0.00000000 0.00000000 0.00000000 0.00000000 0.00000000 0.00000000 0.00000000
male 2021 6  0.00000000 0.00000000 0.00000000 0.00000000 0.00000000 0.00000000 0.00000000 0.00000000 0.00000000 0.00000000 0.00000000 0.00000000 0.00000000 0.00000000 0.00000000 0.00000000 0.00000000

# Total mortality by size-class (continuous)
# Sex Maturity Year Season Total_mortality 1 2 3 4 5 6 7 8 9 10 11 12 13 14 15 16 17 
male 1 1960 1  0.00000000 0.00000000 0.00000000 0.00000000 0.00000000 0.00000000 0.00000000 0.00000000 0.00000000 0.00000000 0.00000000 0.00000000 0.00000000 0.00000000 0.00000000 0.00000000 0.00000000
male 1 1960 2  0.03500000 0.03500000 0.03500000 0.03500000 0.03500000 0.03500000 0.03500000 0.03500000 0.03500000 0.03500000 0.03500000 0.03500000 0.03500000 0.03500000 0.03500000 0.03500000 0.03500000
male 1 1960 3  0.00000000 0.00000000 0.00000000 0.00000000 0.00000000 0.00000000 0.00000000 0.00000000 0.00000000 0.00000000 0.00000000 0.00000000 0.00000000 0.00000000 0.00000000 0.00000000 0.00000000
male 1 1960 4  0.09675342 0.09675342 0.09675342 0.09675342 0.09675342 0.09675342 0.09675342 0.09675342 0.09675342 0.09675342 0.09675342 0.09675342 0.09675342 0.09675342 0.09675342 0.09675342 0.09675342
male 1 1960 5  0.00000000 0.00000000 0.00000000 0.00000000 0.00000000 0.00000000 0.00000000 0.00000000 0.00000000 0.00000000 0.00000000 0.00000000 0.00000000 0.00000000 0.00000000 0.00000000 0.00000000
male 1 1960 6  0.07824658 0.07824658 0.07824658 0.07824658 0.07824658 0.07824658 0.07824658 0.07824658 0.07824658 0.07824658 0.07824658 0.07824658 0.07824658 0.07824658 0.07824658 0.07824658 0.07824658
male 1 1961 1  0.00000000 0.00000000 0.00000000 0.00000000 0.00000000 0.00000000 0.00000000 0.00000000 0.00000000 0.00000000 0.00000000 0.00000000 0.00000000 0.00000000 0.00000000 0.00000000 0.00000000
male 1 1961 2  0.03500000 0.03500000 0.03500000 0.03500000 0.03500000 0.03500000 0.03500000 0.03500000 0.03500000 0.03500000 0.03500000 0.03500000 0.03500000 0.03500000 0.03500000 0.03500000 0.03500000
male 1 1961 3  0.00000000 0.00000000 0.00000000 0.00000000 0.00000000 0.00000000 0.00000000 0.00000000 0.00000000 0.00000000 0.00000000 0.00000000 0.00000000 0.00000000 0.00000000 0.00000000 0.00000000
male 1 1961 4  0.09675342 0.09675342 0.09675342 0.09675342 0.09675342 0.09675342 0.09675342 0.09675342 0.09675342 0.09675342 0.09675342 0.09675342 0.09675342 0.09675342 0.09675342 0.09675342 0.09675342
male 1 1961 5  0.00000000 0.00000000 0.00000000 0.00000000 0.00000000 0.00000000 0.00000000 0.00000000 0.00000000 0.00000000 0.00000000 0.00000000 0.00000000 0.00000000 0.00000000 0.00000000 0.00000000
male 1 1961 6  0.07824658 0.07824658 0.07824658 0.07824658 0.07824658 0.07824658 0.07824658 0.07824658 0.07824658 0.07824658 0.07824658 0.07824658 0.07824658 0.07824658 0.07824658 0.07824658 0.07824658
male 1 1962 1  0.00000000 0.00000000 0.00000000 0.00000000 0.00000000 0.00000000 0.00000000 0.00000000 0.00000000 0.00000000 0.00000000 0.00000000 0.00000000 0.00000000 0.00000000 0.00000000 0.00000000
male 1 1962 2  0.03500000 0.03500000 0.03500000 0.03500000 0.03500000 0.03500000 0.03500000 0.03500000 0.03500000 0.03500000 0.03500000 0.03500000 0.03500000 0.03500000 0.03500000 0.03500000 0.03500000
male 1 1962 3  0.00000000 0.00000000 0.00000000 0.00000000 0.00000000 0.00000000 0.00000000 0.00000000 0.00000000 0.00000000 0.00000000 0.00000000 0.00000000 0.00000000 0.00000000 0.00000000 0.00000000
male 1 1962 4  0.09675342 0.09675342 0.09675342 0.09675342 0.09675342 0.09675342 0.09675342 0.09675342 0.09675342 0.09675342 0.09675342 0.09675342 0.09675342 0.09675342 0.09675342 0.09675342 0.09675342
male 1 1962 5  0.00000000 0.00000000 0.00000000 0.00000000 0.00000000 0.00000000 0.00000000 0.00000000 0.00000000 0.00000000 0.00000000 0.00000000 0.00000000 0.00000000 0.00000000 0.00000000 0.00000000
male 1 1962 6  0.07824658 0.07824658 0.07824658 0.07824658 0.07824658 0.07824658 0.07824658 0.07824658 0.07824658 0.07824658 0.07824658 0.07824658 0.07824658 0.07824658 0.07824658 0.07824658 0.07824658
male 1 1963 1  0.00000000 0.00000000 0.00000000 0.00000000 0.00000000 0.00000000 0.00000000 0.00000000 0.00000000 0.00000000 0.00000000 0.00000000 0.00000000 0.00000000 0.00000000 0.00000000 0.00000000
male 1 1963 2  0.03500000 0.03500000 0.03500000 0.03500000 0.03500000 0.03500000 0.03500000 0.03500000 0.03500000 0.03500000 0.03500000 0.03500000 0.03500000 0.03500000 0.03500000 0.03500000 0.03500000
male 1 1963 3  0.00000000 0.00000000 0.00000000 0.00000000 0.00000000 0.00000000 0.00000000 0.00000000 0.00000000 0.00000000 0.00000000 0.00000000 0.00000000 0.00000000 0.00000000 0.00000000 0.00000000
male 1 1963 4  0.09675342 0.09675342 0.09675342 0.09675342 0.09675342 0.09675342 0.09675342 0.09675342 0.09675342 0.09675342 0.09675342 0.09675342 0.09675342 0.09675342 0.09675342 0.09675342 0.09675342
male 1 1963 5  0.00000000 0.00000000 0.00000000 0.00000000 0.00000000 0.00000000 0.00000000 0.00000000 0.00000000 0.00000000 0.00000000 0.00000000 0.00000000 0.00000000 0.00000000 0.00000000 0.00000000
male 1 1963 6  0.07824658 0.07824658 0.07824658 0.07824658 0.07824658 0.07824658 0.07824658 0.07824658 0.07824658 0.07824658 0.07824658 0.07824658 0.07824658 0.07824658 0.07824658 0.07824658 0.07824658
male 1 1964 1  0.00000000 0.00000000 0.00000000 0.00000000 0.00000000 0.00000000 0.00000000 0.00000000 0.00000000 0.00000000 0.00000000 0.00000000 0.00000000 0.00000000 0.00000000 0.00000000 0.00000000
male 1 1964 2  0.03500000 0.03500000 0.03500000 0.03500000 0.03500000 0.03500000 0.03500000 0.03500000 0.03500000 0.03500000 0.03500000 0.03500000 0.03500000 0.03500000 0.03500000 0.03500000 0.03500000
male 1 1964 3  0.00000000 0.00000000 0.00000000 0.00000000 0.00000000 0.00000000 0.00000000 0.00000000 0.00000000 0.00000000 0.00000000 0.00000000 0.00000000 0.00000000 0.00000000 0.00000000 0.00000000
male 1 1964 4  0.09675342 0.09675342 0.09675342 0.09675342 0.09675342 0.09675342 0.09675342 0.09675342 0.09675342 0.09675342 0.09675342 0.09675342 0.09675342 0.09675342 0.09675342 0.09675342 0.09675342
male 1 1964 5  0.00000000 0.00000000 0.00000000 0.00000000 0.00000000 0.00000000 0.00000000 0.00000000 0.00000000 0.00000000 0.00000000 0.00000000 0.00000000 0.00000000 0.00000000 0.00000000 0.00000000
male 1 1964 6  0.07824658 0.07824658 0.07824658 0.07824658 0.07824658 0.07824658 0.07824658 0.07824658 0.07824658 0.07824658 0.07824658 0.07824658 0.07824658 0.07824658 0.07824658 0.07824658 0.07824658
male 1 1965 1  0.00000000 0.00000000 0.00000000 0.00000000 0.00000000 0.00000000 0.00000000 0.00000000 0.00000000 0.00000000 0.00000000 0.00000000 0.00000000 0.00000000 0.00000000 0.00000000 0.00000000
male 1 1965 2  0.03500000 0.03500000 0.03500000 0.03500000 0.03500000 0.03500000 0.03500000 0.03500000 0.03500000 0.03500000 0.03500000 0.03500000 0.03500000 0.03500000 0.03500000 0.03500000 0.03500000
male 1 1965 3  0.00000000 0.00000000 0.00000000 0.00000000 0.00000000 0.00000000 0.00000000 0.00000000 0.00000000 0.00000000 0.00000000 0.00000000 0.00000000 0.00000000 0.00000000 0.00000000 0.00000000
male 1 1965 4  0.09675342 0.09675342 0.09675342 0.09675342 0.09675342 0.09675342 0.09675342 0.09675342 0.09675342 0.09675342 0.09675342 0.09675342 0.09675342 0.09675342 0.09675342 0.09675342 0.09675342
male 1 1965 5  0.00000000 0.00000000 0.00000000 0.00000000 0.00000000 0.00000000 0.00000000 0.00000000 0.00000000 0.00000000 0.00000000 0.00000000 0.00000000 0.00000000 0.00000000 0.00000000 0.00000000
male 1 1965 6  0.07824658 0.07824658 0.07824658 0.07824658 0.07824658 0.07824658 0.07824658 0.07824658 0.07824658 0.07824658 0.07824658 0.07824658 0.07824658 0.07824658 0.07824658 0.07824658 0.07824658
male 1 1966 1  0.00000000 0.00000000 0.00000000 0.00000000 0.00000000 0.00000000 0.00000000 0.00000000 0.00000000 0.00000000 0.00000000 0.00000000 0.00000000 0.00000000 0.00000000 0.00000000 0.00000000
male 1 1966 2  0.03500000 0.03500000 0.03500000 0.03500000 0.03500000 0.03500000 0.03500000 0.03500000 0.03500000 0.03500000 0.03500000 0.03500000 0.03500000 0.03500000 0.03500000 0.03500000 0.03500000
male 1 1966 3  0.00000000 0.00000000 0.00000000 0.00000000 0.00000000 0.00000000 0.00000000 0.00000000 0.00000000 0.00000000 0.00000000 0.00000000 0.00000000 0.00000000 0.00000000 0.00000000 0.00000000
male 1 1966 4  0.09675342 0.09675342 0.09675342 0.09675342 0.09675342 0.09675342 0.09675342 0.09675342 0.09675342 0.09675342 0.09675342 0.09675342 0.09675342 0.09675342 0.09675342 0.09675342 0.09675342
male 1 1966 5  0.00000000 0.00000000 0.00000000 0.00000000 0.00000000 0.00000000 0.00000000 0.00000000 0.00000000 0.00000000 0.00000000 0.00000000 0.00000000 0.00000000 0.00000000 0.00000000 0.00000000
male 1 1966 6  0.07824658 0.07824658 0.07824658 0.07824658 0.07824658 0.07824658 0.07824658 0.07824658 0.07824658 0.07824658 0.07824658 0.07824658 0.07824658 0.07824658 0.07824658 0.07824658 0.07824658
male 1 1967 1  0.00000000 0.00000000 0.00000000 0.00000000 0.00000000 0.00000000 0.00000000 0.00000000 0.00000000 0.00000000 0.00000000 0.00000000 0.00000000 0.00000000 0.00000000 0.00000000 0.00000000
male 1 1967 2  0.03500000 0.03500000 0.03500000 0.03500000 0.03500000 0.03500000 0.03500000 0.03500000 0.03500000 0.03500000 0.03500000 0.03500000 0.03500000 0.03500000 0.03500000 0.03500000 0.03500000
male 1 1967 3  0.00000000 0.00000000 0.00000000 0.00000000 0.00000000 0.00000000 0.00000000 0.00000000 0.00000000 0.00000000 0.00000000 0.00000000 0.00000000 0.00000000 0.00000000 0.00000000 0.00000000
male 1 1967 4  0.09675342 0.09675342 0.09675342 0.09675342 0.09675342 0.09675342 0.09675342 0.09675342 0.09675342 0.09675342 0.09675342 0.09675342 0.09675342 0.09675342 0.09675342 0.09675342 0.09675342
male 1 1967 5  0.00000000 0.00000000 0.00000000 0.00000000 0.00000000 0.00000000 0.00000000 0.00000000 0.00000000 0.00000000 0.00000000 0.00000000 0.00000000 0.00000000 0.00000000 0.00000000 0.00000000
male 1 1967 6  0.07824658 0.07824658 0.07824658 0.07824658 0.07824658 0.07824658 0.07824658 0.07824658 0.07824658 0.07824658 0.07824658 0.07824658 0.07824658 0.07824658 0.07824658 0.07824658 0.07824658
male 1 1968 1  0.00000000 0.00000000 0.00000000 0.00000000 0.00000000 0.00000000 0.00000000 0.00000000 0.00000000 0.00000000 0.00000000 0.00000000 0.00000000 0.00000000 0.00000000 0.00000000 0.00000000
male 1 1968 2  0.03500000 0.03500000 0.03500000 0.03500000 0.03500000 0.03500000 0.03500000 0.03500000 0.03500000 0.03500000 0.03500000 0.03500000 0.03500000 0.03500000 0.03500000 0.03500000 0.03500000
male 1 1968 3  0.00000000 0.00000000 0.00000000 0.00000000 0.00000000 0.00000000 0.00000000 0.00000000 0.00000000 0.00000000 0.00000000 0.00000000 0.00000000 0.00000000 0.00000000 0.00000000 0.00000000
male 1 1968 4  0.09675342 0.09675342 0.09675342 0.09675342 0.09675342 0.09675342 0.09675342 0.09675342 0.09675342 0.09675342 0.09675342 0.09675342 0.09675342 0.09675342 0.09675342 0.09675342 0.09675342
male 1 1968 5  0.00000000 0.00000000 0.00000000 0.00000000 0.00000000 0.00000000 0.00000000 0.00000000 0.00000000 0.00000000 0.00000000 0.00000000 0.00000000 0.00000000 0.00000000 0.00000000 0.00000000
male 1 1968 6  0.07824658 0.07824658 0.07824658 0.07824658 0.07824658 0.07824658 0.07824658 0.07824658 0.07824658 0.07824658 0.07824658 0.07824658 0.07824658 0.07824658 0.07824658 0.07824658 0.07824658
male 1 1969 1  0.00000000 0.00000000 0.00000000 0.00000000 0.00000000 0.00000000 0.00000000 0.00000000 0.00000000 0.00000000 0.00000000 0.00000000 0.00000000 0.00000000 0.00000000 0.00000000 0.00000000
male 1 1969 2  0.03500000 0.03500000 0.03500000 0.03500000 0.03500000 0.03500000 0.03500000 0.03500000 0.03500000 0.03500000 0.03500000 0.03500000 0.03500000 0.03500000 0.03500000 0.03500000 0.03500000
male 1 1969 3  0.00000000 0.00000000 0.00000000 0.00000000 0.00000000 0.00000000 0.00000000 0.00000000 0.00000000 0.00000000 0.00000000 0.00000000 0.00000000 0.00000000 0.00000000 0.00000000 0.00000000
male 1 1969 4  0.09675342 0.09675342 0.09675342 0.09675342 0.09675342 0.09675342 0.09675342 0.09675342 0.09675342 0.09675342 0.09675342 0.09675342 0.09675342 0.09675342 0.09675342 0.09675342 0.09675342
male 1 1969 5  0.00000000 0.00000000 0.00000000 0.00000000 0.00000000 0.00000000 0.00000000 0.00000000 0.00000000 0.00000000 0.00000000 0.00000000 0.00000000 0.00000000 0.00000000 0.00000000 0.00000000
male 1 1969 6  0.07824658 0.07824658 0.07824658 0.07824658 0.07824658 0.07824658 0.07824658 0.07824658 0.07824658 0.07824658 0.07824658 0.07824658 0.07824658 0.07824658 0.07824658 0.07824658 0.07824658
male 1 1970 1  0.00000000 0.00000000 0.00000000 0.00000000 0.00000000 0.00000000 0.00000000 0.00000000 0.00000000 0.00000000 0.00000000 0.00000000 0.00000000 0.00000000 0.00000000 0.00000000 0.00000000
male 1 1970 2  0.03500000 0.03500000 0.03500000 0.03500000 0.03500000 0.03500000 0.03500000 0.03500000 0.03500000 0.03500000 0.03500000 0.03500000 0.03500000 0.03500000 0.03500000 0.03500000 0.03500000
male 1 1970 3  0.00000000 0.00000000 0.00000000 0.00000000 0.00000000 0.00000000 0.00000000 0.00000000 0.00000000 0.00000000 0.00000000 0.00000000 0.00000000 0.00000000 0.00000000 0.00000000 0.00000000
male 1 1970 4  0.09675342 0.09675342 0.09675342 0.09675342 0.09675342 0.09675342 0.09675342 0.09675342 0.09675342 0.09675342 0.09675342 0.09675342 0.09675342 0.09675342 0.09675342 0.09675342 0.09675342
male 1 1970 5  0.00000000 0.00000000 0.00000000 0.00000000 0.00000000 0.00000000 0.00000000 0.00000000 0.00000000 0.00000000 0.00000000 0.00000000 0.00000000 0.00000000 0.00000000 0.00000000 0.00000000
male 1 1970 6  0.07824658 0.07824658 0.07824658 0.07824658 0.07824658 0.07824658 0.07824658 0.07824658 0.07824658 0.07824658 0.07824658 0.07824658 0.07824658 0.07824658 0.07824658 0.07824658 0.07824658
male 1 1971 1  0.00000000 0.00000000 0.00000000 0.00000000 0.00000000 0.00000000 0.00000000 0.00000000 0.00000000 0.00000000 0.00000000 0.00000000 0.00000000 0.00000000 0.00000000 0.00000000 0.00000000
male 1 1971 2  0.03500000 0.03500000 0.03500000 0.03500000 0.03500000 0.03500000 0.03500000 0.03500000 0.03500000 0.03500000 0.03500000 0.03500000 0.03500000 0.03500000 0.03500000 0.03500000 0.03500000
male 1 1971 3  0.00000000 0.00000000 0.00000000 0.00000000 0.00000000 0.00000000 0.00000000 0.00000000 0.00000000 0.00000000 0.00000000 0.00000000 0.00000000 0.00000000 0.00000000 0.00000000 0.00000000
male 1 1971 4  0.09675342 0.09675342 0.09675342 0.09675342 0.09675342 0.09675342 0.09675342 0.09675342 0.09675342 0.09675342 0.09675342 0.09675342 0.09675342 0.09675342 0.09675342 0.09675342 0.09675342
male 1 1971 5  0.00000000 0.00000000 0.00000000 0.00000000 0.00000000 0.00000000 0.00000000 0.00000000 0.00000000 0.00000000 0.00000000 0.00000000 0.00000000 0.00000000 0.00000000 0.00000000 0.00000000
male 1 1971 6  0.07824658 0.07824658 0.07824658 0.07824658 0.07824658 0.07824658 0.07824658 0.07824658 0.07824658 0.07824658 0.07824658 0.07824658 0.07824658 0.07824658 0.07824658 0.07824658 0.07824658
male 1 1972 1  0.00000000 0.00000000 0.00000000 0.00000000 0.00000000 0.00000000 0.00000000 0.00000000 0.00000000 0.00000000 0.00000000 0.00000000 0.00000000 0.00000000 0.00000000 0.00000000 0.00000000
male 1 1972 2  0.03500000 0.03500000 0.03500000 0.03500000 0.03500000 0.03500000 0.03500000 0.03500000 0.03500000 0.03500000 0.03500000 0.03500000 0.03500000 0.03500000 0.03500000 0.03500000 0.03500000
male 1 1972 3  0.00000000 0.00000000 0.00000000 0.00000000 0.00000000 0.00000000 0.00000000 0.00000000 0.00000000 0.00000000 0.00000000 0.00000000 0.00000000 0.00000000 0.00000000 0.00000000 0.00000000
male 1 1972 4  0.09675342 0.09675342 0.09675342 0.09675342 0.09675342 0.09675342 0.09675342 0.09675342 0.09675342 0.09675342 0.09675342 0.09675342 0.09675342 0.09675342 0.09675342 0.09675342 0.09675342
male 1 1972 5  0.00000000 0.00000000 0.00000000 0.00000000 0.00000000 0.00000000 0.00000000 0.00000000 0.00000000 0.00000000 0.00000000 0.00000000 0.00000000 0.00000000 0.00000000 0.00000000 0.00000000
male 1 1972 6  0.07824658 0.07824658 0.07824658 0.07824658 0.07824658 0.07824658 0.07824658 0.07824658 0.07824658 0.07824658 0.07824658 0.07824658 0.07824658 0.07824658 0.07824658 0.07824658 0.07824658
male 1 1973 1  0.00000000 0.00000000 0.00000000 0.00000000 0.00000000 0.00000000 0.00000000 0.00000000 0.00000000 0.00000000 0.00000000 0.00000000 0.00000000 0.00000000 0.00000000 0.00000000 0.00000000
male 1 1973 2  0.03500000 0.03500000 0.03500000 0.03500000 0.03500000 0.03500000 0.03500000 0.03500000 0.03500000 0.03500000 0.03500000 0.03500000 0.03500000 0.03500000 0.03500000 0.03500000 0.03500000
male 1 1973 3  0.00000000 0.00000000 0.00000000 0.00000000 0.00000000 0.00000000 0.00000000 0.00000000 0.00000000 0.00000000 0.00000000 0.00000000 0.00000000 0.00000000 0.00000000 0.00000000 0.00000000
male 1 1973 4  0.09675342 0.09675342 0.09675342 0.09675342 0.09675342 0.09675342 0.09675342 0.09675342 0.09675342 0.09675342 0.09675342 0.09675342 0.09675342 0.09675342 0.09675342 0.09675342 0.09675342
male 1 1973 5  0.00000000 0.00000000 0.00000000 0.00000000 0.00000000 0.00000000 0.00000000 0.00000000 0.00000000 0.00000000 0.00000000 0.00000000 0.00000000 0.00000000 0.00000000 0.00000000 0.00000000
male 1 1973 6  0.07824658 0.07824658 0.07824658 0.07824658 0.07824658 0.07824658 0.07824658 0.07824658 0.07824658 0.07824658 0.07824658 0.07824658 0.07824658 0.07824658 0.07824658 0.07824658 0.07824658
male 1 1974 1  0.00000000 0.00000000 0.00000000 0.00000000 0.00000000 0.00000000 0.00000000 0.00000000 0.00000000 0.00000000 0.00000000 0.00000000 0.00000000 0.00000000 0.00000000 0.00000000 0.00000000
male 1 1974 2  0.03500000 0.03500000 0.03500000 0.03500000 0.03500000 0.03500000 0.03500000 0.03500000 0.03500000 0.03500000 0.03500000 0.03500000 0.03500000 0.03500000 0.03500000 0.03500000 0.03500000
male 1 1974 3  0.00000000 0.00000000 0.00000000 0.00000000 0.00000000 0.00000000 0.00000000 0.00000000 0.00000000 0.00000000 0.00000000 0.00000000 0.00000000 0.00000000 0.00000000 0.00000000 0.00000000
male 1 1974 4  0.09675342 0.09675342 0.09675342 0.09675342 0.09675342 0.09675342 0.09675342 0.09675342 0.09675342 0.09675342 0.09675342 0.09675342 0.09675342 0.09675342 0.09675342 0.09675342 0.09675342
male 1 1974 5  0.00000000 0.00000000 0.00000000 0.00000000 0.00000000 0.00000000 0.00000000 0.00000000 0.00000000 0.00000000 0.00000000 0.00000000 0.00000000 0.00000000 0.00000000 0.00000000 0.00000000
male 1 1974 6  0.07824658 0.07824658 0.07824658 0.07824658 0.07824658 0.07824658 0.07824658 0.07824658 0.07824658 0.07824658 0.07824658 0.07824658 0.07824658 0.07824658 0.07824658 0.07824658 0.07824658
male 1 1975 1  0.00000000 0.00000000 0.00000000 0.00000000 0.00000000 0.00000000 0.00000000 0.00000000 0.00000000 0.00000000 0.00000000 0.00000000 0.00000000 0.00000000 0.00000000 0.00000000 0.00000000
male 1 1975 2  0.03500000 0.03500000 0.03500000 0.03500000 0.03500000 0.03500000 0.03500000 0.03500000 0.03500000 0.03500000 0.03500000 0.03500000 0.03500000 0.03500000 0.03500000 0.03500000 0.03500000
male 1 1975 3  0.00000000 0.00000000 0.00000000 0.00000000 0.00000000 0.00000000 0.00000000 0.00000000 0.00000000 0.00000000 0.00000000 0.00000000 0.00000000 0.00000000 0.00000000 0.00000000 0.00000000
male 1 1975 4  0.09675342 0.09675342 0.09675342 0.09675342 0.09675342 0.09675342 0.09675342 0.09675342 0.09675342 0.09675342 0.09675342 0.09675342 0.09675342 0.09675342 0.09675342 0.09675342 0.09675342
male 1 1975 5  0.00000000 0.00000000 0.00000000 0.00000000 0.00000000 0.00000000 0.00000000 0.00000000 0.00000000 0.00000000 0.00000000 0.00000000 0.00000000 0.00000000 0.00000000 0.00000000 0.00000000
male 1 1975 6  0.07824658 0.07824658 0.07824658 0.07824658 0.07824658 0.07824658 0.07824658 0.07824658 0.07824658 0.07824658 0.07824658 0.07824658 0.07824658 0.07824658 0.07824658 0.07824658 0.07824658
male 1 1976 1  0.00000000 0.00000000 0.00000000 0.00000000 0.00000000 0.00000000 0.00000000 0.00000000 0.00000000 0.00000000 0.00000000 0.00000000 0.00000000 0.00000000 0.00000000 0.00000000 0.00000000
male 1 1976 2  0.03500000 0.03500000 0.03500000 0.03500000 0.03500000 0.03500000 0.03500000 0.03500000 0.03500000 0.03500000 0.03500000 0.03500000 0.03500000 0.03500000 0.03500000 0.03500000 0.03500000
male 1 1976 3  0.00000000 0.00000000 0.00000000 0.00000000 0.00000000 0.00000000 0.00000000 0.00000000 0.00000000 0.00000000 0.00000000 0.00000000 0.00000000 0.00000000 0.00000000 0.00000000 0.00000000
male 1 1976 4  0.09675342 0.09675342 0.09675342 0.09675342 0.09675342 0.09675342 0.09675342 0.09675342 0.09675342 0.09675342 0.09675342 0.09675342 0.09675342 0.09675342 0.09675342 0.09675342 0.09675342
male 1 1976 5  0.00000000 0.00000000 0.00000000 0.00000000 0.00000000 0.00000000 0.00000000 0.00000000 0.00000000 0.00000000 0.00000000 0.00000000 0.00000000 0.00000000 0.00000000 0.00000000 0.00000000
male 1 1976 6  0.07824658 0.07824658 0.07824658 0.07824658 0.07824658 0.07824658 0.07824658 0.07824658 0.07824658 0.07824658 0.07824658 0.07824658 0.07824658 0.07824658 0.07824658 0.07824658 0.07824658
male 1 1977 1  0.00000000 0.00000000 0.00000000 0.00000000 0.00000000 0.00000000 0.00000000 0.00000000 0.00000000 0.00000000 0.00000000 0.00000000 0.00000000 0.00000000 0.00000000 0.00000000 0.00000000
male 1 1977 2  0.03500000 0.03500000 0.03500000 0.03500000 0.03500000 0.03500000 0.03500000 0.03500000 0.03500000 0.03500000 0.03500000 0.03500000 0.03500000 0.03500000 0.03500000 0.03500000 0.03500000
male 1 1977 3  0.00000000 0.00000000 0.00000000 0.00000000 0.00000000 0.00000000 0.00000000 0.00000000 0.00000000 0.00000000 0.00000000 0.00000000 0.00000000 0.00000000 0.00000000 0.00000000 0.00000000
male 1 1977 4  0.09675342 0.09675342 0.09675342 0.09675342 0.09675342 0.09675342 0.09675342 0.09675342 0.09675342 0.09675342 0.09675342 0.09675342 0.09675342 0.09675342 0.09675342 0.09675342 0.09675342
male 1 1977 5  0.00000000 0.00000000 0.00000000 0.00000000 0.00000000 0.00000000 0.00000000 0.00000000 0.00000000 0.00000000 0.00000000 0.00000000 0.00000000 0.00000000 0.00000000 0.00000000 0.00000000
male 1 1977 6  0.07824658 0.07824658 0.07824658 0.07824658 0.07824658 0.07824658 0.07824658 0.07824658 0.07824658 0.07824658 0.07824658 0.07824658 0.07824658 0.07824658 0.07824658 0.07824658 0.07824658
male 1 1978 1  0.00000000 0.00000000 0.00000000 0.00000000 0.00000000 0.00000000 0.00000000 0.00000000 0.00000000 0.00000000 0.00000000 0.00000000 0.00000000 0.00000000 0.00000000 0.00000000 0.00000000
male 1 1978 2  0.03500000 0.03500000 0.03500000 0.03500000 0.03500000 0.03500000 0.03500000 0.03500000 0.03500000 0.03500000 0.03500000 0.03500000 0.03500000 0.03500000 0.03500000 0.03500000 0.03500000
male 1 1978 3  0.00000000 0.00000000 0.00000000 0.00000000 0.00000000 0.00000000 0.00000000 0.00000000 0.00000000 0.00000000 0.00000000 0.00000000 0.00000000 0.00000000 0.00000000 0.00000000 0.00000000
male 1 1978 4  0.09675342 0.09675342 0.09675342 0.09675342 0.09675342 0.09675342 0.09675342 0.09675342 0.09675342 0.09675342 0.09675342 0.09675342 0.09675342 0.09675342 0.09675342 0.09675342 0.09675342
male 1 1978 5  0.00000000 0.00000000 0.00000000 0.00000000 0.00000000 0.00000000 0.00000000 0.00000000 0.00000000 0.00000000 0.00000000 0.00000000 0.00000000 0.00000000 0.00000000 0.00000000 0.00000000
male 1 1978 6  0.07824658 0.07824658 0.07824658 0.07824658 0.07824658 0.07824658 0.07824658 0.07824658 0.07824658 0.07824658 0.07824658 0.07824658 0.07824658 0.07824658 0.07824658 0.07824658 0.07824658
male 1 1979 1  0.00000000 0.00000000 0.00000000 0.00000000 0.00000000 0.00000000 0.00000000 0.00000000 0.00000000 0.00000000 0.00000000 0.00000000 0.00000000 0.00000000 0.00000000 0.00000000 0.00000000
male 1 1979 2  0.03500000 0.03500000 0.03500000 0.03500000 0.03500000 0.03500000 0.03500000 0.03500000 0.03500000 0.03500000 0.03500000 0.03500000 0.03500000 0.03500000 0.03500000 0.03500000 0.03500000
male 1 1979 3  0.00000000 0.00000000 0.00000000 0.00000000 0.00000000 0.00000000 0.00000000 0.00000000 0.00000000 0.00000000 0.00000000 0.00000000 0.00000000 0.00000000 0.00000000 0.00000000 0.00000000
male 1 1979 4  0.09675342 0.09675342 0.09675342 0.09675342 0.09675342 0.09675342 0.09675342 0.09675342 0.09675342 0.09675342 0.09675342 0.09675342 0.09675342 0.09675342 0.09675342 0.09675342 0.09675342
male 1 1979 5  0.00000000 0.00000000 0.00000000 0.00000000 0.00000000 0.00000000 0.00000000 0.00000000 0.00000000 0.00000000 0.00000000 0.00000000 0.00000000 0.00000000 0.00000000 0.00000000 0.00000000
male 1 1979 6  0.07824658 0.07824658 0.07824658 0.07824658 0.07824658 0.07824658 0.07824658 0.07824658 0.07824658 0.07824658 0.07824658 0.07824658 0.07824658 0.07824658 0.07824658 0.07824658 0.07824658
male 1 1980 1  0.00000000 0.00000000 0.00000000 0.00000000 0.00000000 0.00000000 0.00000000 0.00000000 0.00000000 0.00000000 0.00000000 0.00000000 0.00000000 0.00000000 0.00000000 0.00000000 0.00000000
male 1 1980 2  0.03500000 0.03500000 0.03500000 0.03500000 0.03500000 0.03500000 0.03500000 0.03500000 0.03500000 0.03500000 0.03500000 0.03500000 0.03500000 0.03500000 0.03500000 0.03500000 0.03500000
male 1 1980 3  0.00000000 0.00000000 0.00000000 0.00000000 0.00000000 0.00000000 0.00000000 0.00000000 0.00000000 0.00000000 0.00000000 0.00000000 0.00000000 0.00000000 0.00000000 0.00000000 0.00000000
male 1 1980 4  0.09675342 0.09675342 0.09675342 0.09675342 0.09675342 0.09675342 0.09675342 0.09675342 0.09675342 0.09675342 0.09675342 0.09675342 0.09675342 0.09675342 0.09675342 0.09675342 0.09675342
male 1 1980 5  0.00000000 0.00000000 0.00000000 0.00000000 0.00000000 0.00000000 0.00000000 0.00000000 0.00000000 0.00000000 0.00000000 0.00000000 0.00000000 0.00000000 0.00000000 0.00000000 0.00000000
male 1 1980 6  0.07824658 0.07824658 0.07824658 0.07824658 0.07824658 0.07824658 0.07824658 0.07824658 0.07824658 0.07824658 0.07824658 0.07824658 0.07824658 0.07824658 0.07824658 0.07824658 0.07824658
male 1 1981 1  0.00000000 0.00000000 0.00000000 0.00000000 0.00000000 0.00000000 0.00000000 0.00000000 0.00000000 0.00000000 0.00000000 0.00000000 0.00000000 0.00000000 0.00000000 0.00000000 0.00000000
male 1 1981 2  0.13175342 0.13175342 0.13175342 0.13175342 0.13175342 0.13175342 0.13175342 0.13175342 0.13175342 0.13175342 0.13175342 0.13175342 0.13175342 0.13175342 0.13175342 0.13175342 0.13175342
male 1 1981 3  0.00031168 0.00039052 0.00048382 0.00059170 0.00071520 0.00088994 0.00163695 0.00446163 0.00618114 0.00693532 0.00753313 0.00805495 0.00850347 0.00888038 0.00919095 0.00944271 0.00964409
male 1 1981 4  0.00000000 0.00000000 0.00000000 0.00000000 0.00000000 0.00000000 0.00000000 0.00000000 0.00000000 0.00000000 0.00000000 0.00000000 0.00000000 0.00000000 0.00000000 0.00000000 0.00000000
male 1 1981 5  0.00000000 0.00000000 0.00000000 0.00000000 0.00000000 0.00000000 0.00000000 0.00000000 0.00000000 0.00000000 0.00000000 0.00000000 0.00000000 0.00000000 0.00000000 0.00000000 0.00000000
male 1 1981 6  0.07824658 0.07824658 0.07824658 0.07824658 0.07824658 0.07824658 0.07824658 0.07824658 0.07824658 0.07824658 0.07824658 0.07824658 0.07824658 0.07824658 0.07824658 0.07824658 0.07824658
male 1 1982 1  0.00000000 0.00000000 0.00000000 0.00000000 0.00000000 0.00000000 0.00000000 0.00000000 0.00000000 0.00000000 0.00000000 0.00000000 0.00000000 0.00000000 0.00000000 0.00000000 0.00000000
male 1 1982 2  0.11852055 0.11852055 0.11852055 0.11852055 0.11852055 0.11852055 0.11852055 0.11852055 0.11852055 0.11852055 0.11852055 0.11852055 0.11852055 0.11852055 0.11852055 0.11852055 0.11852055
male 1 1982 3  0.01008937 0.01264148 0.01566180 0.01915402 0.02315185 0.02880839 0.05298983 0.14442787 0.20009016 0.22450392 0.24385569 0.26074762 0.27526642 0.28746769 0.29752115 0.30567062 0.31218960
male 1 1982 4  0.01323288 0.01323288 0.01323288 0.01323288 0.01323288 0.01323288 0.01323288 0.01323288 0.01323288 0.01323288 0.01323288 0.01323288 0.01323288 0.01323288 0.01323288 0.01323288 0.01323288
male 1 1982 5  0.00000000 0.00000000 0.00000000 0.00000000 0.00000000 0.00000000 0.00000000 0.00000000 0.00000000 0.00000000 0.00000000 0.00000000 0.00000000 0.00000000 0.00000000 0.00000000 0.00000000
male 1 1982 6  0.07824658 0.07824658 0.07824658 0.07824658 0.07824658 0.07824658 0.07824658 0.07824658 0.07824658 0.07824658 0.07824658 0.07824658 0.07824658 0.07824658 0.07824658 0.07824658 0.07824658
male 1 1983 1  0.00000000 0.00000000 0.00000000 0.00000000 0.00000000 0.00000000 0.00000000 0.00000000 0.00000000 0.00000000 0.00000000 0.00000000 0.00000000 0.00000000 0.00000000 0.00000000 0.00000000
male 1 1983 2  0.12139726 0.12139726 0.12139726 0.12139726 0.12139726 0.12139726 0.12139726 0.12139726 0.12139726 0.12139726 0.12139726 0.12139726 0.12139726 0.12139726 0.12139726 0.12139726 0.12139726
male 1 1983 3  0.01517293 0.01901092 0.02355304 0.02880482 0.03481698 0.04332358 0.07968890 0.21719826 0.30090614 0.33762084 0.36672306 0.39212604 0.41396017 0.43230909 0.44742801 0.45968361 0.46948720
male 1 1983 4  0.01035616 0.01035616 0.01035616 0.01035616 0.01035616 0.01035616 0.01035616 0.01035616 0.01035616 0.01035616 0.01035616 0.01035616 0.01035616 0.01035616 0.01035616 0.01035616 0.01035616
male 1 1983 5  0.00000000 0.00000000 0.00000000 0.00000000 0.00000000 0.00000000 0.00000000 0.00000000 0.00000000 0.00000000 0.00000000 0.00000000 0.00000000 0.00000000 0.00000000 0.00000000 0.00000000
male 1 1983 6  0.07824658 0.07824658 0.07824658 0.07824658 0.07824658 0.07824658 0.07824658 0.07824658 0.07824658 0.07824658 0.07824658 0.07824658 0.07824658 0.07824658 0.07824658 0.07824658 0.07824658
male 1 1984 1  0.00000000 0.00000000 0.00000000 0.00000000 0.00000000 0.00000000 0.00000000 0.00000000 0.00000000 0.00000000 0.00000000 0.00000000 0.00000000 0.00000000 0.00000000 0.00000000 0.00000000
male 1 1984 2  0.13175342 0.13175342 0.13175342 0.13175342 0.13175342 0.13175342 0.13175342 0.13175342 0.13175342 0.13175342 0.13175342 0.13175342 0.13175342 0.13175342 0.13175342 0.13175342 0.13175342
male 1 1984 3  0.00246810 0.00309240 0.00383124 0.00468552 0.00566349 0.00704721 0.01296255 0.03533044 0.04894674 0.05491892 0.05965282 0.06378498 0.06733662 0.07032134 0.07278065 0.07477420 0.07636889
male 1 1984 4  0.00000000 0.00000000 0.00000000 0.00000000 0.00000000 0.00000000 0.00000000 0.00000000 0.00000000 0.00000000 0.00000000 0.00000000 0.00000000 0.00000000 0.00000000 0.00000000 0.00000000
male 1 1984 5  0.00000000 0.00000000 0.00000000 0.00000000 0.00000000 0.00000000 0.00000000 0.00000000 0.00000000 0.00000000 0.00000000 0.00000000 0.00000000 0.00000000 0.00000000 0.00000000 0.00000000
male 1 1984 6  0.07824658 0.07824658 0.07824658 0.07824658 0.07824658 0.07824658 0.07824658 0.07824658 0.07824658 0.07824658 0.07824658 0.07824658 0.07824658 0.07824658 0.07824658 0.07824658 0.07824658
male 1 1985 1  0.00000000 0.00000000 0.00000000 0.00000000 0.00000000 0.00000000 0.00000000 0.00000000 0.00000000 0.00000000 0.00000000 0.00000000 0.00000000 0.00000000 0.00000000 0.00000000 0.00000000
male 1 1985 2  0.13175342 0.13175342 0.13175342 0.13175342 0.13175342 0.13175342 0.13175342 0.13175342 0.13175342 0.13175342 0.13175342 0.13175342 0.13175342 0.13175342 0.13175342 0.13175342 0.13175342
male 1 1985 3  0.01198739 0.01501960 0.01860811 0.02275729 0.02750719 0.03422785 0.06295830 0.17159773 0.23773124 0.26673773 0.28972997 0.30979963 0.32704971 0.34154629 0.35349101 0.36317357 0.37091890
male 1 1985 4  0.00000000 0.00000000 0.00000000 0.00000000 0.00000000 0.00000000 0.00000000 0.00000000 0.00000000 0.00000000 0.00000000 0.00000000 0.00000000 0.00000000 0.00000000 0.00000000 0.00000000
male 1 1985 5  0.00000000 0.00000000 0.00000000 0.00000000 0.00000000 0.00000000 0.00000000 0.00000000 0.00000000 0.00000000 0.00000000 0.00000000 0.00000000 0.00000000 0.00000000 0.00000000 0.00000000
male 1 1985 6  0.07824658 0.07824658 0.07824658 0.07824658 0.07824658 0.07824658 0.07824658 0.07824658 0.07824658 0.07824658 0.07824658 0.07824658 0.07824658 0.07824658 0.07824658 0.07824658 0.07824658
male 1 1986 1  0.00000000 0.00000000 0.00000000 0.00000000 0.00000000 0.00000000 0.00000000 0.00000000 0.00000000 0.00000000 0.00000000 0.00000000 0.00000000 0.00000000 0.00000000 0.00000000 0.00000000
male 1 1986 2  0.13175342 0.13175342 0.13175342 0.13175342 0.13175342 0.13175342 0.13175342 0.13175342 0.13175342 0.13175342 0.13175342 0.13175342 0.13175342 0.13175342 0.13175342 0.13175342 0.13175342
male 1 1986 3  0.03537630 0.04432472 0.05491485 0.06715961 0.08117718 0.10101067 0.18579786 0.50640646 0.70157474 0.78717654 0.85502953 0.91425759 0.96516475 1.00794599 1.04319636 1.07177080 1.09462824
male 1 1986 4  0.00000000 0.00000000 0.00000000 0.00000000 0.00000000 0.00000000 0.00000000 0.00000000 0.00000000 0.00000000 0.00000000 0.00000000 0.00000000 0.00000000 0.00000000 0.00000000 0.00000000
male 1 1986 5  0.00000000 0.00000000 0.00000000 0.00000000 0.00000000 0.00000000 0.00000000 0.00000000 0.00000000 0.00000000 0.00000000 0.00000000 0.00000000 0.00000000 0.00000000 0.00000000 0.00000000
male 1 1986 6  0.07824658 0.07824658 0.07824658 0.07824658 0.07824658 0.07824658 0.07824658 0.07824658 0.07824658 0.07824658 0.07824658 0.07824658 0.07824658 0.07824658 0.07824658 0.07824658 0.07824658
male 1 1987 1  0.00000000 0.00000000 0.00000000 0.00000000 0.00000000 0.00000000 0.00000000 0.00000000 0.00000000 0.00000000 0.00000000 0.00000000 0.00000000 0.00000000 0.00000000 0.00000000 0.00000000
male 1 1987 2  0.13175342 0.13175342 0.13175342 0.13175342 0.13175342 0.13175342 0.13175342 0.13175342 0.13175342 0.13175342 0.13175342 0.13175342 0.13175342 0.13175342 0.13175342 0.13175342 0.13175342
male 1 1987 3  0.02870843 0.03597021 0.04456427 0.05450108 0.06587656 0.08197175 0.15077789 0.41095682 0.56933896 0.63880617 0.69386994 0.74193445 0.78324641 0.81796406 0.84657029 0.86975889 0.88830807
male 1 1987 4  0.00000000 0.00000000 0.00000000 0.00000000 0.00000000 0.00000000 0.00000000 0.00000000 0.00000000 0.00000000 0.00000000 0.00000000 0.00000000 0.00000000 0.00000000 0.00000000 0.00000000
male 1 1987 5  0.00000000 0.00000000 0.00000000 0.00000000 0.00000000 0.00000000 0.00000000 0.00000000 0.00000000 0.00000000 0.00000000 0.00000000 0.00000000 0.00000000 0.00000000 0.00000000 0.00000000
male 1 1987 6  0.07824658 0.07824658 0.07824658 0.07824658 0.07824658 0.07824658 0.07824658 0.07824658 0.07824658 0.07824658 0.07824658 0.07824658 0.07824658 0.07824658 0.07824658 0.07824658 0.07824658
male 1 1988 1  0.00000000 0.00000000 0.00000000 0.00000000 0.00000000 0.00000000 0.00000000 0.00000000 0.00000000 0.00000000 0.00000000 0.00000000 0.00000000 0.00000000 0.00000000 0.00000000 0.00000000
male 1 1988 2  0.13175342 0.13175342 0.13175342 0.13175342 0.13175342 0.13175342 0.13175342 0.13175342 0.13175342 0.13175342 0.13175342 0.13175342 0.13175342 0.13175342 0.13175342 0.13175342 0.13175342
male 1 1988 3  0.03076947 0.03855260 0.04776364 0.05841384 0.07060599 0.08785670 0.16160259 0.44046038 0.61021315 0.68466757 0.74368450 0.79519967 0.83947752 0.87668762 0.90734757 0.93220093 0.95208180
male 1 1988 4  0.00000000 0.00000000 0.00000000 0.00000000 0.00000000 0.00000000 0.00000000 0.00000000 0.00000000 0.00000000 0.00000000 0.00000000 0.00000000 0.00000000 0.00000000 0.00000000 0.00000000
male 1 1988 5  0.00000000 0.00000000 0.00000000 0.00000000 0.00000000 0.00000000 0.00000000 0.00000000 0.00000000 0.00000000 0.00000000 0.00000000 0.00000000 0.00000000 0.00000000 0.00000000 0.00000000
male 1 1988 6  0.07824658 0.07824658 0.07824658 0.07824658 0.07824658 0.07824658 0.07824658 0.07824658 0.07824658 0.07824658 0.07824658 0.07824658 0.07824658 0.07824658 0.07824658 0.07824658 0.07824658
male 1 1989 1  0.00000000 0.00000000 0.00000000 0.00000000 0.00000000 0.00000000 0.00000000 0.00000000 0.00000000 0.00000000 0.00000000 0.00000000 0.00000000 0.00000000 0.00000000 0.00000000 0.00000000
male 1 1989 2  0.13175342 0.13175342 0.13175342 0.13175342 0.13175342 0.13175342 0.13175342 0.13175342 0.13175342 0.13175342 0.13175342 0.13175342 0.13175342 0.13175342 0.13175342 0.13175342 0.13175342
male 1 1989 3  0.05156199 0.06460093 0.08003204 0.09787414 0.11829946 0.14719928 0.27074458 0.73791048 1.02229452 1.14702681 1.24589690 1.33219943 1.40637738 1.46871487 1.52007897 1.56171541 1.59502150
male 1 1989 4  0.00000000 0.00000000 0.00000000 0.00000000 0.00000000 0.00000000 0.00000000 0.00000000 0.00000000 0.00000000 0.00000000 0.00000000 0.00000000 0.00000000 0.00000000 0.00000000 0.00000000
male 1 1989 5  0.00000000 0.00000000 0.00000000 0.00000000 0.00000000 0.00000000 0.00000000 0.00000000 0.00000000 0.00000000 0.00000000 0.00000000 0.00000000 0.00000000 0.00000000 0.00000000 0.00000000
male 1 1989 6  0.07824658 0.07824658 0.07824658 0.07824658 0.07824658 0.07824658 0.07824658 0.07824658 0.07824658 0.07824658 0.07824658 0.07824658 0.07824658 0.07824658 0.07824658 0.07824658 0.07824658
male 1 1990 1  0.00000000 0.00000000 0.00000000 0.00000000 0.00000000 0.00000000 0.00000000 0.00000000 0.00000000 0.00000000 0.00000000 0.00000000 0.00000000 0.00000000 0.00000000 0.00000000 0.00000000
male 1 1990 2  0.13175342 0.13175342 0.13175342 0.13175342 0.13175342 0.13175342 0.13175342 0.13175342 0.13175342 0.13175342 0.13175342 0.13175342 0.13175342 0.13175342 0.13175342 0.13175342 0.13175342
male 1 1990 3  0.03704379 0.04638783 0.05744616 0.07023227 0.08486957 0.10557993 0.19411567 0.52889876 0.73269568 0.82208204 0.89293489 0.95478150 1.00793933 1.05261198 1.08942082 1.11925856 1.14312656
male 1 1990 4  0.00000000 0.00000000 0.00000000 0.00000000 0.00000000 0.00000000 0.00000000 0.00000000 0.00000000 0.00000000 0.00000000 0.00000000 0.00000000 0.00000000 0.00000000 0.00000000 0.00000000
male 1 1990 5  0.00000000 0.00000000 0.00000000 0.00000000 0.00000000 0.00000000 0.00000000 0.00000000 0.00000000 0.00000000 0.00000000 0.00000000 0.00000000 0.00000000 0.00000000 0.00000000 0.00000000
male 1 1990 6  0.07824658 0.07824658 0.07824658 0.07824658 0.07824658 0.07824658 0.07824658 0.07824658 0.07824658 0.07824658 0.07824658 0.07824658 0.07824658 0.07824658 0.07824658 0.07824658 0.07824658
male 1 1991 1  0.00000000 0.00000000 0.00000000 0.00000000 0.00000000 0.00000000 0.00000000 0.00000000 0.00000000 0.00000000 0.00000000 0.00000000 0.00000000 0.00000000 0.00000000 0.00000000 0.00000000
male 1 1991 2  0.13175342 0.13175342 0.13175342 0.13175342 0.13175342 0.13175342 0.13175342 0.13175342 0.13175342 0.13175342 0.13175342 0.13175342 0.13175342 0.13175342 0.13175342 0.13175342 0.13175342
male 1 1991 3  0.03189173 0.03995723 0.04950246 0.06053905 0.07317354 0.09105012 0.16747156 0.45644647 0.63235797 0.70951365 0.77067174 0.82405592 0.86994019 0.90850030 0.94027261 0.96602767 0.98662983
male 1 1991 4  0.00000000 0.00000000 0.00000000 0.00000000 0.00000000 0.00000000 0.00000000 0.00000000 0.00000000 0.00000000 0.00000000 0.00000000 0.00000000 0.00000000 0.00000000 0.00000000 0.00000000
male 1 1991 5  0.00000000 0.00000000 0.00000000 0.00000000 0.00000000 0.00000000 0.00000000 0.00000000 0.00000000 0.00000000 0.00000000 0.00000000 0.00000000 0.00000000 0.00000000 0.00000000 0.00000000
male 1 1991 6  0.07824658 0.07824658 0.07824658 0.07824658 0.07824658 0.07824658 0.07824658 0.07824658 0.07824658 0.07824658 0.07824658 0.07824658 0.07824658 0.07824658 0.07824658 0.07824658 0.07824658
male 1 1992 1  0.00000000 0.00000000 0.00000000 0.00000000 0.00000000 0.00000000 0.00000000 0.00000000 0.00000000 0.00000000 0.00000000 0.00000000 0.00000000 0.00000000 0.00000000 0.00000000 0.00000000
male 1 1992 2  0.13175342 0.13175342 0.13175342 0.13175342 0.13175342 0.13175342 0.13175342 0.13175342 0.13175342 0.13175342 0.13175342 0.13175342 0.13175342 0.13175342 0.13175342 0.13175342 0.13175342
male 1 1992 3  0.02348296 0.02939897 0.03640036 0.04449566 0.05376301 0.06687541 0.12293025 0.33489226 0.46392269 0.52051609 0.56537532 0.60453241 0.63818835 0.66647205 0.68977692 0.70866816 0.72377976
male 1 1992 4  0.00000000 0.00000000 0.00000000 0.00000000 0.00000000 0.00000000 0.00000000 0.00000000 0.00000000 0.00000000 0.00000000 0.00000000 0.00000000 0.00000000 0.00000000 0.00000000 0.00000000
male 1 1992 5  0.00000000 0.00000000 0.00000000 0.00000000 0.00000000 0.00000000 0.00000000 0.00000000 0.00000000 0.00000000 0.00000000 0.00000000 0.00000000 0.00000000 0.00000000 0.00000000 0.00000000
male 1 1992 6  0.07824658 0.07824658 0.07824658 0.07824658 0.07824658 0.07824658 0.07824658 0.07824658 0.07824658 0.07824658 0.07824658 0.07824658 0.07824658 0.07824658 0.07824658 0.07824658 0.07824658
male 1 1993 1  0.00000000 0.00000000 0.00000000 0.00000000 0.00000000 0.00000000 0.00000000 0.00000000 0.00000000 0.00000000 0.00000000 0.00000000 0.00000000 0.00000000 0.00000000 0.00000000 0.00000000
male 1 1993 2  0.13175342 0.13175342 0.13175342 0.13175342 0.13175342 0.13175342 0.13175342 0.13175342 0.13175342 0.13175342 0.13175342 0.13175342 0.13175342 0.13175342 0.13175342 0.13175342 0.13175342
male 1 1993 3  0.01405337 0.01760817 0.02181514 0.02667942 0.03224795 0.04012688 0.07380893 0.20117195 0.27870331 0.31270896 0.33966383 0.36319241 0.38341548 0.40041049 0.41441384 0.42576514 0.43484535
male 1 1993 4  0.00000000 0.00000000 0.00000000 0.00000000 0.00000000 0.00000000 0.00000000 0.00000000 0.00000000 0.00000000 0.00000000 0.00000000 0.00000000 0.00000000 0.00000000 0.00000000 0.00000000
male 1 1993 5  0.00000000 0.00000000 0.00000000 0.00000000 0.00000000 0.00000000 0.00000000 0.00000000 0.00000000 0.00000000 0.00000000 0.00000000 0.00000000 0.00000000 0.00000000 0.00000000 0.00000000
male 1 1993 6  0.07824658 0.07824658 0.07824658 0.07824658 0.07824658 0.07824658 0.07824658 0.07824658 0.07824658 0.07824658 0.07824658 0.07824658 0.07824658 0.07824658 0.07824658 0.07824658 0.07824658
male 1 1994 1  0.00000000 0.00000000 0.00000000 0.00000000 0.00000000 0.00000000 0.00000000 0.00000000 0.00000000 0.00000000 0.00000000 0.00000000 0.00000000 0.00000000 0.00000000 0.00000000 0.00000000
male 1 1994 2  0.13175342 0.13175342 0.13175342 0.13175342 0.13175342 0.13175342 0.13175342 0.13175342 0.13175342 0.13175342 0.13175342 0.13175342 0.13175342 0.13175342 0.13175342 0.13175342 0.13175342
male 1 1994 3  0.03764197 0.04715805 0.05841998 0.07144150 0.08634830 0.10743996 0.19760575 0.53855263 0.74610170 0.83713378 0.90929113 0.97227641 1.02641294 1.07190807 1.10939460 1.13978170 1.16408914
male 1 1994 4  0.00000000 0.00000000 0.00000000 0.00000000 0.00000000 0.00000000 0.00000000 0.00000000 0.00000000 0.00000000 0.00000000 0.00000000 0.00000000 0.00000000 0.00000000 0.00000000 0.00000000
male 1 1994 5  0.00000000 0.00000000 0.00000000 0.00000000 0.00000000 0.00000000 0.00000000 0.00000000 0.00000000 0.00000000 0.00000000 0.00000000 0.00000000 0.00000000 0.00000000 0.00000000 0.00000000
male 1 1994 6  0.07824658 0.07824658 0.07824658 0.07824658 0.07824658 0.07824658 0.07824658 0.07824658 0.07824658 0.07824658 0.07824658 0.07824658 0.07824658 0.07824658 0.07824658 0.07824658 0.07824658
male 1 1995 1  0.00000000 0.00000000 0.00000000 0.00000000 0.00000000 0.00000000 0.00000000 0.00000000 0.00000000 0.00000000 0.00000000 0.00000000 0.00000000 0.00000000 0.00000000 0.00000000 0.00000000
male 1 1995 2  0.13175342 0.13175342 0.13175342 0.13175342 0.13175342 0.13175342 0.13175342 0.13175342 0.13175342 0.13175342 0.13175342 0.13175342 0.13175342 0.13175342 0.13175342 0.13175342 0.13175342
male 1 1995 3  0.02997235 0.03751525 0.04644200 0.05676348 0.06857933 0.08529760 0.15676735 0.42701829 0.59153169 0.66368811 0.72088350 0.77080867 0.81371990 0.84978153 0.87949516 0.90358144 0.92284869
male 1 1995 4  0.00000000 0.00000000 0.00000000 0.00000000 0.00000000 0.00000000 0.00000000 0.00000000 0.00000000 0.00000000 0.00000000 0.00000000 0.00000000 0.00000000 0.00000000 0.00000000 0.00000000
male 1 1995 5  0.00000000 0.00000000 0.00000000 0.00000000 0.00000000 0.00000000 0.00000000 0.00000000 0.00000000 0.00000000 0.00000000 0.00000000 0.00000000 0.00000000 0.00000000 0.00000000 0.00000000
male 1 1995 6  0.07824658 0.07824658 0.07824658 0.07824658 0.07824658 0.07824658 0.07824658 0.07824658 0.07824658 0.07824658 0.07824658 0.07824658 0.07824658 0.07824658 0.07824658 0.07824658 0.07824658
male 1 1996 1  0.00000000 0.00000000 0.00000000 0.00000000 0.00000000 0.00000000 0.00000000 0.00000000 0.00000000 0.00000000 0.00000000 0.00000000 0.00000000 0.00000000 0.00000000 0.00000000 0.00000000
male 1 1996 2  0.13175342 0.13175342 0.13175342 0.13175342 0.13175342 0.13175342 0.13175342 0.13175342 0.13175342 0.13175342 0.13175342 0.13175342 0.13175342 0.13175342 0.13175342 0.13175342 0.13175342
male 1 1996 3  0.02898310 0.03618218 0.04470202 0.05455302 0.06583027 0.08178648 0.14999846 0.40793065 0.56494511 0.63381245 0.68840073 0.73605018 0.77700540 0.81142325 0.83978246 0.86277082 0.88115982
male 1 1996 4  0.00000000 0.00000000 0.00000000 0.00000000 0.00000000 0.00000000 0.00000000 0.00000000 0.00000000 0.00000000 0.00000000 0.00000000 0.00000000 0.00000000 0.00000000 0.00000000 0.00000000
male 1 1996 5  0.00000000 0.00000000 0.00000000 0.00000000 0.00000000 0.00000000 0.00000000 0.00000000 0.00000000 0.00000000 0.00000000 0.00000000 0.00000000 0.00000000 0.00000000 0.00000000 0.00000000
male 1 1996 6  0.07824658 0.07824658 0.07824658 0.07824658 0.07824658 0.07824658 0.07824658 0.07824658 0.07824658 0.07824658 0.07824658 0.07824658 0.07824658 0.07824658 0.07824658 0.07824658 0.07824658
male 1 1997 1  0.00000000 0.00000000 0.00000000 0.00000000 0.00000000 0.00000000 0.00000000 0.00000000 0.00000000 0.00000000 0.00000000 0.00000000 0.00000000 0.00000000 0.00000000 0.00000000 0.00000000
male 1 1997 2  0.13175342 0.13175342 0.13175342 0.13175342 0.13175342 0.13175342 0.13175342 0.13175342 0.13175342 0.13175342 0.13175342 0.13175342 0.13175342 0.13175342 0.13175342 0.13175342 0.13175342
male 1 1997 3  0.02401566 0.03007002 0.03723514 0.04551974 0.05500380 0.06842283 0.12578849 0.34270715 0.47475489 0.53267170 0.57857995 0.61865271 0.65309569 0.68204079 0.70589063 0.72522363 0.74068862
male 1 1997 4  0.00000000 0.00000000 0.00000000 0.00000000 0.00000000 0.00000000 0.00000000 0.00000000 0.00000000 0.00000000 0.00000000 0.00000000 0.00000000 0.00000000 0.00000000 0.00000000 0.00000000
male 1 1997 5  0.00000000 0.00000000 0.00000000 0.00000000 0.00000000 0.00000000 0.00000000 0.00000000 0.00000000 0.00000000 0.00000000 0.00000000 0.00000000 0.00000000 0.00000000 0.00000000 0.00000000
male 1 1997 6  0.07824658 0.07824658 0.07824658 0.07824658 0.07824658 0.07824658 0.07824658 0.07824658 0.07824658 0.07824658 0.07824658 0.07824658 0.07824658 0.07824658 0.07824658 0.07824658 0.07824658
male 1 1998 1  0.00000000 0.00000000 0.00000000 0.00000000 0.00000000 0.00000000 0.00000000 0.00000000 0.00000000 0.00000000 0.00000000 0.00000000 0.00000000 0.00000000 0.00000000 0.00000000 0.00000000
male 1 1998 2  0.13175342 0.13175342 0.13175342 0.13175342 0.13175342 0.13175342 0.13175342 0.13175342 0.13175342 0.13175342 0.13175342 0.13175342 0.13175342 0.13175342 0.13175342 0.13175342 0.13175342
male 1 1998 3  0.01906192 0.02379606 0.02939876 0.03587682 0.04329280 0.05378568 0.09864220 0.26825966 0.37151313 0.41680063 0.45269814 0.48403265 0.51096500 0.53359835 0.55224750 0.56736476 0.57945746
male 1 1998 4  0.00000000 0.00000000 0.00000000 0.00000000 0.00000000 0.00000000 0.00000000 0.00000000 0.00000000 0.00000000 0.00000000 0.00000000 0.00000000 0.00000000 0.00000000 0.00000000 0.00000000
male 1 1998 5  0.00000000 0.00000000 0.00000000 0.00000000 0.00000000 0.00000000 0.00000000 0.00000000 0.00000000 0.00000000 0.00000000 0.00000000 0.00000000 0.00000000 0.00000000 0.00000000 0.00000000
male 1 1998 6  0.07824658 0.07824658 0.07824658 0.07824658 0.07824658 0.07824658 0.07824658 0.07824658 0.07824658 0.07824658 0.07824658 0.07824658 0.07824658 0.07824658 0.07824658 0.07824658 0.07824658
male 1 1999 1  0.00000000 0.00000000 0.00000000 0.00000000 0.00000000 0.00000000 0.00000000 0.00000000 0.00000000 0.00000000 0.00000000 0.00000000 0.00000000 0.00000000 0.00000000 0.00000000 0.00000000
male 1 1999 2  0.13175342 0.13175342 0.13175342 0.13175342 0.13175342 0.13175342 0.13175342 0.13175342 0.13175342 0.13175342 0.13175342 0.13175342 0.13175342 0.13175342 0.13175342 0.13175342 0.13175342
male 1 1999 3  0.02459333 0.03073661 0.03800697 0.04641326 0.05603663 0.06965276 0.12786101 0.34796582 0.48195311 0.54072062 0.58730318 0.62796454 0.66291341 0.69228367 0.71648382 0.73610079 0.75179293
male 1 1999 4  0.00000000 0.00000000 0.00000000 0.00000000 0.00000000 0.00000000 0.00000000 0.00000000 0.00000000 0.00000000 0.00000000 0.00000000 0.00000000 0.00000000 0.00000000 0.00000000 0.00000000
male 1 1999 5  0.00000000 0.00000000 0.00000000 0.00000000 0.00000000 0.00000000 0.00000000 0.00000000 0.00000000 0.00000000 0.00000000 0.00000000 0.00000000 0.00000000 0.00000000 0.00000000 0.00000000
male 1 1999 6  0.07824658 0.07824658 0.07824658 0.07824658 0.07824658 0.07824658 0.07824658 0.07824658 0.07824658 0.07824658 0.07824658 0.07824658 0.07824658 0.07824658 0.07824658 0.07824658 0.07824658
male 1 2000 1  0.00000000 0.00000000 0.00000000 0.00000000 0.00000000 0.00000000 0.00000000 0.00000000 0.00000000 0.00000000 0.00000000 0.00000000 0.00000000 0.00000000 0.00000000 0.00000000 0.00000000
male 1 2000 2  0.10845205 0.10845205 0.10845205 0.10845205 0.10845205 0.10845205 0.10845205 0.10845205 0.10845205 0.10845205 0.10845205 0.10845205 0.10845205 0.10845205 0.10845205 0.10845205 0.10845205
male 1 2000 3  0.02656315 0.03323903 0.04113970 0.05027478 0.06073245 0.07552905 0.13878372 0.37797073 0.52357418 0.58743659 0.63805767 0.68224421 0.72022301 0.75213955 0.77843776 0.79975544 0.81680802
male 1 2000 4  0.02330137 0.02330137 0.02330137 0.02330137 0.02330137 0.02330137 0.02330137 0.02330137 0.02330137 0.02330137 0.02330137 0.02330137 0.02330137 0.02330137 0.02330137 0.02330137 0.02330137
male 1 2000 5  0.00000000 0.00000000 0.00000000 0.00000000 0.00000000 0.00000000 0.00000000 0.00000000 0.00000000 0.00000000 0.00000000 0.00000000 0.00000000 0.00000000 0.00000000 0.00000000 0.00000000
male 1 2000 6  0.07824658 0.07824658 0.07824658 0.07824658 0.07824658 0.07824658 0.07824658 0.07824658 0.07824658 0.07824658 0.07824658 0.07824658 0.07824658 0.07824658 0.07824658 0.07824658 0.07824658
male 1 2001 1  0.00000000 0.00000000 0.00000000 0.00000000 0.00000000 0.00000000 0.00000000 0.00000000 0.00000000 0.00000000 0.00000000 0.00000000 0.00000000 0.00000000 0.00000000 0.00000000 0.00000000
male 1 2001 2  0.09147945 0.09147945 0.09147945 0.09147945 0.09147945 0.09147945 0.09147945 0.09147945 0.09147945 0.09147945 0.09147945 0.09147945 0.09147945 0.09147945 0.09147945 0.09147945 0.09147945
male 1 2001 3  0.02284579 0.02860835 0.03542812 0.04331342 0.05234037 0.06511263 0.11971338 0.32617701 0.45186034 0.50698568 0.55068125 0.58882259 0.62160548 0.64915549 0.67185582 0.69025701 0.70497661
male 1 2001 4  0.04027397 0.04027397 0.04027397 0.04027397 0.04027397 0.04027397 0.04027397 0.04027397 0.04027397 0.04027397 0.04027397 0.04027397 0.04027397 0.04027397 0.04027397 0.04027397 0.04027397
male 1 2001 5  0.00000000 0.00000000 0.00000000 0.00000000 0.00000000 0.00000000 0.00000000 0.00000000 0.00000000 0.00000000 0.00000000 0.00000000 0.00000000 0.00000000 0.00000000 0.00000000 0.00000000
male 1 2001 6  0.07824658 0.07824658 0.07824658 0.07824658 0.07824658 0.07824658 0.07824658 0.07824658 0.07824658 0.07824658 0.07824658 0.07824658 0.07824658 0.07824658 0.07824658 0.07824658 0.07824658
male 1 2002 1  0.00000000 0.00000000 0.00000000 0.00000000 0.00000000 0.00000000 0.00000000 0.00000000 0.00000000 0.00000000 0.00000000 0.00000000 0.00000000 0.00000000 0.00000000 0.00000000 0.00000000
male 1 2002 2  0.08515068 0.08515068 0.08515068 0.08515068 0.08515068 0.08515068 0.08515068 0.08515068 0.08515068 0.08515068 0.08515068 0.08515068 0.08515068 0.08515068 0.08515068 0.08515068 0.08515068
male 1 2002 3  0.01883431 0.02355587 0.02914366 0.03560449 0.04300073 0.05346570 0.09820290 0.26736915 0.37034795 0.41551497 0.45131699 0.48256815 0.50942886 0.53200199 0.55060154 0.56567858 0.57773911
male 1 2002 4  0.04660274 0.04660274 0.04660274 0.04660274 0.04660274 0.04660274 0.04660274 0.04660274 0.04660274 0.04660274 0.04660274 0.04660274 0.04660274 0.04660274 0.04660274 0.04660274 0.04660274
male 1 2002 5  0.00000000 0.00000000 0.00000000 0.00000000 0.00000000 0.00000000 0.00000000 0.00000000 0.00000000 0.00000000 0.00000000 0.00000000 0.00000000 0.00000000 0.00000000 0.00000000 0.00000000
male 1 2002 6  0.07824658 0.07824658 0.07824658 0.07824658 0.07824658 0.07824658 0.07824658 0.07824658 0.07824658 0.07824658 0.07824658 0.07824658 0.07824658 0.07824658 0.07824658 0.07824658 0.07824658
male 1 2003 1  0.00000000 0.00000000 0.00000000 0.00000000 0.00000000 0.00000000 0.00000000 0.00000000 0.00000000 0.00000000 0.00000000 0.00000000 0.00000000 0.00000000 0.00000000 0.00000000 0.00000000
male 1 2003 2  0.07652055 0.07652055 0.07652055 0.07652055 0.07652055 0.07652055 0.07652055 0.07652055 0.07652055 0.07652055 0.07652055 0.07652055 0.07652055 0.07652055 0.07652055 0.07652055 0.07652055
male 1 2003 3  0.01643120 0.02057677 0.02548291 0.03115560 0.03764958 0.04683794 0.08611769 0.23464752 0.32506404 0.36472118 0.39615575 0.42359461 0.44717861 0.46699807 0.48332868 0.49656649 0.50715576
male 1 2003 4  0.05523288 0.05523288 0.05523288 0.05523288 0.05523288 0.05523288 0.05523288 0.05523288 0.05523288 0.05523288 0.05523288 0.05523288 0.05523288 0.05523288 0.05523288 0.05523288 0.05523288
male 1 2003 5  0.00000000 0.00000000 0.00000000 0.00000000 0.00000000 0.00000000 0.00000000 0.00000000 0.00000000 0.00000000 0.00000000 0.00000000 0.00000000 0.00000000 0.00000000 0.00000000 0.00000000
male 1 2003 6  0.07824658 0.07824658 0.07824658 0.07824658 0.07824658 0.07824658 0.07824658 0.07824658 0.07824658 0.07824658 0.07824658 0.07824658 0.07824658 0.07824658 0.07824658 0.07824658 0.07824658
male 1 2004 1  0.00000000 0.00000000 0.00000000 0.00000000 0.00000000 0.00000000 0.00000000 0.00000000 0.00000000 0.00000000 0.00000000 0.00000000 0.00000000 0.00000000 0.00000000 0.00000000 0.00000000
male 1 2004 2  0.06673973 0.06673973 0.06673973 0.06673973 0.06673973 0.06673973 0.06673973 0.06673973 0.06673973 0.06673973 0.06673973 0.06673973 0.06673973 0.06673973 0.06673973 0.06673973 0.06673973
male 1 2004 3  0.01483394 0.01855333 0.02295510 0.02804461 0.03387099 0.04211474 0.07735638 0.21061676 0.29173809 0.32731833 0.35552130 0.38013933 0.40129880 0.41908074 0.43373249 0.44560940 0.45511006
male 1 2004 4  0.06501370 0.06501370 0.06501370 0.06501370 0.06501370 0.06501370 0.06501370 0.06501370 0.06501370 0.06501370 0.06501370 0.06501370 0.06501370 0.06501370 0.06501370 0.06501370 0.06501370
male 1 2004 5  0.00000000 0.00000000 0.00000000 0.00000000 0.00000000 0.00000000 0.00000000 0.00000000 0.00000000 0.00000000 0.00000000 0.00000000 0.00000000 0.00000000 0.00000000 0.00000000 0.00000000
male 1 2004 6  0.07824658 0.07824658 0.07824658 0.07824658 0.07824658 0.07824658 0.07824658 0.07824658 0.07824658 0.07824658 0.07824658 0.07824658 0.07824658 0.07824658 0.07824658 0.07824658 0.07824658
male 1 2005 1  0.00000000 0.00000000 0.00000000 0.00000000 0.00000000 0.00000000 0.00000000 0.00000000 0.00000000 0.00000000 0.00000000 0.00000000 0.00000000 0.00000000 0.00000000 0.00000000 0.00000000
male 1 2005 2  0.09032877 0.09032877 0.09032877 0.09032877 0.09032877 0.09032877 0.09032877 0.09032877 0.09032877 0.09032877 0.09032877 0.09032877 0.09032877 0.09032877 0.09032877 0.09032877 0.09032877
male 1 2005 3  0.00159243 0.00264292 0.00462033 0.00821305 0.01437855 0.02494412 0.05949147 0.19288925 0.29276947 0.33754331 0.36258398 0.37662717 0.38420858 0.38819648 0.39026412 0.39132806 0.39187338
male 1 2005 4  0.04142466 0.04142466 0.04142466 0.04142466 0.04142466 0.04142466 0.04142466 0.04142466 0.04142466 0.04142466 0.04142466 0.04142466 0.04142466 0.04142466 0.04142466 0.04142466 0.04142466
male 1 2005 5  0.00000000 0.00000000 0.00000000 0.00000000 0.00000000 0.00000000 0.00000000 0.00000000 0.00000000 0.00000000 0.00000000 0.00000000 0.00000000 0.00000000 0.00000000 0.00000000 0.00000000
male 1 2005 6  0.07824658 0.07824658 0.07824658 0.07824658 0.07824658 0.07824658 0.07824658 0.07824658 0.07824658 0.07824658 0.07824658 0.07824658 0.07824658 0.07824658 0.07824658 0.07824658 0.07824658
male 1 2006 1  0.00000000 0.00000000 0.00000000 0.00000000 0.00000000 0.00000000 0.00000000 0.00000000 0.00000000 0.00000000 0.00000000 0.00000000 0.00000000 0.00000000 0.00000000 0.00000000 0.00000000
male 1 2006 2  0.10384932 0.10384932 0.10384932 0.10384932 0.10384932 0.10384932 0.10384932 0.10384932 0.10384932 0.10384932 0.10384932 0.10384932 0.10384932 0.10384932 0.10384932 0.10384932 0.10384932
male 1 2006 3  0.00121480 0.00207894 0.00370557 0.00666097 0.01173275 0.02042405 0.04884293 0.15857682 0.24073895 0.27757020 0.29816882 0.30972084 0.31595736 0.31923783 0.32093869 0.32181389 0.32226248
male 1 2006 4  0.02790411 0.02790411 0.02790411 0.02790411 0.02790411 0.02790411 0.02790411 0.02790411 0.02790411 0.02790411 0.02790411 0.02790411 0.02790411 0.02790411 0.02790411 0.02790411 0.02790411
male 1 2006 5  0.00000000 0.00000000 0.00000000 0.00000000 0.00000000 0.00000000 0.00000000 0.00000000 0.00000000 0.00000000 0.00000000 0.00000000 0.00000000 0.00000000 0.00000000 0.00000000 0.00000000
male 1 2006 6  0.07824658 0.07824658 0.07824658 0.07824658 0.07824658 0.07824658 0.07824658 0.07824658 0.07824658 0.07824658 0.07824658 0.07824658 0.07824658 0.07824658 0.07824658 0.07824658 0.07824658
male 1 2007 1  0.00000000 0.00000000 0.00000000 0.00000000 0.00000000 0.00000000 0.00000000 0.00000000 0.00000000 0.00000000 0.00000000 0.00000000 0.00000000 0.00000000 0.00000000 0.00000000 0.00000000
male 1 2007 2  0.11132877 0.11132877 0.11132877 0.11132877 0.11132877 0.11132877 0.11132877 0.11132877 0.11132877 0.11132877 0.11132877 0.11132877 0.11132877 0.11132877 0.11132877 0.11132877 0.11132877
male 1 2007 3  0.00120249 0.00215235 0.00394035 0.00718894 0.01276387 0.02231738 0.05355556 0.17417559 0.26448860 0.30497369 0.32761579 0.34031383 0.34716904 0.35077495 0.35264454 0.35360657 0.35409966
male 1 2007 4  0.02042466 0.02042466 0.02042466 0.02042466 0.02042466 0.02042466 0.02042466 0.02042466 0.02042466 0.02042466 0.02042466 0.02042466 0.02042466 0.02042466 0.02042466 0.02042466 0.02042466
male 1 2007 5  0.00000000 0.00000000 0.00000000 0.00000000 0.00000000 0.00000000 0.00000000 0.00000000 0.00000000 0.00000000 0.00000000 0.00000000 0.00000000 0.00000000 0.00000000 0.00000000 0.00000000
male 1 2007 6  0.07824658 0.07824658 0.07824658 0.07824658 0.07824658 0.07824658 0.07824658 0.07824658 0.07824658 0.07824658 0.07824658 0.07824658 0.07824658 0.07824658 0.07824658 0.07824658 0.07824658
male 1 2008 1  0.00000000 0.00000000 0.00000000 0.00000000 0.00000000 0.00000000 0.00000000 0.00000000 0.00000000 0.00000000 0.00000000 0.00000000 0.00000000 0.00000000 0.00000000 0.00000000 0.00000000
male 1 2008 2  0.10615068 0.10615068 0.10615068 0.10615068 0.10615068 0.10615068 0.10615068 0.10615068 0.10615068 0.10615068 0.10615068 0.10615068 0.10615068 0.10615068 0.10615068 0.10615068 0.10615068
male 1 2008 3  0.00205069 0.00293066 0.00458709 0.00759662 0.01276130 0.02161180 0.05055124 0.16229514 0.24596225 0.28346814 0.30444406 0.31620769 0.32255844 0.32589900 0.32763102 0.32852225 0.32897905
male 1 2008 4  0.02560274 0.02560274 0.02560274 0.02560274 0.02560274 0.02560274 0.02560274 0.02560274 0.02560274 0.02560274 0.02560274 0.02560274 0.02560274 0.02560274 0.02560274 0.02560274 0.02560274
male 1 2008 5  0.00000000 0.00000000 0.00000000 0.00000000 0.00000000 0.00000000 0.00000000 0.00000000 0.00000000 0.00000000 0.00000000 0.00000000 0.00000000 0.00000000 0.00000000 0.00000000 0.00000000
male 1 2008 6  0.07824658 0.07824658 0.07824658 0.07824658 0.07824658 0.07824658 0.07824658 0.07824658 0.07824658 0.07824658 0.07824658 0.07824658 0.07824658 0.07824658 0.07824658 0.07824658 0.07824658
male 1 2009 1  0.00000000 0.00000000 0.00000000 0.00000000 0.00000000 0.00000000 0.00000000 0.00000000 0.00000000 0.00000000 0.00000000 0.00000000 0.00000000 0.00000000 0.00000000 0.00000000 0.00000000
male 1 2009 2  0.11017808 0.11017808 0.11017808 0.11017808 0.11017808 0.11017808 0.11017808 0.11017808 0.11017808 0.11017808 0.11017808 0.11017808 0.11017808 0.11017808 0.11017808 0.11017808 0.11017808
male 1 2009 3  0.00163755 0.00259518 0.00439781 0.00767296 0.01329348 0.02292513 0.05441878 0.17602528 0.26707689 0.30789308 0.33072036 0.34352224 0.35043352 0.35406892 0.35595380 0.35692370 0.35742082
male 1 2009 4  0.02157534 0.02157534 0.02157534 0.02157534 0.02157534 0.02157534 0.02157534 0.02157534 0.02157534 0.02157534 0.02157534 0.02157534 0.02157534 0.02157534 0.02157534 0.02157534 0.02157534
male 1 2009 5  0.00000000 0.00000000 0.00000000 0.00000000 0.00000000 0.00000000 0.00000000 0.00000000 0.00000000 0.00000000 0.00000000 0.00000000 0.00000000 0.00000000 0.00000000 0.00000000 0.00000000
male 1 2009 6  0.07824658 0.07824658 0.07824658 0.07824658 0.07824658 0.07824658 0.07824658 0.07824658 0.07824658 0.07824658 0.07824658 0.07824658 0.07824658 0.07824658 0.07824658 0.07824658 0.07824658
male 1 2010 1  0.00000000 0.00000000 0.00000000 0.00000000 0.00000000 0.00000000 0.00000000 0.00000000 0.00000000 0.00000000 0.00000000 0.00000000 0.00000000 0.00000000 0.00000000 0.00000000 0.00000000
male 1 2010 2  0.09176712 0.09176712 0.09176712 0.09176712 0.09176712 0.09176712 0.09176712 0.09176712 0.09176712 0.09176712 0.09176712 0.09176712 0.09176712 0.09176712 0.09176712 0.09176712 0.09176712
male 1 2010 3  0.00140386 0.00239333 0.00425588 0.00763992 0.01344729 0.02339913 0.05593977 0.18158897 0.27566753 0.31784062 0.34142677 0.35465425 0.36179529 0.36555154 0.36749908 0.36850122 0.36901487
male 1 2010 4  0.03998630 0.03998630 0.03998630 0.03998630 0.03998630 0.03998630 0.03998630 0.03998630 0.03998630 0.03998630 0.03998630 0.03998630 0.03998630 0.03998630 0.03998630 0.03998630 0.03998630
male 1 2010 5  0.00000000 0.00000000 0.00000000 0.00000000 0.00000000 0.00000000 0.00000000 0.00000000 0.00000000 0.00000000 0.00000000 0.00000000 0.00000000 0.00000000 0.00000000 0.00000000 0.00000000
male 1 2010 6  0.07824658 0.07824658 0.07824658 0.07824658 0.07824658 0.07824658 0.07824658 0.07824658 0.07824658 0.07824658 0.07824658 0.07824658 0.07824658 0.07824658 0.07824658 0.07824658 0.07824658
male 1 2011 1  0.00000000 0.00000000 0.00000000 0.00000000 0.00000000 0.00000000 0.00000000 0.00000000 0.00000000 0.00000000 0.00000000 0.00000000 0.00000000 0.00000000 0.00000000 0.00000000 0.00000000
male 1 2011 2  0.09895890 0.09895890 0.09895890 0.09895890 0.09895890 0.09895890 0.09895890 0.09895890 0.09895890 0.09895890 0.09895890 0.09895890 0.09895890 0.09895890 0.09895890 0.09895890 0.09895890
male 1 2011 3  0.00152304 0.00258578 0.00458625 0.00822088 0.01445830 0.02514710 0.06009742 0.19505116 0.29609639 0.34139247 0.36672522 0.38093221 0.38860205 0.39263646 0.39472823 0.39580458 0.39635626
male 1 2011 4  0.03279452 0.03279452 0.03279452 0.03279452 0.03279452 0.03279452 0.03279452 0.03279452 0.03279452 0.03279452 0.03279452 0.03279452 0.03279452 0.03279452 0.03279452 0.03279452 0.03279452
male 1 2011 5  0.00000000 0.00000000 0.00000000 0.00000000 0.00000000 0.00000000 0.00000000 0.00000000 0.00000000 0.00000000 0.00000000 0.00000000 0.00000000 0.00000000 0.00000000 0.00000000 0.00000000
male 1 2011 6  0.07824658 0.07824658 0.07824658 0.07824658 0.07824658 0.07824658 0.07824658 0.07824658 0.07824658 0.07824658 0.07824658 0.07824658 0.07824658 0.07824658 0.07824658 0.07824658 0.07824658
male 1 2012 1  0.00000000 0.00000000 0.00000000 0.00000000 0.00000000 0.00000000 0.00000000 0.00000000 0.00000000 0.00000000 0.00000000 0.00000000 0.00000000 0.00000000 0.00000000 0.00000000 0.00000000
male 1 2012 2  0.10586301 0.10586301 0.10586301 0.10586301 0.10586301 0.10586301 0.10586301 0.10586301 0.10586301 0.10586301 0.10586301 0.10586301 0.10586301 0.10586301 0.10586301 0.10586301 0.10586301
male 1 2012 3  0.00199417 0.00323901 0.00558227 0.00983968 0.01714588 0.02966620 0.07060524 0.22868323 0.34704251 0.40010005 0.42977354 0.44641490 0.45539896 0.46012466 0.46257485 0.46383563 0.46448185
male 1 2012 4  0.02589041 0.02589041 0.02589041 0.02589041 0.02589041 0.02589041 0.02589041 0.02589041 0.02589041 0.02589041 0.02589041 0.02589041 0.02589041 0.02589041 0.02589041 0.02589041 0.02589041
male 1 2012 5  0.00000000 0.00000000 0.00000000 0.00000000 0.00000000 0.00000000 0.00000000 0.00000000 0.00000000 0.00000000 0.00000000 0.00000000 0.00000000 0.00000000 0.00000000 0.00000000 0.00000000
male 1 2012 6  0.07824658 0.07824658 0.07824658 0.07824658 0.07824658 0.07824658 0.07824658 0.07824658 0.07824658 0.07824658 0.07824658 0.07824658 0.07824658 0.07824658 0.07824658 0.07824658 0.07824658
male 1 2013 1  0.00000000 0.00000000 0.00000000 0.00000000 0.00000000 0.00000000 0.00000000 0.00000000 0.00000000 0.00000000 0.00000000 0.00000000 0.00000000 0.00000000 0.00000000 0.00000000 0.00000000
male 1 2013 2  0.10701370 0.10701370 0.10701370 0.10701370 0.10701370 0.10701370 0.10701370 0.10701370 0.10701370 0.10701370 0.10701370 0.10701370 0.10701370 0.10701370 0.10701370 0.10701370 0.10701370
male 1 2013 3  0.00218561 0.00368498 0.00650737 0.01163529 0.02043537 0.03551570 0.08482549 0.27522547 0.41778551 0.48169165 0.51743244 0.53747644 0.54829746 0.55398942 0.55694060 0.55845917 0.55923751
male 1 2013 4  0.02473973 0.02473973 0.02473973 0.02473973 0.02473973 0.02473973 0.02473973 0.02473973 0.02473973 0.02473973 0.02473973 0.02473973 0.02473973 0.02473973 0.02473973 0.02473973 0.02473973
male 1 2013 5  0.00000000 0.00000000 0.00000000 0.00000000 0.00000000 0.00000000 0.00000000 0.00000000 0.00000000 0.00000000 0.00000000 0.00000000 0.00000000 0.00000000 0.00000000 0.00000000 0.00000000
male 1 2013 6  0.07824658 0.07824658 0.07824658 0.07824658 0.07824658 0.07824658 0.07824658 0.07824658 0.07824658 0.07824658 0.07824658 0.07824658 0.07824658 0.07824658 0.07824658 0.07824658 0.07824658
male 1 2014 1  0.00000000 0.00000000 0.00000000 0.00000000 0.00000000 0.00000000 0.00000000 0.00000000 0.00000000 0.00000000 0.00000000 0.00000000 0.00000000 0.00000000 0.00000000 0.00000000 0.00000000
male 1 2014 2  0.10528767 0.10528767 0.10528767 0.10528767 0.10528767 0.10528767 0.10528767 0.10528767 0.10528767 0.10528767 0.10528767 0.10528767 0.10528767 0.10528767 0.10528767 0.10528767 0.10528767
male 1 2014 3  0.00195478 0.00339845 0.00611598 0.01105340 0.01952656 0.03404666 0.08152459 0.26485121 0.40211514 0.46364717 0.49806019 0.51735955 0.52777857 0.53325907 0.53610061 0.53756277 0.53831220
male 1 2014 4  0.02646575 0.02646575 0.02646575 0.02646575 0.02646575 0.02646575 0.02646575 0.02646575 0.02646575 0.02646575 0.02646575 0.02646575 0.02646575 0.02646575 0.02646575 0.02646575 0.02646575
male 1 2014 5  0.00000000 0.00000000 0.00000000 0.00000000 0.00000000 0.00000000 0.00000000 0.00000000 0.00000000 0.00000000 0.00000000 0.00000000 0.00000000 0.00000000 0.00000000 0.00000000 0.00000000
male 1 2014 6  0.07824658 0.07824658 0.07824658 0.07824658 0.07824658 0.07824658 0.07824658 0.07824658 0.07824658 0.07824658 0.07824658 0.07824658 0.07824658 0.07824658 0.07824658 0.07824658 0.07824658
male 1 2015 1  0.00000000 0.00000000 0.00000000 0.00000000 0.00000000 0.00000000 0.00000000 0.00000000 0.00000000 0.00000000 0.00000000 0.00000000 0.00000000 0.00000000 0.00000000 0.00000000 0.00000000
male 1 2015 2  0.09723288 0.09723288 0.09723288 0.09723288 0.09723288 0.09723288 0.09723288 0.09723288 0.09723288 0.09723288 0.09723288 0.09723288 0.09723288 0.09723288 0.09723288 0.09723288 0.09723288
male 1 2015 3  0.00164242 0.00294715 0.00540314 0.00986537 0.01752306 0.03064571 0.07355427 0.23923716 0.36329053 0.41890059 0.45000163 0.46744358 0.47685985 0.48181290 0.48438097 0.48570240 0.48637970
male 1 2015 4  0.03452055 0.03452055 0.03452055 0.03452055 0.03452055 0.03452055 0.03452055 0.03452055 0.03452055 0.03452055 0.03452055 0.03452055 0.03452055 0.03452055 0.03452055 0.03452055 0.03452055
male 1 2015 5  0.00000000 0.00000000 0.00000000 0.00000000 0.00000000 0.00000000 0.00000000 0.00000000 0.00000000 0.00000000 0.00000000 0.00000000 0.00000000 0.00000000 0.00000000 0.00000000 0.00000000
male 1 2015 6  0.07824658 0.07824658 0.07824658 0.07824658 0.07824658 0.07824658 0.07824658 0.07824658 0.07824658 0.07824658 0.07824658 0.07824658 0.07824658 0.07824658 0.07824658 0.07824658 0.07824658
male 1 2016 1  0.00000000 0.00000000 0.00000000 0.00000000 0.00000000 0.00000000 0.00000000 0.00000000 0.00000000 0.00000000 0.00000000 0.00000000 0.00000000 0.00000000 0.00000000 0.00000000 0.00000000
male 1 2016 2  0.08975342 0.08975342 0.08975342 0.08975342 0.08975342 0.08975342 0.08975342 0.08975342 0.08975342 0.08975342 0.08975342 0.08975342 0.08975342 0.08975342 0.08975342 0.08975342 0.08975342
male 1 2016 3  0.00149287 0.00255123 0.00454347 0.00816313 0.01437485 0.02501963 0.05982601 0.19422395 0.29485303 0.33996256 0.36519096 0.37933945 0.38697770 0.39099549 0.39307865 0.39415056 0.39469997
male 1 2016 4  0.04200000 0.04200000 0.04200000 0.04200000 0.04200000 0.04200000 0.04200000 0.04200000 0.04200000 0.04200000 0.04200000 0.04200000 0.04200000 0.04200000 0.04200000 0.04200000 0.04200000
male 1 2016 5  0.00000000 0.00000000 0.00000000 0.00000000 0.00000000 0.00000000 0.00000000 0.00000000 0.00000000 0.00000000 0.00000000 0.00000000 0.00000000 0.00000000 0.00000000 0.00000000 0.00000000
male 1 2016 6  0.07824658 0.07824658 0.07824658 0.07824658 0.07824658 0.07824658 0.07824658 0.07824658 0.07824658 0.07824658 0.07824658 0.07824658 0.07824658 0.07824658 0.07824658 0.07824658 0.07824658
male 1 2017 1  0.00000000 0.00000000 0.00000000 0.00000000 0.00000000 0.00000000 0.00000000 0.00000000 0.00000000 0.00000000 0.00000000 0.00000000 0.00000000 0.00000000 0.00000000 0.00000000 0.00000000
male 1 2017 2  0.08054795 0.08054795 0.08054795 0.08054795 0.08054795 0.08054795 0.08054795 0.08054795 0.08054795 0.08054795 0.08054795 0.08054795 0.08054795 0.08054795 0.08054795 0.08054795 0.08054795
male 1 2017 3  0.00120229 0.00216758 0.00398460 0.00728591 0.01295133 0.02265991 0.05440512 0.17698295 0.26876184 0.30990406 0.33291366 0.34581781 0.35278429 0.35644872 0.35834866 0.35932630 0.35982739
male 1 2017 4  0.05120548 0.05120548 0.05120548 0.05120548 0.05120548 0.05120548 0.05120548 0.05120548 0.05120548 0.05120548 0.05120548 0.05120548 0.05120548 0.05120548 0.05120548 0.05120548 0.05120548
male 1 2017 5  0.00000000 0.00000000 0.00000000 0.00000000 0.00000000 0.00000000 0.00000000 0.00000000 0.00000000 0.00000000 0.00000000 0.00000000 0.00000000 0.00000000 0.00000000 0.00000000 0.00000000
male 1 2017 6  0.07824658 0.07824658 0.07824658 0.07824658 0.07824658 0.07824658 0.07824658 0.07824658 0.07824658 0.07824658 0.07824658 0.07824658 0.07824658 0.07824658 0.07824658 0.07824658 0.07824658
male 1 2018 1  0.00000000 0.00000000 0.00000000 0.00000000 0.00000000 0.00000000 0.00000000 0.00000000 0.00000000 0.00000000 0.00000000 0.00000000 0.00000000 0.00000000 0.00000000 0.00000000 0.00000000
male 1 2018 2  0.08284932 0.08284932 0.08284932 0.08284932 0.08284932 0.08284932 0.08284932 0.08284932 0.08284932 0.08284932 0.08284932 0.08284932 0.08284932 0.08284932 0.08284932 0.08284932 0.08284932
male 1 2018 3  0.00137688 0.00242533 0.00439890 0.00798463 0.01413815 0.02468318 0.05916339 0.19230190 0.29198800 0.33667482 0.36166681 0.37568271 0.38324939 0.38722953 0.38929316 0.39035503 0.39089930
male 1 2018 4  0.04890411 0.04890411 0.04890411 0.04890411 0.04890411 0.04890411 0.04890411 0.04890411 0.04890411 0.04890411 0.04890411 0.04890411 0.04890411 0.04890411 0.04890411 0.04890411 0.04890411
male 1 2018 5  0.00000000 0.00000000 0.00000000 0.00000000 0.00000000 0.00000000 0.00000000 0.00000000 0.00000000 0.00000000 0.00000000 0.00000000 0.00000000 0.00000000 0.00000000 0.00000000 0.00000000
male 1 2018 6  0.07824658 0.07824658 0.07824658 0.07824658 0.07824658 0.07824658 0.07824658 0.07824658 0.07824658 0.07824658 0.07824658 0.07824658 0.07824658 0.07824658 0.07824658 0.07824658 0.07824658
male 1 2019 1  0.00000000 0.00000000 0.00000000 0.00000000 0.00000000 0.00000000 0.00000000 0.00000000 0.00000000 0.00000000 0.00000000 0.00000000 0.00000000 0.00000000 0.00000000 0.00000000 0.00000000
male 1 2019 2  0.09579452 0.09579452 0.09579452 0.09579452 0.09579452 0.09579452 0.09579452 0.09579452 0.09579452 0.09579452 0.09579452 0.09579452 0.09579452 0.09579452 0.09579452 0.09579452 0.09579452
male 1 2019 3  0.00193439 0.00315137 0.00544219 0.00960434 0.01674704 0.02898719 0.06901014 0.22355080 0.33926153 0.39113180 0.42014128 0.43641025 0.44519328 0.44981324 0.45220860 0.45344116 0.45407292
male 1 2019 4  0.03595890 0.03595890 0.03595890 0.03595890 0.03595890 0.03595890 0.03595890 0.03595890 0.03595890 0.03595890 0.03595890 0.03595890 0.03595890 0.03595890 0.03595890 0.03595890 0.03595890
male 1 2019 5  0.00000000 0.00000000 0.00000000 0.00000000 0.00000000 0.00000000 0.00000000 0.00000000 0.00000000 0.00000000 0.00000000 0.00000000 0.00000000 0.00000000 0.00000000 0.00000000 0.00000000
male 1 2019 6  0.07824658 0.07824658 0.07824658 0.07824658 0.07824658 0.07824658 0.07824658 0.07824658 0.07824658 0.07824658 0.07824658 0.07824658 0.07824658 0.07824658 0.07824658 0.07824658 0.07824658
male 1 2020 1  0.00000000 0.00000000 0.00000000 0.00000000 0.00000000 0.00000000 0.00000000 0.00000000 0.00000000 0.00000000 0.00000000 0.00000000 0.00000000 0.00000000 0.00000000 0.00000000 0.00000000
male 1 2020 2  0.10298630 0.10298630 0.10298630 0.10298630 0.10298630 0.10298630 0.10298630 0.10298630 0.10298630 0.10298630 0.10298630 0.10298630 0.10298630 0.10298630 0.10298630 0.10298630 0.10298630
male 1 2020 3  0.00161450 0.00299264 0.00558682 0.01030014 0.01838870 0.03224973 0.07757264 0.25257808 0.38361161 0.44235070 0.47520172 0.49362508 0.50357118 0.50880293 0.51151549 0.51291128 0.51362669
male 1 2020 4  0.02876712 0.02876712 0.02876712 0.02876712 0.02876712 0.02876712 0.02876712 0.02876712 0.02876712 0.02876712 0.02876712 0.02876712 0.02876712 0.02876712 0.02876712 0.02876712 0.02876712
male 1 2020 5  0.00000000 0.00000000 0.00000000 0.00000000 0.00000000 0.00000000 0.00000000 0.00000000 0.00000000 0.00000000 0.00000000 0.00000000 0.00000000 0.00000000 0.00000000 0.00000000 0.00000000
male 1 2020 6  0.07824658 0.07824658 0.07824658 0.07824658 0.07824658 0.07824658 0.07824658 0.07824658 0.07824658 0.07824658 0.07824658 0.07824658 0.07824658 0.07824658 0.07824658 0.07824658 0.07824658
male 1 2021 1  0.00000000 0.00000000 0.00000000 0.00000000 0.00000000 0.00000000 0.00000000 0.00000000 0.00000000 0.00000000 0.00000000 0.00000000 0.00000000 0.00000000 0.00000000 0.00000000 0.00000000
male 1 2021 2  0.08198630 0.08198630 0.08198630 0.08198630 0.08198630 0.08198630 0.08198630 0.08198630 0.08198630 0.08198630 0.08198630 0.08198630 0.08198630 0.08198630 0.08198630 0.08198630 0.08198630
male 1 2021 3  0.00157133 0.00291123 0.00543343 0.01001596 0.01788009 0.03135652 0.07542185 0.24557141 0.37296915 0.43007840 0.46201790 0.47993007 0.48960020 0.49468678 0.49732407 0.49868113 0.49937669
male 1 2021 4  0.04976712 0.04976712 0.04976712 0.04976712 0.04976712 0.04976712 0.04976712 0.04976712 0.04976712 0.04976712 0.04976712 0.04976712 0.04976712 0.04976712 0.04976712 0.04976712 0.04976712
male 1 2021 5  0.00000000 0.00000000 0.00000000 0.00000000 0.00000000 0.00000000 0.00000000 0.00000000 0.00000000 0.00000000 0.00000000 0.00000000 0.00000000 0.00000000 0.00000000 0.00000000 0.00000000
male 1 2021 6  0.07824658 0.07824658 0.07824658 0.07824658 0.07824658 0.07824658 0.07824658 0.07824658 0.07824658 0.07824658 0.07824658 0.07824658 0.07824658 0.07824658 0.07824658 0.07824658 0.07824658

# Total mortality by size-class (discrete)
# Sex Maturity Year Season Total_mortality 1 2 3 4 5 6 7 8 9 10 11 12 13 14 15 16 17 
male 1 1960 1  0.00000000 0.00000000 0.00000000 0.00000000 0.00000000 0.00000000 0.00000000 0.00000000 0.00000000 0.00000000 0.00000000 0.00000000 0.00000000 0.00000000 0.00000000 0.00000000 0.00000000
male 1 1960 2  0.03500000 0.03500000 0.03500000 0.03500000 0.03500000 0.03500000 0.03500000 0.03500000 0.03500000 0.03500000 0.03500000 0.03500000 0.03500000 0.03500000 0.03500000 0.03500000 0.03500000
male 1 1960 3  0.00000000 0.00000000 0.00000000 0.00000000 0.00000000 0.00000000 0.00000000 0.00000000 0.00000000 0.00000000 0.00000000 0.00000000 0.00000000 0.00000000 0.00000000 0.00000000 0.00000000
male 1 1960 4  0.09675342 0.09675342 0.09675342 0.09675342 0.09675342 0.09675342 0.09675342 0.09675342 0.09675342 0.09675342 0.09675342 0.09675342 0.09675342 0.09675342 0.09675342 0.09675342 0.09675342
male 1 1960 5  0.00000000 0.00000000 0.00000000 0.00000000 0.00000000 0.00000000 0.00000000 0.00000000 0.00000000 0.00000000 0.00000000 0.00000000 0.00000000 0.00000000 0.00000000 0.00000000 0.00000000
male 1 1960 6  0.07824658 0.07824658 0.07824658 0.07824658 0.07824658 0.07824658 0.07824658 0.07824658 0.07824658 0.07824658 0.07824658 0.07824658 0.07824658 0.07824658 0.07824658 0.07824658 0.07824658
male 1 1961 1  0.00000000 0.00000000 0.00000000 0.00000000 0.00000000 0.00000000 0.00000000 0.00000000 0.00000000 0.00000000 0.00000000 0.00000000 0.00000000 0.00000000 0.00000000 0.00000000 0.00000000
male 1 1961 2  0.03500000 0.03500000 0.03500000 0.03500000 0.03500000 0.03500000 0.03500000 0.03500000 0.03500000 0.03500000 0.03500000 0.03500000 0.03500000 0.03500000 0.03500000 0.03500000 0.03500000
male 1 1961 3  0.00000000 0.00000000 0.00000000 0.00000000 0.00000000 0.00000000 0.00000000 0.00000000 0.00000000 0.00000000 0.00000000 0.00000000 0.00000000 0.00000000 0.00000000 0.00000000 0.00000000
male 1 1961 4  0.09675342 0.09675342 0.09675342 0.09675342 0.09675342 0.09675342 0.09675342 0.09675342 0.09675342 0.09675342 0.09675342 0.09675342 0.09675342 0.09675342 0.09675342 0.09675342 0.09675342
male 1 1961 5  0.00000000 0.00000000 0.00000000 0.00000000 0.00000000 0.00000000 0.00000000 0.00000000 0.00000000 0.00000000 0.00000000 0.00000000 0.00000000 0.00000000 0.00000000 0.00000000 0.00000000
male 1 1961 6  0.07824658 0.07824658 0.07824658 0.07824658 0.07824658 0.07824658 0.07824658 0.07824658 0.07824658 0.07824658 0.07824658 0.07824658 0.07824658 0.07824658 0.07824658 0.07824658 0.07824658
male 1 1962 1  0.00000000 0.00000000 0.00000000 0.00000000 0.00000000 0.00000000 0.00000000 0.00000000 0.00000000 0.00000000 0.00000000 0.00000000 0.00000000 0.00000000 0.00000000 0.00000000 0.00000000
male 1 1962 2  0.03500000 0.03500000 0.03500000 0.03500000 0.03500000 0.03500000 0.03500000 0.03500000 0.03500000 0.03500000 0.03500000 0.03500000 0.03500000 0.03500000 0.03500000 0.03500000 0.03500000
male 1 1962 3  0.00000000 0.00000000 0.00000000 0.00000000 0.00000000 0.00000000 0.00000000 0.00000000 0.00000000 0.00000000 0.00000000 0.00000000 0.00000000 0.00000000 0.00000000 0.00000000 0.00000000
male 1 1962 4  0.09675342 0.09675342 0.09675342 0.09675342 0.09675342 0.09675342 0.09675342 0.09675342 0.09675342 0.09675342 0.09675342 0.09675342 0.09675342 0.09675342 0.09675342 0.09675342 0.09675342
male 1 1962 5  0.00000000 0.00000000 0.00000000 0.00000000 0.00000000 0.00000000 0.00000000 0.00000000 0.00000000 0.00000000 0.00000000 0.00000000 0.00000000 0.00000000 0.00000000 0.00000000 0.00000000
male 1 1962 6  0.07824658 0.07824658 0.07824658 0.07824658 0.07824658 0.07824658 0.07824658 0.07824658 0.07824658 0.07824658 0.07824658 0.07824658 0.07824658 0.07824658 0.07824658 0.07824658 0.07824658
male 1 1963 1  0.00000000 0.00000000 0.00000000 0.00000000 0.00000000 0.00000000 0.00000000 0.00000000 0.00000000 0.00000000 0.00000000 0.00000000 0.00000000 0.00000000 0.00000000 0.00000000 0.00000000
male 1 1963 2  0.03500000 0.03500000 0.03500000 0.03500000 0.03500000 0.03500000 0.03500000 0.03500000 0.03500000 0.03500000 0.03500000 0.03500000 0.03500000 0.03500000 0.03500000 0.03500000 0.03500000
male 1 1963 3  0.00000000 0.00000000 0.00000000 0.00000000 0.00000000 0.00000000 0.00000000 0.00000000 0.00000000 0.00000000 0.00000000 0.00000000 0.00000000 0.00000000 0.00000000 0.00000000 0.00000000
male 1 1963 4  0.09675342 0.09675342 0.09675342 0.09675342 0.09675342 0.09675342 0.09675342 0.09675342 0.09675342 0.09675342 0.09675342 0.09675342 0.09675342 0.09675342 0.09675342 0.09675342 0.09675342
male 1 1963 5  0.00000000 0.00000000 0.00000000 0.00000000 0.00000000 0.00000000 0.00000000 0.00000000 0.00000000 0.00000000 0.00000000 0.00000000 0.00000000 0.00000000 0.00000000 0.00000000 0.00000000
male 1 1963 6  0.07824658 0.07824658 0.07824658 0.07824658 0.07824658 0.07824658 0.07824658 0.07824658 0.07824658 0.07824658 0.07824658 0.07824658 0.07824658 0.07824658 0.07824658 0.07824658 0.07824658
male 1 1964 1  0.00000000 0.00000000 0.00000000 0.00000000 0.00000000 0.00000000 0.00000000 0.00000000 0.00000000 0.00000000 0.00000000 0.00000000 0.00000000 0.00000000 0.00000000 0.00000000 0.00000000
male 1 1964 2  0.03500000 0.03500000 0.03500000 0.03500000 0.03500000 0.03500000 0.03500000 0.03500000 0.03500000 0.03500000 0.03500000 0.03500000 0.03500000 0.03500000 0.03500000 0.03500000 0.03500000
male 1 1964 3  0.00000000 0.00000000 0.00000000 0.00000000 0.00000000 0.00000000 0.00000000 0.00000000 0.00000000 0.00000000 0.00000000 0.00000000 0.00000000 0.00000000 0.00000000 0.00000000 0.00000000
male 1 1964 4  0.09675342 0.09675342 0.09675342 0.09675342 0.09675342 0.09675342 0.09675342 0.09675342 0.09675342 0.09675342 0.09675342 0.09675342 0.09675342 0.09675342 0.09675342 0.09675342 0.09675342
male 1 1964 5  0.00000000 0.00000000 0.00000000 0.00000000 0.00000000 0.00000000 0.00000000 0.00000000 0.00000000 0.00000000 0.00000000 0.00000000 0.00000000 0.00000000 0.00000000 0.00000000 0.00000000
male 1 1964 6  0.07824658 0.07824658 0.07824658 0.07824658 0.07824658 0.07824658 0.07824658 0.07824658 0.07824658 0.07824658 0.07824658 0.07824658 0.07824658 0.07824658 0.07824658 0.07824658 0.07824658
male 1 1965 1  0.00000000 0.00000000 0.00000000 0.00000000 0.00000000 0.00000000 0.00000000 0.00000000 0.00000000 0.00000000 0.00000000 0.00000000 0.00000000 0.00000000 0.00000000 0.00000000 0.00000000
male 1 1965 2  0.03500000 0.03500000 0.03500000 0.03500000 0.03500000 0.03500000 0.03500000 0.03500000 0.03500000 0.03500000 0.03500000 0.03500000 0.03500000 0.03500000 0.03500000 0.03500000 0.03500000
male 1 1965 3  0.00000000 0.00000000 0.00000000 0.00000000 0.00000000 0.00000000 0.00000000 0.00000000 0.00000000 0.00000000 0.00000000 0.00000000 0.00000000 0.00000000 0.00000000 0.00000000 0.00000000
male 1 1965 4  0.09675342 0.09675342 0.09675342 0.09675342 0.09675342 0.09675342 0.09675342 0.09675342 0.09675342 0.09675342 0.09675342 0.09675342 0.09675342 0.09675342 0.09675342 0.09675342 0.09675342
male 1 1965 5  0.00000000 0.00000000 0.00000000 0.00000000 0.00000000 0.00000000 0.00000000 0.00000000 0.00000000 0.00000000 0.00000000 0.00000000 0.00000000 0.00000000 0.00000000 0.00000000 0.00000000
male 1 1965 6  0.07824658 0.07824658 0.07824658 0.07824658 0.07824658 0.07824658 0.07824658 0.07824658 0.07824658 0.07824658 0.07824658 0.07824658 0.07824658 0.07824658 0.07824658 0.07824658 0.07824658
male 1 1966 1  0.00000000 0.00000000 0.00000000 0.00000000 0.00000000 0.00000000 0.00000000 0.00000000 0.00000000 0.00000000 0.00000000 0.00000000 0.00000000 0.00000000 0.00000000 0.00000000 0.00000000
male 1 1966 2  0.03500000 0.03500000 0.03500000 0.03500000 0.03500000 0.03500000 0.03500000 0.03500000 0.03500000 0.03500000 0.03500000 0.03500000 0.03500000 0.03500000 0.03500000 0.03500000 0.03500000
male 1 1966 3  0.00000000 0.00000000 0.00000000 0.00000000 0.00000000 0.00000000 0.00000000 0.00000000 0.00000000 0.00000000 0.00000000 0.00000000 0.00000000 0.00000000 0.00000000 0.00000000 0.00000000
male 1 1966 4  0.09675342 0.09675342 0.09675342 0.09675342 0.09675342 0.09675342 0.09675342 0.09675342 0.09675342 0.09675342 0.09675342 0.09675342 0.09675342 0.09675342 0.09675342 0.09675342 0.09675342
male 1 1966 5  0.00000000 0.00000000 0.00000000 0.00000000 0.00000000 0.00000000 0.00000000 0.00000000 0.00000000 0.00000000 0.00000000 0.00000000 0.00000000 0.00000000 0.00000000 0.00000000 0.00000000
male 1 1966 6  0.07824658 0.07824658 0.07824658 0.07824658 0.07824658 0.07824658 0.07824658 0.07824658 0.07824658 0.07824658 0.07824658 0.07824658 0.07824658 0.07824658 0.07824658 0.07824658 0.07824658
male 1 1967 1  0.00000000 0.00000000 0.00000000 0.00000000 0.00000000 0.00000000 0.00000000 0.00000000 0.00000000 0.00000000 0.00000000 0.00000000 0.00000000 0.00000000 0.00000000 0.00000000 0.00000000
male 1 1967 2  0.03500000 0.03500000 0.03500000 0.03500000 0.03500000 0.03500000 0.03500000 0.03500000 0.03500000 0.03500000 0.03500000 0.03500000 0.03500000 0.03500000 0.03500000 0.03500000 0.03500000
male 1 1967 3  0.00000000 0.00000000 0.00000000 0.00000000 0.00000000 0.00000000 0.00000000 0.00000000 0.00000000 0.00000000 0.00000000 0.00000000 0.00000000 0.00000000 0.00000000 0.00000000 0.00000000
male 1 1967 4  0.09675342 0.09675342 0.09675342 0.09675342 0.09675342 0.09675342 0.09675342 0.09675342 0.09675342 0.09675342 0.09675342 0.09675342 0.09675342 0.09675342 0.09675342 0.09675342 0.09675342
male 1 1967 5  0.00000000 0.00000000 0.00000000 0.00000000 0.00000000 0.00000000 0.00000000 0.00000000 0.00000000 0.00000000 0.00000000 0.00000000 0.00000000 0.00000000 0.00000000 0.00000000 0.00000000
male 1 1967 6  0.07824658 0.07824658 0.07824658 0.07824658 0.07824658 0.07824658 0.07824658 0.07824658 0.07824658 0.07824658 0.07824658 0.07824658 0.07824658 0.07824658 0.07824658 0.07824658 0.07824658
male 1 1968 1  0.00000000 0.00000000 0.00000000 0.00000000 0.00000000 0.00000000 0.00000000 0.00000000 0.00000000 0.00000000 0.00000000 0.00000000 0.00000000 0.00000000 0.00000000 0.00000000 0.00000000
male 1 1968 2  0.03500000 0.03500000 0.03500000 0.03500000 0.03500000 0.03500000 0.03500000 0.03500000 0.03500000 0.03500000 0.03500000 0.03500000 0.03500000 0.03500000 0.03500000 0.03500000 0.03500000
male 1 1968 3  0.00000000 0.00000000 0.00000000 0.00000000 0.00000000 0.00000000 0.00000000 0.00000000 0.00000000 0.00000000 0.00000000 0.00000000 0.00000000 0.00000000 0.00000000 0.00000000 0.00000000
male 1 1968 4  0.09675342 0.09675342 0.09675342 0.09675342 0.09675342 0.09675342 0.09675342 0.09675342 0.09675342 0.09675342 0.09675342 0.09675342 0.09675342 0.09675342 0.09675342 0.09675342 0.09675342
male 1 1968 5  0.00000000 0.00000000 0.00000000 0.00000000 0.00000000 0.00000000 0.00000000 0.00000000 0.00000000 0.00000000 0.00000000 0.00000000 0.00000000 0.00000000 0.00000000 0.00000000 0.00000000
male 1 1968 6  0.07824658 0.07824658 0.07824658 0.07824658 0.07824658 0.07824658 0.07824658 0.07824658 0.07824658 0.07824658 0.07824658 0.07824658 0.07824658 0.07824658 0.07824658 0.07824658 0.07824658
male 1 1969 1  0.00000000 0.00000000 0.00000000 0.00000000 0.00000000 0.00000000 0.00000000 0.00000000 0.00000000 0.00000000 0.00000000 0.00000000 0.00000000 0.00000000 0.00000000 0.00000000 0.00000000
male 1 1969 2  0.03500000 0.03500000 0.03500000 0.03500000 0.03500000 0.03500000 0.03500000 0.03500000 0.03500000 0.03500000 0.03500000 0.03500000 0.03500000 0.03500000 0.03500000 0.03500000 0.03500000
male 1 1969 3  0.00000000 0.00000000 0.00000000 0.00000000 0.00000000 0.00000000 0.00000000 0.00000000 0.00000000 0.00000000 0.00000000 0.00000000 0.00000000 0.00000000 0.00000000 0.00000000 0.00000000
male 1 1969 4  0.09675342 0.09675342 0.09675342 0.09675342 0.09675342 0.09675342 0.09675342 0.09675342 0.09675342 0.09675342 0.09675342 0.09675342 0.09675342 0.09675342 0.09675342 0.09675342 0.09675342
male 1 1969 5  0.00000000 0.00000000 0.00000000 0.00000000 0.00000000 0.00000000 0.00000000 0.00000000 0.00000000 0.00000000 0.00000000 0.00000000 0.00000000 0.00000000 0.00000000 0.00000000 0.00000000
male 1 1969 6  0.07824658 0.07824658 0.07824658 0.07824658 0.07824658 0.07824658 0.07824658 0.07824658 0.07824658 0.07824658 0.07824658 0.07824658 0.07824658 0.07824658 0.07824658 0.07824658 0.07824658
male 1 1970 1  0.00000000 0.00000000 0.00000000 0.00000000 0.00000000 0.00000000 0.00000000 0.00000000 0.00000000 0.00000000 0.00000000 0.00000000 0.00000000 0.00000000 0.00000000 0.00000000 0.00000000
male 1 1970 2  0.03500000 0.03500000 0.03500000 0.03500000 0.03500000 0.03500000 0.03500000 0.03500000 0.03500000 0.03500000 0.03500000 0.03500000 0.03500000 0.03500000 0.03500000 0.03500000 0.03500000
male 1 1970 3  0.00000000 0.00000000 0.00000000 0.00000000 0.00000000 0.00000000 0.00000000 0.00000000 0.00000000 0.00000000 0.00000000 0.00000000 0.00000000 0.00000000 0.00000000 0.00000000 0.00000000
male 1 1970 4  0.09675342 0.09675342 0.09675342 0.09675342 0.09675342 0.09675342 0.09675342 0.09675342 0.09675342 0.09675342 0.09675342 0.09675342 0.09675342 0.09675342 0.09675342 0.09675342 0.09675342
male 1 1970 5  0.00000000 0.00000000 0.00000000 0.00000000 0.00000000 0.00000000 0.00000000 0.00000000 0.00000000 0.00000000 0.00000000 0.00000000 0.00000000 0.00000000 0.00000000 0.00000000 0.00000000
male 1 1970 6  0.07824658 0.07824658 0.07824658 0.07824658 0.07824658 0.07824658 0.07824658 0.07824658 0.07824658 0.07824658 0.07824658 0.07824658 0.07824658 0.07824658 0.07824658 0.07824658 0.07824658
male 1 1971 1  0.00000000 0.00000000 0.00000000 0.00000000 0.00000000 0.00000000 0.00000000 0.00000000 0.00000000 0.00000000 0.00000000 0.00000000 0.00000000 0.00000000 0.00000000 0.00000000 0.00000000
male 1 1971 2  0.03500000 0.03500000 0.03500000 0.03500000 0.03500000 0.03500000 0.03500000 0.03500000 0.03500000 0.03500000 0.03500000 0.03500000 0.03500000 0.03500000 0.03500000 0.03500000 0.03500000
male 1 1971 3  0.00000000 0.00000000 0.00000000 0.00000000 0.00000000 0.00000000 0.00000000 0.00000000 0.00000000 0.00000000 0.00000000 0.00000000 0.00000000 0.00000000 0.00000000 0.00000000 0.00000000
male 1 1971 4  0.09675342 0.09675342 0.09675342 0.09675342 0.09675342 0.09675342 0.09675342 0.09675342 0.09675342 0.09675342 0.09675342 0.09675342 0.09675342 0.09675342 0.09675342 0.09675342 0.09675342
male 1 1971 5  0.00000000 0.00000000 0.00000000 0.00000000 0.00000000 0.00000000 0.00000000 0.00000000 0.00000000 0.00000000 0.00000000 0.00000000 0.00000000 0.00000000 0.00000000 0.00000000 0.00000000
male 1 1971 6  0.07824658 0.07824658 0.07824658 0.07824658 0.07824658 0.07824658 0.07824658 0.07824658 0.07824658 0.07824658 0.07824658 0.07824658 0.07824658 0.07824658 0.07824658 0.07824658 0.07824658
male 1 1972 1  0.00000000 0.00000000 0.00000000 0.00000000 0.00000000 0.00000000 0.00000000 0.00000000 0.00000000 0.00000000 0.00000000 0.00000000 0.00000000 0.00000000 0.00000000 0.00000000 0.00000000
male 1 1972 2  0.03500000 0.03500000 0.03500000 0.03500000 0.03500000 0.03500000 0.03500000 0.03500000 0.03500000 0.03500000 0.03500000 0.03500000 0.03500000 0.03500000 0.03500000 0.03500000 0.03500000
male 1 1972 3  0.00000000 0.00000000 0.00000000 0.00000000 0.00000000 0.00000000 0.00000000 0.00000000 0.00000000 0.00000000 0.00000000 0.00000000 0.00000000 0.00000000 0.00000000 0.00000000 0.00000000
male 1 1972 4  0.09675342 0.09675342 0.09675342 0.09675342 0.09675342 0.09675342 0.09675342 0.09675342 0.09675342 0.09675342 0.09675342 0.09675342 0.09675342 0.09675342 0.09675342 0.09675342 0.09675342
male 1 1972 5  0.00000000 0.00000000 0.00000000 0.00000000 0.00000000 0.00000000 0.00000000 0.00000000 0.00000000 0.00000000 0.00000000 0.00000000 0.00000000 0.00000000 0.00000000 0.00000000 0.00000000
male 1 1972 6  0.07824658 0.07824658 0.07824658 0.07824658 0.07824658 0.07824658 0.07824658 0.07824658 0.07824658 0.07824658 0.07824658 0.07824658 0.07824658 0.07824658 0.07824658 0.07824658 0.07824658
male 1 1973 1  0.00000000 0.00000000 0.00000000 0.00000000 0.00000000 0.00000000 0.00000000 0.00000000 0.00000000 0.00000000 0.00000000 0.00000000 0.00000000 0.00000000 0.00000000 0.00000000 0.00000000
male 1 1973 2  0.03500000 0.03500000 0.03500000 0.03500000 0.03500000 0.03500000 0.03500000 0.03500000 0.03500000 0.03500000 0.03500000 0.03500000 0.03500000 0.03500000 0.03500000 0.03500000 0.03500000
male 1 1973 3  0.00000000 0.00000000 0.00000000 0.00000000 0.00000000 0.00000000 0.00000000 0.00000000 0.00000000 0.00000000 0.00000000 0.00000000 0.00000000 0.00000000 0.00000000 0.00000000 0.00000000
male 1 1973 4  0.09675342 0.09675342 0.09675342 0.09675342 0.09675342 0.09675342 0.09675342 0.09675342 0.09675342 0.09675342 0.09675342 0.09675342 0.09675342 0.09675342 0.09675342 0.09675342 0.09675342
male 1 1973 5  0.00000000 0.00000000 0.00000000 0.00000000 0.00000000 0.00000000 0.00000000 0.00000000 0.00000000 0.00000000 0.00000000 0.00000000 0.00000000 0.00000000 0.00000000 0.00000000 0.00000000
male 1 1973 6  0.07824658 0.07824658 0.07824658 0.07824658 0.07824658 0.07824658 0.07824658 0.07824658 0.07824658 0.07824658 0.07824658 0.07824658 0.07824658 0.07824658 0.07824658 0.07824658 0.07824658
male 1 1974 1  0.00000000 0.00000000 0.00000000 0.00000000 0.00000000 0.00000000 0.00000000 0.00000000 0.00000000 0.00000000 0.00000000 0.00000000 0.00000000 0.00000000 0.00000000 0.00000000 0.00000000
male 1 1974 2  0.03500000 0.03500000 0.03500000 0.03500000 0.03500000 0.03500000 0.03500000 0.03500000 0.03500000 0.03500000 0.03500000 0.03500000 0.03500000 0.03500000 0.03500000 0.03500000 0.03500000
male 1 1974 3  0.00000000 0.00000000 0.00000000 0.00000000 0.00000000 0.00000000 0.00000000 0.00000000 0.00000000 0.00000000 0.00000000 0.00000000 0.00000000 0.00000000 0.00000000 0.00000000 0.00000000
male 1 1974 4  0.09675342 0.09675342 0.09675342 0.09675342 0.09675342 0.09675342 0.09675342 0.09675342 0.09675342 0.09675342 0.09675342 0.09675342 0.09675342 0.09675342 0.09675342 0.09675342 0.09675342
male 1 1974 5  0.00000000 0.00000000 0.00000000 0.00000000 0.00000000 0.00000000 0.00000000 0.00000000 0.00000000 0.00000000 0.00000000 0.00000000 0.00000000 0.00000000 0.00000000 0.00000000 0.00000000
male 1 1974 6  0.07824658 0.07824658 0.07824658 0.07824658 0.07824658 0.07824658 0.07824658 0.07824658 0.07824658 0.07824658 0.07824658 0.07824658 0.07824658 0.07824658 0.07824658 0.07824658 0.07824658
male 1 1975 1  0.00000000 0.00000000 0.00000000 0.00000000 0.00000000 0.00000000 0.00000000 0.00000000 0.00000000 0.00000000 0.00000000 0.00000000 0.00000000 0.00000000 0.00000000 0.00000000 0.00000000
male 1 1975 2  0.03500000 0.03500000 0.03500000 0.03500000 0.03500000 0.03500000 0.03500000 0.03500000 0.03500000 0.03500000 0.03500000 0.03500000 0.03500000 0.03500000 0.03500000 0.03500000 0.03500000
male 1 1975 3  0.00000000 0.00000000 0.00000000 0.00000000 0.00000000 0.00000000 0.00000000 0.00000000 0.00000000 0.00000000 0.00000000 0.00000000 0.00000000 0.00000000 0.00000000 0.00000000 0.00000000
male 1 1975 4  0.09675342 0.09675342 0.09675342 0.09675342 0.09675342 0.09675342 0.09675342 0.09675342 0.09675342 0.09675342 0.09675342 0.09675342 0.09675342 0.09675342 0.09675342 0.09675342 0.09675342
male 1 1975 5  0.00000000 0.00000000 0.00000000 0.00000000 0.00000000 0.00000000 0.00000000 0.00000000 0.00000000 0.00000000 0.00000000 0.00000000 0.00000000 0.00000000 0.00000000 0.00000000 0.00000000
male 1 1975 6  0.07824658 0.07824658 0.07824658 0.07824658 0.07824658 0.07824658 0.07824658 0.07824658 0.07824658 0.07824658 0.07824658 0.07824658 0.07824658 0.07824658 0.07824658 0.07824658 0.07824658
male 1 1976 1  0.00000000 0.00000000 0.00000000 0.00000000 0.00000000 0.00000000 0.00000000 0.00000000 0.00000000 0.00000000 0.00000000 0.00000000 0.00000000 0.00000000 0.00000000 0.00000000 0.00000000
male 1 1976 2  0.03500000 0.03500000 0.03500000 0.03500000 0.03500000 0.03500000 0.03500000 0.03500000 0.03500000 0.03500000 0.03500000 0.03500000 0.03500000 0.03500000 0.03500000 0.03500000 0.03500000
male 1 1976 3  0.00000000 0.00000000 0.00000000 0.00000000 0.00000000 0.00000000 0.00000000 0.00000000 0.00000000 0.00000000 0.00000000 0.00000000 0.00000000 0.00000000 0.00000000 0.00000000 0.00000000
male 1 1976 4  0.09675342 0.09675342 0.09675342 0.09675342 0.09675342 0.09675342 0.09675342 0.09675342 0.09675342 0.09675342 0.09675342 0.09675342 0.09675342 0.09675342 0.09675342 0.09675342 0.09675342
male 1 1976 5  0.00000000 0.00000000 0.00000000 0.00000000 0.00000000 0.00000000 0.00000000 0.00000000 0.00000000 0.00000000 0.00000000 0.00000000 0.00000000 0.00000000 0.00000000 0.00000000 0.00000000
male 1 1976 6  0.07824658 0.07824658 0.07824658 0.07824658 0.07824658 0.07824658 0.07824658 0.07824658 0.07824658 0.07824658 0.07824658 0.07824658 0.07824658 0.07824658 0.07824658 0.07824658 0.07824658
male 1 1977 1  0.00000000 0.00000000 0.00000000 0.00000000 0.00000000 0.00000000 0.00000000 0.00000000 0.00000000 0.00000000 0.00000000 0.00000000 0.00000000 0.00000000 0.00000000 0.00000000 0.00000000
male 1 1977 2  0.03500000 0.03500000 0.03500000 0.03500000 0.03500000 0.03500000 0.03500000 0.03500000 0.03500000 0.03500000 0.03500000 0.03500000 0.03500000 0.03500000 0.03500000 0.03500000 0.03500000
male 1 1977 3  0.00000000 0.00000000 0.00000000 0.00000000 0.00000000 0.00000000 0.00000000 0.00000000 0.00000000 0.00000000 0.00000000 0.00000000 0.00000000 0.00000000 0.00000000 0.00000000 0.00000000
male 1 1977 4  0.09675342 0.09675342 0.09675342 0.09675342 0.09675342 0.09675342 0.09675342 0.09675342 0.09675342 0.09675342 0.09675342 0.09675342 0.09675342 0.09675342 0.09675342 0.09675342 0.09675342
male 1 1977 5  0.00000000 0.00000000 0.00000000 0.00000000 0.00000000 0.00000000 0.00000000 0.00000000 0.00000000 0.00000000 0.00000000 0.00000000 0.00000000 0.00000000 0.00000000 0.00000000 0.00000000
male 1 1977 6  0.07824658 0.07824658 0.07824658 0.07824658 0.07824658 0.07824658 0.07824658 0.07824658 0.07824658 0.07824658 0.07824658 0.07824658 0.07824658 0.07824658 0.07824658 0.07824658 0.07824658
male 1 1978 1  0.00000000 0.00000000 0.00000000 0.00000000 0.00000000 0.00000000 0.00000000 0.00000000 0.00000000 0.00000000 0.00000000 0.00000000 0.00000000 0.00000000 0.00000000 0.00000000 0.00000000
male 1 1978 2  0.03500000 0.03500000 0.03500000 0.03500000 0.03500000 0.03500000 0.03500000 0.03500000 0.03500000 0.03500000 0.03500000 0.03500000 0.03500000 0.03500000 0.03500000 0.03500000 0.03500000
male 1 1978 3  0.00000000 0.00000000 0.00000000 0.00000000 0.00000000 0.00000000 0.00000000 0.00000000 0.00000000 0.00000000 0.00000000 0.00000000 0.00000000 0.00000000 0.00000000 0.00000000 0.00000000
male 1 1978 4  0.09675342 0.09675342 0.09675342 0.09675342 0.09675342 0.09675342 0.09675342 0.09675342 0.09675342 0.09675342 0.09675342 0.09675342 0.09675342 0.09675342 0.09675342 0.09675342 0.09675342
male 1 1978 5  0.00000000 0.00000000 0.00000000 0.00000000 0.00000000 0.00000000 0.00000000 0.00000000 0.00000000 0.00000000 0.00000000 0.00000000 0.00000000 0.00000000 0.00000000 0.00000000 0.00000000
male 1 1978 6  0.07824658 0.07824658 0.07824658 0.07824658 0.07824658 0.07824658 0.07824658 0.07824658 0.07824658 0.07824658 0.07824658 0.07824658 0.07824658 0.07824658 0.07824658 0.07824658 0.07824658
male 1 1979 1  0.00000000 0.00000000 0.00000000 0.00000000 0.00000000 0.00000000 0.00000000 0.00000000 0.00000000 0.00000000 0.00000000 0.00000000 0.00000000 0.00000000 0.00000000 0.00000000 0.00000000
male 1 1979 2  0.03500000 0.03500000 0.03500000 0.03500000 0.03500000 0.03500000 0.03500000 0.03500000 0.03500000 0.03500000 0.03500000 0.03500000 0.03500000 0.03500000 0.03500000 0.03500000 0.03500000
male 1 1979 3  0.00000000 0.00000000 0.00000000 0.00000000 0.00000000 0.00000000 0.00000000 0.00000000 0.00000000 0.00000000 0.00000000 0.00000000 0.00000000 0.00000000 0.00000000 0.00000000 0.00000000
male 1 1979 4  0.09675342 0.09675342 0.09675342 0.09675342 0.09675342 0.09675342 0.09675342 0.09675342 0.09675342 0.09675342 0.09675342 0.09675342 0.09675342 0.09675342 0.09675342 0.09675342 0.09675342
male 1 1979 5  0.00000000 0.00000000 0.00000000 0.00000000 0.00000000 0.00000000 0.00000000 0.00000000 0.00000000 0.00000000 0.00000000 0.00000000 0.00000000 0.00000000 0.00000000 0.00000000 0.00000000
male 1 1979 6  0.07824658 0.07824658 0.07824658 0.07824658 0.07824658 0.07824658 0.07824658 0.07824658 0.07824658 0.07824658 0.07824658 0.07824658 0.07824658 0.07824658 0.07824658 0.07824658 0.07824658
male 1 1980 1  0.00000000 0.00000000 0.00000000 0.00000000 0.00000000 0.00000000 0.00000000 0.00000000 0.00000000 0.00000000 0.00000000 0.00000000 0.00000000 0.00000000 0.00000000 0.00000000 0.00000000
male 1 1980 2  0.03500000 0.03500000 0.03500000 0.03500000 0.03500000 0.03500000 0.03500000 0.03500000 0.03500000 0.03500000 0.03500000 0.03500000 0.03500000 0.03500000 0.03500000 0.03500000 0.03500000
male 1 1980 3  0.00000000 0.00000000 0.00000000 0.00000000 0.00000000 0.00000000 0.00000000 0.00000000 0.00000000 0.00000000 0.00000000 0.00000000 0.00000000 0.00000000 0.00000000 0.00000000 0.00000000
male 1 1980 4  0.09675342 0.09675342 0.09675342 0.09675342 0.09675342 0.09675342 0.09675342 0.09675342 0.09675342 0.09675342 0.09675342 0.09675342 0.09675342 0.09675342 0.09675342 0.09675342 0.09675342
male 1 1980 5  0.00000000 0.00000000 0.00000000 0.00000000 0.00000000 0.00000000 0.00000000 0.00000000 0.00000000 0.00000000 0.00000000 0.00000000 0.00000000 0.00000000 0.00000000 0.00000000 0.00000000
male 1 1980 6  0.07824658 0.07824658 0.07824658 0.07824658 0.07824658 0.07824658 0.07824658 0.07824658 0.07824658 0.07824658 0.07824658 0.07824658 0.07824658 0.07824658 0.07824658 0.07824658 0.07824658
male 1 1981 1  0.00000000 0.00000000 0.00000000 0.00000000 0.00000000 0.00000000 0.00000000 0.00000000 0.00000000 0.00000000 0.00000000 0.00000000 0.00000000 0.00000000 0.00000000 0.00000000 0.00000000
male 1 1981 2  0.13175342 0.13175342 0.13175342 0.13175342 0.13175342 0.13175342 0.13175342 0.13175342 0.13175342 0.13175342 0.13175342 0.13175342 0.13175342 0.13175342 0.13175342 0.13175342 0.13175342
male 1 1981 3  0.00155839 0.00195259 0.00241906 0.00295773 0.00356249 0.00422033 0.00491177 0.00561281 0.00629807 0.00694440 0.00753381 0.00805500 0.00850347 0.00888039 0.00919095 0.00944271 0.00964409
male 1 1981 4  0.00000000 0.00000000 0.00000000 0.00000000 0.00000000 0.00000000 0.00000000 0.00000000 0.00000000 0.00000000 0.00000000 0.00000000 0.00000000 0.00000000 0.00000000 0.00000000 0.00000000
male 1 1981 5  0.00000000 0.00000000 0.00000000 0.00000000 0.00000000 0.00000000 0.00000000 0.00000000 0.00000000 0.00000000 0.00000000 0.00000000 0.00000000 0.00000000 0.00000000 0.00000000 0.00000000
male 1 1981 6  0.07824658 0.07824658 0.07824658 0.07824658 0.07824658 0.07824658 0.07824658 0.07824658 0.07824658 0.07824658 0.07824658 0.07824658 0.07824658 0.07824658 0.07824658 0.07824658 0.07824658
male 1 1982 1  0.00000000 0.00000000 0.00000000 0.00000000 0.00000000 0.00000000 0.00000000 0.00000000 0.00000000 0.00000000 0.00000000 0.00000000 0.00000000 0.00000000 0.00000000 0.00000000 0.00000000
male 1 1982 2  0.11852055 0.11852055 0.11852055 0.11852055 0.11852055 0.11852055 0.11852055 0.11852055 0.11852055 0.11852055 0.11852055 0.11852055 0.11852055 0.11852055 0.11852055 0.11852055 0.11852055
male 1 1982 3  0.05044686 0.06320730 0.07830758 0.09574504 0.11532179 0.13661680 0.15899947 0.18169259 0.20387520 0.22479788 0.24387770 0.26074924 0.27526654 0.28746770 0.29752115 0.30567062 0.31218960
male 1 1982 4  0.01323288 0.01323288 0.01323288 0.01323288 0.01323288 0.01323288 0.01323288 0.01323288 0.01323288 0.01323288 0.01323288 0.01323288 0.01323288 0.01323288 0.01323288 0.01323288 0.01323288
male 1 1982 5  0.00000000 0.00000000 0.00000000 0.00000000 0.00000000 0.00000000 0.00000000 0.00000000 0.00000000 0.00000000 0.00000000 0.00000000 0.00000000 0.00000000 0.00000000 0.00000000 0.00000000
male 1 1982 6  0.07824658 0.07824658 0.07824658 0.07824658 0.07824658 0.07824658 0.07824658 0.07824658 0.07824658 0.07824658 0.07824658 0.07824658 0.07824658 0.07824658 0.07824658 0.07824658 0.07824658
male 1 1983 1  0.00000000 0.00000000 0.00000000 0.00000000 0.00000000 0.00000000 0.00000000 0.00000000 0.00000000 0.00000000 0.00000000 0.00000000 0.00000000 0.00000000 0.00000000 0.00000000 0.00000000
male 1 1983 2  0.12139726 0.12139726 0.12139726 0.12139726 0.12139726 0.12139726 0.12139726 0.12139726 0.12139726 0.12139726 0.12139726 0.12139726 0.12139726 0.12139726 0.12139726 0.12139726 0.12139726
male 1 1983 3  0.07586466 0.09505448 0.11776307 0.14398645 0.17342700 0.20545156 0.23911179 0.27323891 0.30659829 0.33806291 0.36675616 0.39212847 0.41396035 0.43230910 0.44742801 0.45968361 0.46948720
male 1 1983 4  0.01035616 0.01035616 0.01035616 0.01035616 0.01035616 0.01035616 0.01035616 0.01035616 0.01035616 0.01035616 0.01035616 0.01035616 0.01035616 0.01035616 0.01035616 0.01035616 0.01035616
male 1 1983 5  0.00000000 0.00000000 0.00000000 0.00000000 0.00000000 0.00000000 0.00000000 0.00000000 0.00000000 0.00000000 0.00000000 0.00000000 0.00000000 0.00000000 0.00000000 0.00000000 0.00000000
male 1 1983 6  0.07824658 0.07824658 0.07824658 0.07824658 0.07824658 0.07824658 0.07824658 0.07824658 0.07824658 0.07824658 0.07824658 0.07824658 0.07824658 0.07824658 0.07824658 0.07824658 0.07824658
male 1 1984 1  0.00000000 0.00000000 0.00000000 0.00000000 0.00000000 0.00000000 0.00000000 0.00000000 0.00000000 0.00000000 0.00000000 0.00000000 0.00000000 0.00000000 0.00000000 0.00000000 0.00000000
male 1 1984 2  0.13175342 0.13175342 0.13175342 0.13175342 0.13175342 0.13175342 0.13175342 0.13175342 0.13175342 0.13175342 0.13175342 0.13175342 0.13175342 0.13175342 0.13175342 0.13175342 0.13175342
male 1 1984 3  0.01234049 0.01546199 0.01915587 0.02342148 0.02821041 0.03341967 0.03889500 0.04444627 0.04987265 0.05499083 0.05965820 0.06378538 0.06733665 0.07032134 0.07278065 0.07477420 0.07636889
male 1 1984 4  0.00000000 0.00000000 0.00000000 0.00000000 0.00000000 0.00000000 0.00000000 0.00000000 0.00000000 0.00000000 0.00000000 0.00000000 0.00000000 0.00000000 0.00000000 0.00000000 0.00000000
male 1 1984 5  0.00000000 0.00000000 0.00000000 0.00000000 0.00000000 0.00000000 0.00000000 0.00000000 0.00000000 0.00000000 0.00000000 0.00000000 0.00000000 0.00000000 0.00000000 0.00000000 0.00000000
male 1 1984 6  0.07824658 0.07824658 0.07824658 0.07824658 0.07824658 0.07824658 0.07824658 0.07824658 0.07824658 0.07824658 0.07824658 0.07824658 0.07824658 0.07824658 0.07824658 0.07824658 0.07824658
male 1 1985 1  0.00000000 0.00000000 0.00000000 0.00000000 0.00000000 0.00000000 0.00000000 0.00000000 0.00000000 0.00000000 0.00000000 0.00000000 0.00000000 0.00000000 0.00000000 0.00000000 0.00000000
male 1 1985 2  0.13175342 0.13175342 0.13175342 0.13175342 0.13175342 0.13175342 0.13175342 0.13175342 0.13175342 0.13175342 0.13175342 0.13175342 0.13175342 0.13175342 0.13175342 0.13175342 0.13175342
male 1 1985 3  0.05993696 0.07509790 0.09303885 0.11375666 0.13701620 0.16231724 0.18891054 0.21587272 0.24222833 0.26708699 0.28975612 0.30980155 0.32704985 0.34154630 0.35349101 0.36317357 0.37091890
male 1 1985 4  0.00000000 0.00000000 0.00000000 0.00000000 0.00000000 0.00000000 0.00000000 0.00000000 0.00000000 0.00000000 0.00000000 0.00000000 0.00000000 0.00000000 0.00000000 0.00000000 0.00000000
male 1 1985 5  0.00000000 0.00000000 0.00000000 0.00000000 0.00000000 0.00000000 0.00000000 0.00000000 0.00000000 0.00000000 0.00000000 0.00000000 0.00000000 0.00000000 0.00000000 0.00000000 0.00000000
male 1 1985 6  0.07824658 0.07824658 0.07824658 0.07824658 0.07824658 0.07824658 0.07824658 0.07824658 0.07824658 0.07824658 0.07824658 0.07824658 0.07824658 0.07824658 0.07824658 0.07824658 0.07824658
male 1 1986 1  0.00000000 0.00000000 0.00000000 0.00000000 0.00000000 0.00000000 0.00000000 0.00000000 0.00000000 0.00000000 0.00000000 0.00000000 0.00000000 0.00000000 0.00000000 0.00000000 0.00000000
male 1 1986 2  0.13175342 0.13175342 0.13175342 0.13175342 0.13175342 0.13175342 0.13175342 0.13175342 0.13175342 0.13175342 0.13175342 0.13175342 0.13175342 0.13175342 0.13175342 0.13175342 0.13175342
male 1 1986 3  0.17688149 0.22162334 0.27456932 0.33571019 0.40435200 0.47901856 0.55749873 0.63706749 0.71484622 0.78820724 0.85510671 0.91426328 0.96516517 1.00794602 1.04319637 1.07177080 1.09462824
male 1 1986 4  0.00000000 0.00000000 0.00000000 0.00000000 0.00000000 0.00000000 0.00000000 0.00000000 0.00000000 0.00000000 0.00000000 0.00000000 0.00000000 0.00000000 0.00000000 0.00000000 0.00000000
male 1 1986 5  0.00000000 0.00000000 0.00000000 0.00000000 0.00000000 0.00000000 0.00000000 0.00000000 0.00000000 0.00000000 0.00000000 0.00000000 0.00000000 0.00000000 0.00000000 0.00000000 0.00000000
male 1 1986 6  0.07824658 0.07824658 0.07824658 0.07824658 0.07824658 0.07824658 0.07824658 0.07824658 0.07824658 0.07824658 0.07824658 0.07824658 0.07824658 0.07824658 0.07824658 0.07824658 0.07824658
male 1 1987 1  0.00000000 0.00000000 0.00000000 0.00000000 0.00000000 0.00000000 0.00000000 0.00000000 0.00000000 0.00000000 0.00000000 0.00000000 0.00000000 0.00000000 0.00000000 0.00000000 0.00000000
male 1 1987 2  0.13175342 0.13175342 0.13175342 0.13175342 0.13175342 0.13175342 0.13175342 0.13175342 0.13175342 0.13175342 0.13175342 0.13175342 0.13175342 0.13175342 0.13175342 0.13175342 0.13175342
male 1 1987 3  0.14354212 0.17985083 0.22281733 0.27243411 0.32813803 0.38873111 0.45241901 0.51699031 0.58010898 0.63964260 0.69393257 0.74193906 0.78324675 0.81796408 0.84657029 0.86975890 0.88830807
male 1 1987 4  0.00000000 0.00000000 0.00000000 0.00000000 0.00000000 0.00000000 0.00000000 0.00000000 0.00000000 0.00000000 0.00000000 0.00000000 0.00000000 0.00000000 0.00000000 0.00000000 0.00000000
male 1 1987 5  0.00000000 0.00000000 0.00000000 0.00000000 0.00000000 0.00000000 0.00000000 0.00000000 0.00000000 0.00000000 0.00000000 0.00000000 0.00000000 0.00000000 0.00000000 0.00000000 0.00000000
male 1 1987 6  0.07824658 0.07824658 0.07824658 0.07824658 0.07824658 0.07824658 0.07824658 0.07824658 0.07824658 0.07824658 0.07824658 0.07824658 0.07824658 0.07824658 0.07824658 0.07824658 0.07824658
male 1 1988 1  0.00000000 0.00000000 0.00000000 0.00000000 0.00000000 0.00000000 0.00000000 0.00000000 0.00000000 0.00000000 0.00000000 0.00000000 0.00000000 0.00000000 0.00000000 0.00000000 0.00000000
male 1 1988 2  0.13175342 0.13175342 0.13175342 0.13175342 0.13175342 0.13175342 0.13175342 0.13175342 0.13175342 0.13175342 0.13175342 0.13175342 0.13175342 0.13175342 0.13175342 0.13175342 0.13175342
male 1 1988 3  0.15384735 0.19276274 0.23881391 0.29199280 0.35169583 0.41663903 0.48489923 0.55410626 0.62175636 0.68556405 0.74375162 0.79520462 0.83947788 0.87668765 0.90734757 0.93220093 0.95208180
male 1 1988 4  0.00000000 0.00000000 0.00000000 0.00000000 0.00000000 0.00000000 0.00000000 0.00000000 0.00000000 0.00000000 0.00000000 0.00000000 0.00000000 0.00000000 0.00000000 0.00000000 0.00000000
male 1 1988 5  0.00000000 0.00000000 0.00000000 0.00000000 0.00000000 0.00000000 0.00000000 0.00000000 0.00000000 0.00000000 0.00000000 0.00000000 0.00000000 0.00000000 0.00000000 0.00000000 0.00000000
male 1 1988 6  0.07824658 0.07824658 0.07824658 0.07824658 0.07824658 0.07824658 0.07824658 0.07824658 0.07824658 0.07824658 0.07824658 0.07824658 0.07824658 0.07824658 0.07824658 0.07824658 0.07824658
male 1 1989 1  0.00000000 0.00000000 0.00000000 0.00000000 0.00000000 0.00000000 0.00000000 0.00000000 0.00000000 0.00000000 0.00000000 0.00000000 0.00000000 0.00000000 0.00000000 0.00000000 0.00000000
male 1 1989 2  0.13175342 0.13175342 0.13175342 0.13175342 0.13175342 0.13175342 0.13175342 0.13175342 0.13175342 0.13175342 0.13175342 0.13175342 0.13175342 0.13175342 0.13175342 0.13175342 0.13175342
male 1 1989 3  0.25776009 0.32295442 0.40010319 0.48919291 0.58921242 0.69801072 0.81236591 0.92830732 1.04164044 1.14853641 1.24601710 1.33221546 1.40638573 1.46872266 1.52008672 1.56172316 1.59502925
male 1 1989 4  0.00000000 0.00000000 0.00000000 0.00000000 0.00000000 0.00000000 0.00000000 0.00000000 0.00000000 0.00000000 0.00000000 0.00000000 0.00000000 0.00000000 0.00000000 0.00000000 0.00000000
male 1 1989 5  0.00000000 0.00000000 0.00000000 0.00000000 0.00000000 0.00000000 0.00000000 0.00000000 0.00000000 0.00000000 0.00000000 0.00000000 0.00000000 0.00000000 0.00000000 0.00000000 0.00000000
male 1 1989 6  0.07824658 0.07824658 0.07824658 0.07824658 0.07824658 0.07824658 0.07824658 0.07824658 0.07824658 0.07824658 0.07824658 0.07824658 0.07824658 0.07824658 0.07824658 0.07824658 0.07824658
male 1 1990 1  0.00000000 0.00000000 0.00000000 0.00000000 0.00000000 0.00000000 0.00000000 0.00000000 0.00000000 0.00000000 0.00000000 0.00000000 0.00000000 0.00000000 0.00000000 0.00000000 0.00000000
male 1 1990 2  0.13175342 0.13175342 0.13175342 0.13175342 0.13175342 0.13175342 0.13175342 0.13175342 0.13175342 0.13175342 0.13175342 0.13175342 0.13175342 0.13175342 0.13175342 0.13175342 0.13175342
male 1 1990 3  0.18486080 0.23158074 0.28686753 0.35071151 0.42238807 0.50035572 0.58230560 0.66539219 0.74660961 0.82321402 0.89307119 0.95484315 1.00799547 1.05266772 1.08947652 1.11931427 1.14318227
male 1 1990 4  0.00000000 0.00000000 0.00000000 0.00000000 0.00000000 0.00000000 0.00000000 0.00000000 0.00000000 0.00000000 0.00000000 0.00000000 0.00000000 0.00000000 0.00000000 0.00000000 0.00000000
male 1 1990 5  0.00000000 0.00000000 0.00000000 0.00000000 0.00000000 0.00000000 0.00000000 0.00000000 0.00000000 0.00000000 0.00000000 0.00000000 0.00000000 0.00000000 0.00000000 0.00000000 0.00000000
male 1 1990 6  0.07824658 0.07824658 0.07824658 0.07824658 0.07824658 0.07824658 0.07824658 0.07824658 0.07824658 0.07824658 0.07824658 0.07824658 0.07824658 0.07824658 0.07824658 0.07824658 0.07824658
male 1 1991 1  0.00000000 0.00000000 0.00000000 0.00000000 0.00000000 0.00000000 0.00000000 0.00000000 0.00000000 0.00000000 0.00000000 0.00000000 0.00000000 0.00000000 0.00000000 0.00000000 0.00000000
male 1 1991 2  0.13175342 0.13175342 0.13175342 0.13175342 0.13175342 0.13175342 0.13175342 0.13175342 0.13175342 0.13175342 0.13175342 0.13175342 0.13175342 0.13175342 0.13175342 0.13175342 0.13175342
male 1 1991 3  0.15943814 0.19976541 0.24748734 0.30259559 0.36446468 0.43176406 0.50250078 0.57421868 0.64432318 0.71044584 0.77074450 0.82406423 0.86994375 0.90850352 0.94027580 0.96603086 0.98663302
male 1 1991 4  0.00000000 0.00000000 0.00000000 0.00000000 0.00000000 0.00000000 0.00000000 0.00000000 0.00000000 0.00000000 0.00000000 0.00000000 0.00000000 0.00000000 0.00000000 0.00000000 0.00000000
male 1 1991 5  0.00000000 0.00000000 0.00000000 0.00000000 0.00000000 0.00000000 0.00000000 0.00000000 0.00000000 0.00000000 0.00000000 0.00000000 0.00000000 0.00000000 0.00000000 0.00000000 0.00000000
male 1 1991 6  0.07824658 0.07824658 0.07824658 0.07824658 0.07824658 0.07824658 0.07824658 0.07824658 0.07824658 0.07824658 0.07824658 0.07824658 0.07824658 0.07824658 0.07824658 0.07824658 0.07824658
male 1 1992 1  0.00000000 0.00000000 0.00000000 0.00000000 0.00000000 0.00000000 0.00000000 0.00000000 0.00000000 0.00000000 0.00000000 0.00000000 0.00000000 0.00000000 0.00000000 0.00000000 0.00000000
male 1 1992 2  0.13175342 0.13175342 0.13175342 0.13175342 0.13175342 0.13175342 0.13175342 0.13175342 0.13175342 0.13175342 0.13175342 0.13175342 0.13175342 0.13175342 0.13175342 0.13175342 0.13175342
male 1 1992 3  0.11708649 0.14666639 0.18167025 0.22209194 0.26747269 0.31683653 0.36872165 0.42132646 0.47274784 0.52124857 0.56547741 0.60458723 0.63823969 0.66652314 0.68982798 0.70871922 0.72383083
male 1 1992 4  0.00000000 0.00000000 0.00000000 0.00000000 0.00000000 0.00000000 0.00000000 0.00000000 0.00000000 0.00000000 0.00000000 0.00000000 0.00000000 0.00000000 0.00000000 0.00000000 0.00000000
male 1 1992 5  0.00000000 0.00000000 0.00000000 0.00000000 0.00000000 0.00000000 0.00000000 0.00000000 0.00000000 0.00000000 0.00000000 0.00000000 0.00000000 0.00000000 0.00000000 0.00000000 0.00000000
male 1 1992 6  0.07824658 0.07824658 0.07824658 0.07824658 0.07824658 0.07824658 0.07824658 0.07824658 0.07824658 0.07824658 0.07824658 0.07824658 0.07824658 0.07824658 0.07824658 0.07824658 0.07824658
male 1 1993 1  0.00000000 0.00000000 0.00000000 0.00000000 0.00000000 0.00000000 0.00000000 0.00000000 0.00000000 0.00000000 0.00000000 0.00000000 0.00000000 0.00000000 0.00000000 0.00000000 0.00000000
male 1 1993 2  0.13175342 0.13175342 0.13175342 0.13175342 0.13175342 0.13175342 0.13175342 0.13175342 0.13175342 0.13175342 0.13175342 0.13175342 0.13175342 0.13175342 0.13175342 0.13175342 0.13175342
male 1 1993 3  0.07026686 0.08804074 0.10907374 0.13336219 0.16063042 0.19029200 0.22146855 0.25307755 0.28397546 0.31311841 0.33969449 0.36319467 0.38341564 0.40041050 0.41441384 0.42576514 0.43484535
male 1 1993 4  0.00000000 0.00000000 0.00000000 0.00000000 0.00000000 0.00000000 0.00000000 0.00000000 0.00000000 0.00000000 0.00000000 0.00000000 0.00000000 0.00000000 0.00000000 0.00000000 0.00000000
male 1 1993 5  0.00000000 0.00000000 0.00000000 0.00000000 0.00000000 0.00000000 0.00000000 0.00000000 0.00000000 0.00000000 0.00000000 0.00000000 0.00000000 0.00000000 0.00000000 0.00000000 0.00000000
male 1 1993 6  0.07824658 0.07824658 0.07824658 0.07824658 0.07824658 0.07824658 0.07824658 0.07824658 0.07824658 0.07824658 0.07824658 0.07824658 0.07824658 0.07824658 0.07824658 0.07824658 0.07824658
male 1 1994 1  0.00000000 0.00000000 0.00000000 0.00000000 0.00000000 0.00000000 0.00000000 0.00000000 0.00000000 0.00000000 0.00000000 0.00000000 0.00000000 0.00000000 0.00000000 0.00000000 0.00000000
male 1 1994 2  0.13175342 0.13175342 0.13175342 0.13175342 0.13175342 0.13175342 0.13175342 0.13175342 0.13175342 0.13175342 0.13175342 0.13175342 0.13175342 0.13175342 0.13175342 0.13175342 0.13175342
male 1 1994 3  0.18813535 0.23571546 0.29202015 0.35703958 0.43003579 0.50943893 0.59289760 0.67751393 0.76022667 0.83824146 0.90938479 0.97229405 1.02642497 1.07191969 1.10940619 1.13979329 1.16410073
male 1 1994 4  0.00000000 0.00000000 0.00000000 0.00000000 0.00000000 0.00000000 0.00000000 0.00000000 0.00000000 0.00000000 0.00000000 0.00000000 0.00000000 0.00000000 0.00000000 0.00000000 0.00000000
male 1 1994 5  0.00000000 0.00000000 0.00000000 0.00000000 0.00000000 0.00000000 0.00000000 0.00000000 0.00000000 0.00000000 0.00000000 0.00000000 0.00000000 0.00000000 0.00000000 0.00000000 0.00000000
male 1 1994 6  0.07824658 0.07824658 0.07824658 0.07824658 0.07824658 0.07824658 0.07824658 0.07824658 0.07824658 0.07824658 0.07824658 0.07824658 0.07824658 0.07824658 0.07824658 0.07824658 0.07824658
male 1 1995 1  0.00000000 0.00000000 0.00000000 0.00000000 0.00000000 0.00000000 0.00000000 0.00000000 0.00000000 0.00000000 0.00000000 0.00000000 0.00000000 0.00000000 0.00000000 0.00000000 0.00000000
male 1 1995 2  0.13175342 0.13175342 0.13175342 0.13175342 0.13175342 0.13175342 0.13175342 0.13175342 0.13175342 0.13175342 0.13175342 0.13175342 0.13175342 0.13175342 0.13175342 0.13175342 0.13175342
male 1 1995 3  0.14933362 0.18704790 0.23167772 0.28321526 0.34107557 0.40401433 0.47016770 0.53723868 0.60280078 0.66463907 0.72103070 0.77089561 0.81380240 0.84986370 0.87957731 0.90366359 0.92293084
male 1 1995 4  0.00000000 0.00000000 0.00000000 0.00000000 0.00000000 0.00000000 0.00000000 0.00000000 0.00000000 0.00000000 0.00000000 0.00000000 0.00000000 0.00000000 0.00000000 0.00000000 0.00000000
male 1 1995 5  0.00000000 0.00000000 0.00000000 0.00000000 0.00000000 0.00000000 0.00000000 0.00000000 0.00000000 0.00000000 0.00000000 0.00000000 0.00000000 0.00000000 0.00000000 0.00000000 0.00000000
male 1 1995 6  0.07824658 0.07824658 0.07824658 0.07824658 0.07824658 0.07824658 0.07824658 0.07824658 0.07824658 0.07824658 0.07824658 0.07824658 0.07824658 0.07824658 0.07824658 0.07824658 0.07824658
male 1 1996 1  0.00000000 0.00000000 0.00000000 0.00000000 0.00000000 0.00000000 0.00000000 0.00000000 0.00000000 0.00000000 0.00000000 0.00000000 0.00000000 0.00000000 0.00000000 0.00000000 0.00000000
male 1 1996 2  0.13175342 0.13175342 0.13175342 0.13175342 0.13175342 0.13175342 0.13175342 0.13175342 0.13175342 0.13175342 0.13175342 0.13175342 0.13175342 0.13175342 0.13175342 0.13175342 0.13175342
male 1 1996 3  0.14310656 0.17910173 0.22169720 0.27088552 0.32610842 0.38617826 0.44931619 0.51332990 0.57590351 0.63492305 0.68874421 0.73633615 0.77728712 0.81170466 0.84006385 0.86305221 0.88144121
male 1 1996 4  0.00000000 0.00000000 0.00000000 0.00000000 0.00000000 0.00000000 0.00000000 0.00000000 0.00000000 0.00000000 0.00000000 0.00000000 0.00000000 0.00000000 0.00000000 0.00000000 0.00000000
male 1 1996 5  0.00000000 0.00000000 0.00000000 0.00000000 0.00000000 0.00000000 0.00000000 0.00000000 0.00000000 0.00000000 0.00000000 0.00000000 0.00000000 0.00000000 0.00000000 0.00000000 0.00000000
male 1 1996 6  0.07824658 0.07824658 0.07824658 0.07824658 0.07824658 0.07824658 0.07824658 0.07824658 0.07824658 0.07824658 0.07824658 0.07824658 0.07824658 0.07824658 0.07824658 0.07824658 0.07824658
male 1 1997 1  0.00000000 0.00000000 0.00000000 0.00000000 0.00000000 0.00000000 0.00000000 0.00000000 0.00000000 0.00000000 0.00000000 0.00000000 0.00000000 0.00000000 0.00000000 0.00000000 0.00000000
male 1 1997 2  0.13175342 0.13175342 0.13175342 0.13175342 0.13175342 0.13175342 0.13175342 0.13175342 0.13175342 0.13175342 0.13175342 0.13175342 0.13175342 0.13175342 0.13175342 0.13175342 0.13175342
male 1 1997 3  0.11979923 0.15007085 0.18589325 0.22726019 0.27370215 0.32422035 0.37731878 0.43115373 0.48377758 0.53341247 0.57867558 0.61869997 0.65313938 0.68208422 0.70593404 0.72526705 0.74073203
male 1 1997 4  0.00000000 0.00000000 0.00000000 0.00000000 0.00000000 0.00000000 0.00000000 0.00000000 0.00000000 0.00000000 0.00000000 0.00000000 0.00000000 0.00000000 0.00000000 0.00000000 0.00000000
male 1 1997 5  0.00000000 0.00000000 0.00000000 0.00000000 0.00000000 0.00000000 0.00000000 0.00000000 0.00000000 0.00000000 0.00000000 0.00000000 0.00000000 0.00000000 0.00000000 0.00000000 0.00000000
male 1 1997 6  0.07824658 0.07824658 0.07824658 0.07824658 0.07824658 0.07824658 0.07824658 0.07824658 0.07824658 0.07824658 0.07824658 0.07824658 0.07824658 0.07824658 0.07824658 0.07824658 0.07824658
male 1 1998 1  0.00000000 0.00000000 0.00000000 0.00000000 0.00000000 0.00000000 0.00000000 0.00000000 0.00000000 0.00000000 0.00000000 0.00000000 0.00000000 0.00000000 0.00000000 0.00000000 0.00000000
male 1 1998 2  0.13175342 0.13175342 0.13175342 0.13175342 0.13175342 0.13175342 0.13175342 0.13175342 0.13175342 0.13175342 0.13175342 0.13175342 0.13175342 0.13175342 0.13175342 0.13175342 0.13175342
male 1 1998 3  0.09411140 0.11778200 0.14579298 0.17813946 0.21445430 0.25395653 0.29547633 0.33757206 0.37872077 0.41753230 0.45292535 0.48422205 0.51115161 0.53378475 0.55243389 0.56755114 0.57964384
male 1 1998 4  0.00000000 0.00000000 0.00000000 0.00000000 0.00000000 0.00000000 0.00000000 0.00000000 0.00000000 0.00000000 0.00000000 0.00000000 0.00000000 0.00000000 0.00000000 0.00000000 0.00000000
male 1 1998 5  0.00000000 0.00000000 0.00000000 0.00000000 0.00000000 0.00000000 0.00000000 0.00000000 0.00000000 0.00000000 0.00000000 0.00000000 0.00000000 0.00000000 0.00000000 0.00000000 0.00000000
male 1 1998 6  0.07824658 0.07824658 0.07824658 0.07824658 0.07824658 0.07824658 0.07824658 0.07824658 0.07824658 0.07824658 0.07824658 0.07824658 0.07824658 0.07824658 0.07824658 0.07824658 0.07824658
male 1 1999 1  0.00000000 0.00000000 0.00000000 0.00000000 0.00000000 0.00000000 0.00000000 0.00000000 0.00000000 0.00000000 0.00000000 0.00000000 0.00000000 0.00000000 0.00000000 0.00000000 0.00000000
male 1 1999 2  0.13175342 0.13175342 0.13175342 0.13175342 0.13175342 0.13175342 0.13175342 0.13175342 0.13175342 0.13175342 0.13175342 0.13175342 0.13175342 0.13175342 0.13175342 0.13175342 0.13175342
male 1 1999 3  0.12190489 0.15262115 0.18896972 0.23094426 0.27806837 0.32932859 0.38320694 0.43783263 0.49122943 0.54159338 0.58752132 0.62813360 0.66307886 0.69244885 0.71664898 0.73626595 0.75195809
male 1 1999 4  0.00000000 0.00000000 0.00000000 0.00000000 0.00000000 0.00000000 0.00000000 0.00000000 0.00000000 0.00000000 0.00000000 0.00000000 0.00000000 0.00000000 0.00000000 0.00000000 0.00000000
male 1 1999 5  0.00000000 0.00000000 0.00000000 0.00000000 0.00000000 0.00000000 0.00000000 0.00000000 0.00000000 0.00000000 0.00000000 0.00000000 0.00000000 0.00000000 0.00000000 0.00000000 0.00000000
male 1 1999 6  0.07824658 0.07824658 0.07824658 0.07824658 0.07824658 0.07824658 0.07824658 0.07824658 0.07824658 0.07824658 0.07824658 0.07824658 0.07824658 0.07824658 0.07824658 0.07824658 0.07824658
male 1 2000 1  0.00000000 0.00000000 0.00000000 0.00000000 0.00000000 0.00000000 0.00000000 0.00000000 0.00000000 0.00000000 0.00000000 0.00000000 0.00000000 0.00000000 0.00000000 0.00000000 0.00000000
male 1 2000 2  0.10845205 0.10845205 0.10845205 0.10845205 0.10845205 0.10845205 0.10845205 0.10845205 0.10845205 0.10845205 0.10845205 0.10845205 0.10845205 0.10845205 0.10845205 0.10845205 0.10845205
male 1 2000 3  0.13222382 0.16560305 0.20510290 0.25071647 0.30192605 0.35763032 0.41617971 0.47554123 0.53356731 0.58829761 0.63820732 0.68234052 0.72031539 0.75223164 0.77852983 0.79984751 0.81690009
male 1 2000 4  0.02330137 0.02330137 0.02330137 0.02330137 0.02330137 0.02330137 0.02330137 0.02330137 0.02330137 0.02330137 0.02330137 0.02330137 0.02330137 0.02330137 0.02330137 0.02330137 0.02330137
male 1 2000 5  0.00000000 0.00000000 0.00000000 0.00000000 0.00000000 0.00000000 0.00000000 0.00000000 0.00000000 0.00000000 0.00000000 0.00000000 0.00000000 0.00000000 0.00000000 0.00000000 0.00000000
male 1 2000 6  0.07824658 0.07824658 0.07824658 0.07824658 0.07824658 0.07824658 0.07824658 0.07824658 0.07824658 0.07824658 0.07824658 0.07824658 0.07824658 0.07824658 0.07824658 0.07824658 0.07824658
male 1 2001 1  0.00000000 0.00000000 0.00000000 0.00000000 0.00000000 0.00000000 0.00000000 0.00000000 0.00000000 0.00000000 0.00000000 0.00000000 0.00000000 0.00000000 0.00000000 0.00000000 0.00000000
male 1 2001 2  0.09147945 0.09147945 0.09147945 0.09147945 0.09147945 0.09147945 0.09147945 0.09147945 0.09147945 0.09147945 0.09147945 0.09147945 0.09147945 0.09147945 0.09147945 0.09147945 0.09147945
male 1 2001 3  0.11400613 0.14281872 0.17691457 0.21628770 0.26049125 0.30857458 0.35911378 0.41035400 0.46044149 0.50768409 0.55076561 0.58886091 0.62164041 0.64919017 0.67189048 0.69029167 0.70501128
male 1 2001 4  0.04027397 0.04027397 0.04027397 0.04027397 0.04027397 0.04027397 0.04027397 0.04027397 0.04027397 0.04027397 0.04027397 0.04027397 0.04027397 0.04027397 0.04027397 0.04027397 0.04027397
male 1 2001 5  0.00000000 0.00000000 0.00000000 0.00000000 0.00000000 0.00000000 0.00000000 0.00000000 0.00000000 0.00000000 0.00000000 0.00000000 0.00000000 0.00000000 0.00000000 0.00000000 0.00000000
male 1 2001 6  0.07824658 0.07824658 0.07824658 0.07824658 0.07824658 0.07824658 0.07824658 0.07824658 0.07824658 0.07824658 0.07824658 0.07824658 0.07824658 0.07824658 0.07824658 0.07824658 0.07824658
male 1 2002 1  0.00000000 0.00000000 0.00000000 0.00000000 0.00000000 0.00000000 0.00000000 0.00000000 0.00000000 0.00000000 0.00000000 0.00000000 0.00000000 0.00000000 0.00000000 0.00000000 0.00000000
male 1 2002 2  0.08515069 0.08515069 0.08515069 0.08515069 0.08515069 0.08515069 0.08515069 0.08515069 0.08515069 0.08515069 0.08515069 0.08515069 0.08515069 0.08515069 0.08515069 0.08515069 0.08515069
male 1 2002 3  0.09358890 0.11719653 0.14513300 0.17739343 0.21361167 0.25300881 0.29441817 0.33640191 0.37744116 0.41614945 0.45144835 0.48266179 0.50951971 0.53209264 0.55069217 0.56576922 0.57782974
male 1 2002 4  0.04660274 0.04660274 0.04660274 0.04660274 0.04660274 0.04660274 0.04660274 0.04660274 0.04660274 0.04660274 0.04660274 0.04660274 0.04660274 0.04660274 0.04660274 0.04660274 0.04660274
male 1 2002 5  0.00000000 0.00000000 0.00000000 0.00000000 0.00000000 0.00000000 0.00000000 0.00000000 0.00000000 0.00000000 0.00000000 0.00000000 0.00000000 0.00000000 0.00000000 0.00000000 0.00000000
male 1 2002 6  0.07824658 0.07824658 0.07824658 0.07824658 0.07824658 0.07824658 0.07824658 0.07824658 0.07824658 0.07824658 0.07824658 0.07824658 0.07824658 0.07824658 0.07824658 0.07824658 0.07824658
male 1 2003 1  0.00000000 0.00000000 0.00000000 0.00000000 0.00000000 0.00000000 0.00000000 0.00000000 0.00000000 0.00000000 0.00000000 0.00000000 0.00000000 0.00000000 0.00000000 0.00000000 0.00000000
male 1 2003 2  0.07652055 0.07652055 0.07652055 0.07652055 0.07652055 0.07652055 0.07652055 0.07652055 0.07652055 0.07652055 0.07652055 0.07652055 0.07652055 0.07652055 0.07652055 0.07652055 0.07652055
male 1 2003 3  0.08200971 0.10273748 0.12726601 0.15559102 0.18739104 0.22198216 0.25834003 0.29520222 0.33123513 0.36522143 0.39621426 0.42362000 0.44720155 0.46702084 0.48335143 0.49658924 0.50717851
male 1 2003 4  0.05523288 0.05523288 0.05523288 0.05523288 0.05523288 0.05523288 0.05523288 0.05523288 0.05523288 0.05523288 0.05523288 0.05523288 0.05523288 0.05523288 0.05523288 0.05523288 0.05523288
male 1 2003 5  0.00000000 0.00000000 0.00000000 0.00000000 0.00000000 0.00000000 0.00000000 0.00000000 0.00000000 0.00000000 0.00000000 0.00000000 0.00000000 0.00000000 0.00000000 0.00000000 0.00000000
male 1 2003 6  0.07824658 0.07824658 0.07824658 0.07824658 0.07824658 0.07824658 0.07824658 0.07824658 0.07824658 0.07824658 0.07824658 0.07824658 0.07824658 0.07824658 0.07824658 0.07824658 0.07824658
male 1 2004 1  0.00000000 0.00000000 0.00000000 0.00000000 0.00000000 0.00000000 0.00000000 0.00000000 0.00000000 0.00000000 0.00000000 0.00000000 0.00000000 0.00000000 0.00000000 0.00000000 0.00000000
male 1 2004 2  0.06673973 0.06673973 0.06673973 0.06673973 0.06673973 0.06673973 0.06673973 0.06673973 0.06673973 0.06673973 0.06673973 0.06673973 0.06673973 0.06673973 0.06673973 0.06673973 0.06673973
male 1 2004 3  0.07372023 0.09231709 0.11432399 0.13973708 0.16826793 0.19930294 0.23192308 0.26499569 0.29732428 0.32781665 0.35562329 0.38021161 0.40136889 0.41915067 0.43380241 0.44567932 0.45517997
male 1 2004 4  0.06501370 0.06501370 0.06501370 0.06501370 0.06501370 0.06501370 0.06501370 0.06501370 0.06501370 0.06501370 0.06501370 0.06501370 0.06501370 0.06501370 0.06501370 0.06501370 0.06501370
male 1 2004 5  0.00000000 0.00000000 0.00000000 0.00000000 0.00000000 0.00000000 0.00000000 0.00000000 0.00000000 0.00000000 0.00000000 0.00000000 0.00000000 0.00000000 0.00000000 0.00000000 0.00000000
male 1 2004 6  0.07824658 0.07824658 0.07824658 0.07824658 0.07824658 0.07824658 0.07824658 0.07824658 0.07824658 0.07824658 0.07824658 0.07824658 0.07824658 0.07824658 0.07824658 0.07824658 0.07824658
male 1 2005 1  0.00000000 0.00000000 0.00000000 0.00000000 0.00000000 0.00000000 0.00000000 0.00000000 0.00000000 0.00000000 0.00000000 0.00000000 0.00000000 0.00000000 0.00000000 0.00000000 0.00000000
male 1 2005 2  0.09032877 0.09032877 0.09032877 0.09032877 0.09032877 0.09032877 0.09032877 0.09032877 0.09032877 0.09032877 0.09032877 0.09032877 0.09032877 0.09032877 0.09032877 0.09032877 0.09032877
male 1 2005 3  0.00634964 0.01160207 0.02148877 0.03944261 0.07001736 0.11679895 0.17782698 0.24278843 0.29854973 0.33823551 0.36286750 0.37688035 0.38445958 0.38844732 0.39051496 0.39157890 0.39212422
male 1 2005 4  0.04142466 0.04142466 0.04142466 0.04142466 0.04142466 0.04142466 0.04142466 0.04142466 0.04142466 0.04142466 0.04142466 0.04142466 0.04142466 0.04142466 0.04142466 0.04142466 0.04142466
male 1 2005 5  0.00000000 0.00000000 0.00000000 0.00000000 0.00000000 0.00000000 0.00000000 0.00000000 0.00000000 0.00000000 0.00000000 0.00000000 0.00000000 0.00000000 0.00000000 0.00000000 0.00000000
male 1 2005 6  0.07824658 0.07824658 0.07824658 0.07824658 0.07824658 0.07824658 0.07824658 0.07824658 0.07824658 0.07824658 0.07824658 0.07824658 0.07824658 0.07824658 0.07824658 0.07824658 0.07824658
male 1 2006 1  0.00000000 0.00000000 0.00000000 0.00000000 0.00000000 0.00000000 0.00000000 0.00000000 0.00000000 0.00000000 0.00000000 0.00000000 0.00000000 0.00000000 0.00000000 0.00000000 0.00000000
male 1 2006 2  0.10384932 0.10384932 0.10384932 0.10384932 0.10384932 0.10384932 0.10384932 0.10384932 0.10384932 0.10384932 0.10384932 0.10384932 0.10384932 0.10384932 0.10384932 0.10384932 0.10384932
male 1 2006 3  0.00507688 0.00939756 0.01753043 0.03229938 0.05745037 0.09593321 0.14613527 0.19957299 0.24544260 0.27808838 0.29835082 0.30987788 0.31611261 0.31939295 0.32109380 0.32196900 0.32241759
male 1 2006 4  0.02790411 0.02790411 0.02790411 0.02790411 0.02790411 0.02790411 0.02790411 0.02790411 0.02790411 0.02790411 0.02790411 0.02790411 0.02790411 0.02790411 0.02790411 0.02790411 0.02790411
male 1 2006 5  0.00000000 0.00000000 0.00000000 0.00000000 0.00000000 0.00000000 0.00000000 0.00000000 0.00000000 0.00000000 0.00000000 0.00000000 0.00000000 0.00000000 0.00000000 0.00000000 0.00000000
male 1 2006 6  0.07824658 0.07824658 0.07824658 0.07824658 0.07824658 0.07824658 0.07824658 0.07824658 0.07824658 0.07824658 0.07824658 0.07824658 0.07824658 0.07824658 0.07824658 0.07824658 0.07824658
male 1 2007 1  0.00000000 0.00000000 0.00000000 0.00000000 0.00000000 0.00000000 0.00000000 0.00000000 0.00000000 0.00000000 0.00000000 0.00000000 0.00000000 0.00000000 0.00000000 0.00000000 0.00000000
male 1 2007 2  0.11132877 0.11132877 0.11132877 0.11132877 0.11132877 0.11132877 0.11132877 0.11132877 0.11132877 0.11132877 0.11132877 0.11132877 0.11132877 0.11132877 0.11132877 0.11132877 0.11132877
male 1 2007 3  0.00537618 0.01012549 0.01906518 0.03529928 0.06294537 0.10524589 0.16042825 0.21916725 0.26958734 0.30547174 0.32774431 0.34041492 0.34726816 0.35087393 0.35274351 0.35370554 0.35419863
male 1 2007 4  0.02042466 0.02042466 0.02042466 0.02042466 0.02042466 0.02042466 0.02042466 0.02042466 0.02042466 0.02042466 0.02042466 0.02042466 0.02042466 0.02042466 0.02042466 0.02042466 0.02042466
male 1 2007 5  0.00000000 0.00000000 0.00000000 0.00000000 0.00000000 0.00000000 0.00000000 0.00000000 0.00000000 0.00000000 0.00000000 0.00000000 0.00000000 0.00000000 0.00000000 0.00000000 0.00000000
male 1 2007 6  0.07824658 0.07824658 0.07824658 0.07824658 0.07824658 0.07824658 0.07824658 0.07824658 0.07824658 0.07824658 0.07824658 0.07824658 0.07824658 0.07824658 0.07824658 0.07824658 0.07824658
male 1 2008 1  0.00000000 0.00000000 0.00000000 0.00000000 0.00000000 0.00000000 0.00000000 0.00000000 0.00000000 0.00000000 0.00000000 0.00000000 0.00000000 0.00000000 0.00000000 0.00000000 0.00000000
male 1 2008 2  0.10615069 0.10615069 0.10615069 0.10615069 0.10615069 0.10615069 0.10615069 0.10615069 0.10615069 0.10615069 0.10615069 0.10615069 0.10615069 0.10615069 0.10615069 0.10615069 0.10615069
male 1 2008 3  0.00642163 0.01082145 0.01910329 0.03414276 0.05975445 0.09894219 0.15006381 0.20448035 0.25119016 0.28443392 0.30506751 0.31680571 0.32315465 0.32649507 0.32822708 0.32911831 0.32957512
male 1 2008 4  0.02560274 0.02560274 0.02560274 0.02560274 0.02560274 0.02560274 0.02560274 0.02560274 0.02560274 0.02560274 0.02560274 0.02560274 0.02560274 0.02560274 0.02560274 0.02560274 0.02560274
male 1 2008 5  0.00000000 0.00000000 0.00000000 0.00000000 0.00000000 0.00000000 0.00000000 0.00000000 0.00000000 0.00000000 0.00000000 0.00000000 0.00000000 0.00000000 0.00000000 0.00000000 0.00000000
male 1 2008 6  0.07824658 0.07824658 0.07824658 0.07824658 0.07824658 0.07824658 0.07824658 0.07824658 0.07824658 0.07824658 0.07824658 0.07824658 0.07824658 0.07824658 0.07824658 0.07824658 0.07824658
male 1 2009 1  0.00000000 0.00000000 0.00000000 0.00000000 0.00000000 0.00000000 0.00000000 0.00000000 0.00000000 0.00000000 0.00000000 0.00000000 0.00000000 0.00000000 0.00000000 0.00000000 0.00000000
male 1 2009 2  0.11017808 0.11017808 0.11017808 0.11017808 0.11017808 0.11017808 0.11017808 0.11017808 0.11017808 0.11017808 0.11017808 0.11017808 0.11017808 0.11017808 0.11017808 0.11017808 0.11017808
male 1 2009 3  0.00607434 0.01086250 0.01987529 0.03624216 0.06411435 0.10676083 0.16239448 0.22161386 0.27244631 0.30862418 0.33107890 0.34385313 0.35076242 0.35439768 0.35628255 0.35725245 0.35774957
male 1 2009 4  0.02157534 0.02157534 0.02157534 0.02157534 0.02157534 0.02157534 0.02157534 0.02157534 0.02157534 0.02157534 0.02157534 0.02157534 0.02157534 0.02157534 0.02157534 0.02157534 0.02157534
male 1 2009 5  0.00000000 0.00000000 0.00000000 0.00000000 0.00000000 0.00000000 0.00000000 0.00000000 0.00000000 0.00000000 0.00000000 0.00000000 0.00000000 0.00000000 0.00000000 0.00000000 0.00000000
male 1 2009 6  0.07824658 0.07824658 0.07824658 0.07824658 0.07824658 0.07824658 0.07824658 0.07824658 0.07824658 0.07824658 0.07824658 0.07824658 0.07824658 0.07824658 0.07824658 0.07824658 0.07824658
male 1 2010 1  0.00000000 0.00000000 0.00000000 0.00000000 0.00000000 0.00000000 0.00000000 0.00000000 0.00000000 0.00000000 0.00000000 0.00000000 0.00000000 0.00000000 0.00000000 0.00000000 0.00000000
male 1 2010 2  0.09176712 0.09176712 0.09176712 0.09176712 0.09176712 0.09176712 0.09176712 0.09176712 0.09176712 0.09176712 0.09176712 0.09176712 0.09176712 0.09176712 0.09176712 0.09176712 0.09176712
male 1 2010 3  0.00583301 0.01078034 0.02009276 0.03700374 0.06580251 0.10986674 0.16734988 0.22853797 0.28106030 0.31844088 0.34164209 0.35484099 0.36197998 0.36573608 0.36768362 0.36868576 0.36919941
male 1 2010 4  0.03998630 0.03998630 0.03998630 0.03998630 0.03998630 0.03998630 0.03998630 0.03998630 0.03998630 0.03998630 0.03998630 0.03998630 0.03998630 0.03998630 0.03998630 0.03998630 0.03998630
male 1 2010 5  0.00000000 0.00000000 0.00000000 0.00000000 0.00000000 0.00000000 0.00000000 0.00000000 0.00000000 0.00000000 0.00000000 0.00000000 0.00000000 0.00000000 0.00000000 0.00000000 0.00000000
male 1 2010 6  0.07824658 0.07824658 0.07824658 0.07824658 0.07824658 0.07824658 0.07824658 0.07824658 0.07824658 0.07824658 0.07824658 0.07824658 0.07824658 0.07824658 0.07824658 0.07824658 0.07824658
male 1 2011 1  0.00000000 0.00000000 0.00000000 0.00000000 0.00000000 0.00000000 0.00000000 0.00000000 0.00000000 0.00000000 0.00000000 0.00000000 0.00000000 0.00000000 0.00000000 0.00000000 0.00000000
male 1 2011 2  0.09895890 0.09895890 0.09895890 0.09895890 0.09895890 0.09895890 0.09895890 0.09895890 0.09895890 0.09895890 0.09895890 0.09895890 0.09895890 0.09895890 0.09895890 0.09895890 0.09895890
male 1 2011 3  0.00628836 0.01160205 0.02160408 0.03976733 0.07069871 0.11802596 0.17976583 0.24548500 0.30189670 0.34204537 0.36696468 0.38114097 0.38880861 0.39284287 0.39493462 0.39601097 0.39656265
male 1 2011 4  0.03279452 0.03279452 0.03279452 0.03279452 0.03279452 0.03279452 0.03279452 0.03279452 0.03279452 0.03279452 0.03279452 0.03279452 0.03279452 0.03279452 0.03279452 0.03279452 0.03279452
male 1 2011 5  0.00000000 0.00000000 0.00000000 0.00000000 0.00000000 0.00000000 0.00000000 0.00000000 0.00000000 0.00000000 0.00000000 0.00000000 0.00000000 0.00000000 0.00000000 0.00000000 0.00000000
male 1 2011 6  0.07824658 0.07824658 0.07824658 0.07824658 0.07824658 0.07824658 0.07824658 0.07824658 0.07824658 0.07824658 0.07824658 0.07824658 0.07824658 0.07824658 0.07824658 0.07824658 0.07824658
male 1 2012 1  0.00000000 0.00000000 0.00000000 0.00000000 0.00000000 0.00000000 0.00000000 0.00000000 0.00000000 0.00000000 0.00000000 0.00000000 0.00000000 0.00000000 0.00000000 0.00000000 0.00000000
male 1 2012 2  0.10586301 0.10586301 0.10586301 0.10586301 0.10586301 0.10586301 0.10586301 0.10586301 0.10586301 0.10586301 0.10586301 0.10586301 0.10586301 0.10586301 0.10586301 0.10586301 0.10586301
male 1 2012 3  0.00768919 0.01391338 0.02562924 0.04690477 0.08313621 0.13857297 0.21089193 0.28787204 0.35394986 0.40097798 0.43016719 0.44677259 0.45575408 0.46047960 0.46292978 0.46419055 0.46483677
male 1 2012 4  0.02589041 0.02589041 0.02589041 0.02589041 0.02589041 0.02589041 0.02589041 0.02589041 0.02589041 0.02589041 0.02589041 0.02589041 0.02589041 0.02589041 0.02589041 0.02589041 0.02589041
male 1 2012 5  0.00000000 0.00000000 0.00000000 0.00000000 0.00000000 0.00000000 0.00000000 0.00000000 0.00000000 0.00000000 0.00000000 0.00000000 0.00000000 0.00000000 0.00000000 0.00000000 0.00000000
male 1 2012 6  0.07824658 0.07824658 0.07824658 0.07824658 0.07824658 0.07824658 0.07824658 0.07824658 0.07824658 0.07824658 0.07824658 0.07824658 0.07824658 0.07824658 0.07824658 0.07824658 0.07824658
male 1 2013 1  0.00000000 0.00000000 0.00000000 0.00000000 0.00000000 0.00000000 0.00000000 0.00000000 0.00000000 0.00000000 0.00000000 0.00000000 0.00000000 0.00000000 0.00000000 0.00000000 0.00000000
male 1 2013 2  0.10701370 0.10701370 0.10701370 0.10701370 0.10701370 0.10701370 0.10701370 0.10701370 0.10701370 0.10701370 0.10701370 0.10701370 0.10701370 0.10701370 0.10701370 0.10701370 0.10701370
male 1 2013 3  0.00892862 0.01642546 0.03053685 0.05616255 0.09980219 0.16657402 0.25367995 0.34640007 0.42598873 0.48263263 0.51779012 0.53779080 0.54860872 0.55430046 0.55725162 0.55877019 0.55954853
male 1 2013 4  0.02473973 0.02473973 0.02473973 0.02473973 0.02473973 0.02473973 0.02473973 0.02473973 0.02473973 0.02473973 0.02473973 0.02473973 0.02473973 0.02473973 0.02473973 0.02473973 0.02473973
male 1 2013 5  0.00000000 0.00000000 0.00000000 0.00000000 0.00000000 0.00000000 0.00000000 0.00000000 0.00000000 0.00000000 0.00000000 0.00000000 0.00000000 0.00000000 0.00000000 0.00000000 0.00000000
male 1 2013 6  0.07824658 0.07824658 0.07824658 0.07824658 0.07824658 0.07824658 0.07824658 0.07824658 0.07824658 0.07824658 0.07824658 0.07824658 0.07824658 0.07824658 0.07824658 0.07824658 0.07824658
male 1 2014 1  0.00000000 0.00000000 0.00000000 0.00000000 0.00000000 0.00000000 0.00000000 0.00000000 0.00000000 0.00000000 0.00000000 0.00000000 0.00000000 0.00000000 0.00000000 0.00000000 0.00000000
male 1 2014 2  0.10528767 0.10528767 0.10528767 0.10528767 0.10528767 0.10528767 0.10528767 0.10528767 0.10528767 0.10528767 0.10528767 0.10528767 0.10528767 0.10528767 0.10528767 0.10528767 0.10528767
male 1 2014 3  0.00836671 0.01558505 0.02917219 0.05384590 0.09586433 0.16015558 0.24402552 0.33330110 0.40993303 0.46447261 0.49832400 0.51758166 0.52799769 0.53347798 0.53631951 0.53778166 0.53853109
male 1 2014 4  0.02646575 0.02646575 0.02646575 0.02646575 0.02646575 0.02646575 0.02646575 0.02646575 0.02646575 0.02646575 0.02646575 0.02646575 0.02646575 0.02646575 0.02646575 0.02646575 0.02646575
male 1 2014 5  0.00000000 0.00000000 0.00000000 0.00000000 0.00000000 0.00000000 0.00000000 0.00000000 0.00000000 0.00000000 0.00000000 0.00000000 0.00000000 0.00000000 0.00000000 0.00000000 0.00000000
male 1 2014 6  0.07824658 0.07824658 0.07824658 0.07824658 0.07824658 0.07824658 0.07824658 0.07824658 0.07824658 0.07824658 0.07824658 0.07824658 0.07824658 0.07824658 0.07824658 0.07824658 0.07824658
male 1 2015 1  0.00000000 0.00000000 0.00000000 0.00000000 0.00000000 0.00000000 0.00000000 0.00000000 0.00000000 0.00000000 0.00000000 0.00000000 0.00000000 0.00000000 0.00000000 0.00000000 0.00000000
male 1 2015 2  0.09723288 0.09723288 0.09723288 0.09723288 0.09723288 0.09723288 0.09723288 0.09723288 0.09723288 0.09723288 0.09723288 0.09723288 0.09723288 0.09723288 0.09723288 0.09723288 0.09723288
male 1 2015 3  0.00737037 0.01389399 0.02617349 0.04847255 0.08644703 0.14455077 0.22034889 0.30103240 0.37028912 0.41957970 0.45017316 0.46757742 0.47699100 0.48194385 0.48451190 0.48583334 0.48651064
male 1 2015 4  0.03452055 0.03452055 0.03452055 0.03452055 0.03452055 0.03452055 0.03452055 0.03452055 0.03452055 0.03452055 0.03452055 0.03452055 0.03452055 0.03452055 0.03452055 0.03452055 0.03452055
male 1 2015 5  0.00000000 0.00000000 0.00000000 0.00000000 0.00000000 0.00000000 0.00000000 0.00000000 0.00000000 0.00000000 0.00000000 0.00000000 0.00000000 0.00000000 0.00000000 0.00000000 0.00000000
male 1 2015 6  0.07824658 0.07824658 0.07824658 0.07824658 0.07824658 0.07824658 0.07824658 0.07824658 0.07824658 0.07824658 0.07824658 0.07824658 0.07824658 0.07824658 0.07824658 0.07824658 0.07824658
male 1 2016 1  0.00000000 0.00000000 0.00000000 0.00000000 0.00000000 0.00000000 0.00000000 0.00000000 0.00000000 0.00000000 0.00000000 0.00000000 0.00000000 0.00000000 0.00000000 0.00000000 0.00000000
male 1 2016 2  0.08975342 0.08975342 0.08975342 0.08975342 0.08975342 0.08975342 0.08975342 0.08975342 0.08975342 0.08975342 0.08975342 0.08975342 0.08975342 0.08975342 0.08975342 0.08975342 0.08975342
male 1 2016 3  0.00622570 0.01151751 0.02147834 0.03956679 0.07037077 0.11750311 0.17898871 0.24443721 0.30061658 0.34059990 0.36541657 0.37953448 0.38717055 0.39118818 0.39327132 0.39434324 0.39489265
male 1 2016 4  0.04200000 0.04200000 0.04200000 0.04200000 0.04200000 0.04200000 0.04200000 0.04200000 0.04200000 0.04200000 0.04200000 0.04200000 0.04200000 0.04200000 0.04200000 0.04200000 0.04200000
male 1 2016 5  0.00000000 0.00000000 0.00000000 0.00000000 0.00000000 0.00000000 0.00000000 0.00000000 0.00000000 0.00000000 0.00000000 0.00000000 0.00000000 0.00000000 0.00000000 0.00000000 0.00000000
male 1 2016 6  0.07824658 0.07824658 0.07824658 0.07824658 0.07824658 0.07824658 0.07824658 0.07824658 0.07824658 0.07824658 0.07824658 0.07824658 0.07824658 0.07824658 0.07824658 0.07824658 0.07824658
male 1 2017 1  0.00000000 0.00000000 0.00000000 0.00000000 0.00000000 0.00000000 0.00000000 0.00000000 0.00000000 0.00000000 0.00000000 0.00000000 0.00000000 0.00000000 0.00000000 0.00000000 0.00000000
male 1 2017 2  0.08054795 0.08054795 0.08054795 0.08054795 0.08054795 0.08054795 0.08054795 0.08054795 0.08054795 0.08054795 0.08054795 0.08054795 0.08054795 0.08054795 0.08054795 0.08054795 0.08054795
male 1 2017 3  0.00543312 0.01025952 0.01934430 0.03584190 0.06393672 0.10692383 0.16300186 0.22269426 0.27393274 0.31039958 0.33303366 0.34590992 0.35287440 0.35653870 0.35843863 0.35941627 0.35991736
male 1 2017 4  0.05120548 0.05120548 0.05120548 0.05120548 0.05120548 0.05120548 0.05120548 0.05120548 0.05120548 0.05120548 0.05120548 0.05120548 0.05120548 0.05120548 0.05120548 0.05120548 0.05120548
male 1 2017 5  0.00000000 0.00000000 0.00000000 0.00000000 0.00000000 0.00000000 0.00000000 0.00000000 0.00000000 0.00000000 0.00000000 0.00000000 0.00000000 0.00000000 0.00000000 0.00000000 0.00000000
male 1 2017 6  0.07824658 0.07824658 0.07824658 0.07824658 0.07824658 0.07824658 0.07824658 0.07824658 0.07824658 0.07824658 0.07824658 0.07824658 0.07824658 0.07824658 0.07824658 0.07824658 0.07824658
male 1 2018 1  0.00000000 0.00000000 0.00000000 0.00000000 0.00000000 0.00000000 0.00000000 0.00000000 0.00000000 0.00000000 0.00000000 0.00000000 0.00000000 0.00000000 0.00000000 0.00000000 0.00000000
male 1 2018 2  0.08284932 0.08284932 0.08284932 0.08284932 0.08284932 0.08284932 0.08284932 0.08284932 0.08284932 0.08284932 0.08284932 0.08284932 0.08284932 0.08284932 0.08284932 0.08284932 0.08284932
male 1 2018 3  0.00601044 0.01125266 0.02112015 0.03903910 0.06955442 0.11624509 0.17715451 0.24198970 0.29764262 0.33725127 0.36183538 0.37582100 0.38338550 0.38736549 0.38942911 0.39049098 0.39103525
male 1 2018 4  0.04890411 0.04890411 0.04890411 0.04890411 0.04890411 0.04890411 0.04890411 0.04890411 0.04890411 0.04890411 0.04890411 0.04890411 0.04890411 0.04890411 0.04890411 0.04890411 0.04890411
male 1 2018 5  0.00000000 0.00000000 0.00000000 0.00000000 0.00000000 0.00000000 0.00000000 0.00000000 0.00000000 0.00000000 0.00000000 0.00000000 0.00000000 0.00000000 0.00000000 0.00000000 0.00000000
male 1 2018 6  0.07824658 0.07824658 0.07824658 0.07824658 0.07824658 0.07824658 0.07824658 0.07824658 0.07824658 0.07824658 0.07824658 0.07824658 0.07824658 0.07824658 0.07824658 0.07824658 0.07824658
male 1 2019 1  0.00000000 0.00000000 0.00000000 0.00000000 0.00000000 0.00000000 0.00000000 0.00000000 0.00000000 0.00000000 0.00000000 0.00000000 0.00000000 0.00000000 0.00000000 0.00000000 0.00000000
male 1 2019 2  0.09579452 0.09579452 0.09579452 0.09579452 0.09579452 0.09579452 0.09579452 0.09579452 0.09579452 0.09579452 0.09579452 0.09579452 0.09579452 0.09579452 0.09579452 0.09579452 0.09579452
male 1 2019 3  0.00749381 0.01357872 0.02503242 0.04583186 0.08125255 0.13544878 0.20614946 0.28140697 0.34600616 0.39198193 0.42051797 0.43675178 0.44553229 0.45015207 0.45254742 0.45377998 0.45441174
male 1 2019 4  0.03595890 0.03595890 0.03595890 0.03595890 0.03595890 0.03595890 0.03595890 0.03595890 0.03595890 0.03595890 0.03595890 0.03595890 0.03595890 0.03595890 0.03595890 0.03595890 0.03595890
male 1 2019 5  0.00000000 0.00000000 0.00000000 0.00000000 0.00000000 0.00000000 0.00000000 0.00000000 0.00000000 0.00000000 0.00000000 0.00000000 0.00000000 0.00000000 0.00000000 0.00000000 0.00000000
male 1 2019 6  0.07824658 0.07824658 0.07824658 0.07824658 0.07824658 0.07824658 0.07824658 0.07824658 0.07824658 0.07824658 0.07824658 0.07824658 0.07824658 0.07824658 0.07824658 0.07824658 0.07824658
male 1 2020 1  0.00000000 0.00000000 0.00000000 0.00000000 0.00000000 0.00000000 0.00000000 0.00000000 0.00000000 0.00000000 0.00000000 0.00000000 0.00000000 0.00000000 0.00000000 0.00000000 0.00000000
male 1 2020 2  0.10298630 0.10298630 0.10298630 0.10298630 0.10298630 0.10298630 0.10298630 0.10298630 0.10298630 0.10298630 0.10298630 0.10298630 0.10298630 0.10298630 0.10298630 0.10298630 0.10298630
male 1 2020 3  0.00759994 0.01449064 0.02746107 0.05101483 0.09112605 0.15249913 0.23256222 0.31778558 0.39093920 0.44300323 0.47531810 0.49370166 0.50364491 0.50887645 0.51158900 0.51298478 0.51370020
male 1 2020 4  0.02876712 0.02876712 0.02876712 0.02876712 0.02876712 0.02876712 0.02876712 0.02876712 0.02876712 0.02876712 0.02876712 0.02876712 0.02876712 0.02876712 0.02876712 0.02876712 0.02876712
male 1 2020 5  0.00000000 0.00000000 0.00000000 0.00000000 0.00000000 0.00000000 0.00000000 0.00000000 0.00000000 0.00000000 0.00000000 0.00000000 0.00000000 0.00000000 0.00000000 0.00000000 0.00000000
male 1 2020 6  0.07824658 0.07824658 0.07824658 0.07824658 0.07824658 0.07824658 0.07824658 0.07824658 0.07824658 0.07824658 0.07824658 0.07824658 0.07824658 0.07824658 0.07824658 0.07824658 0.07824658
male 1 2021 1  0.00000000 0.00000000 0.00000000 0.00000000 0.00000000 0.00000000 0.00000000 0.00000000 0.00000000 0.00000000 0.00000000 0.00000000 0.00000000 0.00000000 0.00000000 0.00000000 0.00000000
male 1 2021 2  0.08198630 0.08198630 0.08198630 0.08198630 0.08198630 0.08198630 0.08198630 0.08198630 0.08198630 0.08198630 0.08198630 0.08198630 0.08198630 0.08198630 0.08198630 0.08198630 0.08198630
male 1 2021 3  0.00739157 0.01409107 0.02670161 0.04960183 0.08860008 0.14827023 0.22611181 0.30897047 0.38009429 0.43071370 0.46213194 0.48000540 0.48967275 0.49475914 0.49739642 0.49875348 0.49944904
male 1 2021 4  0.04976712 0.04976712 0.04976712 0.04976712 0.04976712 0.04976712 0.04976712 0.04976712 0.04976712 0.04976712 0.04976712 0.04976712 0.04976712 0.04976712 0.04976712 0.04976712 0.04976712
male 1 2021 5  0.00000000 0.00000000 0.00000000 0.00000000 0.00000000 0.00000000 0.00000000 0.00000000 0.00000000 0.00000000 0.00000000 0.00000000 0.00000000 0.00000000 0.00000000 0.00000000 0.00000000
male 1 2021 6  0.07824658 0.07824658 0.07824658 0.07824658 0.07824658 0.07824658 0.07824658 0.07824658 0.07824658 0.07824658 0.07824658 0.07824658 0.07824658 0.07824658 0.07824658 0.07824658 0.07824658

#--------------------------------------------------------------------------------------------
# Numbers-at-size

# N(total)
#Year 1 2 3 4 5 6 7 8 9 10 11 12 13 14 15 16 17 
1960  499.07441548 610.76755493 662.21681609 786.06619076 855.99249611 684.97130245 797.73301748 836.39404489 816.68096804 852.76824983 856.83607936 815.22856452 743.67491085 624.60723127 474.74160787 321.54384104 349.83865360
1961  442.60930681 543.65716150 599.37863657 738.78113918 826.89156680 684.97130245 797.73301748 836.39404489 816.68096804 852.76824983 856.83607936 815.22856452 743.67491085 624.60723127 474.74160787 321.54384104 349.83865360
1962  439.21660332 537.78345395 584.77946753 700.48045621 773.13520963 639.19908983 764.90728891 820.26626207 813.16420945 852.56360151 856.83371709 815.22855974 743.67491084 624.60723127 474.74160787 321.54384104 349.83865360
1963  438.74117457 536.96883355 582.46978389 692.65258090 757.25562346 614.08799799 728.57334394 782.81088169 786.38996126 837.74675190 851.01082546 813.89842518 743.52273915 624.59949897 474.74144245 321.54383966 349.83865360
1964  438.36509535 536.48752080 581.77477060 690.95536133 753.27154566 605.46996642 711.16474580 757.33683739 758.09075386 812.07839566 833.41265945 805.07021260 740.17880961 623.68212858 474.57781322 321.52650876 349.83759311
1965  437.92253296 535.94666834 581.18143559 690.14947993 751.92663803 602.70968899 704.34670319 744.44394998 738.91424057 788.88353876 812.03253490 789.99085080 731.82714685 620.15130244 473.46430796 321.26327429 349.78591591
1966  437.39257344 535.30124326 580.49632496 689.36428259 751.01349365 601.56284455 701.62653434 738.49565017 727.99070395 772.45724821 793.15043599 773.19315020 720.06136611 613.79243898 470.82118746 320.41175588 349.53066203
1967  436.76176861 534.53305783 579.68278903 688.45264489 750.05676917 600.75273385 700.23274699 735.63756122 722.13169053 762.04307038 778.83627790 757.91904770 707.28024417 605.52578420 466.67163540 318.78485729 348.89599778
1968  436.01763385 533.62666889 578.72210823 687.37634488 748.94583132 599.92634575 699.16662788 733.97478214 718.90531907 755.70877301 768.80576090 745.49023969 695.24362554 596.52680950 461.44167757 316.40899608 347.76570942
1969  435.14991922 532.56944131 577.59998107 686.11498207 747.64347655 598.98167328 698.08635330 732.68168059 716.89853369 751.79979333 762.01206433 735.99411349 684.83893353 587.73520193 455.67318835 313.45534608 346.11157569
1970  434.15286203 531.35415756 576.30772780 684.65556119 746.13065080 597.88255849 696.87166491 731.41404792 715.37541282 749.20142602 757.39799764 728.96696694 676.30636667 579.72651918 449.84318709 310.15097867 343.98143339
1971  433.02971365 529.98446625 574.84762566 682.99597650 744.40015234 596.61316844 695.47653015 730.02854564 713.97106890 747.23643603 754.13501275 723.80243571 669.51815406 572.75962998 444.29311625 306.71467114 341.47144474
1972  431.79818646 528.48150883 573.23986949 681.15238792 742.46210940 595.17085527 693.88528974 728.46620472 712.50890076 745.51482140 751.64215961 719.93986755 664.18468915 566.87418321 439.22499615 303.32339065 338.69836264
1973  430.49981779 526.89523797 571.53413061 679.17090535 740.35456024 593.56980155 692.10424859 726.71016819 710.90799582 743.82052126 749.53691028 716.92790916 659.97744614 561.98140958 434.72715351 300.10165013 335.77846775
1974  429.21170733 525.31868751 569.82453264 677.14387053 738.15949477 591.85071377 690.16728217 724.77575277 709.14225291 742.04223242 747.57982355 714.43048597 656.59142262 557.93120933 430.80736086 297.12424433 332.81439148
1975  428.06657215 523.91221533 568.27441983 675.23498390 736.02635900 590.09471510 688.14892959 722.71617505 707.22789485 740.13771626 745.63272222 712.21229912 653.77132450 554.55575895 427.42300401 294.42516754 329.88861611
1976  427.28159372 522.93847344 567.15255986 673.71729607 734.20848107 588.44557577 686.18596339 720.63861003 705.22722766 738.12082462 743.63374369 710.12177599 651.31920448 551.69540750 424.50482335 292.00828406 327.06177005
1977  427.21377725 522.82919668 566.90070901 673.03974349 733.12325073 587.14282531 684.51049147 718.73170437 703.26513935 736.06506925 741.58786909 708.07913018 649.09472738 549.21318565 421.97421159 289.85747211 324.37397374
1978  428.47876017 524.32829009 568.27706377 673.96441059 733.47177854 586.58097361 683.50649849 717.31123006 701.55941827 734.12171016 739.57176672 706.07288344 647.01477800 547.00318165 419.75545438 287.94535927 321.84791178
1979  432.23756102 528.83665447 572.69932086 677.88689834 736.50990759 587.43204081 683.82269527 716.90681290 700.47614954 732.55683198 737.75445475 704.16707933 645.05666353 544.99685265 417.78473067 286.24058784 319.49276040
1980  440.82371769 539.16721226 583.00006460 687.55354006 744.66471081 590.93295068 686.62983530 718.45114113 700.64293400 731.82544221 736.44313288 702.52400753 643.26885900 543.17068144 416.01776356 284.71400797 317.30849600
1981  458.40157494 560.34848101 604.28556647 708.03513817 762.52094716 599.52406315 694.19795793 723.70722850 703.20299600 732.73383859 736.18286816 701.45605658 641.79627165 541.55928210 414.43827522 283.34451613 315.29044341
1982  489.47268289 597.86409530 642.37137143 745.81273385 796.54876085 617.30943973 710.10622298 734.47382311 707.93082282 733.22168153 733.29170617 696.36019538 635.78429060 535.67546451 409.38807121 279.52335546 310.45444064
1983  544.35080274 663.86793299 708.38392701 808.40194902 849.07670865 638.72241473 720.65459945 711.85026976 651.90398971 638.37368713 603.44558913 550.70284244 490.41786250 405.77687058 305.71161747 206.37166933 226.68371121
1984  658.75355897 801.49810412 845.79963344 938.04704995 958.71768308 686.21531307 755.30931593 711.87395893 614.41895995 557.79797995 482.36019763 407.78202246 343.47215176 272.94882253 199.82461627 132.14054276 142.31346674
1985  779.56071535 949.31824095 1005.11898603 1122.42674663 1150.14903859 816.96014558 882.90426314 832.02063203 712.24741718 643.39350784 548.98730730 446.26795332 357.40492286 272.01000482 193.39236118 125.60606463 133.03255177
1986  852.78402139 1040.16193796 1110.17025904 1264.75865311 1316.36694458 955.32231270 1022.39034466 934.93682469 766.77176744 656.67104323 527.41191892 402.86987594 303.66372007 217.76884273 146.94456700 91.74937805 93.70966555
1987  640.23759573 789.04669951 884.29263695 1125.28790491 1268.32073147 1025.68549297 1088.29764815 941.23062753 718.45743931 539.87906475 361.00215634 233.28908728 154.38943194 98.85579797 60.39585059 34.82525113 32.90460948
1988  442.23856560 547.54294285 627.37681054 841.29193405 1000.94746447 900.20864466 1034.14930917 954.93164774 766.65248499 571.33190930 357.13304441 205.39603308 116.85551291 63.75279988 33.85051675 17.51205264 14.81457331
1989  512.17259922 624.01036363 664.76726947 762.18659452 821.85430425 679.90054304 830.56654807 808.72982201 697.72239614 547.01771475 347.19439491 195.03666286 102.27918940 48.62018144 21.81917884 9.59927159 6.77220326
1990  402.31587026 494.54249749 548.45654210 683.44776321 761.75302552 619.79627461 682.73051110 597.19237256 484.83687322 365.16509520 217.49718434 115.71271912 57.68918174 25.16165506 9.82204191 3.59462202 1.92443204
1991  297.02136951 366.51751138 413.84417867 538.05568677 624.71440871 544.31257230 619.29441466 558.94582209 450.74946015 332.46194386 196.98706084 104.80648604 51.44692172 21.54033771 7.86300749 2.59092464 1.09097845
1992  341.86849430 416.47389023 443.27128363 506.02131966 540.14367052 434.48364586 517.67699242 491.17993875 415.98903867 319.91186944 197.19889261 107.15561043 52.60470709 21.85651466 7.83489511 2.46911512 0.89864895
1993  513.23815324 621.45530790 640.98177512 669.50335617 649.24843712 430.97406617 481.79692358 447.19275549 380.82494502 310.35342194 208.67644730 122.43101750 63.26079961 27.24586522 9.96413267 3.13546029 1.08257337
1994  424.54307147 521.77344403 576.12676721 706.94375704 769.52056863 580.33214059 593.60573325 514.61676987 406.87396508 331.36489746 237.09896372 149.95393635 83.59686328 38.86696748 15.17834643 4.99676267 1.75933369
1995  435.33445952 531.63079602 572.04039842 667.73688901 715.17919209 554.21460931 608.98115564 536.00199862 408.38925738 292.86478112 179.03884044 101.74306418 55.34479553 26.30268468 10.63869479 3.62789998 1.32463903
1996  368.75584774 452.80322232 499.25450582 614.76036266 681.81268785 549.71857792 602.95885337 537.28593032 423.04343467 313.09892578 191.29965318 103.67619464 52.29939477 23.25997450 9.10947091 3.12513843 1.18405049
1997  419.76322806 511.40910341 544.00599557 618.00444787 650.52141071 499.26563363 567.92620591 523.04493553 425.02218382 321.85208252 200.62170610 110.23874513 55.29118182 23.89351933 8.96092580 2.95276105 1.09179438
1998  426.72011807 521.22703352 560.51783289 651.02606725 689.66770640 520.23368318 568.78496458 514.65530767 419.11012842 328.99199733 215.97723325 124.18322604 63.98038651 27.97419903 10.47151932 3.39884790 1.21987499
1999  511.67706499 622.65415418 657.84199228 732.34618875 751.91857845 543.99197419 598.31476623 547.36074393 445.65360880 353.68097464 240.24915217 144.29529963 77.76792789 35.50369115 13.74762895 4.54523376 1.63442874
2000  554.05977238 675.58426300 720.37810266 818.79029025 849.22526712 613.10983869 651.59337038 574.12935953 451.46245170 350.58994487 234.84766992 140.57018143 76.81621564 36.02359288 14.38596169 4.89102588 1.80377079
2001  530.70665017 649.27850856 703.48543494 831.28210648 890.17355598 674.73251461 718.84444189 628.11520796 482.73236904 360.99285050 231.86388994 134.22514650 72.24403688 33.83629968 13.62989157 4.71262614 1.78626587
2002  594.11122551 724.12455029 771.19020380 876.57207864 917.09518050 684.47958826 753.35597541 680.36619045 537.62585395 406.31722869 260.48270924 148.58605196 78.23866864 35.94435950 14.33387397 4.96478268 1.91139758
2003  325.33223580 406.76029558 484.24372483 691.28591839 837.54021818 739.25614723 803.06111922 727.41695691 584.67454342 458.16308403 306.50283346 180.12218388 95.75696072 43.88113632 17.36613223 5.97336862 2.29796130
2004  482.29325184 585.02214475 610.15980413 664.44979221 692.48722648 554.91156259 697.06703656 710.28449442 625.01837849 511.36526807 353.24656720 214.95806296 118.05402264 55.56818150 22.36084282 7.73777125 2.97697694
2005  515.71095006 629.14954895 672.03083975 766.75813975 799.42210202 589.11388977 655.19739956 630.70915776 564.97943141 502.00150276 379.36959055 247.93870281 142.70322918 69.56234801 28.83642605 10.21528208 4.00695246
2006  504.07307301 617.06773139 669.67221113 794.38759994 856.08900193 659.07598279 721.53071995 670.64584622 563.47597098 483.03171824 368.87669957 252.13607659 154.88229195 80.86384187 35.62695112 13.24844685 5.44483871
2007  477.63592359 585.41563536 639.20725014 770.75511901 846.71054450 678.94029362 764.04150762 727.01500911 613.43387089 519.41170425 392.60144217 268.37701119 168.56870922 91.82962150 42.67237360 16.76948610 7.35400205
2008  336.87859668 417.24153883 477.38471710 636.00717232 750.17602238 661.12793494 760.01199311 738.88542718 637.48837666 545.80269109 412.55507739 280.72231489 176.75539500 97.81362823 46.76650404 19.10402204 8.89297228
2009  385.81559016 470.75739468 504.34989354 586.14070532 640.20952802 537.79569070 666.75180587 692.48041391 633.76483690 561.59966447 433.23060839 298.78216984 189.65383435 105.85101331 51.33010273 21.44883955 10.42770981
2010  397.57964153 485.98130003 523.95223977 613.22592775 659.21300256 519.33842029 604.96439593 609.51591614 564.17280219 521.73484621 420.02128506 299.52357988 194.14200422 109.87784958 53.98160168 22.91436658 11.48018028
2011  277.60834954 343.86954335 393.38059708 522.79698998 612.35447296 530.43910080 602.90795155 587.50591678 523.11367898 474.99937430 384.96281012 281.48599838 188.14759053 109.40045634 54.91960037 23.73177240 12.19234331
2012  376.54305031 457.59283677 480.84719809 531.94086651 556.59858610 439.03801389 539.01666218 552.00833315 501.41587322 447.55376085 354.21275445 256.48764986 172.80955039 102.40536885 52.61511974 23.25767680 12.29361260
2013  479.79605918 583.22092532 612.23711359 669.18301497 674.58450306 473.07641737 525.67267476 501.47404142 441.86176409 396.58890782 314.00702163 225.20194198 150.32512138 89.00715283 46.16615830 20.74641934 11.27310592
2014  452.57327306 554.41927142 603.29703466 718.30970438 770.75052943 579.59167653 610.82833210 540.26678171 430.36347716 355.08419811 265.14811115 183.72055492 120.90084838 71.14273434 36.87204423 16.66322450 9.21981521
2015  400.77103612 492.24174940 542.70244866 668.62171675 744.98887717 605.36938694 669.52496579 610.37772929 484.00484593 377.82528852 260.87013152 167.29371002 104.28584046 59.44878320 30.34386812 13.66820286 7.62761611
2016  413.90256515 506.13339290 547.17425624 646.41924036 704.10506093 568.06929422 656.10546952 626.67839517 522.80595555 419.71986262 288.85350671 178.40202148 104.73281352 56.23447685 27.43513473 12.04578502 6.65827090
2017  344.33632738 423.76043377 471.26428699 591.67165564 669.51233830 560.58229981 640.97650834 618.74166300 532.83598127 449.23908463 324.87496736 206.78066659 120.83920080 62.77453393 29.22343096 12.27554702 6.53226714
2018  394.26022137 480.86750685 513.72558836 590.60150306 632.36906293 504.51734382 599.49162456 599.68855585 532.97236659 462.42739813 346.92364636 230.02233380 138.62464724 72.87984848 33.56248419 13.69259467 6.94921842
2019  294.06936437 363.23641146 410.37834059 531.50490026 611.35680035 517.57396370 586.02512390 568.04777617 501.07510733 443.70874745 343.12983529 235.13811862 146.17647881 78.86750972 36.87092470 15.02695007 7.43223425
2020  308.63429646 377.39234373 408.23540412 484.46373091 534.20887761 446.99260938 537.75312616 538.57709306 478.48013165 416.36698110 317.45007189 218.65867957 138.84412368 76.91226161 36.80581684 15.22036192 7.52342224
2021  420.07971673 510.08249462 533.13437600 578.10957839 584.58428593 422.92169811 491.09855294 480.76739846 426.97528644 374.89434047 285.34888949 195.33525759 123.81984752 69.08464771 33.56578118 14.12449221 7.08651962
2022  439.21184057 536.45600970 575.80331620 663.98579987 695.65436909 507.68938673 541.23467557 489.14456209 403.62035498 343.00405683 258.68729791 176.87352788 112.32332228 62.84885018 30.72197398 13.05535440 6.64928484

# N(males)
#Year 1 2 3 4 5 6 7 8 9 10 11 12 13 14 15 16 17 
1960  499.07441548 610.76755493 662.21681609 786.06619076 855.99249611 684.97130245 797.73301748 836.39404489 816.68096804 852.76824983 856.83607936 815.22856452 743.67491085 624.60723127 474.74160787 321.54384104 349.83865360
1961  442.60930681 543.65716150 599.37863657 738.78113918 826.89156680 684.97130245 797.73301748 836.39404489 816.68096804 852.76824983 856.83607936 815.22856452 743.67491085 624.60723127 474.74160787 321.54384104 349.83865360
1962  439.21660332 537.78345395 584.77946753 700.48045621 773.13520963 639.19908983 764.90728891 820.26626207 813.16420945 852.56360151 856.83371709 815.22855974 743.67491084 624.60723127 474.74160787 321.54384104 349.83865360
1963  438.74117457 536.96883355 582.46978389 692.65258090 757.25562346 614.08799799 728.57334394 782.81088169 786.38996126 837.74675190 851.01082546 813.89842518 743.52273915 624.59949897 474.74144245 321.54383966 349.83865360
1964  438.36509535 536.48752080 581.77477060 690.95536133 753.27154566 605.46996642 711.16474580 757.33683739 758.09075386 812.07839566 833.41265945 805.07021260 740.17880961 623.68212858 474.57781322 321.52650876 349.83759311
1965  437.92253296 535.94666834 581.18143559 690.14947993 751.92663803 602.70968899 704.34670319 744.44394998 738.91424057 788.88353876 812.03253490 789.99085080 731.82714685 620.15130244 473.46430796 321.26327429 349.78591591
1966  437.39257344 535.30124326 580.49632496 689.36428259 751.01349365 601.56284455 701.62653434 738.49565017 727.99070395 772.45724821 793.15043599 773.19315020 720.06136611 613.79243898 470.82118746 320.41175588 349.53066203
1967  436.76176861 534.53305783 579.68278903 688.45264489 750.05676917 600.75273385 700.23274699 735.63756122 722.13169053 762.04307038 778.83627790 757.91904770 707.28024417 605.52578420 466.67163540 318.78485729 348.89599778
1968  436.01763385 533.62666889 578.72210823 687.37634488 748.94583132 599.92634575 699.16662788 733.97478214 718.90531907 755.70877301 768.80576090 745.49023969 695.24362554 596.52680950 461.44167757 316.40899608 347.76570942
1969  435.14991922 532.56944131 577.59998107 686.11498207 747.64347655 598.98167328 698.08635330 732.68168059 716.89853369 751.79979333 762.01206433 735.99411349 684.83893353 587.73520193 455.67318835 313.45534608 346.11157569
1970  434.15286203 531.35415756 576.30772780 684.65556119 746.13065080 597.88255849 696.87166491 731.41404792 715.37541282 749.20142602 757.39799764 728.96696694 676.30636667 579.72651918 449.84318709 310.15097867 343.98143339
1971  433.02971365 529.98446625 574.84762566 682.99597650 744.40015234 596.61316844 695.47653015 730.02854564 713.97106890 747.23643603 754.13501275 723.80243571 669.51815406 572.75962998 444.29311625 306.71467114 341.47144474
1972  431.79818646 528.48150883 573.23986949 681.15238792 742.46210940 595.17085527 693.88528974 728.46620472 712.50890076 745.51482140 751.64215961 719.93986755 664.18468915 566.87418321 439.22499615 303.32339065 338.69836264
1973  430.49981779 526.89523797 571.53413061 679.17090535 740.35456024 593.56980155 692.10424859 726.71016819 710.90799582 743.82052126 749.53691028 716.92790916 659.97744614 561.98140958 434.72715351 300.10165013 335.77846775
1974  429.21170733 525.31868751 569.82453264 677.14387053 738.15949477 591.85071377 690.16728217 724.77575277 709.14225291 742.04223242 747.57982355 714.43048597 656.59142262 557.93120933 430.80736086 297.12424433 332.81439148
1975  428.06657215 523.91221533 568.27441983 675.23498390 736.02635900 590.09471510 688.14892959 722.71617505 707.22789485 740.13771626 745.63272222 712.21229912 653.77132450 554.55575895 427.42300401 294.42516754 329.88861611
1976  427.28159372 522.93847344 567.15255986 673.71729607 734.20848107 588.44557577 686.18596339 720.63861003 705.22722766 738.12082462 743.63374369 710.12177599 651.31920448 551.69540750 424.50482335 292.00828406 327.06177005
1977  427.21377725 522.82919668 566.90070901 673.03974349 733.12325073 587.14282531 684.51049147 718.73170437 703.26513935 736.06506925 741.58786909 708.07913018 649.09472738 549.21318565 421.97421159 289.85747211 324.37397374
1978  428.47876017 524.32829009 568.27706377 673.96441059 733.47177854 586.58097361 683.50649849 717.31123006 701.55941827 734.12171016 739.57176672 706.07288344 647.01477800 547.00318165 419.75545438 287.94535927 321.84791178
1979  432.23756102 528.83665447 572.69932086 677.88689834 736.50990759 587.43204081 683.82269527 716.90681290 700.47614954 732.55683198 737.75445475 704.16707933 645.05666353 544.99685265 417.78473067 286.24058784 319.49276040
1980  440.82371769 539.16721226 583.00006460 687.55354006 744.66471081 590.93295068 686.62983530 718.45114113 700.64293400 731.82544221 736.44313288 702.52400753 643.26885900 543.17068144 416.01776356 284.71400797 317.30849600
1981  458.40157494 560.34848101 604.28556647 708.03513817 762.52094716 599.52406315 694.19795793 723.70722850 703.20299600 732.73383859 736.18286816 701.45605658 641.79627165 541.55928210 414.43827522 283.34451613 315.29044341
1982  489.47268289 597.86409530 642.37137143 745.81273385 796.54876085 617.30943973 710.10622298 734.47382311 707.93082282 733.22168153 733.29170617 696.36019538 635.78429060 535.67546451 409.38807121 279.52335546 310.45444064
1983  544.35080274 663.86793299 708.38392701 808.40194902 849.07670865 638.72241473 720.65459945 711.85026976 651.90398971 638.37368713 603.44558913 550.70284244 490.41786250 405.77687058 305.71161747 206.37166933 226.68371121
1984  658.75355897 801.49810412 845.79963344 938.04704995 958.71768308 686.21531307 755.30931593 711.87395893 614.41895995 557.79797995 482.36019763 407.78202246 343.47215176 272.94882253 199.82461627 132.14054276 142.31346674
1985  779.56071535 949.31824095 1005.11898603 1122.42674663 1150.14903859 816.96014558 882.90426314 832.02063203 712.24741718 643.39350784 548.98730730 446.26795332 357.40492286 272.01000482 193.39236118 125.60606463 133.03255177
1986  852.78402139 1040.16193796 1110.17025904 1264.75865311 1316.36694458 955.32231270 1022.39034466 934.93682469 766.77176744 656.67104323 527.41191892 402.86987594 303.66372007 217.76884273 146.94456700 91.74937805 93.70966555
1987  640.23759573 789.04669951 884.29263695 1125.28790491 1268.32073147 1025.68549297 1088.29764815 941.23062753 718.45743931 539.87906475 361.00215634 233.28908728 154.38943194 98.85579797 60.39585059 34.82525113 32.90460948
1988  442.23856560 547.54294285 627.37681054 841.29193405 1000.94746447 900.20864466 1034.14930917 954.93164774 766.65248499 571.33190930 357.13304441 205.39603308 116.85551291 63.75279988 33.85051675 17.51205264 14.81457331
1989  512.17259922 624.01036363 664.76726947 762.18659452 821.85430425 679.90054304 830.56654807 808.72982201 697.72239614 547.01771475 347.19439491 195.03666286 102.27918940 48.62018144 21.81917884 9.59927159 6.77220326
1990  402.31587026 494.54249749 548.45654210 683.44776321 761.75302552 619.79627461 682.73051110 597.19237256 484.83687322 365.16509520 217.49718434 115.71271912 57.68918174 25.16165506 9.82204191 3.59462202 1.92443204
1991  297.02136951 366.51751138 413.84417867 538.05568677 624.71440871 544.31257230 619.29441466 558.94582209 450.74946015 332.46194386 196.98706084 104.80648604 51.44692172 21.54033771 7.86300749 2.59092464 1.09097845
1992  341.86849430 416.47389023 443.27128363 506.02131966 540.14367052 434.48364586 517.67699242 491.17993875 415.98903867 319.91186944 197.19889261 107.15561043 52.60470709 21.85651466 7.83489511 2.46911512 0.89864895
1993  513.23815324 621.45530790 640.98177512 669.50335617 649.24843712 430.97406617 481.79692358 447.19275549 380.82494502 310.35342194 208.67644730 122.43101750 63.26079961 27.24586522 9.96413267 3.13546029 1.08257337
1994  424.54307147 521.77344403 576.12676721 706.94375704 769.52056863 580.33214059 593.60573325 514.61676987 406.87396508 331.36489746 237.09896372 149.95393635 83.59686328 38.86696748 15.17834643 4.99676267 1.75933369
1995  435.33445952 531.63079602 572.04039842 667.73688901 715.17919209 554.21460931 608.98115564 536.00199862 408.38925738 292.86478112 179.03884044 101.74306418 55.34479553 26.30268468 10.63869479 3.62789998 1.32463903
1996  368.75584774 452.80322232 499.25450582 614.76036266 681.81268785 549.71857792 602.95885337 537.28593032 423.04343467 313.09892578 191.29965318 103.67619464 52.29939477 23.25997450 9.10947091 3.12513843 1.18405049
1997  419.76322806 511.40910341 544.00599557 618.00444787 650.52141071 499.26563363 567.92620591 523.04493553 425.02218382 321.85208252 200.62170610 110.23874513 55.29118182 23.89351933 8.96092580 2.95276105 1.09179438
1998  426.72011807 521.22703352 560.51783289 651.02606725 689.66770640 520.23368318 568.78496458 514.65530767 419.11012842 328.99199733 215.97723325 124.18322604 63.98038651 27.97419903 10.47151932 3.39884790 1.21987499
1999  511.67706499 622.65415418 657.84199228 732.34618875 751.91857845 543.99197419 598.31476623 547.36074393 445.65360880 353.68097464 240.24915217 144.29529963 77.76792789 35.50369115 13.74762895 4.54523376 1.63442874
2000  554.05977238 675.58426300 720.37810266 818.79029025 849.22526712 613.10983869 651.59337038 574.12935953 451.46245170 350.58994487 234.84766992 140.57018143 76.81621564 36.02359288 14.38596169 4.89102588 1.80377079
2001  530.70665017 649.27850856 703.48543494 831.28210648 890.17355598 674.73251461 718.84444189 628.11520796 482.73236904 360.99285050 231.86388994 134.22514650 72.24403688 33.83629968 13.62989157 4.71262614 1.78626587
2002  594.11122551 724.12455029 771.19020380 876.57207864 917.09518050 684.47958826 753.35597541 680.36619045 537.62585395 406.31722869 260.48270924 148.58605196 78.23866864 35.94435950 14.33387397 4.96478268 1.91139758
2003  325.33223580 406.76029558 484.24372483 691.28591839 837.54021818 739.25614723 803.06111922 727.41695691 584.67454342 458.16308403 306.50283346 180.12218388 95.75696072 43.88113632 17.36613223 5.97336862 2.29796130
2004  482.29325184 585.02214475 610.15980413 664.44979221 692.48722648 554.91156259 697.06703656 710.28449442 625.01837849 511.36526807 353.24656720 214.95806296 118.05402264 55.56818150 22.36084282 7.73777125 2.97697694
2005  515.71095006 629.14954895 672.03083975 766.75813975 799.42210202 589.11388977 655.19739956 630.70915776 564.97943141 502.00150276 379.36959055 247.93870281 142.70322918 69.56234801 28.83642605 10.21528208 4.00695246
2006  504.07307301 617.06773139 669.67221113 794.38759994 856.08900193 659.07598279 721.53071995 670.64584622 563.47597098 483.03171824 368.87669957 252.13607659 154.88229195 80.86384187 35.62695112 13.24844685 5.44483871
2007  477.63592359 585.41563536 639.20725014 770.75511901 846.71054450 678.94029362 764.04150762 727.01500911 613.43387089 519.41170425 392.60144217 268.37701119 168.56870922 91.82962150 42.67237360 16.76948610 7.35400205
2008  336.87859668 417.24153883 477.38471710 636.00717232 750.17602238 661.12793494 760.01199311 738.88542718 637.48837666 545.80269109 412.55507739 280.72231489 176.75539500 97.81362823 46.76650404 19.10402204 8.89297228
2009  385.81559016 470.75739468 504.34989354 586.14070532 640.20952802 537.79569070 666.75180587 692.48041391 633.76483690 561.59966447 433.23060839 298.78216984 189.65383435 105.85101331 51.33010273 21.44883955 10.42770981
2010  397.57964153 485.98130003 523.95223977 613.22592775 659.21300256 519.33842029 604.96439593 609.51591614 564.17280219 521.73484621 420.02128506 299.52357988 194.14200422 109.87784958 53.98160168 22.91436658 11.48018028
2011  277.60834954 343.86954335 393.38059708 522.79698998 612.35447296 530.43910080 602.90795155 587.50591678 523.11367898 474.99937430 384.96281012 281.48599838 188.14759053 109.40045634 54.91960037 23.73177240 12.19234331
2012  376.54305031 457.59283677 480.84719809 531.94086651 556.59858610 439.03801389 539.01666218 552.00833315 501.41587322 447.55376085 354.21275445 256.48764986 172.80955039 102.40536885 52.61511974 23.25767680 12.29361260
2013  479.79605918 583.22092532 612.23711359 669.18301497 674.58450306 473.07641737 525.67267476 501.47404142 441.86176409 396.58890782 314.00702163 225.20194198 150.32512138 89.00715283 46.16615830 20.74641934 11.27310592
2014  452.57327306 554.41927142 603.29703466 718.30970438 770.75052943 579.59167653 610.82833210 540.26678171 430.36347716 355.08419811 265.14811115 183.72055492 120.90084838 71.14273434 36.87204423 16.66322450 9.21981521
2015  400.77103612 492.24174940 542.70244866 668.62171675 744.98887717 605.36938694 669.52496579 610.37772929 484.00484593 377.82528852 260.87013152 167.29371002 104.28584046 59.44878320 30.34386812 13.66820286 7.62761611
2016  413.90256515 506.13339290 547.17425624 646.41924036 704.10506093 568.06929422 656.10546952 626.67839517 522.80595555 419.71986262 288.85350671 178.40202148 104.73281352 56.23447685 27.43513473 12.04578502 6.65827090
2017  344.33632738 423.76043377 471.26428699 591.67165564 669.51233830 560.58229981 640.97650834 618.74166300 532.83598127 449.23908463 324.87496736 206.78066659 120.83920080 62.77453393 29.22343096 12.27554702 6.53226714
2018  394.26022137 480.86750685 513.72558836 590.60150306 632.36906293 504.51734382 599.49162456 599.68855585 532.97236659 462.42739813 346.92364636 230.02233380 138.62464724 72.87984848 33.56248419 13.69259467 6.94921842
2019  294.06936437 363.23641146 410.37834059 531.50490026 611.35680035 517.57396370 586.02512390 568.04777617 501.07510733 443.70874745 343.12983529 235.13811862 146.17647881 78.86750972 36.87092470 15.02695007 7.43223425
2020  308.63429646 377.39234373 408.23540412 484.46373091 534.20887761 446.99260938 537.75312616 538.57709306 478.48013165 416.36698110 317.45007189 218.65867957 138.84412368 76.91226161 36.80581684 15.22036192 7.52342224
2021  420.07971673 510.08249462 533.13437600 578.10957839 584.58428593 422.92169811 491.09855294 480.76739846 426.97528644 374.89434047 285.34888949 195.33525759 123.81984752 69.08464771 33.56578118 14.12449221 7.08651962
2022  439.21184057 536.45600970 575.80331620 663.98579987 695.65436909 507.68938673 541.23467557 489.14456209 403.62035498 343.00405683 258.68729791 176.87352788 112.32332228 62.84885018 30.72197398 13.05535440 6.64928484

# N(males_new)
#Year 1 2 3 4 5 6 7 8 9 10 11 12 13 14 15 16 17 
1960  499.07441548 610.76755493 662.21681609 786.06619076 855.99249611 684.97130245 797.73301748 836.39404489 816.68096804 852.76824983 856.83607936 815.22856452 743.67491085 624.60723127 474.74160787 321.54384104 349.83865360
1961  442.60930681 543.65716150 599.37863657 738.78113918 826.89156680 684.97130245 797.73301748 836.39404489 816.68096804 852.76824983 856.83607936 815.22856452 743.67491085 624.60723127 474.74160787 321.54384104 349.83865360
1962  439.21660332 537.78345395 584.77946753 700.48045621 773.13520963 639.19908983 764.90728891 820.26626207 813.16420945 852.56360151 856.83371709 815.22855974 743.67491084 624.60723127 474.74160787 321.54384104 349.83865360
1963  438.74117457 536.96883355 582.46978389 692.65258090 757.25562346 614.08799799 728.57334394 782.81088169 786.38996126 837.74675190 851.01082546 813.89842518 743.52273915 624.59949897 474.74144245 321.54383966 349.83865360
1964  438.36509535 536.48752080 581.77477060 690.95536133 753.27154566 605.46996642 711.16474580 757.33683739 758.09075386 812.07839566 833.41265945 805.07021260 740.17880961 623.68212858 474.57781322 321.52650876 349.83759311
1965  437.92253296 535.94666834 581.18143559 690.14947993 751.92663803 602.70968899 704.34670319 744.44394998 738.91424057 788.88353876 812.03253490 789.99085080 731.82714685 620.15130244 473.46430796 321.26327429 349.78591591
1966  437.39257344 535.30124326 580.49632496 689.36428259 751.01349365 601.56284455 701.62653434 738.49565017 727.99070395 772.45724821 793.15043599 773.19315020 720.06136611 613.79243898 470.82118746 320.41175588 349.53066203
1967  436.76176861 534.53305783 579.68278903 688.45264489 750.05676917 600.75273385 700.23274699 735.63756122 722.13169053 762.04307038 778.83627790 757.91904770 707.28024417 605.52578420 466.67163540 318.78485729 348.89599778
1968  436.01763385 533.62666889 578.72210823 687.37634488 748.94583132 599.92634575 699.16662788 733.97478214 718.90531907 755.70877301 768.80576090 745.49023969 695.24362554 596.52680950 461.44167757 316.40899608 347.76570942
1969  435.14991922 532.56944131 577.59998107 686.11498207 747.64347655 598.98167328 698.08635330 732.68168059 716.89853369 751.79979333 762.01206433 735.99411349 684.83893353 587.73520193 455.67318835 313.45534608 346.11157569
1970  434.15286203 531.35415756 576.30772780 684.65556119 746.13065080 597.88255849 696.87166491 731.41404792 715.37541282 749.20142602 757.39799764 728.96696694 676.30636667 579.72651918 449.84318709 310.15097867 343.98143339
1971  433.02971365 529.98446625 574.84762566 682.99597650 744.40015234 596.61316844 695.47653015 730.02854564 713.97106890 747.23643603 754.13501275 723.80243571 669.51815406 572.75962998 444.29311625 306.71467114 341.47144474
1972  431.79818646 528.48150883 573.23986949 681.15238792 742.46210940 595.17085527 693.88528974 728.46620472 712.50890076 745.51482140 751.64215961 719.93986755 664.18468915 566.87418321 439.22499615 303.32339065 338.69836264
1973  430.49981779 526.89523797 571.53413061 679.17090535 740.35456024 593.56980155 692.10424859 726.71016819 710.90799582 743.82052126 749.53691028 716.92790916 659.97744614 561.98140958 434.72715351 300.10165013 335.77846775
1974  429.21170733 525.31868751 569.82453264 677.14387053 738.15949477 591.85071377 690.16728217 724.77575277 709.14225291 742.04223242 747.57982355 714.43048597 656.59142262 557.93120933 430.80736086 297.12424433 332.81439148
1975  428.06657215 523.91221533 568.27441983 675.23498390 736.02635900 590.09471510 688.14892959 722.71617505 707.22789485 740.13771626 745.63272222 712.21229912 653.77132450 554.55575895 427.42300401 294.42516754 329.88861611
1976  427.28159372 522.93847344 567.15255986 673.71729607 734.20848107 588.44557577 686.18596339 720.63861003 705.22722766 738.12082462 743.63374369 710.12177599 651.31920448 551.69540750 424.50482335 292.00828406 327.06177005
1977  427.21377725 522.82919668 566.90070901 673.03974349 733.12325073 587.14282531 684.51049147 718.73170437 703.26513935 736.06506925 741.58786909 708.07913018 649.09472738 549.21318565 421.97421159 289.85747211 324.37397374
1978  428.47876017 524.32829009 568.27706377 673.96441059 733.47177854 586.58097361 683.50649849 717.31123006 701.55941827 734.12171016 739.57176672 706.07288344 647.01477800 547.00318165 419.75545438 287.94535927 321.84791178
1979  432.23756102 528.83665447 572.69932086 677.88689834 736.50990759 587.43204081 683.82269527 716.90681290 700.47614954 732.55683198 737.75445475 704.16707933 645.05666353 544.99685265 417.78473067 286.24058784 319.49276040
1980  440.82371769 539.16721226 583.00006460 687.55354006 744.66471081 590.93295068 686.62983530 718.45114113 700.64293400 731.82544221 736.44313288 702.52400753 643.26885900 543.17068144 416.01776356 284.71400797 317.30849600
1981  458.40157494 560.34848101 604.28556647 708.03513817 762.52094716 599.52406315 694.19795793 723.70722850 703.20299600 732.73383859 736.18286816 701.45605658 641.79627165 541.55928210 414.43827522 283.34451613 315.29044341
1982  489.47268289 597.86409530 642.37137143 745.81273385 796.54876085 617.30943973 710.10622298 734.47382311 707.93082282 733.22168153 733.29170617 696.36019538 635.78429060 535.67546451 409.38807121 279.52335546 310.45444064
1983  544.35080274 663.86793299 708.38392701 808.40194902 849.07670865 638.72241473 720.65459945 711.85026976 651.90398971 638.37368713 603.44558913 550.70284244 490.41786250 405.77687058 305.71161747 206.37166933 226.68371121
1984  658.75355897 801.49810412 845.79963344 938.04704995 958.71768308 686.21531307 755.30931593 711.87395893 614.41895995 557.79797995 482.36019763 407.78202246 343.47215176 272.94882253 199.82461627 132.14054276 142.31346674
1985  779.56071535 949.31824095 1005.11898603 1122.42674663 1150.14903859 816.96014558 882.90426314 832.02063203 712.24741718 643.39350784 548.98730730 446.26795332 357.40492286 272.01000482 193.39236118 125.60606463 133.03255177
1986  852.78402139 1040.16193796 1110.17025904 1264.75865311 1316.36694458 955.32231270 1022.39034466 934.93682469 766.77176744 656.67104323 527.41191892 402.86987594 303.66372007 217.76884273 146.94456700 91.74937805 93.70966555
1987  640.23759573 789.04669951 884.29263695 1125.28790491 1268.32073147 1025.68549297 1088.29764815 941.23062753 718.45743931 539.87906475 361.00215634 233.28908728 154.38943194 98.85579797 60.39585059 34.82525113 32.90460948
1988  442.23856560 547.54294285 627.37681054 841.29193405 1000.94746447 900.20864466 1034.14930917 954.93164774 766.65248499 571.33190930 357.13304441 205.39603308 116.85551291 63.75279988 33.85051675 17.51205264 14.81457331
1989  512.17259922 624.01036363 664.76726947 762.18659452 821.85430425 679.90054304 830.56654807 808.72982201 697.72239614 547.01771475 347.19439491 195.03666286 102.27918940 48.62018144 21.81917884 9.59927159 6.77220326
1990  402.31587026 494.54249749 548.45654210 683.44776321 761.75302552 619.79627461 682.73051110 597.19237256 484.83687322 365.16509520 217.49718434 115.71271912 57.68918174 25.16165506 9.82204191 3.59462202 1.92443204
1991  297.02136951 366.51751138 413.84417867 538.05568677 624.71440871 544.31257230 619.29441466 558.94582209 450.74946015 332.46194386 196.98706084 104.80648604 51.44692172 21.54033771 7.86300749 2.59092464 1.09097845
1992  341.86849430 416.47389023 443.27128363 506.02131966 540.14367052 434.48364586 517.67699242 491.17993875 415.98903867 319.91186944 197.19889261 107.15561043 52.60470709 21.85651466 7.83489511 2.46911512 0.89864895
1993  513.23815324 621.45530790 640.98177512 669.50335617 649.24843712 430.97406617 481.79692358 447.19275549 380.82494502 310.35342194 208.67644730 122.43101750 63.26079961 27.24586522 9.96413267 3.13546029 1.08257337
1994  424.54307147 521.77344403 576.12676721 706.94375704 769.52056863 580.33214059 593.60573325 514.61676987 406.87396508 331.36489746 237.09896372 149.95393635 83.59686328 38.86696748 15.17834643 4.99676267 1.75933369
1995  435.33445952 531.63079602 572.04039842 667.73688901 715.17919209 554.21460931 608.98115564 536.00199862 408.38925738 292.86478112 179.03884044 101.74306418 55.34479553 26.30268468 10.63869479 3.62789998 1.32463903
1996  368.75584774 452.80322232 499.25450582 614.76036266 681.81268785 549.71857792 602.95885337 537.28593032 423.04343467 313.09892578 191.29965318 103.67619464 52.29939477 23.25997450 9.10947091 3.12513843 1.18405049
1997  419.76322806 511.40910341 544.00599557 618.00444787 650.52141071 499.26563363 567.92620591 523.04493553 425.02218382 321.85208252 200.62170610 110.23874513 55.29118182 23.89351933 8.96092580 2.95276105 1.09179438
1998  426.72011807 521.22703352 560.51783289 651.02606725 689.66770640 520.23368318 568.78496458 514.65530767 419.11012842 328.99199733 215.97723325 124.18322604 63.98038651 27.97419903 10.47151932 3.39884790 1.21987499
1999  511.67706499 622.65415418 657.84199228 732.34618875 751.91857845 543.99197419 598.31476623 547.36074393 445.65360880 353.68097464 240.24915217 144.29529963 77.76792789 35.50369115 13.74762895 4.54523376 1.63442874
2000  554.05977238 675.58426300 720.37810266 818.79029025 849.22526712 613.10983869 651.59337038 574.12935953 451.46245170 350.58994487 234.84766992 140.57018143 76.81621564 36.02359288 14.38596169 4.89102588 1.80377079
2001  530.70665017 649.27850856 703.48543494 831.28210648 890.17355598 674.73251461 718.84444189 628.11520796 482.73236904 360.99285050 231.86388994 134.22514650 72.24403688 33.83629968 13.62989157 4.71262614 1.78626587
2002  594.11122551 724.12455029 771.19020380 876.57207864 917.09518050 684.47958826 753.35597541 680.36619045 537.62585395 406.31722869 260.48270924 148.58605196 78.23866864 35.94435950 14.33387397 4.96478268 1.91139758
2003  325.33223580 406.76029558 484.24372483 691.28591839 837.54021818 739.25614723 803.06111922 727.41695691 584.67454342 458.16308403 306.50283346 180.12218388 95.75696072 43.88113632 17.36613223 5.97336862 2.29796130
2004  482.29325184 585.02214475 610.15980413 664.44979221 692.48722648 554.91156259 697.06703656 710.28449442 625.01837849 511.36526807 353.24656720 214.95806296 118.05402264 55.56818150 22.36084282 7.73777125 2.97697694
2005  515.71095006 629.14954895 672.03083975 766.75813975 799.42210202 589.11388977 655.19739956 630.70915776 564.97943141 502.00150276 379.36959055 247.93870281 142.70322918 69.56234801 28.83642605 10.21528208 4.00695246
2006  504.07307301 617.06773139 669.67221113 794.38759994 856.08900193 659.07598279 721.53071995 670.64584622 563.47597098 483.03171824 368.87669957 252.13607659 154.88229195 80.86384187 35.62695112 13.24844685 5.44483871
2007  477.63592359 585.41563536 639.20725014 770.75511901 846.71054450 678.94029362 764.04150762 727.01500911 613.43387089 519.41170425 392.60144217 268.37701119 168.56870922 91.82962150 42.67237360 16.76948610 7.35400205
2008  336.87859668 417.24153883 477.38471710 636.00717232 750.17602238 661.12793494 760.01199311 738.88542718 637.48837666 545.80269109 412.55507739 280.72231489 176.75539500 97.81362823 46.76650404 19.10402204 8.89297228
2009  385.81559016 470.75739468 504.34989354 586.14070532 640.20952802 537.79569070 666.75180587 692.48041391 633.76483690 561.59966447 433.23060839 298.78216984 189.65383435 105.85101331 51.33010273 21.44883955 10.42770981
2010  397.57964153 485.98130003 523.95223977 613.22592775 659.21300256 519.33842029 604.96439593 609.51591614 564.17280219 521.73484621 420.02128506 299.52357988 194.14200422 109.87784958 53.98160168 22.91436658 11.48018028
2011  277.60834954 343.86954335 393.38059708 522.79698998 612.35447296 530.43910080 602.90795155 587.50591678 523.11367898 474.99937430 384.96281012 281.48599838 188.14759053 109.40045634 54.91960037 23.73177240 12.19234331
2012  376.54305031 457.59283677 480.84719809 531.94086651 556.59858610 439.03801389 539.01666218 552.00833315 501.41587322 447.55376085 354.21275445 256.48764986 172.80955039 102.40536885 52.61511974 23.25767680 12.29361260
2013  479.79605918 583.22092532 612.23711359 669.18301497 674.58450306 473.07641737 525.67267476 501.47404142 441.86176409 396.58890782 314.00702163 225.20194198 150.32512138 89.00715283 46.16615830 20.74641934 11.27310592
2014  452.57327306 554.41927142 603.29703466 718.30970438 770.75052943 579.59167653 610.82833210 540.26678171 430.36347716 355.08419811 265.14811115 183.72055492 120.90084838 71.14273434 36.87204423 16.66322450 9.21981521
2015  400.77103612 492.24174940 542.70244866 668.62171675 744.98887717 605.36938694 669.52496579 610.37772929 484.00484593 377.82528852 260.87013152 167.29371002 104.28584046 59.44878320 30.34386812 13.66820286 7.62761611
2016  413.90256515 506.13339290 547.17425624 646.41924036 704.10506093 568.06929422 656.10546952 626.67839517 522.80595555 419.71986262 288.85350671 178.40202148 104.73281352 56.23447685 27.43513473 12.04578502 6.65827090
2017  344.33632738 423.76043377 471.26428699 591.67165564 669.51233830 560.58229981 640.97650834 618.74166300 532.83598127 449.23908463 324.87496736 206.78066659 120.83920080 62.77453393 29.22343096 12.27554702 6.53226714
2018  394.26022137 480.86750685 513.72558836 590.60150306 632.36906293 504.51734382 599.49162456 599.68855585 532.97236659 462.42739813 346.92364636 230.02233380 138.62464724 72.87984848 33.56248419 13.69259467 6.94921842
2019  294.06936437 363.23641146 410.37834059 531.50490026 611.35680035 517.57396370 586.02512390 568.04777617 501.07510733 443.70874745 343.12983529 235.13811862 146.17647881 78.86750972 36.87092470 15.02695007 7.43223425
2020  308.63429646 377.39234373 408.23540412 484.46373091 534.20887761 446.99260938 537.75312616 538.57709306 478.48013165 416.36698110 317.45007189 218.65867957 138.84412368 76.91226161 36.80581684 15.22036192 7.52342224
2021  420.07971673 510.08249462 533.13437600 578.10957839 584.58428593 422.92169811 491.09855294 480.76739846 426.97528644 374.89434047 285.34888949 195.33525759 123.81984752 69.08464771 33.56578118 14.12449221 7.08651962
2022  439.21184057 536.45600970 575.80331620 663.98579987 695.65436909 507.68938673 541.23467557 489.14456209 403.62035498 343.00405683 258.68729791 176.87352788 112.32332228 62.84885018 30.72197398 13.05535440 6.64928484

# N(males_old)
#Year 1 2 3 4 5 6 7 8 9 10 11 12 13 14 15 16 17 
1960  0.00000000 0.00000000 0.00000000 0.00000000 0.00000000 0.00000000 0.00000000 0.00000000 0.00000000 0.00000000 0.00000000 0.00000000 0.00000000 0.00000000 0.00000000 0.00000000 0.00000000
1961  0.00000000 0.00000000 0.00000000 0.00000000 0.00000000 0.00000000 0.00000000 0.00000000 0.00000000 0.00000000 0.00000000 0.00000000 0.00000000 0.00000000 0.00000000 0.00000000 0.00000000
1962  0.00000000 0.00000000 0.00000000 0.00000000 0.00000000 0.00000000 0.00000000 0.00000000 0.00000000 0.00000000 0.00000000 0.00000000 0.00000000 0.00000000 0.00000000 0.00000000 0.00000000
1963  0.00000000 0.00000000 0.00000000 0.00000000 0.00000000 0.00000000 0.00000000 0.00000000 0.00000000 0.00000000 0.00000000 0.00000000 0.00000000 0.00000000 0.00000000 0.00000000 0.00000000
1964  0.00000000 0.00000000 0.00000000 0.00000000 0.00000000 0.00000000 0.00000000 0.00000000 0.00000000 0.00000000 0.00000000 0.00000000 0.00000000 0.00000000 0.00000000 0.00000000 0.00000000
1965  0.00000000 0.00000000 0.00000000 0.00000000 0.00000000 0.00000000 0.00000000 0.00000000 0.00000000 0.00000000 0.00000000 0.00000000 0.00000000 0.00000000 0.00000000 0.00000000 0.00000000
1966  0.00000000 0.00000000 0.00000000 0.00000000 0.00000000 0.00000000 0.00000000 0.00000000 0.00000000 0.00000000 0.00000000 0.00000000 0.00000000 0.00000000 0.00000000 0.00000000 0.00000000
1967  0.00000000 0.00000000 0.00000000 0.00000000 0.00000000 0.00000000 0.00000000 0.00000000 0.00000000 0.00000000 0.00000000 0.00000000 0.00000000 0.00000000 0.00000000 0.00000000 0.00000000
1968  0.00000000 0.00000000 0.00000000 0.00000000 0.00000000 0.00000000 0.00000000 0.00000000 0.00000000 0.00000000 0.00000000 0.00000000 0.00000000 0.00000000 0.00000000 0.00000000 0.00000000
1969  0.00000000 0.00000000 0.00000000 0.00000000 0.00000000 0.00000000 0.00000000 0.00000000 0.00000000 0.00000000 0.00000000 0.00000000 0.00000000 0.00000000 0.00000000 0.00000000 0.00000000
1970  0.00000000 0.00000000 0.00000000 0.00000000 0.00000000 0.00000000 0.00000000 0.00000000 0.00000000 0.00000000 0.00000000 0.00000000 0.00000000 0.00000000 0.00000000 0.00000000 0.00000000
1971  0.00000000 0.00000000 0.00000000 0.00000000 0.00000000 0.00000000 0.00000000 0.00000000 0.00000000 0.00000000 0.00000000 0.00000000 0.00000000 0.00000000 0.00000000 0.00000000 0.00000000
1972  0.00000000 0.00000000 0.00000000 0.00000000 0.00000000 0.00000000 0.00000000 0.00000000 0.00000000 0.00000000 0.00000000 0.00000000 0.00000000 0.00000000 0.00000000 0.00000000 0.00000000
1973  0.00000000 0.00000000 0.00000000 0.00000000 0.00000000 0.00000000 0.00000000 0.00000000 0.00000000 0.00000000 0.00000000 0.00000000 0.00000000 0.00000000 0.00000000 0.00000000 0.00000000
1974  0.00000000 0.00000000 0.00000000 0.00000000 0.00000000 0.00000000 0.00000000 0.00000000 0.00000000 0.00000000 0.00000000 0.00000000 0.00000000 0.00000000 0.00000000 0.00000000 0.00000000
1975  0.00000000 0.00000000 0.00000000 0.00000000 0.00000000 0.00000000 0.00000000 0.00000000 0.00000000 0.00000000 0.00000000 0.00000000 0.00000000 0.00000000 0.00000000 0.00000000 0.00000000
1976  0.00000000 0.00000000 0.00000000 0.00000000 0.00000000 0.00000000 0.00000000 0.00000000 0.00000000 0.00000000 0.00000000 0.00000000 0.00000000 0.00000000 0.00000000 0.00000000 0.00000000
1977  0.00000000 0.00000000 0.00000000 0.00000000 0.00000000 0.00000000 0.00000000 0.00000000 0.00000000 0.00000000 0.00000000 0.00000000 0.00000000 0.00000000 0.00000000 0.00000000 0.00000000
1978  0.00000000 0.00000000 0.00000000 0.00000000 0.00000000 0.00000000 0.00000000 0.00000000 0.00000000 0.00000000 0.00000000 0.00000000 0.00000000 0.00000000 0.00000000 0.00000000 0.00000000
1979  0.00000000 0.00000000 0.00000000 0.00000000 0.00000000 0.00000000 0.00000000 0.00000000 0.00000000 0.00000000 0.00000000 0.00000000 0.00000000 0.00000000 0.00000000 0.00000000 0.00000000
1980  0.00000000 0.00000000 0.00000000 0.00000000 0.00000000 0.00000000 0.00000000 0.00000000 0.00000000 0.00000000 0.00000000 0.00000000 0.00000000 0.00000000 0.00000000 0.00000000 0.00000000
1981  0.00000000 0.00000000 0.00000000 0.00000000 0.00000000 0.00000000 0.00000000 0.00000000 0.00000000 0.00000000 0.00000000 0.00000000 0.00000000 0.00000000 0.00000000 0.00000000 0.00000000
1982  0.00000000 0.00000000 0.00000000 0.00000000 0.00000000 0.00000000 0.00000000 0.00000000 0.00000000 0.00000000 0.00000000 0.00000000 0.00000000 0.00000000 0.00000000 0.00000000 0.00000000
1983  0.00000000 0.00000000 0.00000000 0.00000000 0.00000000 0.00000000 0.00000000 0.00000000 0.00000000 0.00000000 0.00000000 0.00000000 0.00000000 0.00000000 0.00000000 0.00000000 0.00000000
1984  0.00000000 0.00000000 0.00000000 0.00000000 0.00000000 0.00000000 0.00000000 0.00000000 0.00000000 0.00000000 0.00000000 0.00000000 0.00000000 0.00000000 0.00000000 0.00000000 0.00000000
1985  0.00000000 0.00000000 0.00000000 0.00000000 0.00000000 0.00000000 0.00000000 0.00000000 0.00000000 0.00000000 0.00000000 0.00000000 0.00000000 0.00000000 0.00000000 0.00000000 0.00000000
1986  0.00000000 0.00000000 0.00000000 0.00000000 0.00000000 0.00000000 0.00000000 0.00000000 0.00000000 0.00000000 0.00000000 0.00000000 0.00000000 0.00000000 0.00000000 0.00000000 0.00000000
1987  0.00000000 0.00000000 0.00000000 0.00000000 0.00000000 0.00000000 0.00000000 0.00000000 0.00000000 0.00000000 0.00000000 0.00000000 0.00000000 0.00000000 0.00000000 0.00000000 0.00000000
1988  0.00000000 0.00000000 0.00000000 0.00000000 0.00000000 0.00000000 0.00000000 0.00000000 0.00000000 0.00000000 0.00000000 0.00000000 0.00000000 0.00000000 0.00000000 0.00000000 0.00000000
1989  0.00000000 0.00000000 0.00000000 0.00000000 0.00000000 0.00000000 0.00000000 0.00000000 0.00000000 0.00000000 0.00000000 0.00000000 0.00000000 0.00000000 0.00000000 0.00000000 0.00000000
1990  0.00000000 0.00000000 0.00000000 0.00000000 0.00000000 0.00000000 0.00000000 0.00000000 0.00000000 0.00000000 0.00000000 0.00000000 0.00000000 0.00000000 0.00000000 0.00000000 0.00000000
1991  0.00000000 0.00000000 0.00000000 0.00000000 0.00000000 0.00000000 0.00000000 0.00000000 0.00000000 0.00000000 0.00000000 0.00000000 0.00000000 0.00000000 0.00000000 0.00000000 0.00000000
1992  0.00000000 0.00000000 0.00000000 0.00000000 0.00000000 0.00000000 0.00000000 0.00000000 0.00000000 0.00000000 0.00000000 0.00000000 0.00000000 0.00000000 0.00000000 0.00000000 0.00000000
1993  0.00000000 0.00000000 0.00000000 0.00000000 0.00000000 0.00000000 0.00000000 0.00000000 0.00000000 0.00000000 0.00000000 0.00000000 0.00000000 0.00000000 0.00000000 0.00000000 0.00000000
1994  0.00000000 0.00000000 0.00000000 0.00000000 0.00000000 0.00000000 0.00000000 0.00000000 0.00000000 0.00000000 0.00000000 0.00000000 0.00000000 0.00000000 0.00000000 0.00000000 0.00000000
1995  0.00000000 0.00000000 0.00000000 0.00000000 0.00000000 0.00000000 0.00000000 0.00000000 0.00000000 0.00000000 0.00000000 0.00000000 0.00000000 0.00000000 0.00000000 0.00000000 0.00000000
1996  0.00000000 0.00000000 0.00000000 0.00000000 0.00000000 0.00000000 0.00000000 0.00000000 0.00000000 0.00000000 0.00000000 0.00000000 0.00000000 0.00000000 0.00000000 0.00000000 0.00000000
1997  0.00000000 0.00000000 0.00000000 0.00000000 0.00000000 0.00000000 0.00000000 0.00000000 0.00000000 0.00000000 0.00000000 0.00000000 0.00000000 0.00000000 0.00000000 0.00000000 0.00000000
1998  0.00000000 0.00000000 0.00000000 0.00000000 0.00000000 0.00000000 0.00000000 0.00000000 0.00000000 0.00000000 0.00000000 0.00000000 0.00000000 0.00000000 0.00000000 0.00000000 0.00000000
1999  0.00000000 0.00000000 0.00000000 0.00000000 0.00000000 0.00000000 0.00000000 0.00000000 0.00000000 0.00000000 0.00000000 0.00000000 0.00000000 0.00000000 0.00000000 0.00000000 0.00000000
2000  0.00000000 0.00000000 0.00000000 0.00000000 0.00000000 0.00000000 0.00000000 0.00000000 0.00000000 0.00000000 0.00000000 0.00000000 0.00000000 0.00000000 0.00000000 0.00000000 0.00000000
2001  0.00000000 0.00000000 0.00000000 0.00000000 0.00000000 0.00000000 0.00000000 0.00000000 0.00000000 0.00000000 0.00000000 0.00000000 0.00000000 0.00000000 0.00000000 0.00000000 0.00000000
2002  0.00000000 0.00000000 0.00000000 0.00000000 0.00000000 0.00000000 0.00000000 0.00000000 0.00000000 0.00000000 0.00000000 0.00000000 0.00000000 0.00000000 0.00000000 0.00000000 0.00000000
2003  0.00000000 0.00000000 0.00000000 0.00000000 0.00000000 0.00000000 0.00000000 0.00000000 0.00000000 0.00000000 0.00000000 0.00000000 0.00000000 0.00000000 0.00000000 0.00000000 0.00000000
2004  0.00000000 0.00000000 0.00000000 0.00000000 0.00000000 0.00000000 0.00000000 0.00000000 0.00000000 0.00000000 0.00000000 0.00000000 0.00000000 0.00000000 0.00000000 0.00000000 0.00000000
2005  0.00000000 0.00000000 0.00000000 0.00000000 0.00000000 0.00000000 0.00000000 0.00000000 0.00000000 0.00000000 0.00000000 0.00000000 0.00000000 0.00000000 0.00000000 0.00000000 0.00000000
2006  0.00000000 0.00000000 0.00000000 0.00000000 0.00000000 0.00000000 0.00000000 0.00000000 0.00000000 0.00000000 0.00000000 0.00000000 0.00000000 0.00000000 0.00000000 0.00000000 0.00000000
2007  0.00000000 0.00000000 0.00000000 0.00000000 0.00000000 0.00000000 0.00000000 0.00000000 0.00000000 0.00000000 0.00000000 0.00000000 0.00000000 0.00000000 0.00000000 0.00000000 0.00000000
2008  0.00000000 0.00000000 0.00000000 0.00000000 0.00000000 0.00000000 0.00000000 0.00000000 0.00000000 0.00000000 0.00000000 0.00000000 0.00000000 0.00000000 0.00000000 0.00000000 0.00000000
2009  0.00000000 0.00000000 0.00000000 0.00000000 0.00000000 0.00000000 0.00000000 0.00000000 0.00000000 0.00000000 0.00000000 0.00000000 0.00000000 0.00000000 0.00000000 0.00000000 0.00000000
2010  0.00000000 0.00000000 0.00000000 0.00000000 0.00000000 0.00000000 0.00000000 0.00000000 0.00000000 0.00000000 0.00000000 0.00000000 0.00000000 0.00000000 0.00000000 0.00000000 0.00000000
2011  0.00000000 0.00000000 0.00000000 0.00000000 0.00000000 0.00000000 0.00000000 0.00000000 0.00000000 0.00000000 0.00000000 0.00000000 0.00000000 0.00000000 0.00000000 0.00000000 0.00000000
2012  0.00000000 0.00000000 0.00000000 0.00000000 0.00000000 0.00000000 0.00000000 0.00000000 0.00000000 0.00000000 0.00000000 0.00000000 0.00000000 0.00000000 0.00000000 0.00000000 0.00000000
2013  0.00000000 0.00000000 0.00000000 0.00000000 0.00000000 0.00000000 0.00000000 0.00000000 0.00000000 0.00000000 0.00000000 0.00000000 0.00000000 0.00000000 0.00000000 0.00000000 0.00000000
2014  0.00000000 0.00000000 0.00000000 0.00000000 0.00000000 0.00000000 0.00000000 0.00000000 0.00000000 0.00000000 0.00000000 0.00000000 0.00000000 0.00000000 0.00000000 0.00000000 0.00000000
2015  0.00000000 0.00000000 0.00000000 0.00000000 0.00000000 0.00000000 0.00000000 0.00000000 0.00000000 0.00000000 0.00000000 0.00000000 0.00000000 0.00000000 0.00000000 0.00000000 0.00000000
2016  0.00000000 0.00000000 0.00000000 0.00000000 0.00000000 0.00000000 0.00000000 0.00000000 0.00000000 0.00000000 0.00000000 0.00000000 0.00000000 0.00000000 0.00000000 0.00000000 0.00000000
2017  0.00000000 0.00000000 0.00000000 0.00000000 0.00000000 0.00000000 0.00000000 0.00000000 0.00000000 0.00000000 0.00000000 0.00000000 0.00000000 0.00000000 0.00000000 0.00000000 0.00000000
2018  0.00000000 0.00000000 0.00000000 0.00000000 0.00000000 0.00000000 0.00000000 0.00000000 0.00000000 0.00000000 0.00000000 0.00000000 0.00000000 0.00000000 0.00000000 0.00000000 0.00000000
2019  0.00000000 0.00000000 0.00000000 0.00000000 0.00000000 0.00000000 0.00000000 0.00000000 0.00000000 0.00000000 0.00000000 0.00000000 0.00000000 0.00000000 0.00000000 0.00000000 0.00000000
2020  0.00000000 0.00000000 0.00000000 0.00000000 0.00000000 0.00000000 0.00000000 0.00000000 0.00000000 0.00000000 0.00000000 0.00000000 0.00000000 0.00000000 0.00000000 0.00000000 0.00000000
2021  0.00000000 0.00000000 0.00000000 0.00000000 0.00000000 0.00000000 0.00000000 0.00000000 0.00000000 0.00000000 0.00000000 0.00000000 0.00000000 0.00000000 0.00000000 0.00000000 0.00000000
2022  0.00000000 0.00000000 0.00000000 0.00000000 0.00000000 0.00000000 0.00000000 0.00000000 0.00000000 0.00000000 0.00000000 0.00000000 0.00000000 0.00000000 0.00000000 0.00000000 0.00000000

# N(males_mature)
#Year 1 2 3 4 5 6 7 8 9 10 11 12 13 14 15 16 17 
1960  499.07441548 610.76755493 662.21681609 786.06619076 855.99249611 684.97130245 797.73301748 836.39404489 816.68096804 852.76824983 856.83607936 815.22856452 743.67491085 624.60723127 474.74160787 321.54384104 349.83865360
1961  442.60930681 543.65716150 599.37863657 738.78113918 826.89156680 684.97130245 797.73301748 836.39404489 816.68096804 852.76824983 856.83607936 815.22856452 743.67491085 624.60723127 474.74160787 321.54384104 349.83865360
1962  439.21660332 537.78345395 584.77946753 700.48045621 773.13520963 639.19908983 764.90728891 820.26626207 813.16420945 852.56360151 856.83371709 815.22855974 743.67491084 624.60723127 474.74160787 321.54384104 349.83865360
1963  438.74117457 536.96883355 582.46978389 692.65258090 757.25562346 614.08799799 728.57334394 782.81088169 786.38996126 837.74675190 851.01082546 813.89842518 743.52273915 624.59949897 474.74144245 321.54383966 349.83865360
1964  438.36509535 536.48752080 581.77477060 690.95536133 753.27154566 605.46996642 711.16474580 757.33683739 758.09075386 812.07839566 833.41265945 805.07021260 740.17880961 623.68212858 474.57781322 321.52650876 349.83759311
1965  437.92253296 535.94666834 581.18143559 690.14947993 751.92663803 602.70968899 704.34670319 744.44394998 738.91424057 788.88353876 812.03253490 789.99085080 731.82714685 620.15130244 473.46430796 321.26327429 349.78591591
1966  437.39257344 535.30124326 580.49632496 689.36428259 751.01349365 601.56284455 701.62653434 738.49565017 727.99070395 772.45724821 793.15043599 773.19315020 720.06136611 613.79243898 470.82118746 320.41175588 349.53066203
1967  436.76176861 534.53305783 579.68278903 688.45264489 750.05676917 600.75273385 700.23274699 735.63756122 722.13169053 762.04307038 778.83627790 757.91904770 707.28024417 605.52578420 466.67163540 318.78485729 348.89599778
1968  436.01763385 533.62666889 578.72210823 687.37634488 748.94583132 599.92634575 699.16662788 733.97478214 718.90531907 755.70877301 768.80576090 745.49023969 695.24362554 596.52680950 461.44167757 316.40899608 347.76570942
1969  435.14991922 532.56944131 577.59998107 686.11498207 747.64347655 598.98167328 698.08635330 732.68168059 716.89853369 751.79979333 762.01206433 735.99411349 684.83893353 587.73520193 455.67318835 313.45534608 346.11157569
1970  434.15286203 531.35415756 576.30772780 684.65556119 746.13065080 597.88255849 696.87166491 731.41404792 715.37541282 749.20142602 757.39799764 728.96696694 676.30636667 579.72651918 449.84318709 310.15097867 343.98143339
1971  433.02971365 529.98446625 574.84762566 682.99597650 744.40015234 596.61316844 695.47653015 730.02854564 713.97106890 747.23643603 754.13501275 723.80243571 669.51815406 572.75962998 444.29311625 306.71467114 341.47144474
1972  431.79818646 528.48150883 573.23986949 681.15238792 742.46210940 595.17085527 693.88528974 728.46620472 712.50890076 745.51482140 751.64215961 719.93986755 664.18468915 566.87418321 439.22499615 303.32339065 338.69836264
1973  430.49981779 526.89523797 571.53413061 679.17090535 740.35456024 593.56980155 692.10424859 726.71016819 710.90799582 743.82052126 749.53691028 716.92790916 659.97744614 561.98140958 434.72715351 300.10165013 335.77846775
1974  429.21170733 525.31868751 569.82453264 677.14387053 738.15949477 591.85071377 690.16728217 724.77575277 709.14225291 742.04223242 747.57982355 714.43048597 656.59142262 557.93120933 430.80736086 297.12424433 332.81439148
1975  428.06657215 523.91221533 568.27441983 675.23498390 736.02635900 590.09471510 688.14892959 722.71617505 707.22789485 740.13771626 745.63272222 712.21229912 653.77132450 554.55575895 427.42300401 294.42516754 329.88861611
1976  427.28159372 522.93847344 567.15255986 673.71729607 734.20848107 588.44557577 686.18596339 720.63861003 705.22722766 738.12082462 743.63374369 710.12177599 651.31920448 551.69540750 424.50482335 292.00828406 327.06177005
1977  427.21377725 522.82919668 566.90070901 673.03974349 733.12325073 587.14282531 684.51049147 718.73170437 703.26513935 736.06506925 741.58786909 708.07913018 649.09472738 549.21318565 421.97421159 289.85747211 324.37397374
1978  428.47876017 524.32829009 568.27706377 673.96441059 733.47177854 586.58097361 683.50649849 717.31123006 701.55941827 734.12171016 739.57176672 706.07288344 647.01477800 547.00318165 419.75545438 287.94535927 321.84791178
1979  432.23756102 528.83665447 572.69932086 677.88689834 736.50990759 587.43204081 683.82269527 716.90681290 700.47614954 732.55683198 737.75445475 704.16707933 645.05666353 544.99685265 417.78473067 286.24058784 319.49276040
1980  440.82371769 539.16721226 583.00006460 687.55354006 744.66471081 590.93295068 686.62983530 718.45114113 700.64293400 731.82544221 736.44313288 702.52400753 643.26885900 543.17068144 416.01776356 284.71400797 317.30849600
1981  458.40157494 560.34848101 604.28556647 708.03513817 762.52094716 599.52406315 694.19795793 723.70722850 703.20299600 732.73383859 736.18286816 701.45605658 641.79627165 541.55928210 414.43827522 283.34451613 315.29044341
1982  489.47268289 597.86409530 642.37137143 745.81273385 796.54876085 617.30943973 710.10622298 734.47382311 707.93082282 733.22168153 733.29170617 696.36019538 635.78429060 535.67546451 409.38807121 279.52335546 310.45444064
1983  544.35080274 663.86793299 708.38392701 808.40194902 849.07670865 638.72241473 720.65459945 711.85026976 651.90398971 638.37368713 603.44558913 550.70284244 490.41786250 405.77687058 305.71161747 206.37166933 226.68371121
1984  658.75355897 801.49810412 845.79963344 938.04704995 958.71768308 686.21531307 755.30931593 711.87395893 614.41895995 557.79797995 482.36019763 407.78202246 343.47215176 272.94882253 199.82461627 132.14054276 142.31346674
1985  779.56071535 949.31824095 1005.11898603 1122.42674663 1150.14903859 816.96014558 882.90426314 832.02063203 712.24741718 643.39350784 548.98730730 446.26795332 357.40492286 272.01000482 193.39236118 125.60606463 133.03255177
1986  852.78402139 1040.16193796 1110.17025904 1264.75865311 1316.36694458 955.32231270 1022.39034466 934.93682469 766.77176744 656.67104323 527.41191892 402.86987594 303.66372007 217.76884273 146.94456700 91.74937805 93.70966555
1987  640.23759573 789.04669951 884.29263695 1125.28790491 1268.32073147 1025.68549297 1088.29764815 941.23062753 718.45743931 539.87906475 361.00215634 233.28908728 154.38943194 98.85579797 60.39585059 34.82525113 32.90460948
1988  442.23856560 547.54294285 627.37681054 841.29193405 1000.94746447 900.20864466 1034.14930917 954.93164774 766.65248499 571.33190930 357.13304441 205.39603308 116.85551291 63.75279988 33.85051675 17.51205264 14.81457331
1989  512.17259922 624.01036363 664.76726947 762.18659452 821.85430425 679.90054304 830.56654807 808.72982201 697.72239614 547.01771475 347.19439491 195.03666286 102.27918940 48.62018144 21.81917884 9.59927159 6.77220326
1990  402.31587026 494.54249749 548.45654210 683.44776321 761.75302552 619.79627461 682.73051110 597.19237256 484.83687322 365.16509520 217.49718434 115.71271912 57.68918174 25.16165506 9.82204191 3.59462202 1.92443204
1991  297.02136951 366.51751138 413.84417867 538.05568677 624.71440871 544.31257230 619.29441466 558.94582209 450.74946015 332.46194386 196.98706084 104.80648604 51.44692172 21.54033771 7.86300749 2.59092464 1.09097845
1992  341.86849430 416.47389023 443.27128363 506.02131966 540.14367052 434.48364586 517.67699242 491.17993875 415.98903867 319.91186944 197.19889261 107.15561043 52.60470709 21.85651466 7.83489511 2.46911512 0.89864895
1993  513.23815324 621.45530790 640.98177512 669.50335617 649.24843712 430.97406617 481.79692358 447.19275549 380.82494502 310.35342194 208.67644730 122.43101750 63.26079961 27.24586522 9.96413267 3.13546029 1.08257337
1994  424.54307147 521.77344403 576.12676721 706.94375704 769.52056863 580.33214059 593.60573325 514.61676987 406.87396508 331.36489746 237.09896372 149.95393635 83.59686328 38.86696748 15.17834643 4.99676267 1.75933369
1995  435.33445952 531.63079602 572.04039842 667.73688901 715.17919209 554.21460931 608.98115564 536.00199862 408.38925738 292.86478112 179.03884044 101.74306418 55.34479553 26.30268468 10.63869479 3.62789998 1.32463903
1996  368.75584774 452.80322232 499.25450582 614.76036266 681.81268785 549.71857792 602.95885337 537.28593032 423.04343467 313.09892578 191.29965318 103.67619464 52.29939477 23.25997450 9.10947091 3.12513843 1.18405049
1997  419.76322806 511.40910341 544.00599557 618.00444787 650.52141071 499.26563363 567.92620591 523.04493553 425.02218382 321.85208252 200.62170610 110.23874513 55.29118182 23.89351933 8.96092580 2.95276105 1.09179438
1998  426.72011807 521.22703352 560.51783289 651.02606725 689.66770640 520.23368318 568.78496458 514.65530767 419.11012842 328.99199733 215.97723325 124.18322604 63.98038651 27.97419903 10.47151932 3.39884790 1.21987499
1999  511.67706499 622.65415418 657.84199228 732.34618875 751.91857845 543.99197419 598.31476623 547.36074393 445.65360880 353.68097464 240.24915217 144.29529963 77.76792789 35.50369115 13.74762895 4.54523376 1.63442874
2000  554.05977238 675.58426300 720.37810266 818.79029025 849.22526712 613.10983869 651.59337038 574.12935953 451.46245170 350.58994487 234.84766992 140.57018143 76.81621564 36.02359288 14.38596169 4.89102588 1.80377079
2001  530.70665017 649.27850856 703.48543494 831.28210648 890.17355598 674.73251461 718.84444189 628.11520796 482.73236904 360.99285050 231.86388994 134.22514650 72.24403688 33.83629968 13.62989157 4.71262614 1.78626587
2002  594.11122551 724.12455029 771.19020380 876.57207864 917.09518050 684.47958826 753.35597541 680.36619045 537.62585395 406.31722869 260.48270924 148.58605196 78.23866864 35.94435950 14.33387397 4.96478268 1.91139758
2003  325.33223580 406.76029558 484.24372483 691.28591839 837.54021818 739.25614723 803.06111922 727.41695691 584.67454342 458.16308403 306.50283346 180.12218388 95.75696072 43.88113632 17.36613223 5.97336862 2.29796130
2004  482.29325184 585.02214475 610.15980413 664.44979221 692.48722648 554.91156259 697.06703656 710.28449442 625.01837849 511.36526807 353.24656720 214.95806296 118.05402264 55.56818150 22.36084282 7.73777125 2.97697694
2005  515.71095006 629.14954895 672.03083975 766.75813975 799.42210202 589.11388977 655.19739956 630.70915776 564.97943141 502.00150276 379.36959055 247.93870281 142.70322918 69.56234801 28.83642605 10.21528208 4.00695246
2006  504.07307301 617.06773139 669.67221113 794.38759994 856.08900193 659.07598279 721.53071995 670.64584622 563.47597098 483.03171824 368.87669957 252.13607659 154.88229195 80.86384187 35.62695112 13.24844685 5.44483871
2007  477.63592359 585.41563536 639.20725014 770.75511901 846.71054450 678.94029362 764.04150762 727.01500911 613.43387089 519.41170425 392.60144217 268.37701119 168.56870922 91.82962150 42.67237360 16.76948610 7.35400205
2008  336.87859668 417.24153883 477.38471710 636.00717232 750.17602238 661.12793494 760.01199311 738.88542718 637.48837666 545.80269109 412.55507739 280.72231489 176.75539500 97.81362823 46.76650404 19.10402204 8.89297228
2009  385.81559016 470.75739468 504.34989354 586.14070532 640.20952802 537.79569070 666.75180587 692.48041391 633.76483690 561.59966447 433.23060839 298.78216984 189.65383435 105.85101331 51.33010273 21.44883955 10.42770981
2010  397.57964153 485.98130003 523.95223977 613.22592775 659.21300256 519.33842029 604.96439593 609.51591614 564.17280219 521.73484621 420.02128506 299.52357988 194.14200422 109.87784958 53.98160168 22.91436658 11.48018028
2011  277.60834954 343.86954335 393.38059708 522.79698998 612.35447296 530.43910080 602.90795155 587.50591678 523.11367898 474.99937430 384.96281012 281.48599838 188.14759053 109.40045634 54.91960037 23.73177240 12.19234331
2012  376.54305031 457.59283677 480.84719809 531.94086651 556.59858610 439.03801389 539.01666218 552.00833315 501.41587322 447.55376085 354.21275445 256.48764986 172.80955039 102.40536885 52.61511974 23.25767680 12.29361260
2013  479.79605918 583.22092532 612.23711359 669.18301497 674.58450306 473.07641737 525.67267476 501.47404142 441.86176409 396.58890782 314.00702163 225.20194198 150.32512138 89.00715283 46.16615830 20.74641934 11.27310592
2014  452.57327306 554.41927142 603.29703466 718.30970438 770.75052943 579.59167653 610.82833210 540.26678171 430.36347716 355.08419811 265.14811115 183.72055492 120.90084838 71.14273434 36.87204423 16.66322450 9.21981521
2015  400.77103612 492.24174940 542.70244866 668.62171675 744.98887717 605.36938694 669.52496579 610.37772929 484.00484593 377.82528852 260.87013152 167.29371002 104.28584046 59.44878320 30.34386812 13.66820286 7.62761611
2016  413.90256515 506.13339290 547.17425624 646.41924036 704.10506093 568.06929422 656.10546952 626.67839517 522.80595555 419.71986262 288.85350671 178.40202148 104.73281352 56.23447685 27.43513473 12.04578502 6.65827090
2017  344.33632738 423.76043377 471.26428699 591.67165564 669.51233830 560.58229981 640.97650834 618.74166300 532.83598127 449.23908463 324.87496736 206.78066659 120.83920080 62.77453393 29.22343096 12.27554702 6.53226714
2018  394.26022137 480.86750685 513.72558836 590.60150306 632.36906293 504.51734382 599.49162456 599.68855585 532.97236659 462.42739813 346.92364636 230.02233380 138.62464724 72.87984848 33.56248419 13.69259467 6.94921842
2019  294.06936437 363.23641146 410.37834059 531.50490026 611.35680035 517.57396370 586.02512390 568.04777617 501.07510733 443.70874745 343.12983529 235.13811862 146.17647881 78.86750972 36.87092470 15.02695007 7.43223425
2020  308.63429646 377.39234373 408.23540412 484.46373091 534.20887761 446.99260938 537.75312616 538.57709306 478.48013165 416.36698110 317.45007189 218.65867957 138.84412368 76.91226161 36.80581684 15.22036192 7.52342224
2021  420.07971673 510.08249462 533.13437600 578.10957839 584.58428593 422.92169811 491.09855294 480.76739846 426.97528644 374.89434047 285.34888949 195.33525759 123.81984752 69.08464771 33.56578118 14.12449221 7.08651962
2022  439.21184057 536.45600970 575.80331620 663.98579987 695.65436909 507.68938673 541.23467557 489.14456209 403.62035498 343.00405683 258.68729791 176.87352788 112.32332228 62.84885018 30.72197398 13.05535440 6.64928484

# N(males_imature)
#Year 1 2 3 4 5 6 7 8 9 10 11 12 13 14 15 16 17 
1960  0.00000000 0.00000000 0.00000000 0.00000000 0.00000000 0.00000000 0.00000000 0.00000000 0.00000000 0.00000000 0.00000000 0.00000000 0.00000000 0.00000000 0.00000000 0.00000000 0.00000000
1961  0.00000000 0.00000000 0.00000000 0.00000000 0.00000000 0.00000000 0.00000000 0.00000000 0.00000000 0.00000000 0.00000000 0.00000000 0.00000000 0.00000000 0.00000000 0.00000000 0.00000000
1962  0.00000000 0.00000000 0.00000000 0.00000000 0.00000000 0.00000000 0.00000000 0.00000000 0.00000000 0.00000000 0.00000000 0.00000000 0.00000000 0.00000000 0.00000000 0.00000000 0.00000000
1963  0.00000000 0.00000000 0.00000000 0.00000000 0.00000000 0.00000000 0.00000000 0.00000000 0.00000000 0.00000000 0.00000000 0.00000000 0.00000000 0.00000000 0.00000000 0.00000000 0.00000000
1964  0.00000000 0.00000000 0.00000000 0.00000000 0.00000000 0.00000000 0.00000000 0.00000000 0.00000000 0.00000000 0.00000000 0.00000000 0.00000000 0.00000000 0.00000000 0.00000000 0.00000000
1965  0.00000000 0.00000000 0.00000000 0.00000000 0.00000000 0.00000000 0.00000000 0.00000000 0.00000000 0.00000000 0.00000000 0.00000000 0.00000000 0.00000000 0.00000000 0.00000000 0.00000000
1966  0.00000000 0.00000000 0.00000000 0.00000000 0.00000000 0.00000000 0.00000000 0.00000000 0.00000000 0.00000000 0.00000000 0.00000000 0.00000000 0.00000000 0.00000000 0.00000000 0.00000000
1967  0.00000000 0.00000000 0.00000000 0.00000000 0.00000000 0.00000000 0.00000000 0.00000000 0.00000000 0.00000000 0.00000000 0.00000000 0.00000000 0.00000000 0.00000000 0.00000000 0.00000000
1968  0.00000000 0.00000000 0.00000000 0.00000000 0.00000000 0.00000000 0.00000000 0.00000000 0.00000000 0.00000000 0.00000000 0.00000000 0.00000000 0.00000000 0.00000000 0.00000000 0.00000000
1969  0.00000000 0.00000000 0.00000000 0.00000000 0.00000000 0.00000000 0.00000000 0.00000000 0.00000000 0.00000000 0.00000000 0.00000000 0.00000000 0.00000000 0.00000000 0.00000000 0.00000000
1970  0.00000000 0.00000000 0.00000000 0.00000000 0.00000000 0.00000000 0.00000000 0.00000000 0.00000000 0.00000000 0.00000000 0.00000000 0.00000000 0.00000000 0.00000000 0.00000000 0.00000000
1971  0.00000000 0.00000000 0.00000000 0.00000000 0.00000000 0.00000000 0.00000000 0.00000000 0.00000000 0.00000000 0.00000000 0.00000000 0.00000000 0.00000000 0.00000000 0.00000000 0.00000000
1972  0.00000000 0.00000000 0.00000000 0.00000000 0.00000000 0.00000000 0.00000000 0.00000000 0.00000000 0.00000000 0.00000000 0.00000000 0.00000000 0.00000000 0.00000000 0.00000000 0.00000000
1973  0.00000000 0.00000000 0.00000000 0.00000000 0.00000000 0.00000000 0.00000000 0.00000000 0.00000000 0.00000000 0.00000000 0.00000000 0.00000000 0.00000000 0.00000000 0.00000000 0.00000000
1974  0.00000000 0.00000000 0.00000000 0.00000000 0.00000000 0.00000000 0.00000000 0.00000000 0.00000000 0.00000000 0.00000000 0.00000000 0.00000000 0.00000000 0.00000000 0.00000000 0.00000000
1975  0.00000000 0.00000000 0.00000000 0.00000000 0.00000000 0.00000000 0.00000000 0.00000000 0.00000000 0.00000000 0.00000000 0.00000000 0.00000000 0.00000000 0.00000000 0.00000000 0.00000000
1976  0.00000000 0.00000000 0.00000000 0.00000000 0.00000000 0.00000000 0.00000000 0.00000000 0.00000000 0.00000000 0.00000000 0.00000000 0.00000000 0.00000000 0.00000000 0.00000000 0.00000000
1977  0.00000000 0.00000000 0.00000000 0.00000000 0.00000000 0.00000000 0.00000000 0.00000000 0.00000000 0.00000000 0.00000000 0.00000000 0.00000000 0.00000000 0.00000000 0.00000000 0.00000000
1978  0.00000000 0.00000000 0.00000000 0.00000000 0.00000000 0.00000000 0.00000000 0.00000000 0.00000000 0.00000000 0.00000000 0.00000000 0.00000000 0.00000000 0.00000000 0.00000000 0.00000000
1979  0.00000000 0.00000000 0.00000000 0.00000000 0.00000000 0.00000000 0.00000000 0.00000000 0.00000000 0.00000000 0.00000000 0.00000000 0.00000000 0.00000000 0.00000000 0.00000000 0.00000000
1980  0.00000000 0.00000000 0.00000000 0.00000000 0.00000000 0.00000000 0.00000000 0.00000000 0.00000000 0.00000000 0.00000000 0.00000000 0.00000000 0.00000000 0.00000000 0.00000000 0.00000000
1981  0.00000000 0.00000000 0.00000000 0.00000000 0.00000000 0.00000000 0.00000000 0.00000000 0.00000000 0.00000000 0.00000000 0.00000000 0.00000000 0.00000000 0.00000000 0.00000000 0.00000000
1982  0.00000000 0.00000000 0.00000000 0.00000000 0.00000000 0.00000000 0.00000000 0.00000000 0.00000000 0.00000000 0.00000000 0.00000000 0.00000000 0.00000000 0.00000000 0.00000000 0.00000000
1983  0.00000000 0.00000000 0.00000000 0.00000000 0.00000000 0.00000000 0.00000000 0.00000000 0.00000000 0.00000000 0.00000000 0.00000000 0.00000000 0.00000000 0.00000000 0.00000000 0.00000000
1984  0.00000000 0.00000000 0.00000000 0.00000000 0.00000000 0.00000000 0.00000000 0.00000000 0.00000000 0.00000000 0.00000000 0.00000000 0.00000000 0.00000000 0.00000000 0.00000000 0.00000000
1985  0.00000000 0.00000000 0.00000000 0.00000000 0.00000000 0.00000000 0.00000000 0.00000000 0.00000000 0.00000000 0.00000000 0.00000000 0.00000000 0.00000000 0.00000000 0.00000000 0.00000000
1986  0.00000000 0.00000000 0.00000000 0.00000000 0.00000000 0.00000000 0.00000000 0.00000000 0.00000000 0.00000000 0.00000000 0.00000000 0.00000000 0.00000000 0.00000000 0.00000000 0.00000000
1987  0.00000000 0.00000000 0.00000000 0.00000000 0.00000000 0.00000000 0.00000000 0.00000000 0.00000000 0.00000000 0.00000000 0.00000000 0.00000000 0.00000000 0.00000000 0.00000000 0.00000000
1988  0.00000000 0.00000000 0.00000000 0.00000000 0.00000000 0.00000000 0.00000000 0.00000000 0.00000000 0.00000000 0.00000000 0.00000000 0.00000000 0.00000000 0.00000000 0.00000000 0.00000000
1989  0.00000000 0.00000000 0.00000000 0.00000000 0.00000000 0.00000000 0.00000000 0.00000000 0.00000000 0.00000000 0.00000000 0.00000000 0.00000000 0.00000000 0.00000000 0.00000000 0.00000000
1990  0.00000000 0.00000000 0.00000000 0.00000000 0.00000000 0.00000000 0.00000000 0.00000000 0.00000000 0.00000000 0.00000000 0.00000000 0.00000000 0.00000000 0.00000000 0.00000000 0.00000000
1991  0.00000000 0.00000000 0.00000000 0.00000000 0.00000000 0.00000000 0.00000000 0.00000000 0.00000000 0.00000000 0.00000000 0.00000000 0.00000000 0.00000000 0.00000000 0.00000000 0.00000000
1992  0.00000000 0.00000000 0.00000000 0.00000000 0.00000000 0.00000000 0.00000000 0.00000000 0.00000000 0.00000000 0.00000000 0.00000000 0.00000000 0.00000000 0.00000000 0.00000000 0.00000000
1993  0.00000000 0.00000000 0.00000000 0.00000000 0.00000000 0.00000000 0.00000000 0.00000000 0.00000000 0.00000000 0.00000000 0.00000000 0.00000000 0.00000000 0.00000000 0.00000000 0.00000000
1994  0.00000000 0.00000000 0.00000000 0.00000000 0.00000000 0.00000000 0.00000000 0.00000000 0.00000000 0.00000000 0.00000000 0.00000000 0.00000000 0.00000000 0.00000000 0.00000000 0.00000000
1995  0.00000000 0.00000000 0.00000000 0.00000000 0.00000000 0.00000000 0.00000000 0.00000000 0.00000000 0.00000000 0.00000000 0.00000000 0.00000000 0.00000000 0.00000000 0.00000000 0.00000000
1996  0.00000000 0.00000000 0.00000000 0.00000000 0.00000000 0.00000000 0.00000000 0.00000000 0.00000000 0.00000000 0.00000000 0.00000000 0.00000000 0.00000000 0.00000000 0.00000000 0.00000000
1997  0.00000000 0.00000000 0.00000000 0.00000000 0.00000000 0.00000000 0.00000000 0.00000000 0.00000000 0.00000000 0.00000000 0.00000000 0.00000000 0.00000000 0.00000000 0.00000000 0.00000000
1998  0.00000000 0.00000000 0.00000000 0.00000000 0.00000000 0.00000000 0.00000000 0.00000000 0.00000000 0.00000000 0.00000000 0.00000000 0.00000000 0.00000000 0.00000000 0.00000000 0.00000000
1999  0.00000000 0.00000000 0.00000000 0.00000000 0.00000000 0.00000000 0.00000000 0.00000000 0.00000000 0.00000000 0.00000000 0.00000000 0.00000000 0.00000000 0.00000000 0.00000000 0.00000000
2000  0.00000000 0.00000000 0.00000000 0.00000000 0.00000000 0.00000000 0.00000000 0.00000000 0.00000000 0.00000000 0.00000000 0.00000000 0.00000000 0.00000000 0.00000000 0.00000000 0.00000000
2001  0.00000000 0.00000000 0.00000000 0.00000000 0.00000000 0.00000000 0.00000000 0.00000000 0.00000000 0.00000000 0.00000000 0.00000000 0.00000000 0.00000000 0.00000000 0.00000000 0.00000000
2002  0.00000000 0.00000000 0.00000000 0.00000000 0.00000000 0.00000000 0.00000000 0.00000000 0.00000000 0.00000000 0.00000000 0.00000000 0.00000000 0.00000000 0.00000000 0.00000000 0.00000000
2003  0.00000000 0.00000000 0.00000000 0.00000000 0.00000000 0.00000000 0.00000000 0.00000000 0.00000000 0.00000000 0.00000000 0.00000000 0.00000000 0.00000000 0.00000000 0.00000000 0.00000000
2004  0.00000000 0.00000000 0.00000000 0.00000000 0.00000000 0.00000000 0.00000000 0.00000000 0.00000000 0.00000000 0.00000000 0.00000000 0.00000000 0.00000000 0.00000000 0.00000000 0.00000000
2005  0.00000000 0.00000000 0.00000000 0.00000000 0.00000000 0.00000000 0.00000000 0.00000000 0.00000000 0.00000000 0.00000000 0.00000000 0.00000000 0.00000000 0.00000000 0.00000000 0.00000000
2006  0.00000000 0.00000000 0.00000000 0.00000000 0.00000000 0.00000000 0.00000000 0.00000000 0.00000000 0.00000000 0.00000000 0.00000000 0.00000000 0.00000000 0.00000000 0.00000000 0.00000000
2007  0.00000000 0.00000000 0.00000000 0.00000000 0.00000000 0.00000000 0.00000000 0.00000000 0.00000000 0.00000000 0.00000000 0.00000000 0.00000000 0.00000000 0.00000000 0.00000000 0.00000000
2008  0.00000000 0.00000000 0.00000000 0.00000000 0.00000000 0.00000000 0.00000000 0.00000000 0.00000000 0.00000000 0.00000000 0.00000000 0.00000000 0.00000000 0.00000000 0.00000000 0.00000000
2009  0.00000000 0.00000000 0.00000000 0.00000000 0.00000000 0.00000000 0.00000000 0.00000000 0.00000000 0.00000000 0.00000000 0.00000000 0.00000000 0.00000000 0.00000000 0.00000000 0.00000000
2010  0.00000000 0.00000000 0.00000000 0.00000000 0.00000000 0.00000000 0.00000000 0.00000000 0.00000000 0.00000000 0.00000000 0.00000000 0.00000000 0.00000000 0.00000000 0.00000000 0.00000000
2011  0.00000000 0.00000000 0.00000000 0.00000000 0.00000000 0.00000000 0.00000000 0.00000000 0.00000000 0.00000000 0.00000000 0.00000000 0.00000000 0.00000000 0.00000000 0.00000000 0.00000000
2012  0.00000000 0.00000000 0.00000000 0.00000000 0.00000000 0.00000000 0.00000000 0.00000000 0.00000000 0.00000000 0.00000000 0.00000000 0.00000000 0.00000000 0.00000000 0.00000000 0.00000000
2013  0.00000000 0.00000000 0.00000000 0.00000000 0.00000000 0.00000000 0.00000000 0.00000000 0.00000000 0.00000000 0.00000000 0.00000000 0.00000000 0.00000000 0.00000000 0.00000000 0.00000000
2014  0.00000000 0.00000000 0.00000000 0.00000000 0.00000000 0.00000000 0.00000000 0.00000000 0.00000000 0.00000000 0.00000000 0.00000000 0.00000000 0.00000000 0.00000000 0.00000000 0.00000000
2015  0.00000000 0.00000000 0.00000000 0.00000000 0.00000000 0.00000000 0.00000000 0.00000000 0.00000000 0.00000000 0.00000000 0.00000000 0.00000000 0.00000000 0.00000000 0.00000000 0.00000000
2016  0.00000000 0.00000000 0.00000000 0.00000000 0.00000000 0.00000000 0.00000000 0.00000000 0.00000000 0.00000000 0.00000000 0.00000000 0.00000000 0.00000000 0.00000000 0.00000000 0.00000000
2017  0.00000000 0.00000000 0.00000000 0.00000000 0.00000000 0.00000000 0.00000000 0.00000000 0.00000000 0.00000000 0.00000000 0.00000000 0.00000000 0.00000000 0.00000000 0.00000000 0.00000000
2018  0.00000000 0.00000000 0.00000000 0.00000000 0.00000000 0.00000000 0.00000000 0.00000000 0.00000000 0.00000000 0.00000000 0.00000000 0.00000000 0.00000000 0.00000000 0.00000000 0.00000000
2019  0.00000000 0.00000000 0.00000000 0.00000000 0.00000000 0.00000000 0.00000000 0.00000000 0.00000000 0.00000000 0.00000000 0.00000000 0.00000000 0.00000000 0.00000000 0.00000000 0.00000000
2020  0.00000000 0.00000000 0.00000000 0.00000000 0.00000000 0.00000000 0.00000000 0.00000000 0.00000000 0.00000000 0.00000000 0.00000000 0.00000000 0.00000000 0.00000000 0.00000000 0.00000000
2021  0.00000000 0.00000000 0.00000000 0.00000000 0.00000000 0.00000000 0.00000000 0.00000000 0.00000000 0.00000000 0.00000000 0.00000000 0.00000000 0.00000000 0.00000000 0.00000000 0.00000000
2022  0.00000000 0.00000000 0.00000000 0.00000000 0.00000000 0.00000000 0.00000000 0.00000000 0.00000000 0.00000000 0.00000000 0.00000000 0.00000000 0.00000000 0.00000000 0.00000000 0.00000000

# N(males_mature_new)
#Year 1 2 3 4 5 6 7 8 9 10 11 12 13 14 15 16 17 
1960  499.07441548 610.76755493 662.21681609 786.06619076 855.99249611 684.97130245 797.73301748 836.39404489 816.68096804 852.76824983 856.83607936 815.22856452 743.67491085 624.60723127 474.74160787 321.54384104 349.83865360
1961  442.60930681 543.65716150 599.37863657 738.78113918 826.89156680 684.97130245 797.73301748 836.39404489 816.68096804 852.76824983 856.83607936 815.22856452 743.67491085 624.60723127 474.74160787 321.54384104 349.83865360
1962  439.21660332 537.78345395 584.77946753 700.48045621 773.13520963 639.19908983 764.90728891 820.26626207 813.16420945 852.56360151 856.83371709 815.22855974 743.67491084 624.60723127 474.74160787 321.54384104 349.83865360
1963  438.74117457 536.96883355 582.46978389 692.65258090 757.25562346 614.08799799 728.57334394 782.81088169 786.38996126 837.74675190 851.01082546 813.89842518 743.52273915 624.59949897 474.74144245 321.54383966 349.83865360
1964  438.36509535 536.48752080 581.77477060 690.95536133 753.27154566 605.46996642 711.16474580 757.33683739 758.09075386 812.07839566 833.41265945 805.07021260 740.17880961 623.68212858 474.57781322 321.52650876 349.83759311
1965  437.92253296 535.94666834 581.18143559 690.14947993 751.92663803 602.70968899 704.34670319 744.44394998 738.91424057 788.88353876 812.03253490 789.99085080 731.82714685 620.15130244 473.46430796 321.26327429 349.78591591
1966  437.39257344 535.30124326 580.49632496 689.36428259 751.01349365 601.56284455 701.62653434 738.49565017 727.99070395 772.45724821 793.15043599 773.19315020 720.06136611 613.79243898 470.82118746 320.41175588 349.53066203
1967  436.76176861 534.53305783 579.68278903 688.45264489 750.05676917 600.75273385 700.23274699 735.63756122 722.13169053 762.04307038 778.83627790 757.91904770 707.28024417 605.52578420 466.67163540 318.78485729 348.89599778
1968  436.01763385 533.62666889 578.72210823 687.37634488 748.94583132 599.92634575 699.16662788 733.97478214 718.90531907 755.70877301 768.80576090 745.49023969 695.24362554 596.52680950 461.44167757 316.40899608 347.76570942
1969  435.14991922 532.56944131 577.59998107 686.11498207 747.64347655 598.98167328 698.08635330 732.68168059 716.89853369 751.79979333 762.01206433 735.99411349 684.83893353 587.73520193 455.67318835 313.45534608 346.11157569
1970  434.15286203 531.35415756 576.30772780 684.65556119 746.13065080 597.88255849 696.87166491 731.41404792 715.37541282 749.20142602 757.39799764 728.96696694 676.30636667 579.72651918 449.84318709 310.15097867 343.98143339
1971  433.02971365 529.98446625 574.84762566 682.99597650 744.40015234 596.61316844 695.47653015 730.02854564 713.97106890 747.23643603 754.13501275 723.80243571 669.51815406 572.75962998 444.29311625 306.71467114 341.47144474
1972  431.79818646 528.48150883 573.23986949 681.15238792 742.46210940 595.17085527 693.88528974 728.46620472 712.50890076 745.51482140 751.64215961 719.93986755 664.18468915 566.87418321 439.22499615 303.32339065 338.69836264
1973  430.49981779 526.89523797 571.53413061 679.17090535 740.35456024 593.56980155 692.10424859 726.71016819 710.90799582 743.82052126 749.53691028 716.92790916 659.97744614 561.98140958 434.72715351 300.10165013 335.77846775
1974  429.21170733 525.31868751 569.82453264 677.14387053 738.15949477 591.85071377 690.16728217 724.77575277 709.14225291 742.04223242 747.57982355 714.43048597 656.59142262 557.93120933 430.80736086 297.12424433 332.81439148
1975  428.06657215 523.91221533 568.27441983 675.23498390 736.02635900 590.09471510 688.14892959 722.71617505 707.22789485 740.13771626 745.63272222 712.21229912 653.77132450 554.55575895 427.42300401 294.42516754 329.88861611
1976  427.28159372 522.93847344 567.15255986 673.71729607 734.20848107 588.44557577 686.18596339 720.63861003 705.22722766 738.12082462 743.63374369 710.12177599 651.31920448 551.69540750 424.50482335 292.00828406 327.06177005
1977  427.21377725 522.82919668 566.90070901 673.03974349 733.12325073 587.14282531 684.51049147 718.73170437 703.26513935 736.06506925 741.58786909 708.07913018 649.09472738 549.21318565 421.97421159 289.85747211 324.37397374
1978  428.47876017 524.32829009 568.27706377 673.96441059 733.47177854 586.58097361 683.50649849 717.31123006 701.55941827 734.12171016 739.57176672 706.07288344 647.01477800 547.00318165 419.75545438 287.94535927 321.84791178
1979  432.23756102 528.83665447 572.69932086 677.88689834 736.50990759 587.43204081 683.82269527 716.90681290 700.47614954 732.55683198 737.75445475 704.16707933 645.05666353 544.99685265 417.78473067 286.24058784 319.49276040
1980  440.82371769 539.16721226 583.00006460 687.55354006 744.66471081 590.93295068 686.62983530 718.45114113 700.64293400 731.82544221 736.44313288 702.52400753 643.26885900 543.17068144 416.01776356 284.71400797 317.30849600
1981  458.40157494 560.34848101 604.28556647 708.03513817 762.52094716 599.52406315 694.19795793 723.70722850 703.20299600 732.73383859 736.18286816 701.45605658 641.79627165 541.55928210 414.43827522 283.34451613 315.29044341
1982  489.47268289 597.86409530 642.37137143 745.81273385 796.54876085 617.30943973 710.10622298 734.47382311 707.93082282 733.22168153 733.29170617 696.36019538 635.78429060 535.67546451 409.38807121 279.52335546 310.45444064
1983  544.35080274 663.86793299 708.38392701 808.40194902 849.07670865 638.72241473 720.65459945 711.85026976 651.90398971 638.37368713 603.44558913 550.70284244 490.41786250 405.77687058 305.71161747 206.37166933 226.68371121
1984  658.75355897 801.49810412 845.79963344 938.04704995 958.71768308 686.21531307 755.30931593 711.87395893 614.41895995 557.79797995 482.36019763 407.78202246 343.47215176 272.94882253 199.82461627 132.14054276 142.31346674
1985  779.56071535 949.31824095 1005.11898603 1122.42674663 1150.14903859 816.96014558 882.90426314 832.02063203 712.24741718 643.39350784 548.98730730 446.26795332 357.40492286 272.01000482 193.39236118 125.60606463 133.03255177
1986  852.78402139 1040.16193796 1110.17025904 1264.75865311 1316.36694458 955.32231270 1022.39034466 934.93682469 766.77176744 656.67104323 527.41191892 402.86987594 303.66372007 217.76884273 146.94456700 91.74937805 93.70966555
1987  640.23759573 789.04669951 884.29263695 1125.28790491 1268.32073147 1025.68549297 1088.29764815 941.23062753 718.45743931 539.87906475 361.00215634 233.28908728 154.38943194 98.85579797 60.39585059 34.82525113 32.90460948
1988  442.23856560 547.54294285 627.37681054 841.29193405 1000.94746447 900.20864466 1034.14930917 954.93164774 766.65248499 571.33190930 357.13304441 205.39603308 116.85551291 63.75279988 33.85051675 17.51205264 14.81457331
1989  512.17259922 624.01036363 664.76726947 762.18659452 821.85430425 679.90054304 830.56654807 808.72982201 697.72239614 547.01771475 347.19439491 195.03666286 102.27918940 48.62018144 21.81917884 9.59927159 6.77220326
1990  402.31587026 494.54249749 548.45654210 683.44776321 761.75302552 619.79627461 682.73051110 597.19237256 484.83687322 365.16509520 217.49718434 115.71271912 57.68918174 25.16165506 9.82204191 3.59462202 1.92443204
1991  297.02136951 366.51751138 413.84417867 538.05568677 624.71440871 544.31257230 619.29441466 558.94582209 450.74946015 332.46194386 196.98706084 104.80648604 51.44692172 21.54033771 7.86300749 2.59092464 1.09097845
1992  341.86849430 416.47389023 443.27128363 506.02131966 540.14367052 434.48364586 517.67699242 491.17993875 415.98903867 319.91186944 197.19889261 107.15561043 52.60470709 21.85651466 7.83489511 2.46911512 0.89864895
1993  513.23815324 621.45530790 640.98177512 669.50335617 649.24843712 430.97406617 481.79692358 447.19275549 380.82494502 310.35342194 208.67644730 122.43101750 63.26079961 27.24586522 9.96413267 3.13546029 1.08257337
1994  424.54307147 521.77344403 576.12676721 706.94375704 769.52056863 580.33214059 593.60573325 514.61676987 406.87396508 331.36489746 237.09896372 149.95393635 83.59686328 38.86696748 15.17834643 4.99676267 1.75933369
1995  435.33445952 531.63079602 572.04039842 667.73688901 715.17919209 554.21460931 608.98115564 536.00199862 408.38925738 292.86478112 179.03884044 101.74306418 55.34479553 26.30268468 10.63869479 3.62789998 1.32463903
1996  368.75584774 452.80322232 499.25450582 614.76036266 681.81268785 549.71857792 602.95885337 537.28593032 423.04343467 313.09892578 191.29965318 103.67619464 52.29939477 23.25997450 9.10947091 3.12513843 1.18405049
1997  419.76322806 511.40910341 544.00599557 618.00444787 650.52141071 499.26563363 567.92620591 523.04493553 425.02218382 321.85208252 200.62170610 110.23874513 55.29118182 23.89351933 8.96092580 2.95276105 1.09179438
1998  426.72011807 521.22703352 560.51783289 651.02606725 689.66770640 520.23368318 568.78496458 514.65530767 419.11012842 328.99199733 215.97723325 124.18322604 63.98038651 27.97419903 10.47151932 3.39884790 1.21987499
1999  511.67706499 622.65415418 657.84199228 732.34618875 751.91857845 543.99197419 598.31476623 547.36074393 445.65360880 353.68097464 240.24915217 144.29529963 77.76792789 35.50369115 13.74762895 4.54523376 1.63442874
2000  554.05977238 675.58426300 720.37810266 818.79029025 849.22526712 613.10983869 651.59337038 574.12935953 451.46245170 350.58994487 234.84766992 140.57018143 76.81621564 36.02359288 14.38596169 4.89102588 1.80377079
2001  530.70665017 649.27850856 703.48543494 831.28210648 890.17355598 674.73251461 718.84444189 628.11520796 482.73236904 360.99285050 231.86388994 134.22514650 72.24403688 33.83629968 13.62989157 4.71262614 1.78626587
2002  594.11122551 724.12455029 771.19020380 876.57207864 917.09518050 684.47958826 753.35597541 680.36619045 537.62585395 406.31722869 260.48270924 148.58605196 78.23866864 35.94435950 14.33387397 4.96478268 1.91139758
2003  325.33223580 406.76029558 484.24372483 691.28591839 837.54021818 739.25614723 803.06111922 727.41695691 584.67454342 458.16308403 306.50283346 180.12218388 95.75696072 43.88113632 17.36613223 5.97336862 2.29796130
2004  482.29325184 585.02214475 610.15980413 664.44979221 692.48722648 554.91156259 697.06703656 710.28449442 625.01837849 511.36526807 353.24656720 214.95806296 118.05402264 55.56818150 22.36084282 7.73777125 2.97697694
2005  515.71095006 629.14954895 672.03083975 766.75813975 799.42210202 589.11388977 655.19739956 630.70915776 564.97943141 502.00150276 379.36959055 247.93870281 142.70322918 69.56234801 28.83642605 10.21528208 4.00695246
2006  504.07307301 617.06773139 669.67221113 794.38759994 856.08900193 659.07598279 721.53071995 670.64584622 563.47597098 483.03171824 368.87669957 252.13607659 154.88229195 80.86384187 35.62695112 13.24844685 5.44483871
2007  477.63592359 585.41563536 639.20725014 770.75511901 846.71054450 678.94029362 764.04150762 727.01500911 613.43387089 519.41170425 392.60144217 268.37701119 168.56870922 91.82962150 42.67237360 16.76948610 7.35400205
2008  336.87859668 417.24153883 477.38471710 636.00717232 750.17602238 661.12793494 760.01199311 738.88542718 637.48837666 545.80269109 412.55507739 280.72231489 176.75539500 97.81362823 46.76650404 19.10402204 8.89297228
2009  385.81559016 470.75739468 504.34989354 586.14070532 640.20952802 537.79569070 666.75180587 692.48041391 633.76483690 561.59966447 433.23060839 298.78216984 189.65383435 105.85101331 51.33010273 21.44883955 10.42770981
2010  397.57964153 485.98130003 523.95223977 613.22592775 659.21300256 519.33842029 604.96439593 609.51591614 564.17280219 521.73484621 420.02128506 299.52357988 194.14200422 109.87784958 53.98160168 22.91436658 11.48018028
2011  277.60834954 343.86954335 393.38059708 522.79698998 612.35447296 530.43910080 602.90795155 587.50591678 523.11367898 474.99937430 384.96281012 281.48599838 188.14759053 109.40045634 54.91960037 23.73177240 12.19234331
2012  376.54305031 457.59283677 480.84719809 531.94086651 556.59858610 439.03801389 539.01666218 552.00833315 501.41587322 447.55376085 354.21275445 256.48764986 172.80955039 102.40536885 52.61511974 23.25767680 12.29361260
2013  479.79605918 583.22092532 612.23711359 669.18301497 674.58450306 473.07641737 525.67267476 501.47404142 441.86176409 396.58890782 314.00702163 225.20194198 150.32512138 89.00715283 46.16615830 20.74641934 11.27310592
2014  452.57327306 554.41927142 603.29703466 718.30970438 770.75052943 579.59167653 610.82833210 540.26678171 430.36347716 355.08419811 265.14811115 183.72055492 120.90084838 71.14273434 36.87204423 16.66322450 9.21981521
2015  400.77103612 492.24174940 542.70244866 668.62171675 744.98887717 605.36938694 669.52496579 610.37772929 484.00484593 377.82528852 260.87013152 167.29371002 104.28584046 59.44878320 30.34386812 13.66820286 7.62761611
2016  413.90256515 506.13339290 547.17425624 646.41924036 704.10506093 568.06929422 656.10546952 626.67839517 522.80595555 419.71986262 288.85350671 178.40202148 104.73281352 56.23447685 27.43513473 12.04578502 6.65827090
2017  344.33632738 423.76043377 471.26428699 591.67165564 669.51233830 560.58229981 640.97650834 618.74166300 532.83598127 449.23908463 324.87496736 206.78066659 120.83920080 62.77453393 29.22343096 12.27554702 6.53226714
2018  394.26022137 480.86750685 513.72558836 590.60150306 632.36906293 504.51734382 599.49162456 599.68855585 532.97236659 462.42739813 346.92364636 230.02233380 138.62464724 72.87984848 33.56248419 13.69259467 6.94921842
2019  294.06936437 363.23641146 410.37834059 531.50490026 611.35680035 517.57396370 586.02512390 568.04777617 501.07510733 443.70874745 343.12983529 235.13811862 146.17647881 78.86750972 36.87092470 15.02695007 7.43223425
2020  308.63429646 377.39234373 408.23540412 484.46373091 534.20887761 446.99260938 537.75312616 538.57709306 478.48013165 416.36698110 317.45007189 218.65867957 138.84412368 76.91226161 36.80581684 15.22036192 7.52342224
2021  420.07971673 510.08249462 533.13437600 578.10957839 584.58428593 422.92169811 491.09855294 480.76739846 426.97528644 374.89434047 285.34888949 195.33525759 123.81984752 69.08464771 33.56578118 14.12449221 7.08651962
2022  439.21184057 536.45600970 575.80331620 663.98579987 695.65436909 507.68938673 541.23467557 489.14456209 403.62035498 343.00405683 258.68729791 176.87352788 112.32332228 62.84885018 30.72197398 13.05535440 6.64928484
#--------------------------------------------------------------------------------------------
#Molting and growth

# Molt probability
#Sex Year 1 2 3 4 5 6 7 8 9 10 11 12 13 14 15 16 17 
male 1960  0.93233725 0.90711625 0.87376708 0.83067916 0.77664335 0.71135510 0.63592892 0.55317338 0.46736247 0.38343991 0.30593144 0.23804159 0.18128236 0.13564759 0.10009611 0.07307448 0.05291857
male 1961  0.93233725 0.90711625 0.87376708 0.83067916 0.77664335 0.71135510 0.63592892 0.55317338 0.46736247 0.38343991 0.30593144 0.23804159 0.18128236 0.13564759 0.10009611 0.07307448 0.05291857
male 1962  0.93233725 0.90711625 0.87376708 0.83067916 0.77664335 0.71135510 0.63592892 0.55317338 0.46736247 0.38343991 0.30593144 0.23804159 0.18128236 0.13564759 0.10009611 0.07307448 0.05291857
male 1963  0.93233725 0.90711625 0.87376708 0.83067916 0.77664335 0.71135510 0.63592892 0.55317338 0.46736247 0.38343991 0.30593144 0.23804159 0.18128236 0.13564759 0.10009611 0.07307448 0.05291857
male 1964  0.93233725 0.90711625 0.87376708 0.83067916 0.77664335 0.71135510 0.63592892 0.55317338 0.46736247 0.38343991 0.30593144 0.23804159 0.18128236 0.13564759 0.10009611 0.07307448 0.05291857
male 1965  0.93233725 0.90711625 0.87376708 0.83067916 0.77664335 0.71135510 0.63592892 0.55317338 0.46736247 0.38343991 0.30593144 0.23804159 0.18128236 0.13564759 0.10009611 0.07307448 0.05291857
male 1966  0.93233725 0.90711625 0.87376708 0.83067916 0.77664335 0.71135510 0.63592892 0.55317338 0.46736247 0.38343991 0.30593144 0.23804159 0.18128236 0.13564759 0.10009611 0.07307448 0.05291857
male 1967  0.93233725 0.90711625 0.87376708 0.83067916 0.77664335 0.71135510 0.63592892 0.55317338 0.46736247 0.38343991 0.30593144 0.23804159 0.18128236 0.13564759 0.10009611 0.07307448 0.05291857
male 1968  0.93233725 0.90711625 0.87376708 0.83067916 0.77664335 0.71135510 0.63592892 0.55317338 0.46736247 0.38343991 0.30593144 0.23804159 0.18128236 0.13564759 0.10009611 0.07307448 0.05291857
male 1969  0.93233725 0.90711625 0.87376708 0.83067916 0.77664335 0.71135510 0.63592892 0.55317338 0.46736247 0.38343991 0.30593144 0.23804159 0.18128236 0.13564759 0.10009611 0.07307448 0.05291857
male 1970  0.93233725 0.90711625 0.87376708 0.83067916 0.77664335 0.71135510 0.63592892 0.55317338 0.46736247 0.38343991 0.30593144 0.23804159 0.18128236 0.13564759 0.10009611 0.07307448 0.05291857
male 1971  0.93233725 0.90711625 0.87376708 0.83067916 0.77664335 0.71135510 0.63592892 0.55317338 0.46736247 0.38343991 0.30593144 0.23804159 0.18128236 0.13564759 0.10009611 0.07307448 0.05291857
male 1972  0.93233725 0.90711625 0.87376708 0.83067916 0.77664335 0.71135510 0.63592892 0.55317338 0.46736247 0.38343991 0.30593144 0.23804159 0.18128236 0.13564759 0.10009611 0.07307448 0.05291857
male 1973  0.93233725 0.90711625 0.87376708 0.83067916 0.77664335 0.71135510 0.63592892 0.55317338 0.46736247 0.38343991 0.30593144 0.23804159 0.18128236 0.13564759 0.10009611 0.07307448 0.05291857
male 1974  0.93233725 0.90711625 0.87376708 0.83067916 0.77664335 0.71135510 0.63592892 0.55317338 0.46736247 0.38343991 0.30593144 0.23804159 0.18128236 0.13564759 0.10009611 0.07307448 0.05291857
male 1975  0.93233725 0.90711625 0.87376708 0.83067916 0.77664335 0.71135510 0.63592892 0.55317338 0.46736247 0.38343991 0.30593144 0.23804159 0.18128236 0.13564759 0.10009611 0.07307448 0.05291857
male 1976  0.93233725 0.90711625 0.87376708 0.83067916 0.77664335 0.71135510 0.63592892 0.55317338 0.46736247 0.38343991 0.30593144 0.23804159 0.18128236 0.13564759 0.10009611 0.07307448 0.05291857
male 1977  0.93233725 0.90711625 0.87376708 0.83067916 0.77664335 0.71135510 0.63592892 0.55317338 0.46736247 0.38343991 0.30593144 0.23804159 0.18128236 0.13564759 0.10009611 0.07307448 0.05291857
male 1978  0.93233725 0.90711625 0.87376708 0.83067916 0.77664335 0.71135510 0.63592892 0.55317338 0.46736247 0.38343991 0.30593144 0.23804159 0.18128236 0.13564759 0.10009611 0.07307448 0.05291857
male 1979  0.93233725 0.90711625 0.87376708 0.83067916 0.77664335 0.71135510 0.63592892 0.55317338 0.46736247 0.38343991 0.30593144 0.23804159 0.18128236 0.13564759 0.10009611 0.07307448 0.05291857
male 1980  0.93233725 0.90711625 0.87376708 0.83067916 0.77664335 0.71135510 0.63592892 0.55317338 0.46736247 0.38343991 0.30593144 0.23804159 0.18128236 0.13564759 0.10009611 0.07307448 0.05291857
male 1981  0.93233725 0.90711625 0.87376708 0.83067916 0.77664335 0.71135510 0.63592892 0.55317338 0.46736247 0.38343991 0.30593144 0.23804159 0.18128236 0.13564759 0.10009611 0.07307448 0.05291857
male 1982  0.93233725 0.90711625 0.87376708 0.83067916 0.77664335 0.71135510 0.63592892 0.55317338 0.46736247 0.38343991 0.30593144 0.23804159 0.18128236 0.13564759 0.10009611 0.07307448 0.05291857
male 1983  0.93233725 0.90711625 0.87376708 0.83067916 0.77664335 0.71135510 0.63592892 0.55317338 0.46736247 0.38343991 0.30593144 0.23804159 0.18128236 0.13564759 0.10009611 0.07307448 0.05291857
male 1984  0.93233725 0.90711625 0.87376708 0.83067916 0.77664335 0.71135510 0.63592892 0.55317338 0.46736247 0.38343991 0.30593144 0.23804159 0.18128236 0.13564759 0.10009611 0.07307448 0.05291857
male 1985  0.93233725 0.90711625 0.87376708 0.83067916 0.77664335 0.71135510 0.63592892 0.55317338 0.46736247 0.38343991 0.30593144 0.23804159 0.18128236 0.13564759 0.10009611 0.07307448 0.05291857
male 1986  0.93233725 0.90711625 0.87376708 0.83067916 0.77664335 0.71135510 0.63592892 0.55317338 0.46736247 0.38343991 0.30593144 0.23804159 0.18128236 0.13564759 0.10009611 0.07307448 0.05291857
male 1987  0.93233725 0.90711625 0.87376708 0.83067916 0.77664335 0.71135510 0.63592892 0.55317338 0.46736247 0.38343991 0.30593144 0.23804159 0.18128236 0.13564759 0.10009611 0.07307448 0.05291857
male 1988  0.93233725 0.90711625 0.87376708 0.83067916 0.77664335 0.71135510 0.63592892 0.55317338 0.46736247 0.38343991 0.30593144 0.23804159 0.18128236 0.13564759 0.10009611 0.07307448 0.05291857
male 1989  0.93233725 0.90711625 0.87376708 0.83067916 0.77664335 0.71135510 0.63592892 0.55317338 0.46736247 0.38343991 0.30593144 0.23804159 0.18128236 0.13564759 0.10009611 0.07307448 0.05291857
male 1990  0.93233725 0.90711625 0.87376708 0.83067916 0.77664335 0.71135510 0.63592892 0.55317338 0.46736247 0.38343991 0.30593144 0.23804159 0.18128236 0.13564759 0.10009611 0.07307448 0.05291857
male 1991  0.93233725 0.90711625 0.87376708 0.83067916 0.77664335 0.71135510 0.63592892 0.55317338 0.46736247 0.38343991 0.30593144 0.23804159 0.18128236 0.13564759 0.10009611 0.07307448 0.05291857
male 1992  0.93233725 0.90711625 0.87376708 0.83067916 0.77664335 0.71135510 0.63592892 0.55317338 0.46736247 0.38343991 0.30593144 0.23804159 0.18128236 0.13564759 0.10009611 0.07307448 0.05291857
male 1993  0.93233725 0.90711625 0.87376708 0.83067916 0.77664335 0.71135510 0.63592892 0.55317338 0.46736247 0.38343991 0.30593144 0.23804159 0.18128236 0.13564759 0.10009611 0.07307448 0.05291857
male 1994  0.93233725 0.90711625 0.87376708 0.83067916 0.77664335 0.71135510 0.63592892 0.55317338 0.46736247 0.38343991 0.30593144 0.23804159 0.18128236 0.13564759 0.10009611 0.07307448 0.05291857
male 1995  0.93233725 0.90711625 0.87376708 0.83067916 0.77664335 0.71135510 0.63592892 0.55317338 0.46736247 0.38343991 0.30593144 0.23804159 0.18128236 0.13564759 0.10009611 0.07307448 0.05291857
male 1996  0.93233725 0.90711625 0.87376708 0.83067916 0.77664335 0.71135510 0.63592892 0.55317338 0.46736247 0.38343991 0.30593144 0.23804159 0.18128236 0.13564759 0.10009611 0.07307448 0.05291857
male 1997  0.93233725 0.90711625 0.87376708 0.83067916 0.77664335 0.71135510 0.63592892 0.55317338 0.46736247 0.38343991 0.30593144 0.23804159 0.18128236 0.13564759 0.10009611 0.07307448 0.05291857
male 1998  0.93233725 0.90711625 0.87376708 0.83067916 0.77664335 0.71135510 0.63592892 0.55317338 0.46736247 0.38343991 0.30593144 0.23804159 0.18128236 0.13564759 0.10009611 0.07307448 0.05291857
male 1999  0.93233725 0.90711625 0.87376708 0.83067916 0.77664335 0.71135510 0.63592892 0.55317338 0.46736247 0.38343991 0.30593144 0.23804159 0.18128236 0.13564759 0.10009611 0.07307448 0.05291857
male 2000  0.93233725 0.90711625 0.87376708 0.83067916 0.77664335 0.71135510 0.63592892 0.55317338 0.46736247 0.38343991 0.30593144 0.23804159 0.18128236 0.13564759 0.10009611 0.07307448 0.05291857
male 2001  0.93233725 0.90711625 0.87376708 0.83067916 0.77664335 0.71135510 0.63592892 0.55317338 0.46736247 0.38343991 0.30593144 0.23804159 0.18128236 0.13564759 0.10009611 0.07307448 0.05291857
male 2002  0.93233725 0.90711625 0.87376708 0.83067916 0.77664335 0.71135510 0.63592892 0.55317338 0.46736247 0.38343991 0.30593144 0.23804159 0.18128236 0.13564759 0.10009611 0.07307448 0.05291857
male 2003  0.93233725 0.90711625 0.87376708 0.83067916 0.77664335 0.71135510 0.63592892 0.55317338 0.46736247 0.38343991 0.30593144 0.23804159 0.18128236 0.13564759 0.10009611 0.07307448 0.05291857
male 2004  0.93233725 0.90711625 0.87376708 0.83067916 0.77664335 0.71135510 0.63592892 0.55317338 0.46736247 0.38343991 0.30593144 0.23804159 0.18128236 0.13564759 0.10009611 0.07307448 0.05291857
male 2005  0.93233725 0.90711625 0.87376708 0.83067916 0.77664335 0.71135510 0.63592892 0.55317338 0.46736247 0.38343991 0.30593144 0.23804159 0.18128236 0.13564759 0.10009611 0.07307448 0.05291857
male 2006  0.93233725 0.90711625 0.87376708 0.83067916 0.77664335 0.71135510 0.63592892 0.55317338 0.46736247 0.38343991 0.30593144 0.23804159 0.18128236 0.13564759 0.10009611 0.07307448 0.05291857
male 2007  0.93233725 0.90711625 0.87376708 0.83067916 0.77664335 0.71135510 0.63592892 0.55317338 0.46736247 0.38343991 0.30593144 0.23804159 0.18128236 0.13564759 0.10009611 0.07307448 0.05291857
male 2008  0.93233725 0.90711625 0.87376708 0.83067916 0.77664335 0.71135510 0.63592892 0.55317338 0.46736247 0.38343991 0.30593144 0.23804159 0.18128236 0.13564759 0.10009611 0.07307448 0.05291857
male 2009  0.93233725 0.90711625 0.87376708 0.83067916 0.77664335 0.71135510 0.63592892 0.55317338 0.46736247 0.38343991 0.30593144 0.23804159 0.18128236 0.13564759 0.10009611 0.07307448 0.05291857
male 2010  0.93233725 0.90711625 0.87376708 0.83067916 0.77664335 0.71135510 0.63592892 0.55317338 0.46736247 0.38343991 0.30593144 0.23804159 0.18128236 0.13564759 0.10009611 0.07307448 0.05291857
male 2011  0.93233725 0.90711625 0.87376708 0.83067916 0.77664335 0.71135510 0.63592892 0.55317338 0.46736247 0.38343991 0.30593144 0.23804159 0.18128236 0.13564759 0.10009611 0.07307448 0.05291857
male 2012  0.93233725 0.90711625 0.87376708 0.83067916 0.77664335 0.71135510 0.63592892 0.55317338 0.46736247 0.38343991 0.30593144 0.23804159 0.18128236 0.13564759 0.10009611 0.07307448 0.05291857
male 2013  0.93233725 0.90711625 0.87376708 0.83067916 0.77664335 0.71135510 0.63592892 0.55317338 0.46736247 0.38343991 0.30593144 0.23804159 0.18128236 0.13564759 0.10009611 0.07307448 0.05291857
male 2014  0.93233725 0.90711625 0.87376708 0.83067916 0.77664335 0.71135510 0.63592892 0.55317338 0.46736247 0.38343991 0.30593144 0.23804159 0.18128236 0.13564759 0.10009611 0.07307448 0.05291857
male 2015  0.93233725 0.90711625 0.87376708 0.83067916 0.77664335 0.71135510 0.63592892 0.55317338 0.46736247 0.38343991 0.30593144 0.23804159 0.18128236 0.13564759 0.10009611 0.07307448 0.05291857
male 2016  0.93233725 0.90711625 0.87376708 0.83067916 0.77664335 0.71135510 0.63592892 0.55317338 0.46736247 0.38343991 0.30593144 0.23804159 0.18128236 0.13564759 0.10009611 0.07307448 0.05291857
male 2017  0.93233725 0.90711625 0.87376708 0.83067916 0.77664335 0.71135510 0.63592892 0.55317338 0.46736247 0.38343991 0.30593144 0.23804159 0.18128236 0.13564759 0.10009611 0.07307448 0.05291857
male 2018  0.93233725 0.90711625 0.87376708 0.83067916 0.77664335 0.71135510 0.63592892 0.55317338 0.46736247 0.38343991 0.30593144 0.23804159 0.18128236 0.13564759 0.10009611 0.07307448 0.05291857
male 2019  0.93233725 0.90711625 0.87376708 0.83067916 0.77664335 0.71135510 0.63592892 0.55317338 0.46736247 0.38343991 0.30593144 0.23804159 0.18128236 0.13564759 0.10009611 0.07307448 0.05291857
male 2020  0.93233725 0.90711625 0.87376708 0.83067916 0.77664335 0.71135510 0.63592892 0.55317338 0.46736247 0.38343991 0.30593144 0.23804159 0.18128236 0.13564759 0.10009611 0.07307448 0.05291857
male 2021  0.93233725 0.90711625 0.87376708 0.83067916 0.77664335 0.71135510 0.63592892 0.55317338 0.46736247 0.38343991 0.30593144 0.23804159 0.18128236 0.13564759 0.10009611 0.07307448 0.05291857

# Growth_transition_matrix
#growth_matrix for (sex, increment_no): male 1
 0.00013015 0.00000000 0.00000000 0.00000000 0.00000000 0.00000000 0.00000000 0.00000000 0.00000000 0.00000000 0.00000000 0.00000000 0.00000000 0.00000000 0.00000000 0.00000000 0.00000000
 0.01091329 0.00020863 0.00000000 0.00000000 0.00000000 0.00000000 0.00000000 0.00000000 0.00000000 0.00000000 0.00000000 0.00000000 0.00000000 0.00000000 0.00000000 0.00000000 0.00000000
 0.16623975 0.01495199 0.00032970 0.00000000 0.00000000 0.00000000 0.00000000 0.00000000 0.00000000 0.00000000 0.00000000 0.00000000 0.00000000 0.00000000 0.00000000 0.00000000 0.00000000
 0.49178180 0.19589435 0.02020315 0.00051367 0.00000000 0.00000000 0.00000000 0.00000000 0.00000000 0.00000000 0.00000000 0.00000000 0.00000000 0.00000000 0.00000000 0.00000000 0.00000000
 0.29503900 0.50131967 0.22779420 0.02692392 0.00078902 0.00000000 0.00000000 0.00000000 0.00000000 0.00000000 0.00000000 0.00000000 0.00000000 0.00000000 0.00000000 0.00000000 0.00000000
 0.03511662 0.26041279 0.50447627 0.26140773 0.03538987 0.00119496 0.00000000 0.00000000 0.00000000 0.00000000 0.00000000 0.00000000 0.00000000 0.00000000 0.00000000 0.00000000 0.00000000
 0.00077639 0.02670537 0.22684014 0.50113135 0.29605300 0.04588433 0.00178447 0.00000000 0.00000000 0.00000000 0.00000000 0.00000000 0.00000000 0.00000000 0.00000000 0.00000000 0.00000000
 0.00000300 0.00050553 0.02003113 0.19499878 0.49141232 0.33091374 0.05868377 0.00262771 0.00000000 0.00000000 0.00000000 0.00000000 0.00000000 0.00000000 0.00000000 0.00000000 0.00000000
 0.00000000 0.00000166 0.00032450 0.01481871 0.16541579 0.47568626 0.36506659 0.07403949 0.00381581 0.00000000 0.00000000 0.00000000 0.00000000 0.00000000 0.00000000 0.00000000 0.00000000
 0.00000000 0.00000000 0.00000091 0.00020534 0.01081165 0.13846272 0.45453721 0.39751869 0.09215620 0.00546471 0.00000000 0.00000000 0.00000000 0.00000000 0.00000000 0.00000000 0.00000000
 0.00000000 0.00000000 0.00000000 0.00000049 0.00012809 0.00777907 0.11436067 0.42873044 0.42725371 0.11316842 0.00771881 0.00000000 0.00000000 0.00000000 0.00000000 0.00000000 0.00000000
 0.00000000 0.00000000 0.00000000 0.00000000 0.00000026 0.00007876 0.00551947 0.09319338 0.39916702 0.45328253 0.13711634 0.01075403 0.00000000 0.00000000 0.00000000 0.00000000 0.00000000
 0.00000000 0.00000000 0.00000000 0.00000000 0.00000000 0.00000014 0.00004774 0.00386172 0.07492630 0.36683309 0.47469829 0.16392299 0.01477976 0.00000000 0.00000000 0.00000000 0.00000000
 0.00000000 0.00000000 0.00000000 0.00000000 0.00000000 0.00000000 0.00000007 0.00002852 0.00266415 0.05942927 0.33274486 0.49072732 0.19337494 0.02003917 0.00000000 0.00000000 0.00000000
 0.00000000 0.00000000 0.00000000 0.00000000 0.00000000 0.00000000 0.00000000 0.00000004 0.00001679 0.00181222 0.04650072 0.29789763 0.50077502 0.22510877 0.02680727 0.00000000 0.00000000
 0.00000000 0.00000000 0.00000000 0.00000000 0.00000000 0.00000000 0.00000000 0.00000000 0.00000002 0.00000975 0.00121540 0.03589123 0.26321946 0.50446215 0.25860562 0.03538620 0.00000000
 0.00000000 0.00000000 0.00000000 0.00000000 0.00000000 0.00000000 0.00000000 0.00000000 0.00000000 0.00000001 0.00000558 0.00080680 0.02785081 0.25038991 0.71458712 0.96461380 1.00000000

# Size_transition_matrix
#size_matrix for (sex, increment_no): male 1
0.06778410 0.01017487 0.15499151 0.45850649 0.27507585 0.03274054 0.00072386 0.00000279 0.00000000 0.00000000 0.00000000 0.00000000 0.00000000 0.00000000 0.00000000 0.00000000 0.00000000 
0 0.09307300 0.01356319 0.17769895 0.45475522 0.23622467 0.02422488 0.00045858 0.00000151 0.00000000 0.00000000 0.00000000 0.00000000 0.00000000 0.00000000 0.00000000 0.00000000 
0 0 0.12652100 0.01765285 0.19903907 0.44079476 0.19820544 0.01750254 0.00028354 0.00000079 0.00000000 0.00000000 0.00000000 0.00000000 0.00000000 0.00000000 0.00000000 
0 0 0 0.16974754 0.02236514 0.21714595 0.41627937 0.16198143 0.01230960 0.00017057 0.00000041 0.00000000 0.00000000 0.00000000 0.00000000 0.00000000 0.00000000 
0 0 0 0 0.22396944 0.02748531 0.22992759 0.38165211 0.12846907 0.00839679 0.00009948 0.00000020 0.00000000 0.00000000 0.00000000 0.00000000 0.00000000 
0 0 0 0 0 0.28949494 0.03264006 0.23539718 0.33838185 0.09849616 0.00553368 0.00005603 0.00000010 0.00000000 0.00000000 0.00000000 0.00000000 
0 0 0 0 0 0 0.36520587 0.03731871 0.23215641 0.28905336 0.07272526 0.00350999 0.00003036 0.00000004 0.00000000 0.00000000 0.00000000 
0 0 0 0 0 0 0 0.44828020 0.04095668 0.21989676 0.23716227 0.05155210 0.00213620 0.00001578 0.00000002 0.00000000 0.00000000 
0 0 0 0 0 0 0 0 0.53442090 0.04307035 0.19968235 0.18655568 0.03501774 0.00124512 0.00000785 0.00000001 0.00000000 
0 0 0 0 0 0 0 0 0 0.61865548 0.04339329 0.17380661 0.14065845 0.02278755 0.00069488 0.00000374 0.00000000 
0 0 0 0 0 0 0 0 0 0 0.69642999 0.04194820 0.14522513 0.10179711 0.01422603 0.00037183 0.00000171 
0 0 0 0 0 0 0 0 0 0 0 0.76451832 0.03902049 0.11681351 0.07091203 0.00854360 0.00019205 
0 0 0 0 0 0 0 0 0 0 0 0 0.82139695 0.03505547 0.09078168 0.04771705 0.00504886 
0 0 0 0 0 0 0 0 0 0 0 0 0 0.86707067 0.03053546 0.06842908 0.03396479 
0 0 0 0 0 0 0 0 0 0 0 0 0 0 0.90258719 0.02588542 0.07152739 
0 0 0 0 0 0 0 0 0 0 0 0 0 0 0 0.92951134 0.07048866 
0 0 0 0 0 0 0 0 0 0 0 0 0 0 0 0 1.00000000 

#--------------------------------------------------------------------------------------------
# Reference points
# Which combinations of season (rows) and fleet (column) have F>0 in the forecast
 1 0.00000000 0.00000000 
 2 0.00000000 0.00000000 
 3 1.00000000 1.00000000 
 4 0.00000000 0.00000000 
 5 0.00000000 0.00000000 
 6 0.00000000 0.00000000 

#----------------------------
#- Reference points and OFL -
#----------------------------
spr_syr
    1986
spr_nyr
    2016
spr_rbar
 1925.5100   0.0000
proj_rbar
 1925.5100   0.0000
spr_sexr
  1.0000
SR_alpha_prj
     0.00000000
SR_beta_prj
     0.00000000
spr_fofl
  0.89395809
spr_cofl_ret
1120.3009
#--------------------------------------------------------------------------------------------
#Simple likelihood
nloglike
 -102.6218   7.1438  29.4070
 -12.4762 -32.5518 -20.0412
 382.7007 430.5877
  19.2958   0.0000   0.0000
 2704.0592
nlogPenalty
   0.0000   0.0000   0.0000   0.0000   0.0000  57.2207   0.0000   0.0000   0.0000  14.7030   0.0687   0.0000   0.0000
priorDensity
   3.4012   1.5892   2.9957   2.3026   1.0986   6.9068   0.6931   4.3175   2.9952   4.3175   2.9952   4.3175   2.9957   0.0000   0.0000   0.0000   0.0000   0.0000   0.0000   0.0000   0.0000   0.0000   0.0000   0.0000   0.0000   0.0000   0.0000   0.0000   0.0000   0.0000   0.0000   0.0000   0.0000   0.0000   0.0000   0.0000   0.0000   0.0000   0.0000   0.0000   0.0000   0.0000   0.0000   0.0000   0.0000   0.0000   0.0000   0.0000   0.0000   0.0000   0.0000   0.0000   0.0000   0.0000   0.0000   0.0000   0.0000   0.0000   0.0000   0.0000   0.0000   0.0000   0.0000   0.0000   0.0000   0.0000   0.0000   0.0000   0.0000   0.0000   0.0000   0.0000   0.0000   0.0000   0.0000   0.0000   0.0000   0.0000   0.0000   0.0000   0.0000   0.0000   0.0000   0.0000   0.0000   0.0000   0.0000   0.0000   0.0000   0.0000   0.0000   0.0000   0.0000   0.0000   0.0000   0.0000   0.0000   0.0000   0.0000   0.0000   0.0000   0.0000   0.0000   0.0000   0.0000   0.0000   0.0000   0.0000   0.0000   0.0000   0.0000   0.0000   0.0000   0.0000   0.0000   0.0000   0.0000   0.0000   0.0000   0.0000   0.0000   0.0000   0.0000   0.0000   0.0000   0.0000   0.0000   0.0000   0.0000   0.0000   0.0000   0.0000   0.0000   0.0000   0.0000   0.0000   0.0000   0.0000   0.0000   0.0000   0.0000   0.0000   0.0000   0.0000   0.0000   0.0000   0.0000   0.0000   0.0000   0.0000  -4.6052  -4.6052  -4.6052  -0.6931  -0.6931  -0.6931   0.0000   0.0000   0.0000   0.0000   0.0000   0.0000   0.0000   0.0000   0.0000   0.0000   0.0000   0.0000

