## GMACS DEVELOPMENT VERSION 2.10.05; ** AEP & MV **; Initialized 2024-11-01 06:14:24; Last compilation on:  2025-02-06 05:28:34

--Start time: Tue Feb 11 06:14:25 2025

--Finish time: Tue Feb 11 06:20:30 2025

--Runtime: 0 hours, 6 minutes, 5 seconds
--Number of function evaluations: 2396
*******************************************

#Stock being assessed: Aleutian_Islands_golden_king_crab

#General information
Year_range:                 	 1960 2021; actual data file end year is 2021
Number of seasons:          	 6
Number_of_fleets:           	 2
Fleets:                     	 Pot_Fishery Trawl_Bycatch 
Number of sexes:             	 1
Number of shell conditions: 	 1
Number of maturity states:  	 1
Weight unit is:             	 Tonnes
Numbers unit is:            	 Thousands

#Likelihoods_by_type (raw and weighted)
Catch_data: -94.24367139 -423.85515308
Index_data: -44.67853199 -44.67853199
Size_data: 817.85267401 817.85267401
Stock_recruitment: 20.24122544 20.24122544
Tagging_data: 2700.10817270 2700.10817270
Penalties: 0.03632873
Priors: 25.72433469
Initial_size_structure: 0.00000000
Total: 3095.42905050

#Likelihoods_by_type_and_fleet
Catches
Raw_likelihood:  -102.98091308 -20.66874245 29.40598415
Emphasis      :  4.00000000 2.00000000 1.00000000
Net_likelihood:  -411.92365232 -41.33748491 29.40598415
Index
Raw_likelihood:  -12.38212903 -16.51900179 -15.77740118
Emphasis      :  1.00000000 1.00000000 1.00000000
Net_likelihood:  -12.38212903 -16.51900179 -15.77740118
Size_composition
Raw_likelihood:  316.35697006 501.49570396
Emphasis      :  1.00000000 1.00000000
Net_likelihood:  316.35697006 501.49570396
Recruitment_penalities
Penalities    :  20.24122544 0.00000000 0.00000000
Tagging
Raw_likelihood:  2700.10817270
Emphasis      : 1.00000000
Net_likelihood:  2700.10817270
Growth_likelihood
Raw_likelihood    :  2700.10817270

#Penalties
1. Mean_Fbar=0: 0.00000000 0.00000000 0.00000000
2. Mean_Fdev: 0.00000000 0.00000000 0.00000000
3. Mdevs: 0.00000000 0.00000000 0.00000000
6. Rec_dev: 58.69757801 0.00000000 0.00000000
7. Sex_ratio: 0.00000000 0.00000000 0.00000000
8. Molt_prob: 0.00000000 0.00000000 0.00000000
9. Smooth_select: 0.00000000 0.00000000 0.00000000
10. Init_numbers: 14.70301653 0.00000000 0.00000000
11. Fdevs_(flt): 0.03632873 1.00000000 0.03632873
12. Fdovs_(flt): 0.00000000 0.00000000 0.00000000
13. SelDevs: 0.00000000 1.00000000 0.00000000

Maximum gradient: 0.00220290

#Parameter_count Parameter_type Estimate Phase Lower_bound Upper_bound Penalty Gradient Standard_error Estimated_parameter_count
1 M-base : 0.21000000 -3 
2 Log(R0) : 7.85572696 1 -10.00000000 20.00000000 3.40119738 -0.00113448 0.07474731 1
3 Log(Rinitial) : 12.00000000 -3 
4 Log(Rbar) : 8.00000000 -1 
5 Recruitment_ra-males : 110.00000000 -2 
6 Recruitment_rb-males : 1.75718096 3 0.00100000 20.00000000 1.58923521 -0.00000536 0.63298728 2
7 log(SigmaR) : -0.69314720 -1 
8 Steepness : 0.73000000 -2 
9 Rho : 0.00100000 -3 
10 Alpha_male_period_1 : 25.07133602 7 10.00000000 50.00000000 2.99573227 -0.00011840 1.51956337 3
11 Beta_male_period_1 : 0.08882682 7 -0.40000000 20.00000000 2.30258509 0.00220290 0.01169390 4
12 Gscale_male_period_1 : 3.67312466 7 0.01000000 5.00000000 1.09861229 -0.00000198 0.09574365 5
13 Molt_probability_mu_male_period_1 : 141.43252958 7 65.00000000 165.00000000 6.90675478 -0.00002583 0.64971446 6
14 Molt_probability_CV_male_period_1 : 0.08714070 7 -0.10000000 2.00000000 0.69314718 0.00009225 0.00431895 7
15 MPar1 : 0.21000000 -3 
16 Sel_Pot_Fishery_male_period_1_par_1 : 4.78270670 3 4.65396035 5.19295685 4.31748811 0.00000240 0.04725273 8
17 Sel_Pot_Fishery_male_period_1_par_2 : 3.19508732 3 -4.60517019 3.68887945 3.68862942 0.00001324 0.14313244 9
18 Sel_Pot_Fishery_male_period_2_par_1 : 4.91534899 3 4.65396035 5.19295685 4.31748811 -0.00001427 0.01100502 10
19 Sel_Pot_Fishery_male_period_2_par_2 : 2.12236266 3 -4.60517019 2.99573227 2.99523215 -0.00001882 0.06542653 11
20 Sel_Trawl_Bycatch_male_period_1_par_1 : 0.00000000 -3 
21 Ret_Pot_Fishery_male_period_1_par_1 : 4.91613786 3 4.65396035 5.19295685 4.31748811 0.00012085 0.00130499 12
22 Ret_Pot_Fishery_male_period_1_par_2 : 0.79039227 3 -9.21034037 2.99573227 2.99572727 0.00000571 0.03972185 13
23 Ret_Trawl_Bycatch_male_period_1_par_1 : 0.00000000 -3 
24 AsympRet_fleet_Pot_Fishery_sex_male_year_1960 : 0.00000100 -3 
25 Dummy_sel_env_par : 0.00000000 -1 
26 Dummy_sel_dev_par : 0.00000000 -1 
27 Log_fbar_Pot_Fishery : -0.98468712 2 -1000.00000000 1000.00000000 0.00000000 -0.00031280 3.49288387 14
28 Log_fbar_Trawl_Bycatch : -8.37665407 2 -1000.00000000 1000.00000000 0.00000000 0.00000914 3.95705694 15
29 Log_fdev_Pot_Fishery_year_1981_season_3 : -2.19274898 2 -1000.00000000 1000.00000000 0.00000000 -0.00016681 3.49337461 16
30 Log_fdev_Pot_Fishery_year_1982_season_3 : -1.14775740 2 -1000.00000000 1000.00000000 0.00000000 -0.00016981 3.49317099 17
31 Log_fdev_Pot_Fishery_year_1983_season_3 : -0.80712180 2 -1000.00000000 1000.00000000 0.00000000 0.00000920 3.49301373 18
32 Log_fdev_Pot_Fishery_year_1984_season_3 : -0.51996041 2 -1000.00000000 1000.00000000 0.00000000 0.00006553 3.49288895 19
33 Log_fdev_Pot_Fishery_year_1985_season_3 : 0.00820484 2 -1000.00000000 1000.00000000 0.00000000 0.00002100 3.49282333 20
34 Log_fdev_Pot_Fishery_year_1986_season_3 : 0.33493286 2 -1000.00000000 1000.00000000 0.00000000 0.00011344 3.49275812 21
35 Log_fdev_Pot_Fishery_year_1987_season_3 : 0.13072422 2 -1000.00000000 1000.00000000 0.00000000 0.00004960 3.49270609 22
36 Log_fdev_Pot_Fishery_year_1988_season_3 : 0.69018089 2 -1000.00000000 1000.00000000 0.00000000 -0.00017075 3.49276880 23
37 Log_fdev_Pot_Fishery_year_1989_season_3 : 1.16810150 2 -1000.00000000 1000.00000000 0.00000000 -0.00008126 3.49318951 24
38 Log_fdev_Pot_Fishery_year_1990_season_3 : 0.53005714 2 -1000.00000000 1000.00000000 0.00000000 0.00001729 3.49316864 25
39 Log_fdev_Pot_Fishery_year_1991_season_3 : 0.71265224 2 -1000.00000000 1000.00000000 0.00000000 -0.00006372 3.49305881 26
40 Log_fdev_Pot_Fishery_year_1992_season_3 : 0.77616617 2 -1000.00000000 1000.00000000 0.00000000 -0.00007490 3.49288909 27
41 Log_fdev_Pot_Fishery_year_1993_season_3 : 0.30465333 2 -1000.00000000 1000.00000000 0.00000000 -0.00000286 3.49275384 28
42 Log_fdev_Pot_Fishery_year_1994_season_3 : 0.57581889 2 -1000.00000000 1000.00000000 0.00000000 -0.00005009 3.49265411 29
43 Log_fdev_Pot_Fishery_year_1995_season_3 : 0.77516221 2 -1000.00000000 1000.00000000 0.00000000 0.00001126 3.49262737 30
44 Log_fdev_Pot_Fishery_year_1996_season_3 : 0.48745140 2 -1000.00000000 1000.00000000 0.00000000 0.00005456 3.49263805 31
45 Log_fdev_Pot_Fishery_year_1997_season_3 : 0.39875125 2 -1000.00000000 1000.00000000 0.00000000 0.00007174 3.49263465 32
46 Log_fdev_Pot_Fishery_year_1998_season_3 : 0.31655086 2 -1000.00000000 1000.00000000 0.00000000 0.00005773 3.49262907 33
47 Log_fdev_Pot_Fishery_year_1999_season_3 : 0.11184093 2 -1000.00000000 1000.00000000 0.00000000 0.00002703 3.49259668 34
48 Log_fdev_Pot_Fishery_year_2000_season_3 : -0.02974493 2 -1000.00000000 1000.00000000 0.00000000 -0.00002853 3.49255198 35
49 Log_fdev_Pot_Fishery_year_2001_season_3 : -0.15630558 2 -1000.00000000 1000.00000000 0.00000000 -0.00009261 3.49251590 36
50 Log_fdev_Pot_Fishery_year_2002_season_3 : -0.38735875 2 -1000.00000000 1000.00000000 0.00000000 -0.00005443 3.49248047 37
51 Log_fdev_Pot_Fishery_year_2003_season_3 : -0.39731383 2 -1000.00000000 1000.00000000 0.00000000 -0.00008306 3.49246348 38
52 Log_fdev_Pot_Fishery_year_2004_season_3 : -0.44674729 2 -1000.00000000 1000.00000000 0.00000000 -0.00002163 3.49247673 39
53 Log_fdev_Pot_Fishery_year_2005_season_3 : -0.32529962 2 -1000.00000000 1000.00000000 0.00000000 0.00010539 3.49280649 40
54 Log_fdev_Pot_Fishery_year_2006_season_3 : -0.21669583 2 -1000.00000000 1000.00000000 0.00000000 0.00004806 3.49291685 41
55 Log_fdev_Pot_Fishery_year_2007_season_3 : -0.26371630 2 -1000.00000000 1000.00000000 0.00000000 0.00001816 3.49291953 42
56 Log_fdev_Pot_Fishery_year_2008_season_3 : -0.24067191 2 -1000.00000000 1000.00000000 0.00000000 -0.00002351 3.49290414 43
57 Log_fdev_Pot_Fishery_year_2009_season_3 : -0.21935069 2 -1000.00000000 1000.00000000 0.00000000 0.00016696 3.49290124 44
58 Log_fdev_Pot_Fishery_year_2010_season_3 : -0.26624532 2 -1000.00000000 1000.00000000 0.00000000 -0.00003795 3.49283768 45
59 Log_fdev_Pot_Fishery_year_2011_season_3 : -0.26451820 2 -1000.00000000 1000.00000000 0.00000000 -0.00002165 3.49274947 46
60 Log_fdev_Pot_Fishery_year_2012_season_3 : -0.20533291 2 -1000.00000000 1000.00000000 0.00000000 0.00008650 3.49270891 47
61 Log_fdev_Pot_Fishery_year_2013_season_3 : -0.12651013 2 -1000.00000000 1000.00000000 0.00000000 -0.00002062 3.49270363 48
62 Log_fdev_Pot_Fishery_year_2014_season_3 : -0.05639713 2 -1000.00000000 1000.00000000 0.00000000 -0.00005829 3.49273579 49
63 Log_fdev_Pot_Fishery_year_2015_season_3 : 0.11598202 2 -1000.00000000 1000.00000000 0.00000000 -0.00005498 3.49283911 50
64 Log_fdev_Pot_Fishery_year_2016_season_3 : 0.20653015 2 -1000.00000000 1000.00000000 0.00000000 0.00002359 3.49300147 51
65 Log_fdev_Pot_Fishery_year_2017_season_3 : 0.16751329 2 -1000.00000000 1000.00000000 0.00000000 -0.00003054 3.49314342 52
66 Log_fdev_Pot_Fishery_year_2018_season_3 : 0.24172577 2 -1000.00000000 1000.00000000 0.00000000 -0.00003965 3.49336923 53
67 Log_fdev_Pot_Fishery_year_2019_season_3 : 0.28069227 2 -1000.00000000 1000.00000000 0.00000000 -0.00003983 3.49385113 54
68 Log_fdev_Pot_Fishery_year_2020_season_3 : 0.00476505 2 -1000.00000000 1000.00000000 0.00000000 0.00003307 3.49463628 55
69 Log_fdev_Pot_Fishery_year_2021_season_3 : -0.06861087 2 -1000.00000000 1000.00000000 0.00000000 0.00002997 3.49590092 56
70 Log_fdev_Trawl_Bycatch_year_1989_season_3 : -0.37903078 2 -1000.00000000 1000.00000000 0.00000000 0.00000105 4.07368506 57
71 Log_fdev_Trawl_Bycatch_year_1990_season_3 : 0.73704261 2 -1000.00000000 1000.00000000 0.00000000 0.00000122 4.07388552 58
72 Log_fdev_Trawl_Bycatch_year_1992_season_3 : -0.03521105 2 -1000.00000000 1000.00000000 0.00000000 0.00000048 4.07360913 59
73 Log_fdev_Trawl_Bycatch_year_1993_season_3 : -0.05526520 2 -1000.00000000 1000.00000000 0.00000000 -0.00000015 4.07356994 60
74 Log_fdev_Trawl_Bycatch_year_1994_season_3 : -1.25127330 2 -1000.00000000 1000.00000000 0.00000000 0.00000064 4.07346459 61
75 Log_fdev_Trawl_Bycatch_year_1995_season_3 : -0.15298576 2 -1000.00000000 1000.00000000 0.00000000 0.00000096 4.07347807 62
76 Log_fdev_Trawl_Bycatch_year_1996_season_3 : -1.39125256 2 -1000.00000000 1000.00000000 0.00000000 0.00000058 4.07349757 63
77 Log_fdev_Trawl_Bycatch_year_1997_season_3 : -2.38774855 2 -1000.00000000 1000.00000000 0.00000000 0.00000090 4.07345550 64
78 Log_fdev_Trawl_Bycatch_year_1998_season_3 : -0.18128021 2 -1000.00000000 1000.00000000 0.00000000 0.00000052 4.07356078 65
79 Log_fdev_Trawl_Bycatch_year_1999_season_3 : -0.76115988 2 -1000.00000000 1000.00000000 0.00000000 0.00000126 4.07350814 66
80 Log_fdev_Trawl_Bycatch_year_2000_season_3 : -0.30643570 2 -1000.00000000 1000.00000000 0.00000000 0.00000111 4.07338674 67
81 Log_fdev_Trawl_Bycatch_year_2001_season_3 : 0.07938453 2 -1000.00000000 1000.00000000 0.00000000 0.00000141 4.07320046 68
82 Log_fdev_Trawl_Bycatch_year_2002_season_3 : 0.40595242 2 -1000.00000000 1000.00000000 0.00000000 0.00000007 4.07295307 69
83 Log_fdev_Trawl_Bycatch_year_2003_season_3 : -0.17851450 2 -1000.00000000 1000.00000000 0.00000000 0.00000027 4.07311344 70
84 Log_fdev_Trawl_Bycatch_year_2004_season_3 : -1.61433115 2 -1000.00000000 1000.00000000 0.00000000 0.00000002 4.07344752 71
85 Log_fdev_Trawl_Bycatch_year_2005_season_3 : 0.20261522 2 -1000.00000000 1000.00000000 0.00000000 0.00000012 4.07299459 72
86 Log_fdev_Trawl_Bycatch_year_2006_season_3 : 0.75067170 2 -1000.00000000 1000.00000000 0.00000000 0.00000015 4.07265708 73
87 Log_fdev_Trawl_Bycatch_year_2007_season_3 : 0.23006992 2 -1000.00000000 1000.00000000 0.00000000 0.00000148 4.07308774 74
88 Log_fdev_Trawl_Bycatch_year_2008_season_3 : 0.98571168 2 -1000.00000000 1000.00000000 0.00000000 -0.00000012 4.07259448 75
89 Log_fdev_Trawl_Bycatch_year_2009_season_3 : 0.25135588 2 -1000.00000000 1000.00000000 0.00000000 0.00000006 4.07301514 76
90 Log_fdev_Trawl_Bycatch_year_2010_season_3 : 1.36114378 2 -1000.00000000 1000.00000000 0.00000000 0.00000078 4.07196066 77
91 Log_fdev_Trawl_Bycatch_year_2011_season_3 : 1.20910060 2 -1000.00000000 1000.00000000 0.00000000 -0.00000015 4.07231968 78
92 Log_fdev_Trawl_Bycatch_year_2012_season_3 : 1.40633416 2 -1000.00000000 1000.00000000 0.00000000 -0.00000005 4.07243013 79
93 Log_fdev_Trawl_Bycatch_year_2013_season_3 : 0.78445881 2 -1000.00000000 1000.00000000 0.00000000 0.00000013 4.07307454 80
94 Log_fdev_Trawl_Bycatch_year_2014_season_3 : 0.71513969 2 -1000.00000000 1000.00000000 0.00000000 -0.00000000 4.07333903 81
95 Log_fdev_Trawl_Bycatch_year_2015_season_3 : -0.12231172 2 -1000.00000000 1000.00000000 0.00000000 0.00000052 4.07353592 82
96 Log_fdev_Trawl_Bycatch_year_2016_season_3 : -0.38844416 2 -1000.00000000 1000.00000000 0.00000000 0.00000007 4.07359473 83
97 Log_fdev_Trawl_Bycatch_year_2017_season_3 : 0.01933040 2 -1000.00000000 1000.00000000 0.00000000 -0.00000060 4.07369644 84
98 Log_fdev_Trawl_Bycatch_year_2018_season_3 : 0.01043504 2 -1000.00000000 1000.00000000 0.00000000 -0.00000030 4.07391348 85
99 Log_fdev_Trawl_Bycatch_year_2019_season_3 : 0.78763855 2 -1000.00000000 1000.00000000 0.00000000 -0.00000010 4.07448706 86
100 Log_fdev_Trawl_Bycatch_year_2020_season_3 : -0.86460970 2 -1000.00000000 1000.00000000 0.00000000 0.00000001 4.07503853 87
101 Log_fdev_Trawl_Bycatch_year_2021_season_3 : 0.13347342 2 -1000.00000000 1000.00000000 0.00000000 0.00000106 4.07587193 88
102 Log_foff_Pot_Fishery : 0.00000000 -1 
103 Log_foff_Trawl_Bycatch : 0.00000000 -1 
106 Rec_dev_est_1960 : -0.11931743 1 -8.00000000 8.00000000 0.00000000 -0.00000742 0.50125280 89
107 Rec_dev_est_1961 : -0.11917101 1 -8.00000000 8.00000000 0.00000000 -0.00000321 0.50124856 90
108 Rec_dev_est_1962 : -0.11913164 1 -8.00000000 8.00000000 0.00000000 -0.00000322 0.50115977 91
109 Rec_dev_est_1963 : -0.11944414 1 -8.00000000 8.00000000 0.00000000 -0.00000626 0.50094533 92
110 Rec_dev_est_1964 : -0.12027548 1 -8.00000000 8.00000000 0.00000000 -0.00001518 0.50055120 93
111 Rec_dev_est_1965 : -0.12184347 1 -8.00000000 8.00000000 0.00000000 -0.00001806 0.49990802 94
112 Rec_dev_est_1966 : -0.12442525 1 -8.00000000 8.00000000 0.00000000 -0.00000021 0.49892950 95
113 Rec_dev_est_1967 : -0.12836360 1 -8.00000000 8.00000000 0.00000000 -0.00000987 0.49751248 96
114 Rec_dev_est_1968 : -0.13406405 1 -8.00000000 8.00000000 0.00000000 -0.00000510 0.49553986 97
115 Rec_dev_est_1969 : -0.14198493 1 -8.00000000 8.00000000 0.00000000 -0.00000203 0.49288770 98
116 Rec_dev_est_1970 : -0.15260761 1 -8.00000000 8.00000000 0.00000000 -0.00003643 0.48943790 99
117 Rec_dev_est_1971 : -0.16638128 1 -8.00000000 8.00000000 0.00000000 -0.00001001 0.48509642 100
118 Rec_dev_est_1972 : -0.18364431 1 -8.00000000 8.00000000 0.00000000 -0.00002359 0.47981568 101
119 Rec_dev_est_1973 : -0.20450467 1 -8.00000000 8.00000000 0.00000000 -0.00005865 0.47361749 102
120 Rec_dev_est_1974 : -0.22869462 1 -8.00000000 8.00000000 0.00000000 -0.00004566 0.46661236 103
121 Rec_dev_est_1975 : -0.25539984 1 -8.00000000 8.00000000 0.00000000 -0.00005748 0.45901437 104
122 Rec_dev_est_1976 : -0.28305589 1 -8.00000000 8.00000000 0.00000000 -0.00005341 0.45115829 105
123 Rec_dev_est_1977 : -0.30909804 1 -8.00000000 8.00000000 0.00000000 -0.00006511 0.44353682 106
124 Rec_dev_est_1978 : -0.32955738 1 -8.00000000 8.00000000 0.00000000 -0.00007719 0.43684711 107
125 Rec_dev_est_1979 : -0.33829271 1 -8.00000000 8.00000000 0.00000000 -0.00006318 0.43179662 108
126 Rec_dev_est_1980 : -0.32644577 1 -8.00000000 8.00000000 0.00000000 -0.00004187 0.42797244 109
127 Rec_dev_est_1981 : -0.28674294 1 -8.00000000 8.00000000 0.00000000 -0.00005038 0.42163166 110
128 Rec_dev_est_1982 : -0.22681704 1 -8.00000000 8.00000000 0.00000000 -0.00006783 0.40787345 111
129 Rec_dev_est_1983 : -0.16764850 1 -8.00000000 8.00000000 0.00000000 -0.00007790 0.39310381 112
130 Rec_dev_est_1984 : -0.22599663 1 -8.00000000 8.00000000 0.00000000 -0.00013990 0.34363175 113
131 Rec_dev_est_1985 : -0.61333805 1 -8.00000000 8.00000000 0.00000000 -0.00013661 0.34946365 114
132 Rec_dev_est_1986 : -0.17719721 1 -8.00000000 8.00000000 0.00000000 -0.00009343 0.28562857 115
133 Rec_dev_est_1987 : 0.76688448 1 -8.00000000 8.00000000 0.00000000 -0.00010964 0.15616434 116
134 Rec_dev_est_1988 : -0.51177311 1 -8.00000000 8.00000000 0.00000000 -0.00000873 0.36884621 117
135 Rec_dev_est_1989 : 0.20758387 1 -8.00000000 8.00000000 0.00000000 0.00001827 0.24021773 118
136 Rec_dev_est_1990 : 0.21064754 1 -8.00000000 8.00000000 0.00000000 0.00003470 0.23168886 119
137 Rec_dev_est_1991 : 0.06796534 1 -8.00000000 8.00000000 0.00000000 -0.00000650 0.23588366 120
138 Rec_dev_est_1992 : -0.11563885 1 -8.00000000 8.00000000 0.00000000 0.00000736 0.22763236 121
139 Rec_dev_est_1993 : -0.04791375 1 -8.00000000 8.00000000 0.00000000 0.00002044 0.15141784 122
140 Rec_dev_est_1994 : -0.01845084 1 -8.00000000 8.00000000 0.00000000 -0.00003163 0.10848602 123
141 Rec_dev_est_1995 : -0.33913411 1 -8.00000000 8.00000000 0.00000000 -0.00001010 0.12932664 124
142 Rec_dev_est_1996 : 0.16789173 1 -8.00000000 8.00000000 0.00000000 -0.00001694 0.10983568 125
143 Rec_dev_est_1997 : 0.12744455 1 -8.00000000 8.00000000 0.00000000 -0.00002008 0.12355636 126
144 Rec_dev_est_1998 : 0.04927738 1 -8.00000000 8.00000000 0.00000000 0.00002435 0.13510387 127
145 Rec_dev_est_1999 : 0.16546185 1 -8.00000000 8.00000000 0.00000000 0.00006185 0.13203319 128
146 Rec_dev_est_2000 : -0.34817097 1 -8.00000000 8.00000000 0.00000000 0.00007905 0.17362724 129
147 Rec_dev_est_2001 : -0.08629140 1 -8.00000000 8.00000000 0.00000000 0.00012106 0.15400855 130
148 Rec_dev_est_2002 : -0.34856304 1 -8.00000000 8.00000000 0.00000000 0.00007758 0.18574604 131
149 Rec_dev_est_2003 : -0.53047719 1 -8.00000000 8.00000000 0.00000000 0.00006249 0.23007187 132
150 Rec_dev_est_2004 : 0.14571161 1 -8.00000000 8.00000000 0.00000000 0.00005788 0.20735741 133
151 Rec_dev_est_2005 : -0.10568847 1 -8.00000000 8.00000000 0.00000000 0.00003623 0.27673314 134
152 Rec_dev_est_2006 : -0.28822886 1 -8.00000000 8.00000000 0.00000000 -0.00000976 0.32376044 135
153 Rec_dev_est_2007 : -0.00536776 1 -8.00000000 8.00000000 0.00000000 -0.00006308 0.28470421 136
154 Rec_dev_est_2008 : -0.11088725 1 -8.00000000 8.00000000 0.00000000 -0.00007947 0.30252912 137
155 Rec_dev_est_2009 : -0.26892998 1 -8.00000000 8.00000000 0.00000000 -0.00006287 0.29981014 138
156 Rec_dev_est_2010 : -0.29382740 1 -8.00000000 8.00000000 0.00000000 -0.00003592 0.29579157 139
157 Rec_dev_est_2011 : -0.33684204 1 -8.00000000 8.00000000 0.00000000 -0.00001447 0.29730405 140
158 Rec_dev_est_2012 : -0.36699931 1 -8.00000000 8.00000000 0.00000000 -0.00001626 0.29398074 141
159 Rec_dev_est_2013 : -0.18905576 1 -8.00000000 8.00000000 0.00000000 -0.00000461 0.27785847 142
160 Rec_dev_est_2014 : 0.09179759 1 -8.00000000 8.00000000 0.00000000 0.00003160 0.24616635 143
161 Rec_dev_est_2015 : 0.11438723 1 -8.00000000 8.00000000 0.00000000 0.00002714 0.25305759 144
162 Rec_dev_est_2016 : 0.19897438 1 -8.00000000 8.00000000 0.00000000 0.00004968 0.25177570 145
163 Rec_dev_est_2017 : 0.37716446 1 -8.00000000 8.00000000 0.00000000 0.00003996 0.24541314 146
164 Rec_dev_est_2018 : 0.08688800 1 -8.00000000 8.00000000 0.00000000 0.00000484 0.32521727 147
165 Rec_dev_est_2019 : -0.12699693 1 -8.00000000 8.00000000 0.00000000 0.00000336 0.36392868 148
166 Rec_dev_est_2020 : -0.29328761 1 -8.00000000 8.00000000 0.00000000 0.00000053 0.42740175 149
167 Rec_dev_est_2021 : -0.12529329 1 -8.00000000 8.00000000 0.00000000 -0.00000034 0.50000017 150
168 Logit_rec_prop_est_1960 : -0.00000000 -1 
169 Logit_rec_prop_est_1961 : -0.00000000 -1 
170 Logit_rec_prop_est_1962 : -0.00000000 -1 
171 Logit_rec_prop_est_1963 : -0.00000000 -1 
172 Logit_rec_prop_est_1964 : -0.00000000 -1 
173 Logit_rec_prop_est_1965 : -0.00000000 -1 
174 Logit_rec_prop_est_1966 : -0.00000000 -1 
175 Logit_rec_prop_est_1967 : -0.00000000 -1 
176 Logit_rec_prop_est_1968 : -0.00000000 -1 
177 Logit_rec_prop_est_1969 : -0.00000000 -1 
178 Logit_rec_prop_est_1970 : -0.00000000 -1 
179 Logit_rec_prop_est_1971 : -0.00000000 -1 
180 Logit_rec_prop_est_1972 : -0.00000000 -1 
181 Logit_rec_prop_est_1973 : -0.00000000 -1 
182 Logit_rec_prop_est_1974 : -0.00000000 -1 
183 Logit_rec_prop_est_1975 : -0.00000000 -1 
184 Logit_rec_prop_est_1976 : -0.00000000 -1 
185 Logit_rec_prop_est_1977 : -0.00000000 -1 
186 Logit_rec_prop_est_1978 : -0.00000000 -1 
187 Logit_rec_prop_est_1979 : -0.00000000 -1 
188 Logit_rec_prop_est_1980 : -0.00000000 -1 
189 Logit_rec_prop_est_1981 : -0.00000000 -1 
190 Logit_rec_prop_est_1982 : -0.00000000 -1 
191 Logit_rec_prop_est_1983 : -0.00000000 -1 
192 Logit_rec_prop_est_1984 : -0.00000000 -1 
193 Logit_rec_prop_est_1985 : -0.00000000 -1 
194 Logit_rec_prop_est_1986 : -0.00000000 -1 
195 Logit_rec_prop_est_1987 : -0.00000000 -1 
196 Logit_rec_prop_est_1988 : -0.00000000 -1 
197 Logit_rec_prop_est_1989 : -0.00000000 -1 
198 Logit_rec_prop_est_1990 : -0.00000000 -1 
199 Logit_rec_prop_est_1991 : -0.00000000 -1 
200 Logit_rec_prop_est_1992 : -0.00000000 -1 
201 Logit_rec_prop_est_1993 : -0.00000000 -1 
202 Logit_rec_prop_est_1994 : -0.00000000 -1 
203 Logit_rec_prop_est_1995 : -0.00000000 -1 
204 Logit_rec_prop_est_1996 : -0.00000000 -1 
205 Logit_rec_prop_est_1997 : -0.00000000 -1 
206 Logit_rec_prop_est_1998 : -0.00000000 -1 
207 Logit_rec_prop_est_1999 : -0.00000000 -1 
208 Logit_rec_prop_est_2000 : -0.00000000 -1 
209 Logit_rec_prop_est_2001 : -0.00000000 -1 
210 Logit_rec_prop_est_2002 : -0.00000000 -1 
211 Logit_rec_prop_est_2003 : -0.00000000 -1 
212 Logit_rec_prop_est_2004 : -0.00000000 -1 
213 Logit_rec_prop_est_2005 : -0.00000000 -1 
214 Logit_rec_prop_est_2006 : -0.00000000 -1 
215 Logit_rec_prop_est_2007 : -0.00000000 -1 
216 Logit_rec_prop_est_2008 : -0.00000000 -1 
217 Logit_rec_prop_est_2009 : -0.00000000 -1 
218 Logit_rec_prop_est_2010 : -0.00000000 -1 
219 Logit_rec_prop_est_2011 : -0.00000000 -1 
220 Logit_rec_prop_est_2012 : -0.00000000 -1 
221 Logit_rec_prop_est_2013 : -0.00000000 -1 
222 Logit_rec_prop_est_2014 : -0.00000000 -1 
223 Logit_rec_prop_est_2015 : -0.00000000 -1 
224 Logit_rec_prop_est_2016 : -0.00000000 -1 
225 Logit_rec_prop_est_2017 : -0.00000000 -1 
226 Logit_rec_prop_est_2018 : -0.00000000 -1 
227 Logit_rec_prop_est_2019 : -0.00000000 -1 
228 Logit_rec_prop_est_2020 : -0.00000000 -1 
229 Logit_rec_prop_est_2021 : -0.00000000 -1 
230 Log_vn_comp_1 :  0.00000000 -4 
231 Log_vn_comp_2 :  0.00000000 -4 
232 Survey_q_survey_1 : 0.00054064 1 0.00000010 0.01000000 -4.60518019 0.00000674 0.00005638 151
233 Survey_q_survey_2 : 0.00046389 1 0.00000010 0.01000000 -4.60518019 0.00004257 0.00005463 152
234 Survey_q_survey_3 : 0.00062762 1 0.00000010 0.01000000 -4.60518019 -0.00000582 0.00005633 153
235 Log_add_cvt_survey_1 : -1.74022909 6 -16.11809565 -0.69314718 -0.69314738 0.00000359 0.25201737 154
236 Log_add_cvt_survey_2 : -1.46909994 6 -16.11809565 -0.69314718 -0.69314738 -0.00000297 0.21561530 155
237 Log_add_cvt_survey_3 : -1.64104548 6 -16.11809565 -0.69314718 -0.69314738 -0.00001190 0.22493122 156
238 Dummy_dev_par : 0.00000000 -1 

#--------------------------------------------------------------------------------------------
#Parameter_name Estimate Standard_error Estimated_quantity_count
Male Spr_rbar : 2497.87254115 65.38472276 157
Female Spr_rbar : 0.00000000 0.00000000 158
SSSB/R(F=0) : 19935.75538487 440.20111891 159
BMSY : 6977.51438471 154.07039162 160
Bcurr/BMSY : 1.11721480 0.18811981 161
OFL(tot) : 2873.61645271 539.88944377 162
Fmsy (1) : 0.58922906 0.03212834 163
Fmsy (2) : 0.00039805 0.00014426 164
Fofl (1) : 0.58922906 0.03212834 165
Fofl (2) : 0.00039805 0.00014426 166
Ofl (1) : 2871.00042071 539.63926980 167
Ofl (2) : 2.61603200 1.00800918 168
SigmaR : 0.49999999; Weight : 2.00000008

#--------------------------------------------------------------------------------------------
#Overall_summary
#Year SSB log(SSB) SD(log(SSB) SSA Dynamic_B0 log(DynB0) SD(log(DynB0)) Recruit_male log(Recruits) SD(log(Recruits)) log(f)  SD(log(f)) Retained_mortality  Total_mortality Pot_Fishery Trawl_Bycatch Rec_dev logit_rec_prop res_recruit 
1960 20594.97602959 0.00000000 0.00000000 10867.47654882 20594.97602959 0.00000000 0.00000000 2290.23458176 0.00000000 0.00000000 0.00000000 0.00000000 0.00000000 0.00000000 0.00000000 0.00000000 -0.11931743 -0.00000000 0.00568257
1961 20470.56607993 0.00000000 0.00000000 10728.21475469 20470.56607993 0.00000000 0.00000000 2290.56992666 0.00000000 0.00000000 0.00000000 0.00000000 0.00000000 0.00000000 0.00000000 0.00000000 -0.11917101 -0.00000000 0.00594830
1962 20240.25344588 0.00000000 0.00000000 10527.55104755 20240.25344588 0.00000000 0.00000000 2290.66011289 0.00000000 0.00000000 0.00000000 0.00000000 0.00000000 0.00000000 0.00000000 0.00000000 -0.11913164 -0.00000000 0.00598752
1963 19992.64471010 0.00000000 0.00000000 10360.92636052 19992.64471010 0.00000000 0.00000000 2289.94440595 0.00000000 0.00000000 0.00000000 0.00000000 0.00000000 0.00000000 0.00000000 0.00000000 -0.11944414 -0.00000000 0.00567499
1964 19751.62164022 0.00000000 0.00000000 10225.35501724 19751.62164022 0.00000000 0.00000000 2288.04146097 0.00000000 0.00000000 0.00000000 0.00000000 0.00000000 0.00000000 0.00000000 0.00000000 -0.12027548 -0.00000000 0.00484396
1965 19529.02379412 0.00000000 0.00000000 10114.32503877 19529.02379412 0.00000000 0.00000000 2284.45664447 0.00000000 0.00000000 0.00000000 0.00000000 0.00000000 0.00000000 0.00000000 0.00000000 -0.12184347 -0.00000000 0.00327680
1966 19328.85938454 0.00000000 0.00000000 10022.01867474 19328.85938454 0.00000000 0.00000000 2278.56628561 0.00000000 0.00000000 0.00000000 0.00000000 0.00000000 0.00000000 0.00000000 0.00000000 -0.12442525 -0.00000000 0.00069658
1967 19150.40880780 0.00000000 0.00000000 9943.25658066 19150.40880780 0.00000000 0.00000000 2269.61015363 0.00000000 0.00000000 0.00000000 0.00000000 0.00000000 0.00000000 0.00000000 0.00000000 -0.12836360 -0.00000000 -0.00323918
1968 18990.24321559 0.00000000 0.00000000 9873.27899891 18990.24321559 0.00000000 0.00000000 2256.70916421 0.00000000 0.00000000 0.00000000 0.00000000 0.00000000 0.00000000 0.00000000 0.00000000 -0.13406405 -0.00000000 -0.00893569
1969 18843.35252262 0.00000000 0.00000000 9807.56637909 18843.35252262 0.00000000 0.00000000 2238.90464770 0.00000000 0.00000000 0.00000000 0.00000000 0.00000000 0.00000000 0.00000000 0.00000000 -0.14198493 -0.00000000 -0.01685087
1970 18703.75303410 0.00000000 0.00000000 9741.71767271 18703.75303410 0.00000000 0.00000000 2215.24735095 0.00000000 0.00000000 0.00000000 0.00000000 0.00000000 0.00000000 0.00000000 0.00000000 -0.15260761 -0.00000000 -0.02746563
1971 18564.84693072 0.00000000 0.00000000 9671.40651001 18564.84693072 0.00000000 0.00000000 2184.94442303 0.00000000 0.00000000 0.00000000 0.00000000 0.00000000 0.00000000 0.00000000 0.00000000 -0.16638128 -0.00000000 -0.04122868
1972 18419.71641384 0.00000000 0.00000000 9592.44373975 18419.71641384 0.00000000 0.00000000 2147.54938412 0.00000000 0.00000000 0.00000000 0.00000000 0.00000000 0.00000000 0.00000000 0.00000000 -0.18364431 -0.00000000 -0.05847793
1973 18261.46995750 0.00000000 0.00000000 9500.96509982 18261.46995750 0.00000000 0.00000000 2103.21474691 0.00000000 0.00000000 0.00000000 0.00000000 0.00000000 0.00000000 0.00000000 0.00000000 -0.20450467 -0.00000000 -0.07932103
1974 18083.72460953 0.00000000 0.00000000 9393.76425969 18083.72460953 0.00000000 0.00000000 2052.94850974 0.00000000 0.00000000 0.00000000 0.00000000 0.00000000 0.00000000 0.00000000 0.00000000 -0.22869462 -0.00000000 -0.10349012
1975 17881.26653144 0.00000000 0.00000000 9268.76519042 17881.26653144 0.00000000 0.00000000 1998.84964812 0.00000000 0.00000000 0.00000000 0.00000000 0.00000000 0.00000000 0.00000000 0.00000000 -0.25539984 -0.00000000 -0.13017115
1976 17650.88617719 0.00000000 0.00000000 9125.59948711 17650.88617719 0.00000000 0.00000000 1944.32677667 0.00000000 0.00000000 0.00000000 0.00000000 0.00000000 0.00000000 0.00000000 0.00000000 -0.28305589 -0.00000000 -0.15780050
1977 17392.36352435 0.00000000 0.00000000 8966.25442414 17392.36352435 0.00000000 0.00000000 1894.34596326 0.00000000 0.00000000 0.00000000 0.00000000 0.00000000 0.00000000 0.00000000 0.00000000 -0.30909804 -0.00000000 -0.18381499
1978 17109.59195881 0.00000000 0.00000000 8795.78694095 17109.59195881 0.00000000 0.00000000 1855.98266267 0.00000000 0.00000000 0.00000000 0.00000000 0.00000000 0.00000000 0.00000000 0.00000000 -0.32955738 -0.00000000 -0.20424829
1979 16811.96248780 0.00000000 0.00000000 8623.24557401 16811.96248780 0.00000000 0.00000000 1839.84066386 0.00000000 0.00000000 0.00000000 0.00000000 0.00000000 0.00000000 0.00000000 0.00000000 -0.33829271 -0.00000000 -0.21296315
1980 16516.47586008 0.00000000 0.00000000 8463.26950919 16516.47586008 0.00000000 0.00000000 1861.76675721 0.00000000 0.00000000 0.00000000 0.00000000 0.00000000 0.00000000 0.00000000 0.00000000 -0.32644577 -0.00000000 -0.20110748
1981 15754.99735328 0.00000000 0.00000000 8128.55330021 16251.02918705 0.00000000 0.00000000 1937.17115599 0.00000000 0.00000000 0.00000000 0.00000000 499.34402495 517.18710917 517.18710917 0.00000000 -0.28674294 -0.00000000 -0.16141649
1982 14326.46633875 0.00000000 0.00000000 7554.25524809 16055.84617630 0.00000000 0.00000000 2056.80670976 0.00000000 0.00000000 0.00000000 0.00000000 1292.55704771 1342.03720191 1342.03720191 0.00000000 -0.22681704 -0.00000000 -0.10153030
1983 12858.90996963 0.00000000 0.00000000 7019.61763161 15972.36546636 0.00000000 0.00000000 2182.17737778 0.00000000 0.00000000 0.00000000 0.00000000 1600.88065615 1671.11355451 1671.11355451 0.00000000 -0.16764850 -0.00000000 -0.04242169
1984 11461.75369128 0.00000000 0.00000000 6551.28758284 16020.67921990 0.00000000 0.00000000 2058.49482465 0.00000000 0.00000000 0.00000000 0.00000000 1904.82362021 2004.17108733 2004.17108733 0.00000000 -0.22599663 -0.00000000 -0.10082899
1985 9538.23484084 0.00000000 0.00000000 5776.65840241 16093.41430593 0.00000000 0.00000000 1397.42831472 0.00000000 0.00000000 0.00000000 0.00000000 2719.58030475 2887.65089355 2887.65089355 0.00000000 -0.61333805 -0.00000000 -0.48811206
1986 7387.26501947 0.00000000 0.00000000 4655.00127518 15859.88268941 0.00000000 0.00000000 2161.43957235 0.00000000 0.00000000 0.00000000 0.00000000 2824.69618462 3018.52831060 3018.52831060 0.00000000 -0.17719721 -0.00000000 -0.05158388
1987 6540.92153222 0.00000000 0.00000000 4334.09620300 15706.77325121 0.00000000 0.00000000 5555.87626963 0.00000000 0.00000000 0.00000000 0.00000000 1895.34271198 2058.07669327 2058.07669327 0.00000000 0.76688448 -0.00000000 0.89206167
1988 6708.34357990 0.00000000 0.00000000 5404.22187797 17242.07566715 0.00000000 0.00000000 1546.81591898 0.00000000 0.00000000 0.00000000 0.00000000 2391.17690034 2806.50246780 2806.50246780 0.00000000 -0.51177311 -0.00000000 -0.38753999
1989 5825.81111576 0.00000000 0.00000000 4773.77574476 18355.14926443 0.00000000 0.00000000 3175.78723546 0.00000000 0.00000000 0.00000000 0.00000000 2679.99147485 3262.13495583 3261.43147632 0.70347951 0.20758387 -0.00000000 0.33309564
1990 6054.06113218 0.00000000 0.00000000 4788.49758294 18927.38775370 0.00000000 0.00000000 3185.53172436 0.00000000 0.00000000 0.00000000 0.00000000 1605.43638463 1929.26360404 1926.87224517 2.39135887 0.21064754 -0.00000000 0.33543996
1991 6201.90587475 0.00000000 0.00000000 4988.72790414 19778.62657216 0.00000000 0.00000000 2761.95018558 0.00000000 0.00000000 0.00000000 0.00000000 1994.54940482 2388.69097581 2388.69097581 0.00000000 0.06796534 -0.00000000 0.19275469
1992 6101.78625925 0.00000000 0.00000000 4888.96562982 20405.90456605 0.00000000 0.00000000 2298.67491304 0.00000000 0.00000000 0.00000000 0.00000000 2077.67687951 2491.25570525 2490.15052624 1.10517902 -0.11563885 -0.00000000 0.00929318
1993 6456.29310554 0.00000000 0.00000000 4949.54463156 20607.07565871 0.00000000 0.00000000 2459.74559280 0.00000000 0.00000000 0.00000000 0.00000000 1399.72676197 1647.23224536 1646.14849211 1.08375324 -0.04791375 -0.00000000 0.07720188
1994 6100.39292117 0.00000000 0.00000000 4644.57951828 20597.63651824 0.00000000 0.00000000 2533.29502271 0.00000000 0.00000000 0.00000000 0.00000000 2003.31721059 2309.44132041 2309.10969740 0.33162301 -0.01845084 -0.00000000 0.10659707
1995 5551.93525145 0.00000000 0.00000000 4324.95023786 20574.06629907 0.00000000 0.00000000 1838.29326412 0.00000000 0.00000000 0.00000000 0.00000000 2204.52225752 2560.28674433 2559.36158577 0.92515856 -0.33913411 -0.00000000 -0.21411566
1996 5452.94387211 0.00000000 0.00000000 4149.72529259 20246.68661449 0.00000000 0.00000000 3052.20232748 0.00000000 0.00000000 0.00000000 0.00000000 1541.19919585 1789.76281314 1789.51501381 0.24779933 0.16789173 -0.00000000 0.29323086
1997 5743.40497418 0.00000000 0.00000000 4456.59047388 20179.61210262 0.00000000 0.00000000 2931.21268709 0.00000000 0.00000000 0.00000000 0.00000000 1471.11206007 1721.79187929 1721.69157849 0.10030080 0.12744455 -0.00000000 0.25227665
1998 6405.26823334 0.00000000 0.00000000 5014.45170767 20461.76367670 0.00000000 0.00000000 2710.81427934 0.00000000 0.00000000 0.00000000 0.00000000 1411.75357666 1677.67884447 1676.68186185 0.99698263 0.04927738 -0.00000000 0.17414993
1999 7108.76613257 0.00000000 0.00000000 5421.70280989 20696.39575697 0.00000000 0.00000000 3044.79484494 0.00000000 0.00000000 0.00000000 0.00000000 1323.57250554 1554.76716295 1554.15613958 0.61102338 0.16546185 -0.00000000 0.29041256
2000 7849.73821281 0.00000000 0.00000000 5867.10060628 21007.35529346 0.00000000 0.00000000 1821.75570515 0.00000000 0.00000000 0.00000000 0.00000000 1367.57239214 1582.21006089 1581.12927135 1.08078954 -0.34817097 -0.00000000 -0.22333643
2001 8137.46515580 0.00000000 0.00000000 5775.72830320 20886.65538683 0.00000000 0.00000000 2367.13478799 0.00000000 0.00000000 0.00000000 0.00000000 1384.83311566 1560.25933448 1558.65301248 1.60632200 -0.08629140 -0.00000000 0.03905676
2002 8363.13773925 0.00000000 0.00000000 5730.33697804 20547.73364415 0.00000000 0.00000000 1821.04157750 0.00000000 0.00000000 0.00000000 0.00000000 1236.79977465 1368.10761287 1365.79290346 2.31470941 -0.34856304 -0.00000000 -0.22347676
2003 8363.63457621 0.00000000 0.00000000 5577.00197055 20072.07605746 0.00000000 0.00000000 1518.15303199 0.00000000 0.00000000 0.00000000 0.00000000 1290.15172571 1409.86013929 1408.58282154 1.27731776 -0.53047719 -0.00000000 -0.40512863
2004 8062.28486361 0.00000000 0.00000000 5192.41915599 19289.69981556 0.00000000 0.00000000 2985.24937621 0.00000000 0.00000000 0.00000000 0.00000000 1259.93702198 1359.87989320 1359.58731938 0.29257382 0.14571161 -0.00000000 0.27124208
2005 8185.49174545 0.00000000 0.00000000 5509.34414556 19020.09868029 0.00000000 0.00000000 2321.66176831 0.00000000 0.00000000 0.00000000 0.00000000 1275.04383742 1320.25913084 1318.44966948 1.80946136 -0.10568847 -0.00000000 0.01916581
2006 8466.87986714 0.00000000 0.00000000 5847.96018375 19023.72113520 0.00000000 0.00000000 1934.29480172 0.00000000 0.00000000 0.00000000 0.00000000 1382.54599360 1444.39866678 1441.15160569 3.24706109 -0.28822886 -0.00000000 -0.16312318
2007 8509.69734085 0.00000000 0.00000000 5768.60606118 18775.43168201 0.00000000 0.00000000 2566.65607971 0.00000000 0.00000000 0.00000000 0.00000000 1328.02998667 1387.50433719 1385.60564143 1.89869576 -0.00536776 -0.00000000 0.11992046
2008 8588.73389795 0.00000000 0.00000000 5848.07285501 18670.72895399 0.00000000 0.00000000 2309.62327630 0.00000000 0.00000000 0.00000000 0.00000000 1417.45167105 1478.97163093 1474.75915800 4.21247293 -0.11088725 -0.00000000 0.01411811
2009 8713.58303355 0.00000000 0.00000000 5959.90999824 18673.61006211 0.00000000 0.00000000 1971.98706230 0.00000000 0.00000000 0.00000000 0.00000000 1442.35317021 1504.49881922 1502.47228057 2.02653865 -0.26892998 -0.00000000 -0.14381910
2010 8676.18369930 0.00000000 0.00000000 5838.79654678 18493.56757743 0.00000000 0.00000000 1923.49582614 0.00000000 0.00000000 0.00000000 0.00000000 1406.97102371 1470.61156175 1464.50626714 6.10529461 -0.29382740 -0.00000000 -0.16855848
2011 8458.53523232 0.00000000 0.00000000 5606.87165509 18172.86390580 0.00000000 0.00000000 1842.51158467 0.00000000 0.00000000 0.00000000 0.00000000 1438.61188552 1497.97341445 1492.81452089 5.15889356 -0.33684204 -0.00000000 -0.21154822
2012 8098.93290775 0.00000000 0.00000000 5337.63802127 17782.94012445 0.00000000 0.00000000 1787.77596139 0.00000000 0.00000000 0.00000000 0.00000000 1495.07766869 1554.62326167 1548.58900178 6.03425990 -0.36699931 -0.00000000 -0.24166247
2013 7649.20032488 0.00000000 0.00000000 5051.49167986 17348.66008817 0.00000000 0.00000000 2135.95940153 0.00000000 0.00000000 0.00000000 0.00000000 1540.29609994 1598.15438105 1595.07121338 3.08316767 -0.18905576 -0.00000000 -0.06368877
2014 7349.88771528 0.00000000 0.00000000 4966.80476092 17066.22962559 0.00000000 0.00000000 2828.56430396 0.00000000 0.00000000 0.00000000 0.00000000 1548.46796496 1609.24224912 1606.42319134 2.81905778 0.09179759 -0.00000000 0.21698664
2015 7371.95545362 0.00000000 0.00000000 5259.55634991 17241.91559624 0.00000000 0.00000000 2893.18770850 0.00000000 0.00000000 0.00000000 0.00000000 1687.16685765 1763.44958644 1762.19171359 1.25787286 0.11438723 -0.00000000 0.23929543
2016 7700.16701422 0.00000000 0.00000000 5695.69996010 17763.01461510 0.00000000 0.00000000 3148.56268442 0.00000000 0.00000000 0.00000000 0.00000000 1652.61742314 1745.34989393 1744.38830999 0.96158393 0.19897438 -0.00000000 0.32385999
2017 8284.31032084 0.00000000 0.00000000 6196.30826044 18496.48677653 0.00000000 0.00000000 3762.69756097 0.00000000 0.00000000 0.00000000 0.00000000 1615.20779949 1716.00094323 1714.45231388 1.54862935 0.37716446 -0.00000000 0.50196548
2018 9009.53111587 0.00000000 0.00000000 6844.32264242 19594.55958379 0.00000000 0.00000000 2814.71123870 0.00000000 0.00000000 0.00000000 0.00000000 1857.05460644 1978.06216410 1976.35516183 1.70700227 0.08688800 -0.00000000 0.21151083
2019 9361.53826893 0.00000000 0.00000000 6991.75829808 20488.25330716 0.00000000 0.00000000 2272.71407057 0.00000000 0.00000000 0.00000000 0.00000000 2057.71456662 2195.02541159 2191.22924797 3.79616362 -0.12699693 -0.00000000 -0.00208383
2020 9499.53874497 0.00000000 0.00000000 6757.05170292 20775.33169677 0.00000000 0.00000000 1924.53439798 0.00000000 0.00000000 0.00000000 0.00000000 1731.42349549 1827.84739613 1827.13143757 0.71595856 -0.29328761 -0.00000000 -0.16816062
2021 9166.19535788 0.00000000 0.00000000 6242.68550622 20561.03090117 0.00000000 0.00000000 2276.58927352 0.00000000 0.00000000 0.00000000 0.00000000 1779.34003209 1859.47177792 1857.57156584 1.90021207 -0.12529329 -0.00000000 -0.00000000

#--------------------------------------------------------------------------------------------

#Sex Maturity Year 1 2 3 4 5 6 7 8 9 10 11 12 13 14 15 16 17 
midpoints     103.00000000 108.00000000 113.00000000 118.00000000 123.00000000 128.00000000 133.00000000 138.00000000 143.00000000 148.00000000 153.00000000 158.00000000 163.00000000 168.00000000 173.00000000 178.00000000 183.00000000
male 1 1960  0.58151570 0.67932820 0.78803230 0.90827830 1.04072400 1.18603600 1.34488800 1.51796100 1.70594400 1.90953100 2.12942600 2.36633700 2.62098000 2.89407700 3.18635700 3.49855400 3.99365800
male 1 1961  0.58151570 0.67932820 0.78803230 0.90827830 1.04072400 1.18603600 1.34488800 1.51796100 1.70594400 1.90953100 2.12942600 2.36633700 2.62098000 2.89407700 3.18635700 3.49855400 3.99365800
male 1 1962  0.58151570 0.67932820 0.78803230 0.90827830 1.04072400 1.18603600 1.34488800 1.51796100 1.70594400 1.90953100 2.12942600 2.36633700 2.62098000 2.89407700 3.18635700 3.49855400 3.99365800
male 1 1963  0.58151570 0.67932820 0.78803230 0.90827830 1.04072400 1.18603600 1.34488800 1.51796100 1.70594400 1.90953100 2.12942600 2.36633700 2.62098000 2.89407700 3.18635700 3.49855400 3.99365800
male 1 1964  0.58151570 0.67932820 0.78803230 0.90827830 1.04072400 1.18603600 1.34488800 1.51796100 1.70594400 1.90953100 2.12942600 2.36633700 2.62098000 2.89407700 3.18635700 3.49855400 3.99365800
male 1 1965  0.58151570 0.67932820 0.78803230 0.90827830 1.04072400 1.18603600 1.34488800 1.51796100 1.70594400 1.90953100 2.12942600 2.36633700 2.62098000 2.89407700 3.18635700 3.49855400 3.99365800
male 1 1966  0.58151570 0.67932820 0.78803230 0.90827830 1.04072400 1.18603600 1.34488800 1.51796100 1.70594400 1.90953100 2.12942600 2.36633700 2.62098000 2.89407700 3.18635700 3.49855400 3.99365800
male 1 1967  0.58151570 0.67932820 0.78803230 0.90827830 1.04072400 1.18603600 1.34488800 1.51796100 1.70594400 1.90953100 2.12942600 2.36633700 2.62098000 2.89407700 3.18635700 3.49855400 3.99365800
male 1 1968  0.58151570 0.67932820 0.78803230 0.90827830 1.04072400 1.18603600 1.34488800 1.51796100 1.70594400 1.90953100 2.12942600 2.36633700 2.62098000 2.89407700 3.18635700 3.49855400 3.99365800
male 1 1969  0.58151570 0.67932820 0.78803230 0.90827830 1.04072400 1.18603600 1.34488800 1.51796100 1.70594400 1.90953100 2.12942600 2.36633700 2.62098000 2.89407700 3.18635700 3.49855400 3.99365800
male 1 1970  0.58151570 0.67932820 0.78803230 0.90827830 1.04072400 1.18603600 1.34488800 1.51796100 1.70594400 1.90953100 2.12942600 2.36633700 2.62098000 2.89407700 3.18635700 3.49855400 3.99365800
male 1 1971  0.58151570 0.67932820 0.78803230 0.90827830 1.04072400 1.18603600 1.34488800 1.51796100 1.70594400 1.90953100 2.12942600 2.36633700 2.62098000 2.89407700 3.18635700 3.49855400 3.99365800
male 1 1972  0.58151570 0.67932820 0.78803230 0.90827830 1.04072400 1.18603600 1.34488800 1.51796100 1.70594400 1.90953100 2.12942600 2.36633700 2.62098000 2.89407700 3.18635700 3.49855400 3.99365800
male 1 1973  0.58151570 0.67932820 0.78803230 0.90827830 1.04072400 1.18603600 1.34488800 1.51796100 1.70594400 1.90953100 2.12942600 2.36633700 2.62098000 2.89407700 3.18635700 3.49855400 3.99365800
male 1 1974  0.58151570 0.67932820 0.78803230 0.90827830 1.04072400 1.18603600 1.34488800 1.51796100 1.70594400 1.90953100 2.12942600 2.36633700 2.62098000 2.89407700 3.18635700 3.49855400 3.99365800
male 1 1975  0.58151570 0.67932820 0.78803230 0.90827830 1.04072400 1.18603600 1.34488800 1.51796100 1.70594400 1.90953100 2.12942600 2.36633700 2.62098000 2.89407700 3.18635700 3.49855400 3.99365800
male 1 1976  0.58151570 0.67932820 0.78803230 0.90827830 1.04072400 1.18603600 1.34488800 1.51796100 1.70594400 1.90953100 2.12942600 2.36633700 2.62098000 2.89407700 3.18635700 3.49855400 3.99365800
male 1 1977  0.58151570 0.67932820 0.78803230 0.90827830 1.04072400 1.18603600 1.34488800 1.51796100 1.70594400 1.90953100 2.12942600 2.36633700 2.62098000 2.89407700 3.18635700 3.49855400 3.99365800
male 1 1978  0.58151570 0.67932820 0.78803230 0.90827830 1.04072400 1.18603600 1.34488800 1.51796100 1.70594400 1.90953100 2.12942600 2.36633700 2.62098000 2.89407700 3.18635700 3.49855400 3.99365800
male 1 1979  0.58151570 0.67932820 0.78803230 0.90827830 1.04072400 1.18603600 1.34488800 1.51796100 1.70594400 1.90953100 2.12942600 2.36633700 2.62098000 2.89407700 3.18635700 3.49855400 3.99365800
male 1 1980  0.58151570 0.67932820 0.78803230 0.90827830 1.04072400 1.18603600 1.34488800 1.51796100 1.70594400 1.90953100 2.12942600 2.36633700 2.62098000 2.89407700 3.18635700 3.49855400 3.99365800
male 1 1981  0.58151570 0.67932820 0.78803230 0.90827830 1.04072400 1.18603600 1.34488800 1.51796100 1.70594400 1.90953100 2.12942600 2.36633700 2.62098000 2.89407700 3.18635700 3.49855400 3.99365800
male 1 1982  0.58151570 0.67932820 0.78803230 0.90827830 1.04072400 1.18603600 1.34488800 1.51796100 1.70594400 1.90953100 2.12942600 2.36633700 2.62098000 2.89407700 3.18635700 3.49855400 3.99365800
male 1 1983  0.58151570 0.67932820 0.78803230 0.90827830 1.04072400 1.18603600 1.34488800 1.51796100 1.70594400 1.90953100 2.12942600 2.36633700 2.62098000 2.89407700 3.18635700 3.49855400 3.99365800
male 1 1984  0.58151570 0.67932820 0.78803230 0.90827830 1.04072400 1.18603600 1.34488800 1.51796100 1.70594400 1.90953100 2.12942600 2.36633700 2.62098000 2.89407700 3.18635700 3.49855400 3.99365800
male 1 1985  0.58151570 0.67932820 0.78803230 0.90827830 1.04072400 1.18603600 1.34488800 1.51796100 1.70594400 1.90953100 2.12942600 2.36633700 2.62098000 2.89407700 3.18635700 3.49855400 3.99365800
male 1 1986  0.58151570 0.67932820 0.78803230 0.90827830 1.04072400 1.18603600 1.34488800 1.51796100 1.70594400 1.90953100 2.12942600 2.36633700 2.62098000 2.89407700 3.18635700 3.49855400 3.99365800
male 1 1987  0.58151570 0.67932820 0.78803230 0.90827830 1.04072400 1.18603600 1.34488800 1.51796100 1.70594400 1.90953100 2.12942600 2.36633700 2.62098000 2.89407700 3.18635700 3.49855400 3.99365800
male 1 1988  0.58151570 0.67932820 0.78803230 0.90827830 1.04072400 1.18603600 1.34488800 1.51796100 1.70594400 1.90953100 2.12942600 2.36633700 2.62098000 2.89407700 3.18635700 3.49855400 3.99365800
male 1 1989  0.58151570 0.67932820 0.78803230 0.90827830 1.04072400 1.18603600 1.34488800 1.51796100 1.70594400 1.90953100 2.12942600 2.36633700 2.62098000 2.89407700 3.18635700 3.49855400 3.99365800
male 1 1990  0.58151570 0.67932820 0.78803230 0.90827830 1.04072400 1.18603600 1.34488800 1.51796100 1.70594400 1.90953100 2.12942600 2.36633700 2.62098000 2.89407700 3.18635700 3.49855400 3.99365800
male 1 1991  0.58151570 0.67932820 0.78803230 0.90827830 1.04072400 1.18603600 1.34488800 1.51796100 1.70594400 1.90953100 2.12942600 2.36633700 2.62098000 2.89407700 3.18635700 3.49855400 3.99365800
male 1 1992  0.58151570 0.67932820 0.78803230 0.90827830 1.04072400 1.18603600 1.34488800 1.51796100 1.70594400 1.90953100 2.12942600 2.36633700 2.62098000 2.89407700 3.18635700 3.49855400 3.99365800
male 1 1993  0.58151570 0.67932820 0.78803230 0.90827830 1.04072400 1.18603600 1.34488800 1.51796100 1.70594400 1.90953100 2.12942600 2.36633700 2.62098000 2.89407700 3.18635700 3.49855400 3.99365800
male 1 1994  0.58151570 0.67932820 0.78803230 0.90827830 1.04072400 1.18603600 1.34488800 1.51796100 1.70594400 1.90953100 2.12942600 2.36633700 2.62098000 2.89407700 3.18635700 3.49855400 3.99365800
male 1 1995  0.58151570 0.67932820 0.78803230 0.90827830 1.04072400 1.18603600 1.34488800 1.51796100 1.70594400 1.90953100 2.12942600 2.36633700 2.62098000 2.89407700 3.18635700 3.49855400 3.99365800
male 1 1996  0.58151570 0.67932820 0.78803230 0.90827830 1.04072400 1.18603600 1.34488800 1.51796100 1.70594400 1.90953100 2.12942600 2.36633700 2.62098000 2.89407700 3.18635700 3.49855400 3.99365800
male 1 1997  0.58151570 0.67932820 0.78803230 0.90827830 1.04072400 1.18603600 1.34488800 1.51796100 1.70594400 1.90953100 2.12942600 2.36633700 2.62098000 2.89407700 3.18635700 3.49855400 3.99365800
male 1 1998  0.58151570 0.67932820 0.78803230 0.90827830 1.04072400 1.18603600 1.34488800 1.51796100 1.70594400 1.90953100 2.12942600 2.36633700 2.62098000 2.89407700 3.18635700 3.49855400 3.99365800
male 1 1999  0.58151570 0.67932820 0.78803230 0.90827830 1.04072400 1.18603600 1.34488800 1.51796100 1.70594400 1.90953100 2.12942600 2.36633700 2.62098000 2.89407700 3.18635700 3.49855400 3.99365800
male 1 2000  0.58151570 0.67932820 0.78803230 0.90827830 1.04072400 1.18603600 1.34488800 1.51796100 1.70594400 1.90953100 2.12942600 2.36633700 2.62098000 2.89407700 3.18635700 3.49855400 3.99365800
male 1 2001  0.58151570 0.67932820 0.78803230 0.90827830 1.04072400 1.18603600 1.34488800 1.51796100 1.70594400 1.90953100 2.12942600 2.36633700 2.62098000 2.89407700 3.18635700 3.49855400 3.99365800
male 1 2002  0.58151570 0.67932820 0.78803230 0.90827830 1.04072400 1.18603600 1.34488800 1.51796100 1.70594400 1.90953100 2.12942600 2.36633700 2.62098000 2.89407700 3.18635700 3.49855400 3.99365800
male 1 2003  0.58151570 0.67932820 0.78803230 0.90827830 1.04072400 1.18603600 1.34488800 1.51796100 1.70594400 1.90953100 2.12942600 2.36633700 2.62098000 2.89407700 3.18635700 3.49855400 3.99365800
male 1 2004  0.58151570 0.67932820 0.78803230 0.90827830 1.04072400 1.18603600 1.34488800 1.51796100 1.70594400 1.90953100 2.12942600 2.36633700 2.62098000 2.89407700 3.18635700 3.49855400 3.99365800
male 1 2005  0.58151570 0.67932820 0.78803230 0.90827830 1.04072400 1.18603600 1.34488800 1.51796100 1.70594400 1.90953100 2.12942600 2.36633700 2.62098000 2.89407700 3.18635700 3.49855400 3.99365800
male 1 2006  0.58151570 0.67932820 0.78803230 0.90827830 1.04072400 1.18603600 1.34488800 1.51796100 1.70594400 1.90953100 2.12942600 2.36633700 2.62098000 2.89407700 3.18635700 3.49855400 3.99365800
male 1 2007  0.58151570 0.67932820 0.78803230 0.90827830 1.04072400 1.18603600 1.34488800 1.51796100 1.70594400 1.90953100 2.12942600 2.36633700 2.62098000 2.89407700 3.18635700 3.49855400 3.99365800
male 1 2008  0.58151570 0.67932820 0.78803230 0.90827830 1.04072400 1.18603600 1.34488800 1.51796100 1.70594400 1.90953100 2.12942600 2.36633700 2.62098000 2.89407700 3.18635700 3.49855400 3.99365800
male 1 2009  0.58151570 0.67932820 0.78803230 0.90827830 1.04072400 1.18603600 1.34488800 1.51796100 1.70594400 1.90953100 2.12942600 2.36633700 2.62098000 2.89407700 3.18635700 3.49855400 3.99365800
male 1 2010  0.58151570 0.67932820 0.78803230 0.90827830 1.04072400 1.18603600 1.34488800 1.51796100 1.70594400 1.90953100 2.12942600 2.36633700 2.62098000 2.89407700 3.18635700 3.49855400 3.99365800
male 1 2011  0.58151570 0.67932820 0.78803230 0.90827830 1.04072400 1.18603600 1.34488800 1.51796100 1.70594400 1.90953100 2.12942600 2.36633700 2.62098000 2.89407700 3.18635700 3.49855400 3.99365800
male 1 2012  0.58151570 0.67932820 0.78803230 0.90827830 1.04072400 1.18603600 1.34488800 1.51796100 1.70594400 1.90953100 2.12942600 2.36633700 2.62098000 2.89407700 3.18635700 3.49855400 3.99365800
male 1 2013  0.58151570 0.67932820 0.78803230 0.90827830 1.04072400 1.18603600 1.34488800 1.51796100 1.70594400 1.90953100 2.12942600 2.36633700 2.62098000 2.89407700 3.18635700 3.49855400 3.99365800
male 1 2014  0.58151570 0.67932820 0.78803230 0.90827830 1.04072400 1.18603600 1.34488800 1.51796100 1.70594400 1.90953100 2.12942600 2.36633700 2.62098000 2.89407700 3.18635700 3.49855400 3.99365800
male 1 2015  0.58151570 0.67932820 0.78803230 0.90827830 1.04072400 1.18603600 1.34488800 1.51796100 1.70594400 1.90953100 2.12942600 2.36633700 2.62098000 2.89407700 3.18635700 3.49855400 3.99365800
male 1 2016  0.58151570 0.67932820 0.78803230 0.90827830 1.04072400 1.18603600 1.34488800 1.51796100 1.70594400 1.90953100 2.12942600 2.36633700 2.62098000 2.89407700 3.18635700 3.49855400 3.99365800
male 1 2017  0.58151570 0.67932820 0.78803230 0.90827830 1.04072400 1.18603600 1.34488800 1.51796100 1.70594400 1.90953100 2.12942600 2.36633700 2.62098000 2.89407700 3.18635700 3.49855400 3.99365800
male 1 2018  0.58151570 0.67932820 0.78803230 0.90827830 1.04072400 1.18603600 1.34488800 1.51796100 1.70594400 1.90953100 2.12942600 2.36633700 2.62098000 2.89407700 3.18635700 3.49855400 3.99365800
male 1 2019  0.58151570 0.67932820 0.78803230 0.90827830 1.04072400 1.18603600 1.34488800 1.51796100 1.70594400 1.90953100 2.12942600 2.36633700 2.62098000 2.89407700 3.18635700 3.49855400 3.99365800
male 1 2020  0.58151570 0.67932820 0.78803230 0.90827830 1.04072400 1.18603600 1.34488800 1.51796100 1.70594400 1.90953100 2.12942600 2.36633700 2.62098000 2.89407700 3.18635700 3.49855400 3.99365800
male 1 2021  0.58151570 0.67932820 0.78803230 0.90827830 1.04072400 1.18603600 1.34488800 1.51796100 1.70594400 1.90953100 2.12942600 2.36633700 2.62098000 2.89407700 3.18635700 3.49855400 3.99365800
#maturity
0.00000000
0.00000000
1.00000000
1.00000000
1.00000000
1.00000000
1.00000000
1.00000000
1.00000000
1.00000000
1.00000000
1.00000000
1.00000000
1.00000000
1.00000000
1.00000000
1.00000000


#--------------------------------------------------------------------------------------------
#Catch_fit_summary
#Series Year Fleet Season Sex Catch CV Type Units Mult Effort Discard_mortality Predicted Residual
1 1981 Pot_Fishery 3 Male 203.96800000 0.03160000  Retained  Numbers 1.00000000 0.00000000 0.20000000 203.97431015 -0.00003094
1 1982 Pot_Fishery 3 Male 529.78700000 0.03160000  Retained  Numbers 1.00000000 0.00000000 0.20000000 529.84040639 -0.00010080
1 1983 Pot_Fishery 3 Male 662.28000000 0.03160000  Retained  Numbers 1.00000000 0.00000000 0.20000000 662.38213225 -0.00015420
1 1984 Pot_Fishery 3 Male 801.10000000 0.03160000  Retained  Numbers 1.00000000 0.00000000 0.20000000 801.26647286 -0.00020778
1 1985 Pot_Fishery 3 Male 2730.32000000 0.03160000  Retained  Mass 1.00000000 0.00000000 0.20000000 2730.65105037 -0.00012124
1 1986 Pot_Fishery 3 Male 2844.91000000 0.03160000  Retained  Mass 1.00000000 0.00000000 0.20000000 2844.00834562 0.00031699
1 1987 Pot_Fishery 3 Male 1908.79000000 0.03160000  Retained  Mass 1.00000000 0.00000000 0.20000000 1907.26607854 0.00079869
1 1988 Pot_Fishery 3 Male 2423.60000000 0.03160000  Retained  Mass 1.00000000 0.00000000 0.20000000 2420.92843500 0.00110292
1 1989 Pot_Fishery 3 Male 2776.77000000 0.03160000  Retained  Mass 1.00000000 0.00000000 0.20000000 2776.14420222 0.00022539
1 1990 Pot_Fishery 3 Male 1637.48000000 0.03160000  Retained  Mass 1.00000000 0.00000000 0.20000000 1639.38582210 -0.00116320
1 1991 Pot_Fishery 3 Male 2026.35000000 0.03160000  Retained  Mass 1.00000000 0.00000000 0.20000000 2036.94295119 -0.00521399
1 1992 Pot_Fishery 3 Male 2125.04000000 0.03160000  Retained  Mass 1.00000000 0.00000000 0.20000000 2127.57731165 -0.00119329
1 1993 Pot_Fishery 3 Male 1420.58000000 0.03160000  Retained  Mass 1.00000000 0.00000000 0.20000000 1420.68877069 -0.00007656
1 1994 Pot_Fishery 3 Male 2038.35000000 0.03160000  Retained  Mass 1.00000000 0.00000000 0.20000000 2037.39662118 0.00046783
1 1995 Pot_Fishery 3 Male 2224.01000000 0.03160000  Retained  Mass 1.00000000 0.00000000 0.20000000 2248.94629524 -0.01114992
1 1996 Pot_Fishery 3 Male 1624.07000000 0.03160000  Retained  Mass 1.00000000 0.00000000 0.20000000 1566.30445198 0.03621635
1 1997 Pot_Fishery 3 Male 1481.02000000 0.03160000  Retained  Mass 1.00000000 0.00000000 0.20000000 1491.72365662 -0.00720123
1 1998 Pot_Fishery 3 Male 1414.76000000 0.03160000  Retained  Mass 1.00000000 0.00000000 0.20000000 1430.67968285 -0.01118973
1 1999 Pot_Fishery 3 Male 1334.88000000 0.03160000  Retained  Mass 1.00000000 0.00000000 0.20000000 1338.68685609 -0.00284778
1 2000 Pot_Fishery 3 Male 1359.49000000 0.03160000  Retained  Mass 1.00000000 0.00000000 0.20000000 1380.12015514 -0.01506093
1 2001 Pot_Fishery 3 Male 1401.42000000 0.03160000  Retained  Mass 1.00000000 0.00000000 0.20000000 1395.25420477 0.00440938
1 2002 Pot_Fishery 3 Male 1243.19000000 0.03160000  Retained  Mass 1.00000000 0.00000000 0.20000000 1243.20804924 -0.00001452
1 2003 Pot_Fishery 3 Male 1297.26000000 0.03160000  Retained  Mass 1.00000000 0.00000000 0.20000000 1295.89233845 0.00105483
1 2004 Pot_Fishery 3 Male 1269.73000000 0.03160000  Retained  Mass 1.00000000 0.00000000 0.20000000 1264.85270459 0.00384860
1 2005 Pot_Fishery 3 Male 1272.16000000 0.03160000  Retained  Mass 1.00000000 0.00000000 0.20000000 1277.95410492 -0.00454420
1 2006 Pot_Fishery 3 Male 1389.50000000 0.03160000  Retained  Mass 1.00000000 0.00000000 0.20000000 1386.46508077 0.00218657
1 2007 Pot_Fishery 3 Male 1329.37000000 0.03160000  Retained  Mass 1.00000000 0.00000000 0.20000000 1332.09474773 -0.00204756
1 2008 Pot_Fishery 3 Male 1421.86000000 0.03160000  Retained  Mass 1.00000000 0.00000000 0.20000000 1421.78274560 0.00005433
1 2009 Pot_Fishery 3 Male 1448.28000000 0.03160000  Retained  Mass 1.00000000 0.00000000 0.20000000 1446.70013187 0.00109145
1 2010 Pot_Fishery 3 Male 1412.73000000 0.03160000  Retained  Mass 1.00000000 0.00000000 0.20000000 1411.26151322 0.00104001
1 2011 Pot_Fishery 3 Male 1444.36000000 0.03160000  Retained  Mass 1.00000000 0.00000000 0.20000000 1442.80161998 0.00107952
1 2012 Pot_Fishery 3 Male 1499.29000000 0.03160000  Retained  Mass 1.00000000 0.00000000 0.20000000 1499.48743267 -0.00013168
1 2013 Pot_Fishery 3 Male 1546.08000000 0.03160000  Retained  Mass 1.00000000 0.00000000 0.20000000 1544.98456354 0.00070878
1 2014 Pot_Fishery 3 Male 1553.36000000 0.03160000  Retained  Mass 1.00000000 0.00000000 0.20000000 1553.54976183 -0.00012215
1 2015 Pot_Fishery 3 Male 1692.90000000 0.03160000  Retained  Mass 1.00000000 0.00000000 0.20000000 1694.11239182 -0.00071591
1 2016 Pot_Fishery 3 Male 1658.66000000 0.03160000  Retained  Mass 1.00000000 0.00000000 0.20000000 1661.41860317 -0.00166177
1 2017 Pot_Fishery 3 Male 1620.86000000 0.03160000  Retained  Mass 1.00000000 0.00000000 0.20000000 1624.66455311 -0.00234449
1 2018 Pot_Fishery 3 Male 1865.11000000 0.03160000  Retained  Mass 1.00000000 0.00000000 0.20000000 1869.21074258 -0.00219625
1 2019 Pot_Fishery 3 Male 2067.47000000 0.03160000  Retained  Mass 1.00000000 0.00000000 0.20000000 2072.39810586 -0.00238080
1 2020 Pot_Fishery 3 Male 1735.37000000 0.03160000  Retained  Mass 1.00000000 0.00000000 0.20000000 1740.37098802 -0.00287765
1 2021 Pot_Fishery 3 Male 1784.08000000 0.03160000  Retained  Mass 1.00000000 0.00000000 0.20000000 1786.68718837 -0.00146030
2 1990 Pot_Fishery 3 Male 3980.73000000 0.35889393  All  Mass 1.00000000 0.00000000 0.20000000 3455.94146137 0.14137031
2 1991 Pot_Fishery 3 Male 6596.74000000 0.21295141  All  Mass 1.00000000 0.00000000 0.20000000 4321.13476074 0.42305754
2 1992 Pot_Fishery 3 Male 5435.64000000 0.29605870  All  Mass 1.00000000 0.00000000 0.20000000 4542.26315599 0.17955189
2 1994 Pot_Fishery 3 Male 3444.23000000 0.37511737  All  Mass 1.00000000 0.00000000 0.20000000 3776.37595202 -0.09206444
2 1995 Pot_Fishery 3 Male 4640.82000000 0.05119410  All  Mass 1.00000000 0.00000000 0.20000000 4323.18669534 0.07089828
2 1996 Pot_Fishery 3 Male 2563.32000000 0.04474373  All  Mass 1.00000000 0.00000000 0.20000000 2965.57048450 -0.14576613
2 1997 Pot_Fishery 3 Male 2976.80000000 0.05988920  All  Mass 1.00000000 0.00000000 0.20000000 2887.32136560 0.03051969
2 1998 Pot_Fishery 3 Male 3140.99000000 0.06807790  All  Mass 1.00000000 0.00000000 0.20000000 2896.49088352 0.08103807
2 1999 Pot_Fishery 3 Male 2605.62000000 0.06596339  All  Mass 1.00000000 0.00000000 0.20000000 2591.27534262 0.00552049
2 2000 Pot_Fishery 3 Male 2759.91000000 0.05762802  All  Mass 1.00000000 0.00000000 0.20000000 2527.22770487 0.08807514
2 2001 Pot_Fishery 3 Male 2237.55000000 0.06017386  All  Mass 1.00000000 0.00000000 0.20000000 2321.64503041 -0.03689448
2 2002 Pot_Fishery 3 Male 1915.66000000 0.06488329  All  Mass 1.00000000 0.00000000 0.20000000 1921.11649105 -0.00284431
2 2003 Pot_Fishery 3 Male 1901.61000000 0.06504728  All  Mass 1.00000000 0.00000000 0.20000000 1918.27783495 -0.00872693
2 2004 Pot_Fishery 3 Male 1694.87000000 0.08722457  All  Mass 1.00000000 0.00000000 0.20000000 1787.17756975 -0.05303156
2 2005 Pot_Fishery 3 Male 1742.04000000 0.11880135  All  Mass 1.00000000 0.00000000 0.20000000 1500.05363675 0.14955597
2 2006 Pot_Fishery 3 Male 1646.83000000 0.12387178  All  Mass 1.00000000 0.00000000 0.20000000 1687.46486473 -0.02437509
2 2007 Pot_Fishery 3 Male 1819.86000000 0.12997936  All  Mass 1.00000000 0.00000000 0.20000000 1627.61698526 0.11164260
2 2008 Pot_Fishery 3 Male 1823.51000000 0.16628614  All  Mass 1.00000000 0.00000000 0.20000000 1715.90676533 0.06082155
2 2009 Pot_Fishery 3 Male 1770.08000000 0.20452794  All  Mass 1.00000000 0.00000000 0.20000000 1755.46877065 0.00828882
2 2010 Pot_Fishery 3 Male 1756.66000000 0.19772057  All  Mass 1.00000000 0.00000000 0.20000000 1706.53583856 0.02894879
2 2011 Pot_Fishery 3 Male 1780.60000000 0.21772717  All  Mass 1.00000000 0.00000000 0.20000000 1720.94542297 0.03407658
2 2012 Pot_Fishery 3 Male 1946.59000000 0.19725994  All  Mass 1.00000000 0.00000000 0.20000000 1774.48648341 0.09256805
2 2013 Pot_Fishery 3 Male 1851.56000000 0.18459333  All  Mass 1.00000000 0.00000000 0.20000000 1827.07047005 0.01331468
2 2014 Pot_Fishery 3 Male 1967.39000000 0.21324073  All  Mass 1.00000000 0.00000000 0.20000000 1852.51624655 0.06016294
2 2015 Pot_Fishery 3 Male 2135.81000000 0.18867444  All  Mass 1.00000000 0.00000000 0.20000000 2083.12665455 0.02497600
2 2016 Pot_Fishery 3 Male 2234.13000000 0.16573889  All  Mass 1.00000000 0.00000000 0.20000000 2139.18671501 0.04342617
2 2017 Pot_Fishery 3 Male 2339.37000000 0.17027495  All  Mass 1.00000000 0.00000000 0.20000000 2140.68623374 0.08875521
2 2018 Pot_Fishery 3 Male 2734.63000000 0.18927983  All  Mass 1.00000000 0.00000000 0.20000000 2491.13981213 0.09325578
2 2019 Pot_Fishery 3 Male 3032.73000000 0.17733387  All  Mass 1.00000000 0.00000000 0.20000000 2770.43669441 0.09045824
2 2020 Pot_Fishery 3 Male 2608.06000000 0.17299604  All  Mass 1.00000000 0.00000000 0.20000000 2235.62336280 0.15408655
2 2021 Pot_Fishery 3 Male 2426.95000000 0.18867444  All  Mass 1.00000000 0.00000000 0.20000000 2190.47254325 0.10251803
3 1989 Trawl_Bycatch 3 Male 0.82651100 1.31080000  Discarded  Mass 1.53846154 0.00000000 0.65000000 1.27292735 -0.00107838
3 1990 Trawl_Bycatch 3 Male 2.59394000 1.31080000  Discarded  Mass 1.53846154 0.00000000 0.65000000 3.99488681 -0.00105437
3 1992 Trawl_Bycatch 3 Male 1.22658000 1.31080000  Discarded  Mass 1.53846154 0.00000000 0.65000000 1.88865673 -0.00085313
3 1993 Trawl_Bycatch 3 Male 1.15375000 1.31080000  Discarded  Mass 1.53846154 0.00000000 0.65000000 1.77655031 -0.00087303
3 1994 Trawl_Bycatch 3 Male 0.35744500 1.31080000  Discarded  Mass 1.53846154 0.00000000 0.65000000 0.55133957 -0.00258648
3 1995 Trawl_Bycatch 3 Male 1.01804000 1.31080000  Discarded  Mass 1.53846154 0.00000000 0.65000000 1.56726838 -0.00067209
3 1996 Trawl_Bycatch 3 Male 0.26579900 1.31080000  Discarded  Mass 1.53846154 0.00000000 0.65000000 0.41024667 -0.00323530
3 1997 Trawl_Bycatch 3 Male 0.10679600 1.31080000  Discarded  Mass 1.53846154 0.00000000 0.65000000 0.16510663 -0.00488812
3 1998 Trawl_Bycatch 3 Male 1.06278000 1.31080000  Discarded  Mass 1.53846154 0.00000000 0.65000000 1.63750326 -0.00150165
3 1999 Trawl_Bycatch 3 Male 0.64235200 1.31080000  Discarded  Mass 1.53846154 0.00000000 0.65000000 0.99036944 -0.00215869
3 2000 Trawl_Bycatch 3 Male 1.12817000 1.31080000  Discarded  Mass 1.53846154 0.00000000 0.65000000 1.73607874 -0.00024921
3 2001 Trawl_Bycatch 3 Male 1.66704000 1.31080000  Discarded  Mass 1.53846154 0.00000000 0.65000000 2.55892121 0.00224675
3 2002 Trawl_Bycatch 3 Male 2.38549000 1.31080000  Discarded  Mass 1.53846154 0.00000000 0.65000000 3.65114388 0.00514696
3 2003 Trawl_Bycatch 3 Male 1.31099000 1.31080000  Discarded  Mass 1.53846154 0.00000000 0.65000000 2.01115070 0.00285845
3 2004 Trawl_Bycatch 3 Male 0.29783300 1.31080000  Discarded  Mass 1.53846154 0.00000000 0.65000000 0.45931561 -0.00242173
3 2005 Trawl_Bycatch 3 Male 1.83486000 1.31080000  Discarded  Mass 1.53846154 0.00000000 0.65000000 2.80839403 0.00513830
3 2006 Trawl_Bycatch 3 Male 3.31440000 1.31080000  Discarded  Mass 1.53846154 0.00000000 0.65000000 5.05311088 0.00905546
3 2007 Trawl_Bycatch 3 Male 1.92908000 1.31080000  Discarded  Mass 1.53846154 0.00000000 0.65000000 2.95459562 0.00446433
3 2008 Trawl_Bycatch 3 Male 4.30175000 1.31080000  Discarded  Mass 1.53846154 0.00000000 0.65000000 6.55212196 0.01001587
3 2009 Trawl_Bycatch 3 Male 2.05905000 1.31080000  Discarded  Mass 1.53846154 0.00000000 0.65000000 3.15351451 0.00451008
3 2010 Trawl_Bycatch 3 Male 6.27075000 1.31080000  Discarded  Mass 1.53846154 0.00000000 0.65000000 9.49755682 0.01564429
3 2011 Trawl_Bycatch 3 Male 5.27750000 1.31080000  Discarded  Mass 1.53846154 0.00000000 0.65000000 8.02141580 0.01212048
3 2012 Trawl_Bycatch 3 Male 6.17064000 1.31080000  Discarded  Mass 1.53846154 0.00000000 0.65000000 9.38550372 0.01141913
3 2013 Trawl_Bycatch 3 Male 3.13431000 1.31080000  Discarded  Mass 1.53846154 0.00000000 0.65000000 4.79900460 0.00478345
3 2014 Trawl_Bycatch 3 Male 2.86222000 1.31080000  Discarded  Mass 1.53846154 0.00000000 0.65000000 4.39192487 0.00261287
3 2015 Trawl_Bycatch 3 Male 1.27709000 1.31080000  Discarded  Mass 1.53846154 0.00000000 0.65000000 1.96584967 -0.00055759
3 2016 Trawl_Bycatch 3 Male 0.97902100 1.31080000  Discarded  Mass 1.53846154 0.00000000 0.65000000 1.50809610 -0.00126726
3 2017 Trawl_Bycatch 3 Male 1.57796000 1.31080000  Discarded  Mass 1.53846154 0.00000000 0.65000000 2.42924968 -0.00066665
3 2018 Trawl_Bycatch 3 Male 1.74213000 1.31080000  Discarded  Mass 1.53846154 0.00000000 0.65000000 2.68184134 -0.00061221
3 2019 Trawl_Bycatch 3 Male 3.88518000 1.31080000  Discarded  Mass 1.53846154 0.00000000 0.65000000 5.97607162 0.00018880
3 2020 Trawl_Bycatch 3 Male 0.72664300 1.31080000  Discarded  Mass 1.53846154 0.00000000 0.65000000 1.12006030 -0.00191959
3 2021 Trawl_Bycatch 3 Male 1.92701000 1.31080000  Discarded  Mass 1.53846154 0.00000000 0.65000000 2.96468577 -0.00001855
log_q_catch
   0.0000   0.0000   0.0000
#--------------------------------------------------------------------------------------------
#Index_fit_summary
#Series Year Fleet Season Sex Maturity Index base_CV actual_CV Units q  Time Predicted
1 1995 Pot_Fishery 3 Male  All 0.8793 0.0420 0.2175  Numbers 0.0005 0.5000 0.7744
1 1996 Pot_Fishery 3 Male  All 0.8158 0.0305 0.2060  Numbers 0.0005 0.5000 0.7276
1 1997 Pot_Fishery 3 Male  All 0.8839 0.0271 0.2025  Numbers 0.0005 0.5000 0.7537
1 1998 Pot_Fishery 3 Male  All 1.0101 0.0215 0.1969  Numbers 0.0005 0.5000 0.7834
1 1999 Pot_Fishery 3 Male  All 0.9867 0.0211 0.1966  Numbers 0.0005 0.5000 0.9060
1 2000 Pot_Fishery 3 Male  All 0.8241 0.0215 0.1970  Numbers 0.0005 0.5000 1.0682
1 2001 Pot_Fishery 3 Male  All 1.0791 0.0202 0.1957  Numbers 0.0005 0.5000 1.2108
1 2002 Pot_Fishery 3 Male  All 1.1749 0.0222 0.1977  Numbers 0.0005 0.5000 1.3357
1 2003 Pot_Fishery 3 Male  All 1.0323 0.0232 0.1987  Numbers 0.0005 0.5000 1.3738
1 2004 Pot_Fishery 3 Male  All 1.4672 0.0228 0.1983  Numbers 0.0005 0.5000 1.3870
2 2005 Pot_Fishery 3 Male  All 0.9705 0.0269 0.2570  Numbers 0.0005 0.5000 1.0271
2 2006 Pot_Fishery 3 Male  All 0.8012 0.0293 0.2595  Numbers 0.0005 0.5000 0.9980
2 2007 Pot_Fishery 3 Male  All 0.8896 0.0247 0.2548  Numbers 0.0005 0.5000 1.0212
2 2008 Pot_Fishery 3 Male  All 0.8756 0.0295 0.2596  Numbers 0.0005 0.5000 1.0685
2 2009 Pot_Fishery 3 Male  All 0.7272 0.0431 0.2732  Numbers 0.0005 0.5000 1.0619
2 2010 Pot_Fishery 3 Male  All 0.7499 0.0414 0.2716  Numbers 0.0005 0.5000 1.0883
2 2011 Pot_Fishery 3 Male  All 1.0785 0.0301 0.2603  Numbers 0.0005 0.5000 1.1082
2 2012 Pot_Fishery 3 Male  All 1.0351 0.0287 0.2588  Numbers 0.0005 0.5000 1.0786
2 2013 Pot_Fishery 3 Male  All 1.0069 0.0278 0.2579  Numbers 0.0005 0.5000 1.0223
2 2014 Pot_Fishery 3 Male  All 1.2936 0.0276 0.2578  Numbers 0.0005 0.5000 0.9573
2 2015 Pot_Fishery 3 Male  All 1.3121 0.0248 0.2549  Numbers 0.0005 0.5000 0.8826
2 2016 Pot_Fishery 3 Male  All 1.0297 0.0281 0.2582  Numbers 0.0005 0.5000 0.8054
2 2017 Pot_Fishery 3 Male  All 1.0350 0.0310 0.2611  Numbers 0.0005 0.5000 0.8389
2 2018 Pot_Fishery 3 Male  All 1.2362 0.0279 0.2581  Numbers 0.0005 0.5000 0.9072
2 2019 Pot_Fishery 3 Male  All 1.1483 0.0258 0.2559  Numbers 0.0005 0.5000 0.9758
2 2020 Pot_Fishery 3 Male  All 1.0553 0.0277 0.2579  Numbers 0.0005 0.5000 1.0827
2 2021 Pot_Fishery 3 Male  All 0.9939 0.0337 0.2638  Numbers 0.0005 0.5000 1.1763
3 1985 Pot_Fishery 3 Male  All 1.6287 0.0313 0.2250  Numbers 0.0006 0.5000 1.9504
3 1986 Pot_Fishery 3 Male  All 1.2289 0.0386 0.2324  Numbers 0.0006 0.5000 1.5132
3 1987 Pot_Fishery 3 Male  All 0.9552 0.0512 0.2450  Numbers 0.0006 0.5000 1.2897
3 1988 Pot_Fishery 3 Male  All 1.0358 0.0395 0.2333  Numbers 0.0006 0.5000 0.9526
3 1989 Pot_Fishery 3 Male  All 1.0765 0.0318 0.2256  Numbers 0.0006 0.5000 0.7268
3 1990 Pot_Fishery 3 Male  All 0.9868 0.0456 0.2394  Numbers 0.0006 0.5000 0.8776
3 1991 Pot_Fishery 3 Male  All 0.9046 0.0472 0.2410  Numbers 0.0006 0.5000 0.8868
3 1992 Pot_Fishery 3 Male  All 0.9172 0.0474 0.2411  Numbers 0.0006 0.5000 0.8714
3 1993 Pot_Fishery 3 Male  All 0.9145 0.0533 0.2471  Numbers 0.0006 0.5000 0.9394
3 1994 Pot_Fishery 3 Male  All 0.8086 0.0514 0.2452  Numbers 0.0006 0.5000 1.0058
3 1995 Pot_Fishery 3 Male  All 0.7798 0.0554 0.2492  Numbers 0.0006 0.5000 0.8990
3 1996 Pot_Fishery 3 Male  All 0.7791 0.0559 0.2497  Numbers 0.0006 0.5000 0.8447
3 1997 Pot_Fishery 3 Male  All 1.0505 0.0429 0.2366  Numbers 0.0006 0.5000 0.8750
3 1998 Pot_Fishery 3 Male  All 1.2141 0.0420 0.2358  Numbers 0.0006 0.5000 0.9095
# CPUE: standard deviation and median
sdnr_MAR_cpue
   0.0000   0.0000
   0.0000   0.0000
   0.0000   0.0000

#--------------------------------------------------------------------------------------------
Size_fit_summary
#Original_series Modified_series Year Fleet  Season Sex  Type Shell  Maturity  Nsamp  DataVec_(obs) DataVec_(pred)
1 1 1985 Pot_Fishery 3 Male  Retained  All  All 57.0000    0.0000 0.0000 0.0000 0.0000 0.0000 0.0021 0.0347 0.1037 0.1589 0.1563 0.1571 0.1334 0.1085 0.0615 0.0384 0.0201 0.0251    0.0000 0.0000 0.0000 0.0000 0.0003 0.0024 0.0245 0.0978 0.1274 0.1359 0.1333 0.1235 0.1118 0.0925 0.0679 0.0433 0.0393
1 1 1986 Pot_Fishery 3 Male  Retained  All  All 11.0000    0.0000 0.0000 0.0000 0.0000 0.0000 0.0006 0.0304 0.1431 0.1831 0.2125 0.1360 0.1145 0.0753 0.0385 0.0395 0.0170 0.0093    0.0000 0.0000 0.0000 0.0000 0.0003 0.0029 0.0300 0.1166 0.1467 0.1484 0.1355 0.1168 0.0998 0.0793 0.0566 0.0354 0.0317
1 1 1987 Pot_Fishery 3 Male  Retained  All  All 61.0000    0.0000 0.0000 0.0035 0.0000 0.0005 0.0032 0.0705 0.1630 0.2409 0.1683 0.1329 0.0760 0.0505 0.0371 0.0268 0.0118 0.0150    0.0000 0.0000 0.0000 0.0000 0.0004 0.0027 0.0309 0.1271 0.1667 0.1655 0.1414 0.1126 0.0892 0.0665 0.0453 0.0275 0.0241
1 1 1988 Pot_Fishery 3 Male  Retained  All  All 352.0000    0.0000 0.0000 0.0000 0.0000 0.0003 0.0050 0.0438 0.1216 0.1735 0.1792 0.1611 0.1328 0.0732 0.0430 0.0251 0.0209 0.0204    0.0000 0.0000 0.0000 0.0001 0.0009 0.0040 0.0390 0.1409 0.1710 0.1701 0.1458 0.1123 0.0832 0.0573 0.0365 0.0212 0.0178
1 1 1989 Pot_Fishery 3 Male  Retained  All  All 792.0000    0.0000 0.0000 0.0000 0.0001 0.0002 0.0084 0.1085 0.2347 0.1916 0.1232 0.0944 0.0753 0.0572 0.0382 0.0263 0.0198 0.0222    0.0000 0.0000 0.0000 0.0001 0.0012 0.0103 0.0830 0.2264 0.1929 0.1518 0.1157 0.0822 0.0572 0.0367 0.0216 0.0117 0.0092
1 1 1990 Pot_Fishery 3 Male  Retained  All  All 163.0000    0.0000 0.0001 0.0001 0.0000 0.0003 0.0055 0.0799 0.2260 0.2603 0.1830 0.1126 0.0664 0.0381 0.0166 0.0054 0.0028 0.0028    0.0000 0.0000 0.0000 0.0001 0.0008 0.0057 0.0660 0.2456 0.2658 0.1898 0.1057 0.0545 0.0309 0.0176 0.0094 0.0047 0.0033
1 1 1991 Pot_Fishery 3 Male  Retained  All  All 140.0000    0.0000 0.0000 0.0000 0.0000 0.0003 0.0062 0.0746 0.2017 0.2333 0.2068 0.1279 0.0726 0.0407 0.0183 0.0098 0.0049 0.0028    0.0000 0.0000 0.0000 0.0001 0.0009 0.0061 0.0592 0.2071 0.2385 0.2069 0.1392 0.0761 0.0373 0.0166 0.0071 0.0030 0.0019
1 1 1992 Pot_Fishery 3 Male  Retained  All  All 49.0000    0.0000 0.0000 0.0001 0.0001 0.0005 0.0052 0.0750 0.1884 0.2403 0.1920 0.1267 0.0852 0.0485 0.0249 0.0086 0.0027 0.0018    0.0000 0.0000 0.0000 0.0001 0.0009 0.0067 0.0648 0.2191 0.2346 0.1946 0.1329 0.0773 0.0405 0.0180 0.0069 0.0024 0.0012
1 1 1993 Pot_Fishery 3 Male  Retained  All  All 340.0000    0.0000 0.0000 0.0000 0.0000 0.0013 0.0063 0.0578 0.2277 0.2631 0.1931 0.1154 0.0617 0.0413 0.0194 0.0080 0.0015 0.0032    0.0000 0.0000 0.0000 0.0001 0.0007 0.0058 0.0592 0.2148 0.2417 0.2000 0.1334 0.0762 0.0400 0.0180 0.0069 0.0023 0.0009
1 1 1994 Pot_Fishery 3 Male  Retained  All  All 319.0000    0.0000 0.0000 0.0000 0.0000 0.0000 0.0051 0.0565 0.1872 0.2531 0.2411 0.1126 0.0718 0.0384 0.0167 0.0111 0.0036 0.0027    0.0000 0.0000 0.0000 0.0001 0.0007 0.0049 0.0518 0.1947 0.2320 0.2051 0.1455 0.0867 0.0462 0.0208 0.0079 0.0026 0.0009
1 1 1995 Pot_Fishery 3 Male  Retained  All  All 879.0000    0.0000 0.0000 0.0004 0.0000 0.0001 0.0026 0.0532 0.1743 0.2372 0.2057 0.1316 0.0862 0.0542 0.0295 0.0147 0.0063 0.0040    0.0000 0.0000 0.0000 0.0001 0.0007 0.0053 0.0533 0.1911 0.2231 0.2009 0.1472 0.0913 0.0505 0.0235 0.0090 0.0029 0.0010
1 1 1996 Pot_Fishery 3 Male  Retained  All  All 547.0000    0.0000 0.0005 0.0000 0.0027 0.0045 0.0106 0.0760 0.1768 0.2198 0.1835 0.1298 0.0836 0.0498 0.0292 0.0222 0.0097 0.0013    0.0000 0.0000 0.0000 0.0001 0.0007 0.0056 0.0561 0.1997 0.2266 0.1969 0.1408 0.0872 0.0493 0.0236 0.0093 0.0031 0.0011
1 1 1997 Pot_Fishery 3 Male  Retained  All  All 538.0000    0.0002 0.0000 0.0000 0.0000 0.0005 0.0055 0.0670 0.1959 0.2413 0.1876 0.1267 0.0787 0.0478 0.0256 0.0150 0.0063 0.0019    0.0000 0.0000 0.0000 0.0001 0.0007 0.0047 0.0501 0.1910 0.2286 0.2019 0.1447 0.0893 0.0504 0.0242 0.0098 0.0033 0.0012
1 1 1998 Pot_Fishery 3 Male  Retained  All  All 541.0000    0.0000 0.0000 0.0000 0.0000 0.0002 0.0016 0.0580 0.1954 0.2375 0.1957 0.1319 0.0800 0.0464 0.0305 0.0154 0.0049 0.0025    0.0000 0.0000 0.0000 0.0001 0.0009 0.0058 0.0550 0.1924 0.2171 0.1949 0.1461 0.0933 0.0534 0.0258 0.0105 0.0036 0.0013
1 1 1999 Pot_Fishery 3 Male  Retained  All  All 463.0000    0.0000 0.0000 0.0000 0.0000 0.0000 0.0026 0.0570 0.2098 0.2562 0.1915 0.1233 0.0736 0.0447 0.0239 0.0110 0.0054 0.0009    0.0000 0.0000 0.0000 0.0001 0.0008 0.0056 0.0553 0.2009 0.2243 0.1921 0.1397 0.0886 0.0515 0.0255 0.0106 0.0037 0.0014
1 1 2000 Pot_Fishery 3 Male  Retained  All  All 436.0000    0.0005 0.0000 0.0000 0.0000 0.0000 0.0024 0.0382 0.1871 0.2434 0.1972 0.1405 0.0883 0.0545 0.0280 0.0124 0.0054 0.0022    0.0000 0.0000 0.0000 0.0001 0.0007 0.0047 0.0490 0.1881 0.2237 0.1989 0.1466 0.0924 0.0532 0.0264 0.0110 0.0039 0.0015
1 1 2001 Pot_Fishery 3 Male  Retained  All  All 488.0000    0.0000 0.0000 0.0000 0.0000 0.0000 0.0022 0.0434 0.1664 0.2544 0.2091 0.1507 0.0843 0.0490 0.0249 0.0110 0.0025 0.0020    0.0000 0.0000 0.0000 0.0000 0.0005 0.0045 0.0455 0.1756 0.2138 0.1987 0.1537 0.1007 0.0591 0.0295 0.0124 0.0044 0.0017
1 1 2002 Pot_Fishery 3 Male  Retained  All  All 406.0000    0.0007 0.0000 0.0000 0.0000 0.0000 0.0011 0.0427 0.1737 0.2319 0.2152 0.1461 0.0905 0.0525 0.0292 0.0122 0.0028 0.0013    0.0000 0.0000 0.0000 0.0000 0.0004 0.0032 0.0365 0.1563 0.2078 0.2017 0.1612 0.1097 0.0668 0.0344 0.0147 0.0053 0.0021
1 1 2003 Pot_Fishery 3 Male  Retained  All  All 405.0000    0.0000 0.0000 0.0000 0.0000 0.0001 0.0009 0.0254 0.1290 0.1987 0.2251 0.1688 0.1272 0.0624 0.0355 0.0173 0.0057 0.0039    0.0000 0.0000 0.0000 0.0000 0.0004 0.0031 0.0329 0.1372 0.1877 0.1965 0.1699 0.1235 0.0787 0.0420 0.0185 0.0069 0.0027
1 1 2004 Pot_Fishery 3 Male  Retained  All  All 280.0000    0.0000 0.0000 0.0000 0.0000 0.0000 0.0002 0.0367 0.1279 0.2159 0.2143 0.1636 0.1208 0.0690 0.0338 0.0161 0.0016 0.0002    0.0000 0.0000 0.0000 0.0000 0.0003 0.0027 0.0304 0.1298 0.1786 0.1885 0.1685 0.1294 0.0875 0.0492 0.0227 0.0087 0.0036
1 1 2005 Pot_Fishery 3 Male  Retained  All  All 266.0000    0.0000 0.0000 0.0000 0.0000 0.0000 0.0009 0.0188 0.1183 0.1996 0.2182 0.1766 0.1321 0.0689 0.0352 0.0232 0.0043 0.0039    0.0000 0.0000 0.0000 0.0000 0.0001 0.0011 0.0169 0.0952 0.1592 0.1895 0.1820 0.1469 0.1034 0.0604 0.0289 0.0114 0.0049
1 1 2006 Pot_Fishery 3 Male  Retained  All  All 234.0000    0.0000 0.0000 0.0000 0.0000 0.0000 0.0003 0.0161 0.0847 0.1798 0.1850 0.1754 0.1566 0.1013 0.0538 0.0275 0.0113 0.0082    0.0000 0.0000 0.0000 0.0000 0.0002 0.0017 0.0220 0.1056 0.1545 0.1786 0.1747 0.1444 0.1047 0.0633 0.0316 0.0130 0.0058
1 1 2007 Pot_Fishery 3 Male  Retained  All  All 199.0000    0.0003 0.0000 0.0000 0.0000 0.0006 0.0000 0.0240 0.1151 0.1882 0.1826 0.1687 0.1247 0.0896 0.0562 0.0273 0.0154 0.0072    0.0000 0.0000 0.0000 0.0000 0.0001 0.0016 0.0239 0.1215 0.1739 0.1824 0.1640 0.1301 0.0946 0.0587 0.0302 0.0129 0.0061
1 1 2008 Pot_Fishery 3 Male  Retained  All  All 197.0000    0.0000 0.0000 0.0000 0.0000 0.0000 0.0009 0.0129 0.1046 0.2013 0.1709 0.1640 0.1315 0.0894 0.0692 0.0302 0.0133 0.0118    0.0000 0.0000 0.0000 0.0000 0.0001 0.0014 0.0213 0.1155 0.1785 0.1934 0.1702 0.1285 0.0895 0.0547 0.0284 0.0124 0.0061
1 1 2009 Pot_Fishery 3 Male  Retained  All  All 170.0000    0.0000 0.0000 0.0000 0.0000 0.0000 0.0000 0.0130 0.0856 0.1781 0.2046 0.1799 0.1329 0.0966 0.0647 0.0268 0.0125 0.0053    0.0000 0.0000 0.0000 0.0000 0.0001 0.0015 0.0219 0.1130 0.1722 0.1923 0.1745 0.1328 0.0911 0.0544 0.0279 0.0122 0.0061
1 1 2010 Pot_Fishery 3 Male  Retained  All  All 183.0000    0.0004 0.0000 0.0000 0.0000 0.0000 0.0005 0.0191 0.1242 0.1901 0.1865 0.1546 0.1241 0.0806 0.0645 0.0319 0.0125 0.0109    0.0000 0.0000 0.0000 0.0000 0.0001 0.0015 0.0222 0.1160 0.1749 0.1913 0.1723 0.1316 0.0907 0.0540 0.0274 0.0119 0.0060
1 1 2011 Pot_Fishery 3 Male  Retained  All  All 160.0000    0.0000 0.0000 0.0000 0.0000 0.0000 0.0000 0.0066 0.0804 0.1691 0.2142 0.1813 0.1186 0.1076 0.0634 0.0335 0.0178 0.0075    0.0000 0.0000 0.0000 0.0000 0.0001 0.0013 0.0205 0.1113 0.1743 0.1939 0.1748 0.1331 0.0913 0.0542 0.0274 0.0118 0.0060
1 1 2012 Pot_Fishery 3 Male  Retained  All  All 187.0000    0.0000 0.0000 0.0000 0.0000 0.0000 0.0009 0.0117 0.0809 0.1675 0.1979 0.1612 0.1333 0.1052 0.0718 0.0417 0.0193 0.0086    0.0000 0.0000 0.0000 0.0000 0.0001 0.0013 0.0194 0.1055 0.1685 0.1927 0.1777 0.1373 0.0947 0.0561 0.0283 0.0122 0.0061
1 1 2013 Pot_Fishery 3 Male  Retained  All  All 193.0000    0.0000 0.0000 0.0000 0.0000 0.0000 0.0016 0.0155 0.1041 0.1667 0.1801 0.1844 0.1275 0.0958 0.0604 0.0353 0.0190 0.0097    0.0000 0.0000 0.0000 0.0000 0.0001 0.0013 0.0194 0.1041 0.1650 0.1896 0.1771 0.1393 0.0975 0.0582 0.0294 0.0127 0.0064
1 1 2014 Pot_Fishery 3 Male  Retained  All  All 168.0000    0.0000 0.0000 0.0000 0.0000 0.0000 0.0014 0.0221 0.0915 0.1716 0.1830 0.1689 0.1218 0.1026 0.0699 0.0355 0.0221 0.0095    0.0000 0.0000 0.0000 0.0000 0.0001 0.0013 0.0199 0.1055 0.1648 0.1878 0.1752 0.1385 0.0979 0.0591 0.0301 0.0130 0.0066
1 1 2015 Pot_Fishery 3 Male  Retained  All  All 190.0000    0.0000 0.0000 0.0000 0.0000 0.0000 0.0000 0.0114 0.0722 0.1698 0.1973 0.1524 0.1362 0.0955 0.0762 0.0426 0.0257 0.0206    0.0000 0.0000 0.0000 0.0000 0.0002 0.0016 0.0225 0.1134 0.1682 0.1863 0.1713 0.1345 0.0951 0.0577 0.0296 0.0129 0.0065
1 1 2016 Pot_Fishery 3 Male  Retained  All  All 247.0000    0.0000 0.0000 0.0000 0.0000 0.0000 0.0016 0.0237 0.1310 0.1874 0.1990 0.1524 0.1154 0.0768 0.0546 0.0293 0.0178 0.0111    0.0000 0.0000 0.0000 0.0000 0.0002 0.0021 0.0283 0.1332 0.1808 0.1867 0.1633 0.1236 0.0858 0.0518 0.0266 0.0116 0.0059
1 1 2017 Pot_Fishery 3 Male  Retained  All  All 224.0000    0.0000 0.0000 0.0000 0.0000 0.0000 0.0003 0.0234 0.1332 0.2184 0.2141 0.1695 0.1036 0.0695 0.0341 0.0163 0.0107 0.0070    0.0000 0.0000 0.0000 0.0000 0.0002 0.0022 0.0312 0.1493 0.2000 0.1950 0.1582 0.1112 0.0734 0.0431 0.0218 0.0095 0.0048
1 1 2018 Pot_Fishery 3 Male  Retained  All  All 256.0000    0.0000 0.0000 0.0000 0.0005 0.0000 0.0001 0.0274 0.1308 0.2481 0.2160 0.1584 0.1030 0.0590 0.0325 0.0133 0.0075 0.0034    0.0000 0.0000 0.0000 0.0000 0.0002 0.0023 0.0318 0.1535 0.2083 0.2033 0.1608 0.1072 0.0664 0.0368 0.0179 0.0076 0.0038
1 1 2019 Pot_Fishery 3 Male  Retained  All  All 242.0000    0.0000 0.0000 0.0000 0.0000 0.0000 0.0011 0.0316 0.1499 0.2501 0.2214 0.1449 0.0972 0.0525 0.0267 0.0187 0.0045 0.0014    0.0000 0.0000 0.0000 0.0000 0.0002 0.0024 0.0335 0.1586 0.2120 0.2058 0.1615 0.1054 0.0629 0.0331 0.0153 0.0062 0.0030
1 1 2020 Pot_Fishery 3 Male  Retained  All  All 227.0000    0.0003 0.0000 0.0000 0.0000 0.0007 0.0004 0.0448 0.1654 0.2476 0.2208 0.1482 0.0817 0.0457 0.0264 0.0075 0.0081 0.0024    0.0000 0.0000 0.0000 0.0000 0.0002 0.0020 0.0295 0.1514 0.2163 0.2132 0.1655 0.1063 0.0620 0.0317 0.0140 0.0054 0.0025
1 1 2021 Pot_Fishery 3 Male  Retained  All  All 254.0000    0.0000 0.0000 0.0000 0.0000 0.0000 0.0008 0.0189 0.1040 0.2178 0.2229 0.1546 0.1066 0.0735 0.0606 0.0264 0.0073 0.0065    0.0000 0.0000 0.0000 0.0000 0.0001 0.0015 0.0238 0.1300 0.2029 0.2165 0.1782 0.1189 0.0699 0.0351 0.0151 0.0056 0.0025
2 2 1990 Pot_Fishery 3 Male  All  All  All 22.0000    0.2471 0.0714 0.0700 0.0776 0.1016 0.0912 0.0850 0.0783 0.0682 0.0552 0.0271 0.0134 0.0096 0.0024 0.0015 0.0001 0.0005    0.0559 0.0693 0.0803 0.1002 0.1189 0.0913 0.1285 0.1231 0.0934 0.0637 0.0353 0.0182 0.0103 0.0059 0.0031 0.0016 0.0011
2 2 1991 Pot_Fishery 3 Male  All  All  All 48.0000    0.1507 0.0570 0.0693 0.0750 0.0925 0.1039 0.1093 0.1030 0.0877 0.0677 0.0362 0.0215 0.0160 0.0045 0.0028 0.0011 0.0018    0.0541 0.0677 0.0824 0.1129 0.1354 0.0947 0.1120 0.1008 0.0813 0.0674 0.0452 0.0247 0.0121 0.0054 0.0023 0.0010 0.0006
2 2 1992 Pot_Fishery 3 Male  All  All  All 41.0000    0.2186 0.0711 0.0702 0.0909 0.0975 0.0846 0.0812 0.0750 0.0673 0.0584 0.0389 0.0239 0.0148 0.0046 0.0018 0.0011 0.0002    0.0482 0.0605 0.0753 0.1088 0.1360 0.1045 0.1236 0.1074 0.0806 0.0639 0.0434 0.0253 0.0132 0.0059 0.0022 0.0008 0.0004
2 2 1994 Pot_Fishery 3 Male  All  All  All 34.0000    0.3906 0.0771 0.0638 0.0619 0.0740 0.0850 0.0741 0.0543 0.0517 0.0327 0.0195 0.0099 0.0041 0.0013 0.0000 0.0000 0.0000    0.0447 0.0560 0.0683 0.0948 0.1171 0.0913 0.1178 0.1138 0.0950 0.0803 0.0567 0.0338 0.0180 0.0081 0.0031 0.0010 0.0004
2 2 1995 Pot_Fishery 3 Male  All  All  All 1117.0000    0.1246 0.0443 0.0627 0.0800 0.0986 0.1165 0.1244 0.1072 0.0876 0.0651 0.0407 0.0231 0.0132 0.0066 0.0034 0.0012 0.0008    0.0483 0.0604 0.0737 0.1019 0.1243 0.0925 0.1142 0.1052 0.0861 0.0741 0.0540 0.0335 0.0185 0.0086 0.0033 0.0011 0.0004
2 2 1996 Pot_Fishery 3 Male  All  All  All 509.0000    0.1034 0.0416 0.0569 0.0744 0.0932 0.1138 0.1221 0.1117 0.0929 0.0721 0.0480 0.0297 0.0183 0.0109 0.0063 0.0030 0.0018    0.0390 0.0493 0.0630 0.0960 0.1242 0.1025 0.1250 0.1144 0.0910 0.0755 0.0538 0.0333 0.0188 0.0090 0.0036 0.0012 0.0004
2 2 1997 Pot_Fishery 3 Male  All  All  All 711.0000    0.1091 0.0389 0.0543 0.0707 0.0910 0.1116 0.1221 0.1145 0.0976 0.0742 0.0467 0.0299 0.0187 0.0109 0.0060 0.0023 0.0014    0.0579 0.0719 0.0839 0.1050 0.1205 0.0799 0.1046 0.1024 0.0859 0.0726 0.0517 0.0319 0.0180 0.0087 0.0035 0.0012 0.0004
2 2 1998 Pot_Fishery 3 Male  All  All  All 574.0000    0.0913 0.0396 0.0575 0.0786 0.1018 0.1209 0.1283 0.1178 0.0955 0.0692 0.0417 0.0272 0.0161 0.0084 0.0041 0.0014 0.0006    0.0518 0.0650 0.0797 0.1111 0.1343 0.0942 0.1088 0.0979 0.0774 0.0664 0.0496 0.0316 0.0181 0.0088 0.0035 0.0012 0.0004
2 2 1999 Pot_Fishery 3 Male  All  All  All 607.0000    0.0760 0.0304 0.0408 0.0602 0.0856 0.1147 0.1366 0.1329 0.1151 0.0864 0.0540 0.0306 0.0190 0.0103 0.0049 0.0019 0.0006    0.0452 0.0568 0.0705 0.1011 0.1263 0.0972 0.1181 0.1103 0.0863 0.0707 0.0511 0.0324 0.0188 0.0093 0.0039 0.0013 0.0005
2 2 2000 Pot_Fishery 3 Male  All  All  All 495.0000    0.0813 0.0298 0.0425 0.0587 0.0723 0.1043 0.1291 0.1401 0.1185 0.0845 0.0580 0.0366 0.0212 0.0126 0.0066 0.0026 0.0014    0.0465 0.0582 0.0706 0.0967 0.1178 0.0878 0.1115 0.1102 0.0918 0.0781 0.0573 0.0361 0.0208 0.0103 0.0043 0.0015 0.0006
2 2 2001 Pot_Fishery 3 Male  All  All  All 510.0000    0.0560 0.0234 0.0328 0.0453 0.0605 0.0884 0.1353 0.1525 0.1465 0.1108 0.0676 0.0392 0.0223 0.0117 0.0045 0.0022 0.0010    0.0294 0.0375 0.0498 0.0813 0.1094 0.0965 0.1203 0.1195 0.1019 0.0906 0.0697 0.0456 0.0268 0.0134 0.0056 0.0020 0.0008
2 2 2002 Pot_Fishery 3 Male  All  All  All 438.0000    0.0673 0.0246 0.0302 0.0369 0.0496 0.0803 0.1112 0.1413 0.1433 0.1234 0.0854 0.0505 0.0316 0.0144 0.0070 0.0023 0.0010    0.0366 0.0458 0.0552 0.0747 0.0923 0.0744 0.1047 0.1153 0.1074 0.0997 0.0793 0.0539 0.0328 0.0169 0.0072 0.0026 0.0010
2 2 2003 Pot_Fishery 3 Male  All  All  All 416.0000    0.0430 0.0235 0.0285 0.0388 0.0543 0.0871 0.1089 0.1330 0.1377 0.1292 0.0924 0.0576 0.0324 0.0177 0.0098 0.0040 0.0022    0.0295 0.0373 0.0476 0.0720 0.0930 0.0773 0.0999 0.1072 0.1028 0.1029 0.0885 0.0643 0.0410 0.0219 0.0097 0.0036 0.0014
2 2 2004 Pot_Fishery 3 Male  All  All  All 299.0000    0.0397 0.0164 0.0234 0.0325 0.0535 0.0778 0.1030 0.1357 0.1436 0.1340 0.0962 0.0671 0.0432 0.0202 0.0083 0.0044 0.0010    0.0261 0.0330 0.0419 0.0633 0.0831 0.0730 0.0989 0.1086 0.1047 0.1057 0.0940 0.0721 0.0488 0.0274 0.0127 0.0048 0.0020
2 2 2005 Pot_Fishery 3 Male  All  All  All 232.0000    0.0254 0.0089 0.0101 0.0162 0.0288 0.0416 0.0787 0.1328 0.1535 0.1565 0.1318 0.0879 0.0660 0.0348 0.0167 0.0067 0.0036    0.0038 0.0074 0.0134 0.0253 0.0431 0.0395 0.0754 0.1090 0.1277 0.1453 0.1389 0.1120 0.0789 0.0460 0.0221 0.0087 0.0037
2 2 2006 Pot_Fishery 3 Male  All  All  All 143.0000    0.0247 0.0085 0.0111 0.0138 0.0237 0.0372 0.0846 0.1141 0.1556 0.1519 0.1336 0.0970 0.0709 0.0405 0.0187 0.0090 0.0052    0.0030 0.0059 0.0119 0.0276 0.0527 0.0580 0.0925 0.1143 0.1172 0.1294 0.1260 0.1041 0.0755 0.0456 0.0228 0.0094 0.0042
2 2 2007 Pot_Fishery 3 Male  All  All  All 134.0000    0.0065 0.0038 0.0052 0.0079 0.0182 0.0332 0.0715 0.1242 0.1495 0.1507 0.1430 0.1002 0.0810 0.0507 0.0294 0.0160 0.0090    0.0024 0.0048 0.0096 0.0228 0.0453 0.0568 0.1011 0.1320 0.1325 0.1328 0.1189 0.0943 0.0685 0.0425 0.0219 0.0093 0.0044
2 2 2008 Pot_Fishery 3 Male  All  All  All 113.0000    0.0086 0.0049 0.0078 0.0116 0.0217 0.0419 0.0787 0.1240 0.1521 0.1538 0.1290 0.0972 0.0725 0.0483 0.0250 0.0141 0.0087    0.0031 0.0061 0.0116 0.0240 0.0442 0.0488 0.0917 0.1278 0.1383 0.1433 0.1255 0.0947 0.0660 0.0403 0.0209 0.0091 0.0045
2 2 2009 Pot_Fishery 3 Male  All  All  All 95.0000    0.0113 0.0052 0.0088 0.0154 0.0238 0.0480 0.0906 0.1399 0.1536 0.1411 0.1237 0.0941 0.0685 0.0398 0.0231 0.0084 0.0048    0.0028 0.0056 0.0110 0.0248 0.0473 0.0538 0.0933 0.1238 0.1323 0.1412 0.1274 0.0969 0.0665 0.0397 0.0203 0.0089 0.0045
2 2 2010 Pot_Fishery 3 Male  All  All  All 108.0000    0.0228 0.0087 0.0136 0.0200 0.0369 0.0558 0.0905 0.1325 0.1436 0.1338 0.1087 0.0899 0.0615 0.0401 0.0227 0.0122 0.0067    0.0024 0.0047 0.0095 0.0220 0.0433 0.0532 0.0955 0.1282 0.1355 0.1417 0.1270 0.0970 0.0668 0.0398 0.0202 0.0088 0.0044
2 2 2011 Pot_Fishery 3 Male  All  All  All 107.0000    0.0105 0.0070 0.0101 0.0138 0.0216 0.0390 0.0833 0.1438 0.1560 0.1466 0.1250 0.0914 0.0659 0.0436 0.0239 0.0119 0.0067    0.0023 0.0046 0.0091 0.0204 0.0396 0.0484 0.0901 0.1256 0.1379 0.1467 0.1316 0.1001 0.0687 0.0408 0.0206 0.0089 0.0045
2 2 2012 Pot_Fishery 3 Male  All  All  All 99.0000    0.0062 0.0052 0.0072 0.0074 0.0193 0.0370 0.0791 0.1241 0.1546 0.1498 0.1313 0.1024 0.0727 0.0502 0.0304 0.0145 0.0088    0.0023 0.0046 0.0090 0.0202 0.0390 0.0468 0.0862 0.1204 0.1347 0.1473 0.1351 0.1044 0.0720 0.0426 0.0215 0.0093 0.0047
2 2 2013 Pot_Fishery 3 Male  All  All  All 122.0000    0.0125 0.0066 0.0103 0.0159 0.0266 0.0505 0.0949 0.1405 0.1542 0.1435 0.1144 0.0849 0.0610 0.0424 0.0247 0.0109 0.0061    0.0024 0.0047 0.0092 0.0206 0.0396 0.0469 0.0858 0.1186 0.1318 0.1448 0.1346 0.1058 0.0741 0.0442 0.0224 0.0096 0.0048
2 2 2014 Pot_Fishery 3 Male  All  All  All 99.0000    0.0114 0.0058 0.0098 0.0159 0.0267 0.0470 0.0886 0.1194 0.1477 0.1372 0.1194 0.0920 0.0707 0.0504 0.0318 0.0158 0.0103    0.0030 0.0059 0.0112 0.0236 0.0437 0.0477 0.0867 0.1183 0.1296 0.1412 0.1310 0.1036 0.0732 0.0442 0.0225 0.0097 0.0049
2 2 2015 Pot_Fishery 3 Male  All  All  All 125.0000    0.0126 0.0085 0.0139 0.0214 0.0326 0.0537 0.0885 0.1297 0.1497 0.1411 0.1087 0.0853 0.0589 0.0433 0.0265 0.0147 0.0107    0.0041 0.0080 0.0150 0.0306 0.0547 0.0541 0.0935 0.1209 0.1256 0.1330 0.1217 0.0955 0.0676 0.0410 0.0210 0.0092 0.0046
2 2 2016 Pot_Fishery 3 Male  All  All  All 155.0000    0.0222 0.0104 0.0159 0.0221 0.0394 0.0684 0.1212 0.1522 0.1574 0.1325 0.0927 0.0649 0.0431 0.0287 0.0154 0.0087 0.0050    0.0041 0.0082 0.0158 0.0342 0.0635 0.0669 0.1100 0.1332 0.1267 0.1251 0.1089 0.0824 0.0572 0.0345 0.0177 0.0078 0.0040
2 2 2017 Pot_Fishery 3 Male  All  All  All 133.0000    0.0287 0.0105 0.0159 0.0226 0.0365 0.0670 0.1164 0.1550 0.1625 0.1427 0.0967 0.0602 0.0373 0.0213 0.0118 0.0077 0.0072    0.0042 0.0083 0.0160 0.0345 0.0642 0.0696 0.1184 0.1457 0.1368 0.1276 0.1030 0.0723 0.0478 0.0280 0.0142 0.0062 0.0032
2 2 2018 Pot_Fishery 3 Male  All  All  All 234.0000    0.0187 0.0114 0.0157 0.0233 0.0451 0.0709 0.1303 0.1505 0.1689 0.1330 0.0983 0.0548 0.0348 0.0215 0.0120 0.0068 0.0041    0.0046 0.0091 0.0174 0.0365 0.0667 0.0696 0.1192 0.1478 0.1407 0.1312 0.1033 0.0688 0.0426 0.0236 0.0115 0.0049 0.0025
2 2 2019 Pot_Fishery 3 Male  All  All  All 148.0000    0.0092 0.0061 0.0108 0.0187 0.0376 0.0766 0.1303 0.1655 0.1805 0.1476 0.0959 0.0579 0.0331 0.0176 0.0074 0.0038 0.0015    0.0033 0.0066 0.0133 0.0318 0.0627 0.0752 0.1262 0.1535 0.1438 0.1335 0.1042 0.0680 0.0405 0.0214 0.0099 0.0040 0.0020
2 2 2020 Pot_Fishery 3 Male  All  All  All 155.0000    0.0177 0.0071 0.0137 0.0198 0.0441 0.0694 0.1354 0.1706 0.1775 0.1319 0.0973 0.0509 0.0332 0.0160 0.0086 0.0039 0.0029    0.0025 0.0051 0.0102 0.0244 0.0493 0.0645 0.1184 0.1560 0.1562 0.1472 0.1137 0.0730 0.0426 0.0217 0.0096 0.0037 0.0017
2 2 2021 Pot_Fishery 3 Male  All  All  All 138.0000    0.0069 0.0028 0.0052 0.0077 0.0191 0.0523 0.1062 0.1628 0.1831 0.1591 0.1180 0.0711 0.0498 0.0289 0.0151 0.0074 0.0046    0.0021 0.0043 0.0085 0.0201 0.0403 0.0531 0.1017 0.1428 0.1562 0.1594 0.1305 0.0870 0.0512 0.0257 0.0110 0.0041 0.0018
#Size data: standard deviation and median
sdnr_MAR_lf
   0.8854   0.2406
   0.9817   0.3147
#Size data: Francis multipliers
Francis_weights
   0.5667   0.2920

#--------------------------------------------------------------------------------------------
Selectivity
#slx_capture
#Year Sex Fleet Selectivity
1960 male Pot_Fishery    0.36283627   0.41355082   0.46670182   0.52129188   0.57620852   0.63031246   0.68253060   0.73193775   0.77781463   0.81967585   0.85726849   0.89054730   0.91963548   0.94477983   0.96630715   0.98458661   1.00000000
1960 male Trawl_Bycatch    1.00000000   1.00000000   1.00000000   1.00000000   1.00000000   1.00000000   1.00000000   1.00000000   1.00000000   1.00000000   1.00000000   1.00000000   1.00000000   1.00000000   1.00000000   1.00000000   1.00000000
1961 male Pot_Fishery    0.36283627   0.41355082   0.46670182   0.52129188   0.57620852   0.63031246   0.68253060   0.73193775   0.77781463   0.81967585   0.85726849   0.89054730   0.91963548   0.94477983   0.96630715   0.98458661   1.00000000
1961 male Trawl_Bycatch    1.00000000   1.00000000   1.00000000   1.00000000   1.00000000   1.00000000   1.00000000   1.00000000   1.00000000   1.00000000   1.00000000   1.00000000   1.00000000   1.00000000   1.00000000   1.00000000   1.00000000
1962 male Pot_Fishery    0.36283627   0.41355082   0.46670182   0.52129188   0.57620852   0.63031246   0.68253060   0.73193775   0.77781463   0.81967585   0.85726849   0.89054730   0.91963548   0.94477983   0.96630715   0.98458661   1.00000000
1962 male Trawl_Bycatch    1.00000000   1.00000000   1.00000000   1.00000000   1.00000000   1.00000000   1.00000000   1.00000000   1.00000000   1.00000000   1.00000000   1.00000000   1.00000000   1.00000000   1.00000000   1.00000000   1.00000000
1963 male Pot_Fishery    0.36283627   0.41355082   0.46670182   0.52129188   0.57620852   0.63031246   0.68253060   0.73193775   0.77781463   0.81967585   0.85726849   0.89054730   0.91963548   0.94477983   0.96630715   0.98458661   1.00000000
1963 male Trawl_Bycatch    1.00000000   1.00000000   1.00000000   1.00000000   1.00000000   1.00000000   1.00000000   1.00000000   1.00000000   1.00000000   1.00000000   1.00000000   1.00000000   1.00000000   1.00000000   1.00000000   1.00000000
1964 male Pot_Fishery    0.36283627   0.41355082   0.46670182   0.52129188   0.57620852   0.63031246   0.68253060   0.73193775   0.77781463   0.81967585   0.85726849   0.89054730   0.91963548   0.94477983   0.96630715   0.98458661   1.00000000
1964 male Trawl_Bycatch    1.00000000   1.00000000   1.00000000   1.00000000   1.00000000   1.00000000   1.00000000   1.00000000   1.00000000   1.00000000   1.00000000   1.00000000   1.00000000   1.00000000   1.00000000   1.00000000   1.00000000
1965 male Pot_Fishery    0.36283627   0.41355082   0.46670182   0.52129188   0.57620852   0.63031246   0.68253060   0.73193775   0.77781463   0.81967585   0.85726849   0.89054730   0.91963548   0.94477983   0.96630715   0.98458661   1.00000000
1965 male Trawl_Bycatch    1.00000000   1.00000000   1.00000000   1.00000000   1.00000000   1.00000000   1.00000000   1.00000000   1.00000000   1.00000000   1.00000000   1.00000000   1.00000000   1.00000000   1.00000000   1.00000000   1.00000000
1966 male Pot_Fishery    0.36283627   0.41355082   0.46670182   0.52129188   0.57620852   0.63031246   0.68253060   0.73193775   0.77781463   0.81967585   0.85726849   0.89054730   0.91963548   0.94477983   0.96630715   0.98458661   1.00000000
1966 male Trawl_Bycatch    1.00000000   1.00000000   1.00000000   1.00000000   1.00000000   1.00000000   1.00000000   1.00000000   1.00000000   1.00000000   1.00000000   1.00000000   1.00000000   1.00000000   1.00000000   1.00000000   1.00000000
1967 male Pot_Fishery    0.36283627   0.41355082   0.46670182   0.52129188   0.57620852   0.63031246   0.68253060   0.73193775   0.77781463   0.81967585   0.85726849   0.89054730   0.91963548   0.94477983   0.96630715   0.98458661   1.00000000
1967 male Trawl_Bycatch    1.00000000   1.00000000   1.00000000   1.00000000   1.00000000   1.00000000   1.00000000   1.00000000   1.00000000   1.00000000   1.00000000   1.00000000   1.00000000   1.00000000   1.00000000   1.00000000   1.00000000
1968 male Pot_Fishery    0.36283627   0.41355082   0.46670182   0.52129188   0.57620852   0.63031246   0.68253060   0.73193775   0.77781463   0.81967585   0.85726849   0.89054730   0.91963548   0.94477983   0.96630715   0.98458661   1.00000000
1968 male Trawl_Bycatch    1.00000000   1.00000000   1.00000000   1.00000000   1.00000000   1.00000000   1.00000000   1.00000000   1.00000000   1.00000000   1.00000000   1.00000000   1.00000000   1.00000000   1.00000000   1.00000000   1.00000000
1969 male Pot_Fishery    0.36283627   0.41355082   0.46670182   0.52129188   0.57620852   0.63031246   0.68253060   0.73193775   0.77781463   0.81967585   0.85726849   0.89054730   0.91963548   0.94477983   0.96630715   0.98458661   1.00000000
1969 male Trawl_Bycatch    1.00000000   1.00000000   1.00000000   1.00000000   1.00000000   1.00000000   1.00000000   1.00000000   1.00000000   1.00000000   1.00000000   1.00000000   1.00000000   1.00000000   1.00000000   1.00000000   1.00000000
1970 male Pot_Fishery    0.36283627   0.41355082   0.46670182   0.52129188   0.57620852   0.63031246   0.68253060   0.73193775   0.77781463   0.81967585   0.85726849   0.89054730   0.91963548   0.94477983   0.96630715   0.98458661   1.00000000
1970 male Trawl_Bycatch    1.00000000   1.00000000   1.00000000   1.00000000   1.00000000   1.00000000   1.00000000   1.00000000   1.00000000   1.00000000   1.00000000   1.00000000   1.00000000   1.00000000   1.00000000   1.00000000   1.00000000
1971 male Pot_Fishery    0.36283627   0.41355082   0.46670182   0.52129188   0.57620852   0.63031246   0.68253060   0.73193775   0.77781463   0.81967585   0.85726849   0.89054730   0.91963548   0.94477983   0.96630715   0.98458661   1.00000000
1971 male Trawl_Bycatch    1.00000000   1.00000000   1.00000000   1.00000000   1.00000000   1.00000000   1.00000000   1.00000000   1.00000000   1.00000000   1.00000000   1.00000000   1.00000000   1.00000000   1.00000000   1.00000000   1.00000000
1972 male Pot_Fishery    0.36283627   0.41355082   0.46670182   0.52129188   0.57620852   0.63031246   0.68253060   0.73193775   0.77781463   0.81967585   0.85726849   0.89054730   0.91963548   0.94477983   0.96630715   0.98458661   1.00000000
1972 male Trawl_Bycatch    1.00000000   1.00000000   1.00000000   1.00000000   1.00000000   1.00000000   1.00000000   1.00000000   1.00000000   1.00000000   1.00000000   1.00000000   1.00000000   1.00000000   1.00000000   1.00000000   1.00000000
1973 male Pot_Fishery    0.36283627   0.41355082   0.46670182   0.52129188   0.57620852   0.63031246   0.68253060   0.73193775   0.77781463   0.81967585   0.85726849   0.89054730   0.91963548   0.94477983   0.96630715   0.98458661   1.00000000
1973 male Trawl_Bycatch    1.00000000   1.00000000   1.00000000   1.00000000   1.00000000   1.00000000   1.00000000   1.00000000   1.00000000   1.00000000   1.00000000   1.00000000   1.00000000   1.00000000   1.00000000   1.00000000   1.00000000
1974 male Pot_Fishery    0.36283627   0.41355082   0.46670182   0.52129188   0.57620852   0.63031246   0.68253060   0.73193775   0.77781463   0.81967585   0.85726849   0.89054730   0.91963548   0.94477983   0.96630715   0.98458661   1.00000000
1974 male Trawl_Bycatch    1.00000000   1.00000000   1.00000000   1.00000000   1.00000000   1.00000000   1.00000000   1.00000000   1.00000000   1.00000000   1.00000000   1.00000000   1.00000000   1.00000000   1.00000000   1.00000000   1.00000000
1975 male Pot_Fishery    0.36283627   0.41355082   0.46670182   0.52129188   0.57620852   0.63031246   0.68253060   0.73193775   0.77781463   0.81967585   0.85726849   0.89054730   0.91963548   0.94477983   0.96630715   0.98458661   1.00000000
1975 male Trawl_Bycatch    1.00000000   1.00000000   1.00000000   1.00000000   1.00000000   1.00000000   1.00000000   1.00000000   1.00000000   1.00000000   1.00000000   1.00000000   1.00000000   1.00000000   1.00000000   1.00000000   1.00000000
1976 male Pot_Fishery    0.36283627   0.41355082   0.46670182   0.52129188   0.57620852   0.63031246   0.68253060   0.73193775   0.77781463   0.81967585   0.85726849   0.89054730   0.91963548   0.94477983   0.96630715   0.98458661   1.00000000
1976 male Trawl_Bycatch    1.00000000   1.00000000   1.00000000   1.00000000   1.00000000   1.00000000   1.00000000   1.00000000   1.00000000   1.00000000   1.00000000   1.00000000   1.00000000   1.00000000   1.00000000   1.00000000   1.00000000
1977 male Pot_Fishery    0.36283627   0.41355082   0.46670182   0.52129188   0.57620852   0.63031246   0.68253060   0.73193775   0.77781463   0.81967585   0.85726849   0.89054730   0.91963548   0.94477983   0.96630715   0.98458661   1.00000000
1977 male Trawl_Bycatch    1.00000000   1.00000000   1.00000000   1.00000000   1.00000000   1.00000000   1.00000000   1.00000000   1.00000000   1.00000000   1.00000000   1.00000000   1.00000000   1.00000000   1.00000000   1.00000000   1.00000000
1978 male Pot_Fishery    0.36283627   0.41355082   0.46670182   0.52129188   0.57620852   0.63031246   0.68253060   0.73193775   0.77781463   0.81967585   0.85726849   0.89054730   0.91963548   0.94477983   0.96630715   0.98458661   1.00000000
1978 male Trawl_Bycatch    1.00000000   1.00000000   1.00000000   1.00000000   1.00000000   1.00000000   1.00000000   1.00000000   1.00000000   1.00000000   1.00000000   1.00000000   1.00000000   1.00000000   1.00000000   1.00000000   1.00000000
1979 male Pot_Fishery    0.36283627   0.41355082   0.46670182   0.52129188   0.57620852   0.63031246   0.68253060   0.73193775   0.77781463   0.81967585   0.85726849   0.89054730   0.91963548   0.94477983   0.96630715   0.98458661   1.00000000
1979 male Trawl_Bycatch    1.00000000   1.00000000   1.00000000   1.00000000   1.00000000   1.00000000   1.00000000   1.00000000   1.00000000   1.00000000   1.00000000   1.00000000   1.00000000   1.00000000   1.00000000   1.00000000   1.00000000
1980 male Pot_Fishery    0.36283627   0.41355082   0.46670182   0.52129188   0.57620852   0.63031246   0.68253060   0.73193775   0.77781463   0.81967585   0.85726849   0.89054730   0.91963548   0.94477983   0.96630715   0.98458661   1.00000000
1980 male Trawl_Bycatch    1.00000000   1.00000000   1.00000000   1.00000000   1.00000000   1.00000000   1.00000000   1.00000000   1.00000000   1.00000000   1.00000000   1.00000000   1.00000000   1.00000000   1.00000000   1.00000000   1.00000000
1981 male Pot_Fishery    0.36283627   0.41355082   0.46670182   0.52129188   0.57620852   0.63031246   0.68253060   0.73193775   0.77781463   0.81967585   0.85726849   0.89054730   0.91963548   0.94477983   0.96630715   0.98458661   1.00000000
1981 male Trawl_Bycatch    1.00000000   1.00000000   1.00000000   1.00000000   1.00000000   1.00000000   1.00000000   1.00000000   1.00000000   1.00000000   1.00000000   1.00000000   1.00000000   1.00000000   1.00000000   1.00000000   1.00000000
1982 male Pot_Fishery    0.36283627   0.41355082   0.46670182   0.52129188   0.57620852   0.63031246   0.68253060   0.73193775   0.77781463   0.81967585   0.85726849   0.89054730   0.91963548   0.94477983   0.96630715   0.98458661   1.00000000
1982 male Trawl_Bycatch    1.00000000   1.00000000   1.00000000   1.00000000   1.00000000   1.00000000   1.00000000   1.00000000   1.00000000   1.00000000   1.00000000   1.00000000   1.00000000   1.00000000   1.00000000   1.00000000   1.00000000
1983 male Pot_Fishery    0.36283627   0.41355082   0.46670182   0.52129188   0.57620852   0.63031246   0.68253060   0.73193775   0.77781463   0.81967585   0.85726849   0.89054730   0.91963548   0.94477983   0.96630715   0.98458661   1.00000000
1983 male Trawl_Bycatch    1.00000000   1.00000000   1.00000000   1.00000000   1.00000000   1.00000000   1.00000000   1.00000000   1.00000000   1.00000000   1.00000000   1.00000000   1.00000000   1.00000000   1.00000000   1.00000000   1.00000000
1984 male Pot_Fishery    0.36283627   0.41355082   0.46670182   0.52129188   0.57620852   0.63031246   0.68253060   0.73193775   0.77781463   0.81967585   0.85726849   0.89054730   0.91963548   0.94477983   0.96630715   0.98458661   1.00000000
1984 male Trawl_Bycatch    1.00000000   1.00000000   1.00000000   1.00000000   1.00000000   1.00000000   1.00000000   1.00000000   1.00000000   1.00000000   1.00000000   1.00000000   1.00000000   1.00000000   1.00000000   1.00000000   1.00000000
1985 male Pot_Fishery    0.36283627   0.41355082   0.46670182   0.52129188   0.57620852   0.63031246   0.68253060   0.73193775   0.77781463   0.81967585   0.85726849   0.89054730   0.91963548   0.94477983   0.96630715   0.98458661   1.00000000
1985 male Trawl_Bycatch    1.00000000   1.00000000   1.00000000   1.00000000   1.00000000   1.00000000   1.00000000   1.00000000   1.00000000   1.00000000   1.00000000   1.00000000   1.00000000   1.00000000   1.00000000   1.00000000   1.00000000
1986 male Pot_Fishery    0.36283627   0.41355082   0.46670182   0.52129188   0.57620852   0.63031246   0.68253060   0.73193775   0.77781463   0.81967585   0.85726849   0.89054730   0.91963548   0.94477983   0.96630715   0.98458661   1.00000000
1986 male Trawl_Bycatch    1.00000000   1.00000000   1.00000000   1.00000000   1.00000000   1.00000000   1.00000000   1.00000000   1.00000000   1.00000000   1.00000000   1.00000000   1.00000000   1.00000000   1.00000000   1.00000000   1.00000000
1987 male Pot_Fishery    0.36283627   0.41355082   0.46670182   0.52129188   0.57620852   0.63031246   0.68253060   0.73193775   0.77781463   0.81967585   0.85726849   0.89054730   0.91963548   0.94477983   0.96630715   0.98458661   1.00000000
1987 male Trawl_Bycatch    1.00000000   1.00000000   1.00000000   1.00000000   1.00000000   1.00000000   1.00000000   1.00000000   1.00000000   1.00000000   1.00000000   1.00000000   1.00000000   1.00000000   1.00000000   1.00000000   1.00000000
1988 male Pot_Fishery    0.36283627   0.41355082   0.46670182   0.52129188   0.57620852   0.63031246   0.68253060   0.73193775   0.77781463   0.81967585   0.85726849   0.89054730   0.91963548   0.94477983   0.96630715   0.98458661   1.00000000
1988 male Trawl_Bycatch    1.00000000   1.00000000   1.00000000   1.00000000   1.00000000   1.00000000   1.00000000   1.00000000   1.00000000   1.00000000   1.00000000   1.00000000   1.00000000   1.00000000   1.00000000   1.00000000   1.00000000
1989 male Pot_Fishery    0.36283627   0.41355082   0.46670182   0.52129188   0.57620852   0.63031246   0.68253060   0.73193775   0.77781463   0.81967585   0.85726849   0.89054730   0.91963548   0.94477983   0.96630715   0.98458661   1.00000000
1989 male Trawl_Bycatch    1.00000000   1.00000000   1.00000000   1.00000000   1.00000000   1.00000000   1.00000000   1.00000000   1.00000000   1.00000000   1.00000000   1.00000000   1.00000000   1.00000000   1.00000000   1.00000000   1.00000000
1990 male Pot_Fishery    0.36283627   0.41355082   0.46670182   0.52129188   0.57620852   0.63031246   0.68253060   0.73193775   0.77781463   0.81967585   0.85726849   0.89054730   0.91963548   0.94477983   0.96630715   0.98458661   1.00000000
1990 male Trawl_Bycatch    1.00000000   1.00000000   1.00000000   1.00000000   1.00000000   1.00000000   1.00000000   1.00000000   1.00000000   1.00000000   1.00000000   1.00000000   1.00000000   1.00000000   1.00000000   1.00000000   1.00000000
1991 male Pot_Fishery    0.36283627   0.41355082   0.46670182   0.52129188   0.57620852   0.63031246   0.68253060   0.73193775   0.77781463   0.81967585   0.85726849   0.89054730   0.91963548   0.94477983   0.96630715   0.98458661   1.00000000
1991 male Trawl_Bycatch    1.00000000   1.00000000   1.00000000   1.00000000   1.00000000   1.00000000   1.00000000   1.00000000   1.00000000   1.00000000   1.00000000   1.00000000   1.00000000   1.00000000   1.00000000   1.00000000   1.00000000
1992 male Pot_Fishery    0.36283627   0.41355082   0.46670182   0.52129188   0.57620852   0.63031246   0.68253060   0.73193775   0.77781463   0.81967585   0.85726849   0.89054730   0.91963548   0.94477983   0.96630715   0.98458661   1.00000000
1992 male Trawl_Bycatch    1.00000000   1.00000000   1.00000000   1.00000000   1.00000000   1.00000000   1.00000000   1.00000000   1.00000000   1.00000000   1.00000000   1.00000000   1.00000000   1.00000000   1.00000000   1.00000000   1.00000000
1993 male Pot_Fishery    0.36283627   0.41355082   0.46670182   0.52129188   0.57620852   0.63031246   0.68253060   0.73193775   0.77781463   0.81967585   0.85726849   0.89054730   0.91963548   0.94477983   0.96630715   0.98458661   1.00000000
1993 male Trawl_Bycatch    1.00000000   1.00000000   1.00000000   1.00000000   1.00000000   1.00000000   1.00000000   1.00000000   1.00000000   1.00000000   1.00000000   1.00000000   1.00000000   1.00000000   1.00000000   1.00000000   1.00000000
1994 male Pot_Fishery    0.36283627   0.41355082   0.46670182   0.52129188   0.57620852   0.63031246   0.68253060   0.73193775   0.77781463   0.81967585   0.85726849   0.89054730   0.91963548   0.94477983   0.96630715   0.98458661   1.00000000
1994 male Trawl_Bycatch    1.00000000   1.00000000   1.00000000   1.00000000   1.00000000   1.00000000   1.00000000   1.00000000   1.00000000   1.00000000   1.00000000   1.00000000   1.00000000   1.00000000   1.00000000   1.00000000   1.00000000
1995 male Pot_Fishery    0.36283627   0.41355082   0.46670182   0.52129188   0.57620852   0.63031246   0.68253060   0.73193775   0.77781463   0.81967585   0.85726849   0.89054730   0.91963548   0.94477983   0.96630715   0.98458661   1.00000000
1995 male Trawl_Bycatch    1.00000000   1.00000000   1.00000000   1.00000000   1.00000000   1.00000000   1.00000000   1.00000000   1.00000000   1.00000000   1.00000000   1.00000000   1.00000000   1.00000000   1.00000000   1.00000000   1.00000000
1996 male Pot_Fishery    0.36283627   0.41355082   0.46670182   0.52129188   0.57620852   0.63031246   0.68253060   0.73193775   0.77781463   0.81967585   0.85726849   0.89054730   0.91963548   0.94477983   0.96630715   0.98458661   1.00000000
1996 male Trawl_Bycatch    1.00000000   1.00000000   1.00000000   1.00000000   1.00000000   1.00000000   1.00000000   1.00000000   1.00000000   1.00000000   1.00000000   1.00000000   1.00000000   1.00000000   1.00000000   1.00000000   1.00000000
1997 male Pot_Fishery    0.36283627   0.41355082   0.46670182   0.52129188   0.57620852   0.63031246   0.68253060   0.73193775   0.77781463   0.81967585   0.85726849   0.89054730   0.91963548   0.94477983   0.96630715   0.98458661   1.00000000
1997 male Trawl_Bycatch    1.00000000   1.00000000   1.00000000   1.00000000   1.00000000   1.00000000   1.00000000   1.00000000   1.00000000   1.00000000   1.00000000   1.00000000   1.00000000   1.00000000   1.00000000   1.00000000   1.00000000
1998 male Pot_Fishery    0.36283627   0.41355082   0.46670182   0.52129188   0.57620852   0.63031246   0.68253060   0.73193775   0.77781463   0.81967585   0.85726849   0.89054730   0.91963548   0.94477983   0.96630715   0.98458661   1.00000000
1998 male Trawl_Bycatch    1.00000000   1.00000000   1.00000000   1.00000000   1.00000000   1.00000000   1.00000000   1.00000000   1.00000000   1.00000000   1.00000000   1.00000000   1.00000000   1.00000000   1.00000000   1.00000000   1.00000000
1999 male Pot_Fishery    0.36283627   0.41355082   0.46670182   0.52129188   0.57620852   0.63031246   0.68253060   0.73193775   0.77781463   0.81967585   0.85726849   0.89054730   0.91963548   0.94477983   0.96630715   0.98458661   1.00000000
1999 male Trawl_Bycatch    1.00000000   1.00000000   1.00000000   1.00000000   1.00000000   1.00000000   1.00000000   1.00000000   1.00000000   1.00000000   1.00000000   1.00000000   1.00000000   1.00000000   1.00000000   1.00000000   1.00000000
2000 male Pot_Fishery    0.36283627   0.41355082   0.46670182   0.52129188   0.57620852   0.63031246   0.68253060   0.73193775   0.77781463   0.81967585   0.85726849   0.89054730   0.91963548   0.94477983   0.96630715   0.98458661   1.00000000
2000 male Trawl_Bycatch    1.00000000   1.00000000   1.00000000   1.00000000   1.00000000   1.00000000   1.00000000   1.00000000   1.00000000   1.00000000   1.00000000   1.00000000   1.00000000   1.00000000   1.00000000   1.00000000   1.00000000
2001 male Pot_Fishery    0.36283627   0.41355082   0.46670182   0.52129188   0.57620852   0.63031246   0.68253060   0.73193775   0.77781463   0.81967585   0.85726849   0.89054730   0.91963548   0.94477983   0.96630715   0.98458661   1.00000000
2001 male Trawl_Bycatch    1.00000000   1.00000000   1.00000000   1.00000000   1.00000000   1.00000000   1.00000000   1.00000000   1.00000000   1.00000000   1.00000000   1.00000000   1.00000000   1.00000000   1.00000000   1.00000000   1.00000000
2002 male Pot_Fishery    0.36283627   0.41355082   0.46670182   0.52129188   0.57620852   0.63031246   0.68253060   0.73193775   0.77781463   0.81967585   0.85726849   0.89054730   0.91963548   0.94477983   0.96630715   0.98458661   1.00000000
2002 male Trawl_Bycatch    1.00000000   1.00000000   1.00000000   1.00000000   1.00000000   1.00000000   1.00000000   1.00000000   1.00000000   1.00000000   1.00000000   1.00000000   1.00000000   1.00000000   1.00000000   1.00000000   1.00000000
2003 male Pot_Fishery    0.36283627   0.41355082   0.46670182   0.52129188   0.57620852   0.63031246   0.68253060   0.73193775   0.77781463   0.81967585   0.85726849   0.89054730   0.91963548   0.94477983   0.96630715   0.98458661   1.00000000
2003 male Trawl_Bycatch    1.00000000   1.00000000   1.00000000   1.00000000   1.00000000   1.00000000   1.00000000   1.00000000   1.00000000   1.00000000   1.00000000   1.00000000   1.00000000   1.00000000   1.00000000   1.00000000   1.00000000
2004 male Pot_Fishery    0.36283627   0.41355082   0.46670182   0.52129188   0.57620852   0.63031246   0.68253060   0.73193775   0.77781463   0.81967585   0.85726849   0.89054730   0.91963548   0.94477983   0.96630715   0.98458661   1.00000000
2004 male Trawl_Bycatch    1.00000000   1.00000000   1.00000000   1.00000000   1.00000000   1.00000000   1.00000000   1.00000000   1.00000000   1.00000000   1.00000000   1.00000000   1.00000000   1.00000000   1.00000000   1.00000000   1.00000000
2005 male Pot_Fishery    0.01813140   0.03251452   0.05764010   0.10017882   0.16851959   0.26957265   0.40205329   0.55079666   0.69134208   0.80408736   0.88323768   0.93374416   0.96403649   0.98153414   0.99142229   0.99694114   1.00000000
2005 male Trawl_Bycatch    1.00000000   1.00000000   1.00000000   1.00000000   1.00000000   1.00000000   1.00000000   1.00000000   1.00000000   1.00000000   1.00000000   1.00000000   1.00000000   1.00000000   1.00000000   1.00000000   1.00000000
2006 male Pot_Fishery    0.01813140   0.03251452   0.05764010   0.10017882   0.16851959   0.26957265   0.40205329   0.55079666   0.69134208   0.80408736   0.88323768   0.93374416   0.96403649   0.98153414   0.99142229   0.99694114   1.00000000
2006 male Trawl_Bycatch    1.00000000   1.00000000   1.00000000   1.00000000   1.00000000   1.00000000   1.00000000   1.00000000   1.00000000   1.00000000   1.00000000   1.00000000   1.00000000   1.00000000   1.00000000   1.00000000   1.00000000
2007 male Pot_Fishery    0.01813140   0.03251452   0.05764010   0.10017882   0.16851959   0.26957265   0.40205329   0.55079666   0.69134208   0.80408736   0.88323768   0.93374416   0.96403649   0.98153414   0.99142229   0.99694114   1.00000000
2007 male Trawl_Bycatch    1.00000000   1.00000000   1.00000000   1.00000000   1.00000000   1.00000000   1.00000000   1.00000000   1.00000000   1.00000000   1.00000000   1.00000000   1.00000000   1.00000000   1.00000000   1.00000000   1.00000000
2008 male Pot_Fishery    0.01813140   0.03251452   0.05764010   0.10017882   0.16851959   0.26957265   0.40205329   0.55079666   0.69134208   0.80408736   0.88323768   0.93374416   0.96403649   0.98153414   0.99142229   0.99694114   1.00000000
2008 male Trawl_Bycatch    1.00000000   1.00000000   1.00000000   1.00000000   1.00000000   1.00000000   1.00000000   1.00000000   1.00000000   1.00000000   1.00000000   1.00000000   1.00000000   1.00000000   1.00000000   1.00000000   1.00000000
2009 male Pot_Fishery    0.01813140   0.03251452   0.05764010   0.10017882   0.16851959   0.26957265   0.40205329   0.55079666   0.69134208   0.80408736   0.88323768   0.93374416   0.96403649   0.98153414   0.99142229   0.99694114   1.00000000
2009 male Trawl_Bycatch    1.00000000   1.00000000   1.00000000   1.00000000   1.00000000   1.00000000   1.00000000   1.00000000   1.00000000   1.00000000   1.00000000   1.00000000   1.00000000   1.00000000   1.00000000   1.00000000   1.00000000
2010 male Pot_Fishery    0.01813140   0.03251452   0.05764010   0.10017882   0.16851959   0.26957265   0.40205329   0.55079666   0.69134208   0.80408736   0.88323768   0.93374416   0.96403649   0.98153414   0.99142229   0.99694114   1.00000000
2010 male Trawl_Bycatch    1.00000000   1.00000000   1.00000000   1.00000000   1.00000000   1.00000000   1.00000000   1.00000000   1.00000000   1.00000000   1.00000000   1.00000000   1.00000000   1.00000000   1.00000000   1.00000000   1.00000000
2011 male Pot_Fishery    0.01813140   0.03251452   0.05764010   0.10017882   0.16851959   0.26957265   0.40205329   0.55079666   0.69134208   0.80408736   0.88323768   0.93374416   0.96403649   0.98153414   0.99142229   0.99694114   1.00000000
2011 male Trawl_Bycatch    1.00000000   1.00000000   1.00000000   1.00000000   1.00000000   1.00000000   1.00000000   1.00000000   1.00000000   1.00000000   1.00000000   1.00000000   1.00000000   1.00000000   1.00000000   1.00000000   1.00000000
2012 male Pot_Fishery    0.01813140   0.03251452   0.05764010   0.10017882   0.16851959   0.26957265   0.40205329   0.55079666   0.69134208   0.80408736   0.88323768   0.93374416   0.96403649   0.98153414   0.99142229   0.99694114   1.00000000
2012 male Trawl_Bycatch    1.00000000   1.00000000   1.00000000   1.00000000   1.00000000   1.00000000   1.00000000   1.00000000   1.00000000   1.00000000   1.00000000   1.00000000   1.00000000   1.00000000   1.00000000   1.00000000   1.00000000
2013 male Pot_Fishery    0.01813140   0.03251452   0.05764010   0.10017882   0.16851959   0.26957265   0.40205329   0.55079666   0.69134208   0.80408736   0.88323768   0.93374416   0.96403649   0.98153414   0.99142229   0.99694114   1.00000000
2013 male Trawl_Bycatch    1.00000000   1.00000000   1.00000000   1.00000000   1.00000000   1.00000000   1.00000000   1.00000000   1.00000000   1.00000000   1.00000000   1.00000000   1.00000000   1.00000000   1.00000000   1.00000000   1.00000000
2014 male Pot_Fishery    0.01813140   0.03251452   0.05764010   0.10017882   0.16851959   0.26957265   0.40205329   0.55079666   0.69134208   0.80408736   0.88323768   0.93374416   0.96403649   0.98153414   0.99142229   0.99694114   1.00000000
2014 male Trawl_Bycatch    1.00000000   1.00000000   1.00000000   1.00000000   1.00000000   1.00000000   1.00000000   1.00000000   1.00000000   1.00000000   1.00000000   1.00000000   1.00000000   1.00000000   1.00000000   1.00000000   1.00000000
2015 male Pot_Fishery    0.01813140   0.03251452   0.05764010   0.10017882   0.16851959   0.26957265   0.40205329   0.55079666   0.69134208   0.80408736   0.88323768   0.93374416   0.96403649   0.98153414   0.99142229   0.99694114   1.00000000
2015 male Trawl_Bycatch    1.00000000   1.00000000   1.00000000   1.00000000   1.00000000   1.00000000   1.00000000   1.00000000   1.00000000   1.00000000   1.00000000   1.00000000   1.00000000   1.00000000   1.00000000   1.00000000   1.00000000
2016 male Pot_Fishery    0.01813140   0.03251452   0.05764010   0.10017882   0.16851959   0.26957265   0.40205329   0.55079666   0.69134208   0.80408736   0.88323768   0.93374416   0.96403649   0.98153414   0.99142229   0.99694114   1.00000000
2016 male Trawl_Bycatch    1.00000000   1.00000000   1.00000000   1.00000000   1.00000000   1.00000000   1.00000000   1.00000000   1.00000000   1.00000000   1.00000000   1.00000000   1.00000000   1.00000000   1.00000000   1.00000000   1.00000000
2017 male Pot_Fishery    0.01813140   0.03251452   0.05764010   0.10017882   0.16851959   0.26957265   0.40205329   0.55079666   0.69134208   0.80408736   0.88323768   0.93374416   0.96403649   0.98153414   0.99142229   0.99694114   1.00000000
2017 male Trawl_Bycatch    1.00000000   1.00000000   1.00000000   1.00000000   1.00000000   1.00000000   1.00000000   1.00000000   1.00000000   1.00000000   1.00000000   1.00000000   1.00000000   1.00000000   1.00000000   1.00000000   1.00000000
2018 male Pot_Fishery    0.01813140   0.03251452   0.05764010   0.10017882   0.16851959   0.26957265   0.40205329   0.55079666   0.69134208   0.80408736   0.88323768   0.93374416   0.96403649   0.98153414   0.99142229   0.99694114   1.00000000
2018 male Trawl_Bycatch    1.00000000   1.00000000   1.00000000   1.00000000   1.00000000   1.00000000   1.00000000   1.00000000   1.00000000   1.00000000   1.00000000   1.00000000   1.00000000   1.00000000   1.00000000   1.00000000   1.00000000
2019 male Pot_Fishery    0.01813140   0.03251452   0.05764010   0.10017882   0.16851959   0.26957265   0.40205329   0.55079666   0.69134208   0.80408736   0.88323768   0.93374416   0.96403649   0.98153414   0.99142229   0.99694114   1.00000000
2019 male Trawl_Bycatch    1.00000000   1.00000000   1.00000000   1.00000000   1.00000000   1.00000000   1.00000000   1.00000000   1.00000000   1.00000000   1.00000000   1.00000000   1.00000000   1.00000000   1.00000000   1.00000000   1.00000000
2020 male Pot_Fishery    0.01813140   0.03251452   0.05764010   0.10017882   0.16851959   0.26957265   0.40205329   0.55079666   0.69134208   0.80408736   0.88323768   0.93374416   0.96403649   0.98153414   0.99142229   0.99694114   1.00000000
2020 male Trawl_Bycatch    1.00000000   1.00000000   1.00000000   1.00000000   1.00000000   1.00000000   1.00000000   1.00000000   1.00000000   1.00000000   1.00000000   1.00000000   1.00000000   1.00000000   1.00000000   1.00000000   1.00000000
2021 male Pot_Fishery    0.01813140   0.03251452   0.05764010   0.10017882   0.16851959   0.26957265   0.40205329   0.55079666   0.69134208   0.80408736   0.88323768   0.93374416   0.96403649   0.98153414   0.99142229   0.99694114   1.00000000
2021 male Trawl_Bycatch    1.00000000   1.00000000   1.00000000   1.00000000   1.00000000   1.00000000   1.00000000   1.00000000   1.00000000   1.00000000   1.00000000   1.00000000   1.00000000   1.00000000   1.00000000   1.00000000   1.00000000
2022 male Pot_Fishery    1.00000000   1.00000000   1.00000000   1.00000000   1.00000000   1.00000000   1.00000000   1.00000000   1.00000000   1.00000000   1.00000000   1.00000000   1.00000000   1.00000000   1.00000000   1.00000000   1.00000000
2022 male Trawl_Bycatch    1.00000000   1.00000000   1.00000000   1.00000000   1.00000000   1.00000000   1.00000000   1.00000000   1.00000000   1.00000000   1.00000000   1.00000000   1.00000000   1.00000000   1.00000000   1.00000000   1.00000000
#slx_retaind
#Year Sex Fleet Retention
1960 male Pot_Fishery    0.00000025   0.00000245   0.00002371   0.00022907   0.00220914   0.02094670   0.17132423   0.66642528   0.95075169   0.99466727   0.99944460   0.99994160   0.99999306   0.99999839   0.99999894   0.99999899   0.99999900
1960 male Trawl_Bycatch    0.00000000   0.00000000   0.00000000   0.00000000   0.00000000   0.00000000   0.00000000   0.00000000   0.00000000   0.00000000   0.00000000   0.00000000   0.00000000   0.00000000   0.00000000   0.00000000   0.00000000
1961 male Pot_Fishery    0.00000025   0.00000245   0.00002371   0.00022907   0.00220915   0.02094672   0.17132441   0.66642594   0.95075264   0.99466826   0.99944560   0.99994260   0.99999406   0.99999939   0.99999994   0.99999999   1.00000000
1961 male Trawl_Bycatch    0.00000000   0.00000000   0.00000000   0.00000000   0.00000000   0.00000000   0.00000000   0.00000000   0.00000000   0.00000000   0.00000000   0.00000000   0.00000000   0.00000000   0.00000000   0.00000000   0.00000000
1962 male Pot_Fishery    0.00000025   0.00000245   0.00002371   0.00022907   0.00220915   0.02094672   0.17132441   0.66642594   0.95075264   0.99466826   0.99944560   0.99994260   0.99999406   0.99999939   0.99999994   0.99999999   1.00000000
1962 male Trawl_Bycatch    0.00000000   0.00000000   0.00000000   0.00000000   0.00000000   0.00000000   0.00000000   0.00000000   0.00000000   0.00000000   0.00000000   0.00000000   0.00000000   0.00000000   0.00000000   0.00000000   0.00000000
1963 male Pot_Fishery    0.00000025   0.00000245   0.00002371   0.00022907   0.00220915   0.02094672   0.17132441   0.66642594   0.95075264   0.99466826   0.99944560   0.99994260   0.99999406   0.99999939   0.99999994   0.99999999   1.00000000
1963 male Trawl_Bycatch    0.00000000   0.00000000   0.00000000   0.00000000   0.00000000   0.00000000   0.00000000   0.00000000   0.00000000   0.00000000   0.00000000   0.00000000   0.00000000   0.00000000   0.00000000   0.00000000   0.00000000
1964 male Pot_Fishery    0.00000025   0.00000245   0.00002371   0.00022907   0.00220915   0.02094672   0.17132441   0.66642594   0.95075264   0.99466826   0.99944560   0.99994260   0.99999406   0.99999939   0.99999994   0.99999999   1.00000000
1964 male Trawl_Bycatch    0.00000000   0.00000000   0.00000000   0.00000000   0.00000000   0.00000000   0.00000000   0.00000000   0.00000000   0.00000000   0.00000000   0.00000000   0.00000000   0.00000000   0.00000000   0.00000000   0.00000000
1965 male Pot_Fishery    0.00000025   0.00000245   0.00002371   0.00022907   0.00220915   0.02094672   0.17132441   0.66642594   0.95075264   0.99466826   0.99944560   0.99994260   0.99999406   0.99999939   0.99999994   0.99999999   1.00000000
1965 male Trawl_Bycatch    0.00000000   0.00000000   0.00000000   0.00000000   0.00000000   0.00000000   0.00000000   0.00000000   0.00000000   0.00000000   0.00000000   0.00000000   0.00000000   0.00000000   0.00000000   0.00000000   0.00000000
1966 male Pot_Fishery    0.00000025   0.00000245   0.00002371   0.00022907   0.00220915   0.02094672   0.17132441   0.66642594   0.95075264   0.99466826   0.99944560   0.99994260   0.99999406   0.99999939   0.99999994   0.99999999   1.00000000
1966 male Trawl_Bycatch    0.00000000   0.00000000   0.00000000   0.00000000   0.00000000   0.00000000   0.00000000   0.00000000   0.00000000   0.00000000   0.00000000   0.00000000   0.00000000   0.00000000   0.00000000   0.00000000   0.00000000
1967 male Pot_Fishery    0.00000025   0.00000245   0.00002371   0.00022907   0.00220915   0.02094672   0.17132441   0.66642594   0.95075264   0.99466826   0.99944560   0.99994260   0.99999406   0.99999939   0.99999994   0.99999999   1.00000000
1967 male Trawl_Bycatch    0.00000000   0.00000000   0.00000000   0.00000000   0.00000000   0.00000000   0.00000000   0.00000000   0.00000000   0.00000000   0.00000000   0.00000000   0.00000000   0.00000000   0.00000000   0.00000000   0.00000000
1968 male Pot_Fishery    0.00000025   0.00000245   0.00002371   0.00022907   0.00220915   0.02094672   0.17132441   0.66642594   0.95075264   0.99466826   0.99944560   0.99994260   0.99999406   0.99999939   0.99999994   0.99999999   1.00000000
1968 male Trawl_Bycatch    0.00000000   0.00000000   0.00000000   0.00000000   0.00000000   0.00000000   0.00000000   0.00000000   0.00000000   0.00000000   0.00000000   0.00000000   0.00000000   0.00000000   0.00000000   0.00000000   0.00000000
1969 male Pot_Fishery    0.00000025   0.00000245   0.00002371   0.00022907   0.00220915   0.02094672   0.17132441   0.66642594   0.95075264   0.99466826   0.99944560   0.99994260   0.99999406   0.99999939   0.99999994   0.99999999   1.00000000
1969 male Trawl_Bycatch    0.00000000   0.00000000   0.00000000   0.00000000   0.00000000   0.00000000   0.00000000   0.00000000   0.00000000   0.00000000   0.00000000   0.00000000   0.00000000   0.00000000   0.00000000   0.00000000   0.00000000
1970 male Pot_Fishery    0.00000025   0.00000245   0.00002371   0.00022907   0.00220915   0.02094672   0.17132441   0.66642594   0.95075264   0.99466826   0.99944560   0.99994260   0.99999406   0.99999939   0.99999994   0.99999999   1.00000000
1970 male Trawl_Bycatch    0.00000000   0.00000000   0.00000000   0.00000000   0.00000000   0.00000000   0.00000000   0.00000000   0.00000000   0.00000000   0.00000000   0.00000000   0.00000000   0.00000000   0.00000000   0.00000000   0.00000000
1971 male Pot_Fishery    0.00000025   0.00000245   0.00002371   0.00022907   0.00220915   0.02094672   0.17132441   0.66642594   0.95075264   0.99466826   0.99944560   0.99994260   0.99999406   0.99999939   0.99999994   0.99999999   1.00000000
1971 male Trawl_Bycatch    0.00000000   0.00000000   0.00000000   0.00000000   0.00000000   0.00000000   0.00000000   0.00000000   0.00000000   0.00000000   0.00000000   0.00000000   0.00000000   0.00000000   0.00000000   0.00000000   0.00000000
1972 male Pot_Fishery    0.00000025   0.00000245   0.00002371   0.00022907   0.00220915   0.02094672   0.17132441   0.66642594   0.95075264   0.99466826   0.99944560   0.99994260   0.99999406   0.99999939   0.99999994   0.99999999   1.00000000
1972 male Trawl_Bycatch    0.00000000   0.00000000   0.00000000   0.00000000   0.00000000   0.00000000   0.00000000   0.00000000   0.00000000   0.00000000   0.00000000   0.00000000   0.00000000   0.00000000   0.00000000   0.00000000   0.00000000
1973 male Pot_Fishery    0.00000025   0.00000245   0.00002371   0.00022907   0.00220915   0.02094672   0.17132441   0.66642594   0.95075264   0.99466826   0.99944560   0.99994260   0.99999406   0.99999939   0.99999994   0.99999999   1.00000000
1973 male Trawl_Bycatch    0.00000000   0.00000000   0.00000000   0.00000000   0.00000000   0.00000000   0.00000000   0.00000000   0.00000000   0.00000000   0.00000000   0.00000000   0.00000000   0.00000000   0.00000000   0.00000000   0.00000000
1974 male Pot_Fishery    0.00000025   0.00000245   0.00002371   0.00022907   0.00220915   0.02094672   0.17132441   0.66642594   0.95075264   0.99466826   0.99944560   0.99994260   0.99999406   0.99999939   0.99999994   0.99999999   1.00000000
1974 male Trawl_Bycatch    0.00000000   0.00000000   0.00000000   0.00000000   0.00000000   0.00000000   0.00000000   0.00000000   0.00000000   0.00000000   0.00000000   0.00000000   0.00000000   0.00000000   0.00000000   0.00000000   0.00000000
1975 male Pot_Fishery    0.00000025   0.00000245   0.00002371   0.00022907   0.00220915   0.02094672   0.17132441   0.66642594   0.95075264   0.99466826   0.99944560   0.99994260   0.99999406   0.99999939   0.99999994   0.99999999   1.00000000
1975 male Trawl_Bycatch    0.00000000   0.00000000   0.00000000   0.00000000   0.00000000   0.00000000   0.00000000   0.00000000   0.00000000   0.00000000   0.00000000   0.00000000   0.00000000   0.00000000   0.00000000   0.00000000   0.00000000
1976 male Pot_Fishery    0.00000025   0.00000245   0.00002371   0.00022907   0.00220915   0.02094672   0.17132441   0.66642594   0.95075264   0.99466826   0.99944560   0.99994260   0.99999406   0.99999939   0.99999994   0.99999999   1.00000000
1976 male Trawl_Bycatch    0.00000000   0.00000000   0.00000000   0.00000000   0.00000000   0.00000000   0.00000000   0.00000000   0.00000000   0.00000000   0.00000000   0.00000000   0.00000000   0.00000000   0.00000000   0.00000000   0.00000000
1977 male Pot_Fishery    0.00000025   0.00000245   0.00002371   0.00022907   0.00220915   0.02094672   0.17132441   0.66642594   0.95075264   0.99466826   0.99944560   0.99994260   0.99999406   0.99999939   0.99999994   0.99999999   1.00000000
1977 male Trawl_Bycatch    0.00000000   0.00000000   0.00000000   0.00000000   0.00000000   0.00000000   0.00000000   0.00000000   0.00000000   0.00000000   0.00000000   0.00000000   0.00000000   0.00000000   0.00000000   0.00000000   0.00000000
1978 male Pot_Fishery    0.00000025   0.00000245   0.00002371   0.00022907   0.00220915   0.02094672   0.17132441   0.66642594   0.95075264   0.99466826   0.99944560   0.99994260   0.99999406   0.99999939   0.99999994   0.99999999   1.00000000
1978 male Trawl_Bycatch    0.00000000   0.00000000   0.00000000   0.00000000   0.00000000   0.00000000   0.00000000   0.00000000   0.00000000   0.00000000   0.00000000   0.00000000   0.00000000   0.00000000   0.00000000   0.00000000   0.00000000
1979 male Pot_Fishery    0.00000025   0.00000245   0.00002371   0.00022907   0.00220915   0.02094672   0.17132441   0.66642594   0.95075264   0.99466826   0.99944560   0.99994260   0.99999406   0.99999939   0.99999994   0.99999999   1.00000000
1979 male Trawl_Bycatch    0.00000000   0.00000000   0.00000000   0.00000000   0.00000000   0.00000000   0.00000000   0.00000000   0.00000000   0.00000000   0.00000000   0.00000000   0.00000000   0.00000000   0.00000000   0.00000000   0.00000000
1980 male Pot_Fishery    0.00000025   0.00000245   0.00002371   0.00022907   0.00220915   0.02094672   0.17132441   0.66642594   0.95075264   0.99466826   0.99944560   0.99994260   0.99999406   0.99999939   0.99999994   0.99999999   1.00000000
1980 male Trawl_Bycatch    0.00000000   0.00000000   0.00000000   0.00000000   0.00000000   0.00000000   0.00000000   0.00000000   0.00000000   0.00000000   0.00000000   0.00000000   0.00000000   0.00000000   0.00000000   0.00000000   0.00000000
1981 male Pot_Fishery    0.00000025   0.00000245   0.00002371   0.00022907   0.00220915   0.02094672   0.17132441   0.66642594   0.95075264   0.99466826   0.99944560   0.99994260   0.99999406   0.99999939   0.99999994   0.99999999   1.00000000
1981 male Trawl_Bycatch    0.00000000   0.00000000   0.00000000   0.00000000   0.00000000   0.00000000   0.00000000   0.00000000   0.00000000   0.00000000   0.00000000   0.00000000   0.00000000   0.00000000   0.00000000   0.00000000   0.00000000
1982 male Pot_Fishery    0.00000025   0.00000245   0.00002371   0.00022907   0.00220915   0.02094672   0.17132441   0.66642594   0.95075264   0.99466826   0.99944560   0.99994260   0.99999406   0.99999939   0.99999994   0.99999999   1.00000000
1982 male Trawl_Bycatch    0.00000000   0.00000000   0.00000000   0.00000000   0.00000000   0.00000000   0.00000000   0.00000000   0.00000000   0.00000000   0.00000000   0.00000000   0.00000000   0.00000000   0.00000000   0.00000000   0.00000000
1983 male Pot_Fishery    0.00000025   0.00000245   0.00002371   0.00022907   0.00220915   0.02094672   0.17132441   0.66642594   0.95075264   0.99466826   0.99944560   0.99994260   0.99999406   0.99999939   0.99999994   0.99999999   1.00000000
1983 male Trawl_Bycatch    0.00000000   0.00000000   0.00000000   0.00000000   0.00000000   0.00000000   0.00000000   0.00000000   0.00000000   0.00000000   0.00000000   0.00000000   0.00000000   0.00000000   0.00000000   0.00000000   0.00000000
1984 male Pot_Fishery    0.00000025   0.00000245   0.00002371   0.00022907   0.00220915   0.02094672   0.17132441   0.66642594   0.95075264   0.99466826   0.99944560   0.99994260   0.99999406   0.99999939   0.99999994   0.99999999   1.00000000
1984 male Trawl_Bycatch    0.00000000   0.00000000   0.00000000   0.00000000   0.00000000   0.00000000   0.00000000   0.00000000   0.00000000   0.00000000   0.00000000   0.00000000   0.00000000   0.00000000   0.00000000   0.00000000   0.00000000
1985 male Pot_Fishery    0.00000025   0.00000245   0.00002371   0.00022907   0.00220915   0.02094672   0.17132441   0.66642594   0.95075264   0.99466826   0.99944560   0.99994260   0.99999406   0.99999939   0.99999994   0.99999999   1.00000000
1985 male Trawl_Bycatch    0.00000000   0.00000000   0.00000000   0.00000000   0.00000000   0.00000000   0.00000000   0.00000000   0.00000000   0.00000000   0.00000000   0.00000000   0.00000000   0.00000000   0.00000000   0.00000000   0.00000000
1986 male Pot_Fishery    0.00000025   0.00000245   0.00002371   0.00022907   0.00220915   0.02094672   0.17132441   0.66642594   0.95075264   0.99466826   0.99944560   0.99994260   0.99999406   0.99999939   0.99999994   0.99999999   1.00000000
1986 male Trawl_Bycatch    0.00000000   0.00000000   0.00000000   0.00000000   0.00000000   0.00000000   0.00000000   0.00000000   0.00000000   0.00000000   0.00000000   0.00000000   0.00000000   0.00000000   0.00000000   0.00000000   0.00000000
1987 male Pot_Fishery    0.00000025   0.00000245   0.00002371   0.00022907   0.00220915   0.02094672   0.17132441   0.66642594   0.95075264   0.99466826   0.99944560   0.99994260   0.99999406   0.99999939   0.99999994   0.99999999   1.00000000
1987 male Trawl_Bycatch    0.00000000   0.00000000   0.00000000   0.00000000   0.00000000   0.00000000   0.00000000   0.00000000   0.00000000   0.00000000   0.00000000   0.00000000   0.00000000   0.00000000   0.00000000   0.00000000   0.00000000
1988 male Pot_Fishery    0.00000025   0.00000245   0.00002371   0.00022907   0.00220915   0.02094672   0.17132441   0.66642594   0.95075264   0.99466826   0.99944560   0.99994260   0.99999406   0.99999939   0.99999994   0.99999999   1.00000000
1988 male Trawl_Bycatch    0.00000000   0.00000000   0.00000000   0.00000000   0.00000000   0.00000000   0.00000000   0.00000000   0.00000000   0.00000000   0.00000000   0.00000000   0.00000000   0.00000000   0.00000000   0.00000000   0.00000000
1989 male Pot_Fishery    0.00000025   0.00000245   0.00002371   0.00022907   0.00220915   0.02094672   0.17132441   0.66642594   0.95075264   0.99466826   0.99944560   0.99994260   0.99999406   0.99999939   0.99999994   0.99999999   1.00000000
1989 male Trawl_Bycatch    0.00000000   0.00000000   0.00000000   0.00000000   0.00000000   0.00000000   0.00000000   0.00000000   0.00000000   0.00000000   0.00000000   0.00000000   0.00000000   0.00000000   0.00000000   0.00000000   0.00000000
1990 male Pot_Fishery    0.00000025   0.00000245   0.00002371   0.00022907   0.00220915   0.02094672   0.17132441   0.66642594   0.95075264   0.99466826   0.99944560   0.99994260   0.99999406   0.99999939   0.99999994   0.99999999   1.00000000
1990 male Trawl_Bycatch    0.00000000   0.00000000   0.00000000   0.00000000   0.00000000   0.00000000   0.00000000   0.00000000   0.00000000   0.00000000   0.00000000   0.00000000   0.00000000   0.00000000   0.00000000   0.00000000   0.00000000
1991 male Pot_Fishery    0.00000025   0.00000245   0.00002371   0.00022907   0.00220915   0.02094672   0.17132441   0.66642594   0.95075264   0.99466826   0.99944560   0.99994260   0.99999406   0.99999939   0.99999994   0.99999999   1.00000000
1991 male Trawl_Bycatch    0.00000000   0.00000000   0.00000000   0.00000000   0.00000000   0.00000000   0.00000000   0.00000000   0.00000000   0.00000000   0.00000000   0.00000000   0.00000000   0.00000000   0.00000000   0.00000000   0.00000000
1992 male Pot_Fishery    0.00000025   0.00000245   0.00002371   0.00022907   0.00220915   0.02094672   0.17132441   0.66642594   0.95075264   0.99466826   0.99944560   0.99994260   0.99999406   0.99999939   0.99999994   0.99999999   1.00000000
1992 male Trawl_Bycatch    0.00000000   0.00000000   0.00000000   0.00000000   0.00000000   0.00000000   0.00000000   0.00000000   0.00000000   0.00000000   0.00000000   0.00000000   0.00000000   0.00000000   0.00000000   0.00000000   0.00000000
1993 male Pot_Fishery    0.00000025   0.00000245   0.00002371   0.00022907   0.00220915   0.02094672   0.17132441   0.66642594   0.95075264   0.99466826   0.99944560   0.99994260   0.99999406   0.99999939   0.99999994   0.99999999   1.00000000
1993 male Trawl_Bycatch    0.00000000   0.00000000   0.00000000   0.00000000   0.00000000   0.00000000   0.00000000   0.00000000   0.00000000   0.00000000   0.00000000   0.00000000   0.00000000   0.00000000   0.00000000   0.00000000   0.00000000
1994 male Pot_Fishery    0.00000025   0.00000245   0.00002371   0.00022907   0.00220915   0.02094672   0.17132441   0.66642594   0.95075264   0.99466826   0.99944560   0.99994260   0.99999406   0.99999939   0.99999994   0.99999999   1.00000000
1994 male Trawl_Bycatch    0.00000000   0.00000000   0.00000000   0.00000000   0.00000000   0.00000000   0.00000000   0.00000000   0.00000000   0.00000000   0.00000000   0.00000000   0.00000000   0.00000000   0.00000000   0.00000000   0.00000000
1995 male Pot_Fishery    0.00000025   0.00000245   0.00002371   0.00022907   0.00220915   0.02094672   0.17132441   0.66642594   0.95075264   0.99466826   0.99944560   0.99994260   0.99999406   0.99999939   0.99999994   0.99999999   1.00000000
1995 male Trawl_Bycatch    0.00000000   0.00000000   0.00000000   0.00000000   0.00000000   0.00000000   0.00000000   0.00000000   0.00000000   0.00000000   0.00000000   0.00000000   0.00000000   0.00000000   0.00000000   0.00000000   0.00000000
1996 male Pot_Fishery    0.00000025   0.00000245   0.00002371   0.00022907   0.00220915   0.02094672   0.17132441   0.66642594   0.95075264   0.99466826   0.99944560   0.99994260   0.99999406   0.99999939   0.99999994   0.99999999   1.00000000
1996 male Trawl_Bycatch    0.00000000   0.00000000   0.00000000   0.00000000   0.00000000   0.00000000   0.00000000   0.00000000   0.00000000   0.00000000   0.00000000   0.00000000   0.00000000   0.00000000   0.00000000   0.00000000   0.00000000
1997 male Pot_Fishery    0.00000025   0.00000245   0.00002371   0.00022907   0.00220915   0.02094672   0.17132441   0.66642594   0.95075264   0.99466826   0.99944560   0.99994260   0.99999406   0.99999939   0.99999994   0.99999999   1.00000000
1997 male Trawl_Bycatch    0.00000000   0.00000000   0.00000000   0.00000000   0.00000000   0.00000000   0.00000000   0.00000000   0.00000000   0.00000000   0.00000000   0.00000000   0.00000000   0.00000000   0.00000000   0.00000000   0.00000000
1998 male Pot_Fishery    0.00000025   0.00000245   0.00002371   0.00022907   0.00220915   0.02094672   0.17132441   0.66642594   0.95075264   0.99466826   0.99944560   0.99994260   0.99999406   0.99999939   0.99999994   0.99999999   1.00000000
1998 male Trawl_Bycatch    0.00000000   0.00000000   0.00000000   0.00000000   0.00000000   0.00000000   0.00000000   0.00000000   0.00000000   0.00000000   0.00000000   0.00000000   0.00000000   0.00000000   0.00000000   0.00000000   0.00000000
1999 male Pot_Fishery    0.00000025   0.00000245   0.00002371   0.00022907   0.00220915   0.02094672   0.17132441   0.66642594   0.95075264   0.99466826   0.99944560   0.99994260   0.99999406   0.99999939   0.99999994   0.99999999   1.00000000
1999 male Trawl_Bycatch    0.00000000   0.00000000   0.00000000   0.00000000   0.00000000   0.00000000   0.00000000   0.00000000   0.00000000   0.00000000   0.00000000   0.00000000   0.00000000   0.00000000   0.00000000   0.00000000   0.00000000
2000 male Pot_Fishery    0.00000025   0.00000245   0.00002371   0.00022907   0.00220915   0.02094672   0.17132441   0.66642594   0.95075264   0.99466826   0.99944560   0.99994260   0.99999406   0.99999939   0.99999994   0.99999999   1.00000000
2000 male Trawl_Bycatch    0.00000000   0.00000000   0.00000000   0.00000000   0.00000000   0.00000000   0.00000000   0.00000000   0.00000000   0.00000000   0.00000000   0.00000000   0.00000000   0.00000000   0.00000000   0.00000000   0.00000000
2001 male Pot_Fishery    0.00000025   0.00000245   0.00002371   0.00022907   0.00220915   0.02094672   0.17132441   0.66642594   0.95075264   0.99466826   0.99944560   0.99994260   0.99999406   0.99999939   0.99999994   0.99999999   1.00000000
2001 male Trawl_Bycatch    0.00000000   0.00000000   0.00000000   0.00000000   0.00000000   0.00000000   0.00000000   0.00000000   0.00000000   0.00000000   0.00000000   0.00000000   0.00000000   0.00000000   0.00000000   0.00000000   0.00000000
2002 male Pot_Fishery    0.00000025   0.00000245   0.00002371   0.00022907   0.00220915   0.02094672   0.17132441   0.66642594   0.95075264   0.99466826   0.99944560   0.99994260   0.99999406   0.99999939   0.99999994   0.99999999   1.00000000
2002 male Trawl_Bycatch    0.00000000   0.00000000   0.00000000   0.00000000   0.00000000   0.00000000   0.00000000   0.00000000   0.00000000   0.00000000   0.00000000   0.00000000   0.00000000   0.00000000   0.00000000   0.00000000   0.00000000
2003 male Pot_Fishery    0.00000025   0.00000245   0.00002371   0.00022907   0.00220915   0.02094672   0.17132441   0.66642594   0.95075264   0.99466826   0.99944560   0.99994260   0.99999406   0.99999939   0.99999994   0.99999999   1.00000000
2003 male Trawl_Bycatch    0.00000000   0.00000000   0.00000000   0.00000000   0.00000000   0.00000000   0.00000000   0.00000000   0.00000000   0.00000000   0.00000000   0.00000000   0.00000000   0.00000000   0.00000000   0.00000000   0.00000000
2004 male Pot_Fishery    0.00000025   0.00000245   0.00002371   0.00022907   0.00220915   0.02094672   0.17132441   0.66642594   0.95075264   0.99466826   0.99944560   0.99994260   0.99999406   0.99999939   0.99999994   0.99999999   1.00000000
2004 male Trawl_Bycatch    0.00000000   0.00000000   0.00000000   0.00000000   0.00000000   0.00000000   0.00000000   0.00000000   0.00000000   0.00000000   0.00000000   0.00000000   0.00000000   0.00000000   0.00000000   0.00000000   0.00000000
2005 male Pot_Fishery    0.00000025   0.00000245   0.00002371   0.00022907   0.00220915   0.02094672   0.17132441   0.66642594   0.95075264   0.99466826   0.99944560   0.99994260   0.99999406   0.99999939   0.99999994   0.99999999   1.00000000
2005 male Trawl_Bycatch    0.00000000   0.00000000   0.00000000   0.00000000   0.00000000   0.00000000   0.00000000   0.00000000   0.00000000   0.00000000   0.00000000   0.00000000   0.00000000   0.00000000   0.00000000   0.00000000   0.00000000
2006 male Pot_Fishery    0.00000025   0.00000245   0.00002371   0.00022907   0.00220915   0.02094672   0.17132441   0.66642594   0.95075264   0.99466826   0.99944560   0.99994260   0.99999406   0.99999939   0.99999994   0.99999999   1.00000000
2006 male Trawl_Bycatch    0.00000000   0.00000000   0.00000000   0.00000000   0.00000000   0.00000000   0.00000000   0.00000000   0.00000000   0.00000000   0.00000000   0.00000000   0.00000000   0.00000000   0.00000000   0.00000000   0.00000000
2007 male Pot_Fishery    0.00000025   0.00000245   0.00002371   0.00022907   0.00220915   0.02094672   0.17132441   0.66642594   0.95075264   0.99466826   0.99944560   0.99994260   0.99999406   0.99999939   0.99999994   0.99999999   1.00000000
2007 male Trawl_Bycatch    0.00000000   0.00000000   0.00000000   0.00000000   0.00000000   0.00000000   0.00000000   0.00000000   0.00000000   0.00000000   0.00000000   0.00000000   0.00000000   0.00000000   0.00000000   0.00000000   0.00000000
2008 male Pot_Fishery    0.00000025   0.00000245   0.00002371   0.00022907   0.00220915   0.02094672   0.17132441   0.66642594   0.95075264   0.99466826   0.99944560   0.99994260   0.99999406   0.99999939   0.99999994   0.99999999   1.00000000
2008 male Trawl_Bycatch    0.00000000   0.00000000   0.00000000   0.00000000   0.00000000   0.00000000   0.00000000   0.00000000   0.00000000   0.00000000   0.00000000   0.00000000   0.00000000   0.00000000   0.00000000   0.00000000   0.00000000
2009 male Pot_Fishery    0.00000025   0.00000245   0.00002371   0.00022907   0.00220915   0.02094672   0.17132441   0.66642594   0.95075264   0.99466826   0.99944560   0.99994260   0.99999406   0.99999939   0.99999994   0.99999999   1.00000000
2009 male Trawl_Bycatch    0.00000000   0.00000000   0.00000000   0.00000000   0.00000000   0.00000000   0.00000000   0.00000000   0.00000000   0.00000000   0.00000000   0.00000000   0.00000000   0.00000000   0.00000000   0.00000000   0.00000000
2010 male Pot_Fishery    0.00000025   0.00000245   0.00002371   0.00022907   0.00220915   0.02094672   0.17132441   0.66642594   0.95075264   0.99466826   0.99944560   0.99994260   0.99999406   0.99999939   0.99999994   0.99999999   1.00000000
2010 male Trawl_Bycatch    0.00000000   0.00000000   0.00000000   0.00000000   0.00000000   0.00000000   0.00000000   0.00000000   0.00000000   0.00000000   0.00000000   0.00000000   0.00000000   0.00000000   0.00000000   0.00000000   0.00000000
2011 male Pot_Fishery    0.00000025   0.00000245   0.00002371   0.00022907   0.00220915   0.02094672   0.17132441   0.66642594   0.95075264   0.99466826   0.99944560   0.99994260   0.99999406   0.99999939   0.99999994   0.99999999   1.00000000
2011 male Trawl_Bycatch    0.00000000   0.00000000   0.00000000   0.00000000   0.00000000   0.00000000   0.00000000   0.00000000   0.00000000   0.00000000   0.00000000   0.00000000   0.00000000   0.00000000   0.00000000   0.00000000   0.00000000
2012 male Pot_Fishery    0.00000025   0.00000245   0.00002371   0.00022907   0.00220915   0.02094672   0.17132441   0.66642594   0.95075264   0.99466826   0.99944560   0.99994260   0.99999406   0.99999939   0.99999994   0.99999999   1.00000000
2012 male Trawl_Bycatch    0.00000000   0.00000000   0.00000000   0.00000000   0.00000000   0.00000000   0.00000000   0.00000000   0.00000000   0.00000000   0.00000000   0.00000000   0.00000000   0.00000000   0.00000000   0.00000000   0.00000000
2013 male Pot_Fishery    0.00000025   0.00000245   0.00002371   0.00022907   0.00220915   0.02094672   0.17132441   0.66642594   0.95075264   0.99466826   0.99944560   0.99994260   0.99999406   0.99999939   0.99999994   0.99999999   1.00000000
2013 male Trawl_Bycatch    0.00000000   0.00000000   0.00000000   0.00000000   0.00000000   0.00000000   0.00000000   0.00000000   0.00000000   0.00000000   0.00000000   0.00000000   0.00000000   0.00000000   0.00000000   0.00000000   0.00000000
2014 male Pot_Fishery    0.00000025   0.00000245   0.00002371   0.00022907   0.00220915   0.02094672   0.17132441   0.66642594   0.95075264   0.99466826   0.99944560   0.99994260   0.99999406   0.99999939   0.99999994   0.99999999   1.00000000
2014 male Trawl_Bycatch    0.00000000   0.00000000   0.00000000   0.00000000   0.00000000   0.00000000   0.00000000   0.00000000   0.00000000   0.00000000   0.00000000   0.00000000   0.00000000   0.00000000   0.00000000   0.00000000   0.00000000
2015 male Pot_Fishery    0.00000025   0.00000245   0.00002371   0.00022907   0.00220915   0.02094672   0.17132441   0.66642594   0.95075264   0.99466826   0.99944560   0.99994260   0.99999406   0.99999939   0.99999994   0.99999999   1.00000000
2015 male Trawl_Bycatch    0.00000000   0.00000000   0.00000000   0.00000000   0.00000000   0.00000000   0.00000000   0.00000000   0.00000000   0.00000000   0.00000000   0.00000000   0.00000000   0.00000000   0.00000000   0.00000000   0.00000000
2016 male Pot_Fishery    0.00000025   0.00000245   0.00002371   0.00022907   0.00220915   0.02094672   0.17132441   0.66642594   0.95075264   0.99466826   0.99944560   0.99994260   0.99999406   0.99999939   0.99999994   0.99999999   1.00000000
2016 male Trawl_Bycatch    0.00000000   0.00000000   0.00000000   0.00000000   0.00000000   0.00000000   0.00000000   0.00000000   0.00000000   0.00000000   0.00000000   0.00000000   0.00000000   0.00000000   0.00000000   0.00000000   0.00000000
2017 male Pot_Fishery    0.00000025   0.00000245   0.00002371   0.00022907   0.00220915   0.02094672   0.17132441   0.66642594   0.95075264   0.99466826   0.99944560   0.99994260   0.99999406   0.99999939   0.99999994   0.99999999   1.00000000
2017 male Trawl_Bycatch    0.00000000   0.00000000   0.00000000   0.00000000   0.00000000   0.00000000   0.00000000   0.00000000   0.00000000   0.00000000   0.00000000   0.00000000   0.00000000   0.00000000   0.00000000   0.00000000   0.00000000
2018 male Pot_Fishery    0.00000025   0.00000245   0.00002371   0.00022907   0.00220915   0.02094672   0.17132441   0.66642594   0.95075264   0.99466826   0.99944560   0.99994260   0.99999406   0.99999939   0.99999994   0.99999999   1.00000000
2018 male Trawl_Bycatch    0.00000000   0.00000000   0.00000000   0.00000000   0.00000000   0.00000000   0.00000000   0.00000000   0.00000000   0.00000000   0.00000000   0.00000000   0.00000000   0.00000000   0.00000000   0.00000000   0.00000000
2019 male Pot_Fishery    0.00000025   0.00000245   0.00002371   0.00022907   0.00220915   0.02094672   0.17132441   0.66642594   0.95075264   0.99466826   0.99944560   0.99994260   0.99999406   0.99999939   0.99999994   0.99999999   1.00000000
2019 male Trawl_Bycatch    0.00000000   0.00000000   0.00000000   0.00000000   0.00000000   0.00000000   0.00000000   0.00000000   0.00000000   0.00000000   0.00000000   0.00000000   0.00000000   0.00000000   0.00000000   0.00000000   0.00000000
2020 male Pot_Fishery    0.00000025   0.00000245   0.00002371   0.00022907   0.00220915   0.02094672   0.17132441   0.66642594   0.95075264   0.99466826   0.99944560   0.99994260   0.99999406   0.99999939   0.99999994   0.99999999   1.00000000
2020 male Trawl_Bycatch    0.00000000   0.00000000   0.00000000   0.00000000   0.00000000   0.00000000   0.00000000   0.00000000   0.00000000   0.00000000   0.00000000   0.00000000   0.00000000   0.00000000   0.00000000   0.00000000   0.00000000
2021 male Pot_Fishery    0.00000025   0.00000245   0.00002371   0.00022907   0.00220915   0.02094672   0.17132441   0.66642594   0.95075264   0.99466826   0.99944560   0.99994260   0.99999406   0.99999939   0.99999994   0.99999999   1.00000000
2021 male Trawl_Bycatch    0.00000000   0.00000000   0.00000000   0.00000000   0.00000000   0.00000000   0.00000000   0.00000000   0.00000000   0.00000000   0.00000000   0.00000000   0.00000000   0.00000000   0.00000000   0.00000000   0.00000000
2022 male Pot_Fishery    1.00000000   1.00000000   1.00000000   1.00000000   1.00000000   1.00000000   1.00000000   1.00000000   1.00000000   1.00000000   1.00000000   1.00000000   1.00000000   1.00000000   1.00000000   1.00000000   1.00000000
2022 male Trawl_Bycatch    1.00000000   1.00000000   1.00000000   1.00000000   1.00000000   1.00000000   1.00000000   1.00000000   1.00000000   1.00000000   1.00000000   1.00000000   1.00000000   1.00000000   1.00000000   1.00000000   1.00000000
#slx_discard
#Year Sex Fleet Discard
1960 male Pot_Fishery    0.99999976   0.99999756   0.99997630   0.99977094   0.99779087   0.97905331   0.82867578   0.33357473   0.04924832   0.00533274   0.00055541   0.00005841   0.00000695   0.00000162   0.00000107   0.00000102   0.00000101
1960 male Trawl_Bycatch    1.00000001   1.00000001   1.00000001   1.00000001   1.00000001   1.00000001   1.00000001   1.00000001   1.00000001   1.00000001   1.00000001   1.00000001   1.00000001   1.00000001   1.00000001   1.00000001   1.00000001
1961 male Pot_Fishery    0.99999976   0.99999756   0.99997630   0.99977094   0.99779086   0.97905329   0.82867560   0.33357407   0.04924737   0.00533175   0.00055441   0.00005741   0.00000595   0.00000062   0.00000007   0.00000002   0.00000001
1961 male Trawl_Bycatch    1.00000001   1.00000001   1.00000001   1.00000001   1.00000001   1.00000001   1.00000001   1.00000001   1.00000001   1.00000001   1.00000001   1.00000001   1.00000001   1.00000001   1.00000001   1.00000001   1.00000001
1962 male Pot_Fishery    0.99999976   0.99999756   0.99997630   0.99977094   0.99779086   0.97905329   0.82867560   0.33357407   0.04924737   0.00533175   0.00055441   0.00005741   0.00000595   0.00000062   0.00000007   0.00000002   0.00000001
1962 male Trawl_Bycatch    1.00000001   1.00000001   1.00000001   1.00000001   1.00000001   1.00000001   1.00000001   1.00000001   1.00000001   1.00000001   1.00000001   1.00000001   1.00000001   1.00000001   1.00000001   1.00000001   1.00000001
1963 male Pot_Fishery    0.99999976   0.99999756   0.99997630   0.99977094   0.99779086   0.97905329   0.82867560   0.33357407   0.04924737   0.00533175   0.00055441   0.00005741   0.00000595   0.00000062   0.00000007   0.00000002   0.00000001
1963 male Trawl_Bycatch    1.00000001   1.00000001   1.00000001   1.00000001   1.00000001   1.00000001   1.00000001   1.00000001   1.00000001   1.00000001   1.00000001   1.00000001   1.00000001   1.00000001   1.00000001   1.00000001   1.00000001
1964 male Pot_Fishery    0.99999976   0.99999756   0.99997630   0.99977094   0.99779086   0.97905329   0.82867560   0.33357407   0.04924737   0.00533175   0.00055441   0.00005741   0.00000595   0.00000062   0.00000007   0.00000002   0.00000001
1964 male Trawl_Bycatch    1.00000001   1.00000001   1.00000001   1.00000001   1.00000001   1.00000001   1.00000001   1.00000001   1.00000001   1.00000001   1.00000001   1.00000001   1.00000001   1.00000001   1.00000001   1.00000001   1.00000001
1965 male Pot_Fishery    0.99999976   0.99999756   0.99997630   0.99977094   0.99779086   0.97905329   0.82867560   0.33357407   0.04924737   0.00533175   0.00055441   0.00005741   0.00000595   0.00000062   0.00000007   0.00000002   0.00000001
1965 male Trawl_Bycatch    1.00000001   1.00000001   1.00000001   1.00000001   1.00000001   1.00000001   1.00000001   1.00000001   1.00000001   1.00000001   1.00000001   1.00000001   1.00000001   1.00000001   1.00000001   1.00000001   1.00000001
1966 male Pot_Fishery    0.99999976   0.99999756   0.99997630   0.99977094   0.99779086   0.97905329   0.82867560   0.33357407   0.04924737   0.00533175   0.00055441   0.00005741   0.00000595   0.00000062   0.00000007   0.00000002   0.00000001
1966 male Trawl_Bycatch    1.00000001   1.00000001   1.00000001   1.00000001   1.00000001   1.00000001   1.00000001   1.00000001   1.00000001   1.00000001   1.00000001   1.00000001   1.00000001   1.00000001   1.00000001   1.00000001   1.00000001
1967 male Pot_Fishery    0.99999976   0.99999756   0.99997630   0.99977094   0.99779086   0.97905329   0.82867560   0.33357407   0.04924737   0.00533175   0.00055441   0.00005741   0.00000595   0.00000062   0.00000007   0.00000002   0.00000001
1967 male Trawl_Bycatch    1.00000001   1.00000001   1.00000001   1.00000001   1.00000001   1.00000001   1.00000001   1.00000001   1.00000001   1.00000001   1.00000001   1.00000001   1.00000001   1.00000001   1.00000001   1.00000001   1.00000001
1968 male Pot_Fishery    0.99999976   0.99999756   0.99997630   0.99977094   0.99779086   0.97905329   0.82867560   0.33357407   0.04924737   0.00533175   0.00055441   0.00005741   0.00000595   0.00000062   0.00000007   0.00000002   0.00000001
1968 male Trawl_Bycatch    1.00000001   1.00000001   1.00000001   1.00000001   1.00000001   1.00000001   1.00000001   1.00000001   1.00000001   1.00000001   1.00000001   1.00000001   1.00000001   1.00000001   1.00000001   1.00000001   1.00000001
1969 male Pot_Fishery    0.99999976   0.99999756   0.99997630   0.99977094   0.99779086   0.97905329   0.82867560   0.33357407   0.04924737   0.00533175   0.00055441   0.00005741   0.00000595   0.00000062   0.00000007   0.00000002   0.00000001
1969 male Trawl_Bycatch    1.00000001   1.00000001   1.00000001   1.00000001   1.00000001   1.00000001   1.00000001   1.00000001   1.00000001   1.00000001   1.00000001   1.00000001   1.00000001   1.00000001   1.00000001   1.00000001   1.00000001
1970 male Pot_Fishery    0.99999976   0.99999756   0.99997630   0.99977094   0.99779086   0.97905329   0.82867560   0.33357407   0.04924737   0.00533175   0.00055441   0.00005741   0.00000595   0.00000062   0.00000007   0.00000002   0.00000001
1970 male Trawl_Bycatch    1.00000001   1.00000001   1.00000001   1.00000001   1.00000001   1.00000001   1.00000001   1.00000001   1.00000001   1.00000001   1.00000001   1.00000001   1.00000001   1.00000001   1.00000001   1.00000001   1.00000001
1971 male Pot_Fishery    0.99999976   0.99999756   0.99997630   0.99977094   0.99779086   0.97905329   0.82867560   0.33357407   0.04924737   0.00533175   0.00055441   0.00005741   0.00000595   0.00000062   0.00000007   0.00000002   0.00000001
1971 male Trawl_Bycatch    1.00000001   1.00000001   1.00000001   1.00000001   1.00000001   1.00000001   1.00000001   1.00000001   1.00000001   1.00000001   1.00000001   1.00000001   1.00000001   1.00000001   1.00000001   1.00000001   1.00000001
1972 male Pot_Fishery    0.99999976   0.99999756   0.99997630   0.99977094   0.99779086   0.97905329   0.82867560   0.33357407   0.04924737   0.00533175   0.00055441   0.00005741   0.00000595   0.00000062   0.00000007   0.00000002   0.00000001
1972 male Trawl_Bycatch    1.00000001   1.00000001   1.00000001   1.00000001   1.00000001   1.00000001   1.00000001   1.00000001   1.00000001   1.00000001   1.00000001   1.00000001   1.00000001   1.00000001   1.00000001   1.00000001   1.00000001
1973 male Pot_Fishery    0.99999976   0.99999756   0.99997630   0.99977094   0.99779086   0.97905329   0.82867560   0.33357407   0.04924737   0.00533175   0.00055441   0.00005741   0.00000595   0.00000062   0.00000007   0.00000002   0.00000001
1973 male Trawl_Bycatch    1.00000001   1.00000001   1.00000001   1.00000001   1.00000001   1.00000001   1.00000001   1.00000001   1.00000001   1.00000001   1.00000001   1.00000001   1.00000001   1.00000001   1.00000001   1.00000001   1.00000001
1974 male Pot_Fishery    0.99999976   0.99999756   0.99997630   0.99977094   0.99779086   0.97905329   0.82867560   0.33357407   0.04924737   0.00533175   0.00055441   0.00005741   0.00000595   0.00000062   0.00000007   0.00000002   0.00000001
1974 male Trawl_Bycatch    1.00000001   1.00000001   1.00000001   1.00000001   1.00000001   1.00000001   1.00000001   1.00000001   1.00000001   1.00000001   1.00000001   1.00000001   1.00000001   1.00000001   1.00000001   1.00000001   1.00000001
1975 male Pot_Fishery    0.99999976   0.99999756   0.99997630   0.99977094   0.99779086   0.97905329   0.82867560   0.33357407   0.04924737   0.00533175   0.00055441   0.00005741   0.00000595   0.00000062   0.00000007   0.00000002   0.00000001
1975 male Trawl_Bycatch    1.00000001   1.00000001   1.00000001   1.00000001   1.00000001   1.00000001   1.00000001   1.00000001   1.00000001   1.00000001   1.00000001   1.00000001   1.00000001   1.00000001   1.00000001   1.00000001   1.00000001
1976 male Pot_Fishery    0.99999976   0.99999756   0.99997630   0.99977094   0.99779086   0.97905329   0.82867560   0.33357407   0.04924737   0.00533175   0.00055441   0.00005741   0.00000595   0.00000062   0.00000007   0.00000002   0.00000001
1976 male Trawl_Bycatch    1.00000001   1.00000001   1.00000001   1.00000001   1.00000001   1.00000001   1.00000001   1.00000001   1.00000001   1.00000001   1.00000001   1.00000001   1.00000001   1.00000001   1.00000001   1.00000001   1.00000001
1977 male Pot_Fishery    0.99999976   0.99999756   0.99997630   0.99977094   0.99779086   0.97905329   0.82867560   0.33357407   0.04924737   0.00533175   0.00055441   0.00005741   0.00000595   0.00000062   0.00000007   0.00000002   0.00000001
1977 male Trawl_Bycatch    1.00000001   1.00000001   1.00000001   1.00000001   1.00000001   1.00000001   1.00000001   1.00000001   1.00000001   1.00000001   1.00000001   1.00000001   1.00000001   1.00000001   1.00000001   1.00000001   1.00000001
1978 male Pot_Fishery    0.99999976   0.99999756   0.99997630   0.99977094   0.99779086   0.97905329   0.82867560   0.33357407   0.04924737   0.00533175   0.00055441   0.00005741   0.00000595   0.00000062   0.00000007   0.00000002   0.00000001
1978 male Trawl_Bycatch    1.00000001   1.00000001   1.00000001   1.00000001   1.00000001   1.00000001   1.00000001   1.00000001   1.00000001   1.00000001   1.00000001   1.00000001   1.00000001   1.00000001   1.00000001   1.00000001   1.00000001
1979 male Pot_Fishery    0.99999976   0.99999756   0.99997630   0.99977094   0.99779086   0.97905329   0.82867560   0.33357407   0.04924737   0.00533175   0.00055441   0.00005741   0.00000595   0.00000062   0.00000007   0.00000002   0.00000001
1979 male Trawl_Bycatch    1.00000001   1.00000001   1.00000001   1.00000001   1.00000001   1.00000001   1.00000001   1.00000001   1.00000001   1.00000001   1.00000001   1.00000001   1.00000001   1.00000001   1.00000001   1.00000001   1.00000001
1980 male Pot_Fishery    0.99999976   0.99999756   0.99997630   0.99977094   0.99779086   0.97905329   0.82867560   0.33357407   0.04924737   0.00533175   0.00055441   0.00005741   0.00000595   0.00000062   0.00000007   0.00000002   0.00000001
1980 male Trawl_Bycatch    1.00000001   1.00000001   1.00000001   1.00000001   1.00000001   1.00000001   1.00000001   1.00000001   1.00000001   1.00000001   1.00000001   1.00000001   1.00000001   1.00000001   1.00000001   1.00000001   1.00000001
1981 male Pot_Fishery    0.99999976   0.99999756   0.99997630   0.99977094   0.99779086   0.97905329   0.82867560   0.33357407   0.04924737   0.00533175   0.00055441   0.00005741   0.00000595   0.00000062   0.00000007   0.00000002   0.00000001
1981 male Trawl_Bycatch    1.00000001   1.00000001   1.00000001   1.00000001   1.00000001   1.00000001   1.00000001   1.00000001   1.00000001   1.00000001   1.00000001   1.00000001   1.00000001   1.00000001   1.00000001   1.00000001   1.00000001
1982 male Pot_Fishery    0.99999976   0.99999756   0.99997630   0.99977094   0.99779086   0.97905329   0.82867560   0.33357407   0.04924737   0.00533175   0.00055441   0.00005741   0.00000595   0.00000062   0.00000007   0.00000002   0.00000001
1982 male Trawl_Bycatch    1.00000001   1.00000001   1.00000001   1.00000001   1.00000001   1.00000001   1.00000001   1.00000001   1.00000001   1.00000001   1.00000001   1.00000001   1.00000001   1.00000001   1.00000001   1.00000001   1.00000001
1983 male Pot_Fishery    0.99999976   0.99999756   0.99997630   0.99977094   0.99779086   0.97905329   0.82867560   0.33357407   0.04924737   0.00533175   0.00055441   0.00005741   0.00000595   0.00000062   0.00000007   0.00000002   0.00000001
1983 male Trawl_Bycatch    1.00000001   1.00000001   1.00000001   1.00000001   1.00000001   1.00000001   1.00000001   1.00000001   1.00000001   1.00000001   1.00000001   1.00000001   1.00000001   1.00000001   1.00000001   1.00000001   1.00000001
1984 male Pot_Fishery    0.99999976   0.99999756   0.99997630   0.99977094   0.99779086   0.97905329   0.82867560   0.33357407   0.04924737   0.00533175   0.00055441   0.00005741   0.00000595   0.00000062   0.00000007   0.00000002   0.00000001
1984 male Trawl_Bycatch    1.00000001   1.00000001   1.00000001   1.00000001   1.00000001   1.00000001   1.00000001   1.00000001   1.00000001   1.00000001   1.00000001   1.00000001   1.00000001   1.00000001   1.00000001   1.00000001   1.00000001
1985 male Pot_Fishery    0.99999976   0.99999756   0.99997630   0.99977094   0.99779086   0.97905329   0.82867560   0.33357407   0.04924737   0.00533175   0.00055441   0.00005741   0.00000595   0.00000062   0.00000007   0.00000002   0.00000001
1985 male Trawl_Bycatch    1.00000001   1.00000001   1.00000001   1.00000001   1.00000001   1.00000001   1.00000001   1.00000001   1.00000001   1.00000001   1.00000001   1.00000001   1.00000001   1.00000001   1.00000001   1.00000001   1.00000001
1986 male Pot_Fishery    0.99999976   0.99999756   0.99997630   0.99977094   0.99779086   0.97905329   0.82867560   0.33357407   0.04924737   0.00533175   0.00055441   0.00005741   0.00000595   0.00000062   0.00000007   0.00000002   0.00000001
1986 male Trawl_Bycatch    1.00000001   1.00000001   1.00000001   1.00000001   1.00000001   1.00000001   1.00000001   1.00000001   1.00000001   1.00000001   1.00000001   1.00000001   1.00000001   1.00000001   1.00000001   1.00000001   1.00000001
1987 male Pot_Fishery    0.99999976   0.99999756   0.99997630   0.99977094   0.99779086   0.97905329   0.82867560   0.33357407   0.04924737   0.00533175   0.00055441   0.00005741   0.00000595   0.00000062   0.00000007   0.00000002   0.00000001
1987 male Trawl_Bycatch    1.00000001   1.00000001   1.00000001   1.00000001   1.00000001   1.00000001   1.00000001   1.00000001   1.00000001   1.00000001   1.00000001   1.00000001   1.00000001   1.00000001   1.00000001   1.00000001   1.00000001
1988 male Pot_Fishery    0.99999976   0.99999756   0.99997630   0.99977094   0.99779086   0.97905329   0.82867560   0.33357407   0.04924737   0.00533175   0.00055441   0.00005741   0.00000595   0.00000062   0.00000007   0.00000002   0.00000001
1988 male Trawl_Bycatch    1.00000001   1.00000001   1.00000001   1.00000001   1.00000001   1.00000001   1.00000001   1.00000001   1.00000001   1.00000001   1.00000001   1.00000001   1.00000001   1.00000001   1.00000001   1.00000001   1.00000001
1989 male Pot_Fishery    0.99999976   0.99999756   0.99997630   0.99977094   0.99779086   0.97905329   0.82867560   0.33357407   0.04924737   0.00533175   0.00055441   0.00005741   0.00000595   0.00000062   0.00000007   0.00000002   0.00000001
1989 male Trawl_Bycatch    1.00000001   1.00000001   1.00000001   1.00000001   1.00000001   1.00000001   1.00000001   1.00000001   1.00000001   1.00000001   1.00000001   1.00000001   1.00000001   1.00000001   1.00000001   1.00000001   1.00000001
1990 male Pot_Fishery    0.99999976   0.99999756   0.99997630   0.99977094   0.99779086   0.97905329   0.82867560   0.33357407   0.04924737   0.00533175   0.00055441   0.00005741   0.00000595   0.00000062   0.00000007   0.00000002   0.00000001
1990 male Trawl_Bycatch    1.00000001   1.00000001   1.00000001   1.00000001   1.00000001   1.00000001   1.00000001   1.00000001   1.00000001   1.00000001   1.00000001   1.00000001   1.00000001   1.00000001   1.00000001   1.00000001   1.00000001
1991 male Pot_Fishery    0.99999976   0.99999756   0.99997630   0.99977094   0.99779086   0.97905329   0.82867560   0.33357407   0.04924737   0.00533175   0.00055441   0.00005741   0.00000595   0.00000062   0.00000007   0.00000002   0.00000001
1991 male Trawl_Bycatch    1.00000001   1.00000001   1.00000001   1.00000001   1.00000001   1.00000001   1.00000001   1.00000001   1.00000001   1.00000001   1.00000001   1.00000001   1.00000001   1.00000001   1.00000001   1.00000001   1.00000001
1992 male Pot_Fishery    0.99999976   0.99999756   0.99997630   0.99977094   0.99779086   0.97905329   0.82867560   0.33357407   0.04924737   0.00533175   0.00055441   0.00005741   0.00000595   0.00000062   0.00000007   0.00000002   0.00000001
1992 male Trawl_Bycatch    1.00000001   1.00000001   1.00000001   1.00000001   1.00000001   1.00000001   1.00000001   1.00000001   1.00000001   1.00000001   1.00000001   1.00000001   1.00000001   1.00000001   1.00000001   1.00000001   1.00000001
1993 male Pot_Fishery    0.99999976   0.99999756   0.99997630   0.99977094   0.99779086   0.97905329   0.82867560   0.33357407   0.04924737   0.00533175   0.00055441   0.00005741   0.00000595   0.00000062   0.00000007   0.00000002   0.00000001
1993 male Trawl_Bycatch    1.00000001   1.00000001   1.00000001   1.00000001   1.00000001   1.00000001   1.00000001   1.00000001   1.00000001   1.00000001   1.00000001   1.00000001   1.00000001   1.00000001   1.00000001   1.00000001   1.00000001
1994 male Pot_Fishery    0.99999976   0.99999756   0.99997630   0.99977094   0.99779086   0.97905329   0.82867560   0.33357407   0.04924737   0.00533175   0.00055441   0.00005741   0.00000595   0.00000062   0.00000007   0.00000002   0.00000001
1994 male Trawl_Bycatch    1.00000001   1.00000001   1.00000001   1.00000001   1.00000001   1.00000001   1.00000001   1.00000001   1.00000001   1.00000001   1.00000001   1.00000001   1.00000001   1.00000001   1.00000001   1.00000001   1.00000001
1995 male Pot_Fishery    0.99999976   0.99999756   0.99997630   0.99977094   0.99779086   0.97905329   0.82867560   0.33357407   0.04924737   0.00533175   0.00055441   0.00005741   0.00000595   0.00000062   0.00000007   0.00000002   0.00000001
1995 male Trawl_Bycatch    1.00000001   1.00000001   1.00000001   1.00000001   1.00000001   1.00000001   1.00000001   1.00000001   1.00000001   1.00000001   1.00000001   1.00000001   1.00000001   1.00000001   1.00000001   1.00000001   1.00000001
1996 male Pot_Fishery    0.99999976   0.99999756   0.99997630   0.99977094   0.99779086   0.97905329   0.82867560   0.33357407   0.04924737   0.00533175   0.00055441   0.00005741   0.00000595   0.00000062   0.00000007   0.00000002   0.00000001
1996 male Trawl_Bycatch    1.00000001   1.00000001   1.00000001   1.00000001   1.00000001   1.00000001   1.00000001   1.00000001   1.00000001   1.00000001   1.00000001   1.00000001   1.00000001   1.00000001   1.00000001   1.00000001   1.00000001
1997 male Pot_Fishery    0.99999976   0.99999756   0.99997630   0.99977094   0.99779086   0.97905329   0.82867560   0.33357407   0.04924737   0.00533175   0.00055441   0.00005741   0.00000595   0.00000062   0.00000007   0.00000002   0.00000001
1997 male Trawl_Bycatch    1.00000001   1.00000001   1.00000001   1.00000001   1.00000001   1.00000001   1.00000001   1.00000001   1.00000001   1.00000001   1.00000001   1.00000001   1.00000001   1.00000001   1.00000001   1.00000001   1.00000001
1998 male Pot_Fishery    0.99999976   0.99999756   0.99997630   0.99977094   0.99779086   0.97905329   0.82867560   0.33357407   0.04924737   0.00533175   0.00055441   0.00005741   0.00000595   0.00000062   0.00000007   0.00000002   0.00000001
1998 male Trawl_Bycatch    1.00000001   1.00000001   1.00000001   1.00000001   1.00000001   1.00000001   1.00000001   1.00000001   1.00000001   1.00000001   1.00000001   1.00000001   1.00000001   1.00000001   1.00000001   1.00000001   1.00000001
1999 male Pot_Fishery    0.99999976   0.99999756   0.99997630   0.99977094   0.99779086   0.97905329   0.82867560   0.33357407   0.04924737   0.00533175   0.00055441   0.00005741   0.00000595   0.00000062   0.00000007   0.00000002   0.00000001
1999 male Trawl_Bycatch    1.00000001   1.00000001   1.00000001   1.00000001   1.00000001   1.00000001   1.00000001   1.00000001   1.00000001   1.00000001   1.00000001   1.00000001   1.00000001   1.00000001   1.00000001   1.00000001   1.00000001
2000 male Pot_Fishery    0.99999976   0.99999756   0.99997630   0.99977094   0.99779086   0.97905329   0.82867560   0.33357407   0.04924737   0.00533175   0.00055441   0.00005741   0.00000595   0.00000062   0.00000007   0.00000002   0.00000001
2000 male Trawl_Bycatch    1.00000001   1.00000001   1.00000001   1.00000001   1.00000001   1.00000001   1.00000001   1.00000001   1.00000001   1.00000001   1.00000001   1.00000001   1.00000001   1.00000001   1.00000001   1.00000001   1.00000001
2001 male Pot_Fishery    0.99999976   0.99999756   0.99997630   0.99977094   0.99779086   0.97905329   0.82867560   0.33357407   0.04924737   0.00533175   0.00055441   0.00005741   0.00000595   0.00000062   0.00000007   0.00000002   0.00000001
2001 male Trawl_Bycatch    1.00000001   1.00000001   1.00000001   1.00000001   1.00000001   1.00000001   1.00000001   1.00000001   1.00000001   1.00000001   1.00000001   1.00000001   1.00000001   1.00000001   1.00000001   1.00000001   1.00000001
2002 male Pot_Fishery    0.99999976   0.99999756   0.99997630   0.99977094   0.99779086   0.97905329   0.82867560   0.33357407   0.04924737   0.00533175   0.00055441   0.00005741   0.00000595   0.00000062   0.00000007   0.00000002   0.00000001
2002 male Trawl_Bycatch    1.00000001   1.00000001   1.00000001   1.00000001   1.00000001   1.00000001   1.00000001   1.00000001   1.00000001   1.00000001   1.00000001   1.00000001   1.00000001   1.00000001   1.00000001   1.00000001   1.00000001
2003 male Pot_Fishery    0.99999976   0.99999756   0.99997630   0.99977094   0.99779086   0.97905329   0.82867560   0.33357407   0.04924737   0.00533175   0.00055441   0.00005741   0.00000595   0.00000062   0.00000007   0.00000002   0.00000001
2003 male Trawl_Bycatch    1.00000001   1.00000001   1.00000001   1.00000001   1.00000001   1.00000001   1.00000001   1.00000001   1.00000001   1.00000001   1.00000001   1.00000001   1.00000001   1.00000001   1.00000001   1.00000001   1.00000001
2004 male Pot_Fishery    0.99999976   0.99999756   0.99997630   0.99977094   0.99779086   0.97905329   0.82867560   0.33357407   0.04924737   0.00533175   0.00055441   0.00005741   0.00000595   0.00000062   0.00000007   0.00000002   0.00000001
2004 male Trawl_Bycatch    1.00000001   1.00000001   1.00000001   1.00000001   1.00000001   1.00000001   1.00000001   1.00000001   1.00000001   1.00000001   1.00000001   1.00000001   1.00000001   1.00000001   1.00000001   1.00000001   1.00000001
2005 male Pot_Fishery    0.99999976   0.99999756   0.99997630   0.99977094   0.99779086   0.97905329   0.82867560   0.33357407   0.04924737   0.00533175   0.00055441   0.00005741   0.00000595   0.00000062   0.00000007   0.00000002   0.00000001
2005 male Trawl_Bycatch    1.00000001   1.00000001   1.00000001   1.00000001   1.00000001   1.00000001   1.00000001   1.00000001   1.00000001   1.00000001   1.00000001   1.00000001   1.00000001   1.00000001   1.00000001   1.00000001   1.00000001
2006 male Pot_Fishery    0.99999976   0.99999756   0.99997630   0.99977094   0.99779086   0.97905329   0.82867560   0.33357407   0.04924737   0.00533175   0.00055441   0.00005741   0.00000595   0.00000062   0.00000007   0.00000002   0.00000001
2006 male Trawl_Bycatch    1.00000001   1.00000001   1.00000001   1.00000001   1.00000001   1.00000001   1.00000001   1.00000001   1.00000001   1.00000001   1.00000001   1.00000001   1.00000001   1.00000001   1.00000001   1.00000001   1.00000001
2007 male Pot_Fishery    0.99999976   0.99999756   0.99997630   0.99977094   0.99779086   0.97905329   0.82867560   0.33357407   0.04924737   0.00533175   0.00055441   0.00005741   0.00000595   0.00000062   0.00000007   0.00000002   0.00000001
2007 male Trawl_Bycatch    1.00000001   1.00000001   1.00000001   1.00000001   1.00000001   1.00000001   1.00000001   1.00000001   1.00000001   1.00000001   1.00000001   1.00000001   1.00000001   1.00000001   1.00000001   1.00000001   1.00000001
2008 male Pot_Fishery    0.99999976   0.99999756   0.99997630   0.99977094   0.99779086   0.97905329   0.82867560   0.33357407   0.04924737   0.00533175   0.00055441   0.00005741   0.00000595   0.00000062   0.00000007   0.00000002   0.00000001
2008 male Trawl_Bycatch    1.00000001   1.00000001   1.00000001   1.00000001   1.00000001   1.00000001   1.00000001   1.00000001   1.00000001   1.00000001   1.00000001   1.00000001   1.00000001   1.00000001   1.00000001   1.00000001   1.00000001
2009 male Pot_Fishery    0.99999976   0.99999756   0.99997630   0.99977094   0.99779086   0.97905329   0.82867560   0.33357407   0.04924737   0.00533175   0.00055441   0.00005741   0.00000595   0.00000062   0.00000007   0.00000002   0.00000001
2009 male Trawl_Bycatch    1.00000001   1.00000001   1.00000001   1.00000001   1.00000001   1.00000001   1.00000001   1.00000001   1.00000001   1.00000001   1.00000001   1.00000001   1.00000001   1.00000001   1.00000001   1.00000001   1.00000001
2010 male Pot_Fishery    0.99999976   0.99999756   0.99997630   0.99977094   0.99779086   0.97905329   0.82867560   0.33357407   0.04924737   0.00533175   0.00055441   0.00005741   0.00000595   0.00000062   0.00000007   0.00000002   0.00000001
2010 male Trawl_Bycatch    1.00000001   1.00000001   1.00000001   1.00000001   1.00000001   1.00000001   1.00000001   1.00000001   1.00000001   1.00000001   1.00000001   1.00000001   1.00000001   1.00000001   1.00000001   1.00000001   1.00000001
2011 male Pot_Fishery    0.99999976   0.99999756   0.99997630   0.99977094   0.99779086   0.97905329   0.82867560   0.33357407   0.04924737   0.00533175   0.00055441   0.00005741   0.00000595   0.00000062   0.00000007   0.00000002   0.00000001
2011 male Trawl_Bycatch    1.00000001   1.00000001   1.00000001   1.00000001   1.00000001   1.00000001   1.00000001   1.00000001   1.00000001   1.00000001   1.00000001   1.00000001   1.00000001   1.00000001   1.00000001   1.00000001   1.00000001
2012 male Pot_Fishery    0.99999976   0.99999756   0.99997630   0.99977094   0.99779086   0.97905329   0.82867560   0.33357407   0.04924737   0.00533175   0.00055441   0.00005741   0.00000595   0.00000062   0.00000007   0.00000002   0.00000001
2012 male Trawl_Bycatch    1.00000001   1.00000001   1.00000001   1.00000001   1.00000001   1.00000001   1.00000001   1.00000001   1.00000001   1.00000001   1.00000001   1.00000001   1.00000001   1.00000001   1.00000001   1.00000001   1.00000001
2013 male Pot_Fishery    0.99999976   0.99999756   0.99997630   0.99977094   0.99779086   0.97905329   0.82867560   0.33357407   0.04924737   0.00533175   0.00055441   0.00005741   0.00000595   0.00000062   0.00000007   0.00000002   0.00000001
2013 male Trawl_Bycatch    1.00000001   1.00000001   1.00000001   1.00000001   1.00000001   1.00000001   1.00000001   1.00000001   1.00000001   1.00000001   1.00000001   1.00000001   1.00000001   1.00000001   1.00000001   1.00000001   1.00000001
2014 male Pot_Fishery    0.99999976   0.99999756   0.99997630   0.99977094   0.99779086   0.97905329   0.82867560   0.33357407   0.04924737   0.00533175   0.00055441   0.00005741   0.00000595   0.00000062   0.00000007   0.00000002   0.00000001
2014 male Trawl_Bycatch    1.00000001   1.00000001   1.00000001   1.00000001   1.00000001   1.00000001   1.00000001   1.00000001   1.00000001   1.00000001   1.00000001   1.00000001   1.00000001   1.00000001   1.00000001   1.00000001   1.00000001
2015 male Pot_Fishery    0.99999976   0.99999756   0.99997630   0.99977094   0.99779086   0.97905329   0.82867560   0.33357407   0.04924737   0.00533175   0.00055441   0.00005741   0.00000595   0.00000062   0.00000007   0.00000002   0.00000001
2015 male Trawl_Bycatch    1.00000001   1.00000001   1.00000001   1.00000001   1.00000001   1.00000001   1.00000001   1.00000001   1.00000001   1.00000001   1.00000001   1.00000001   1.00000001   1.00000001   1.00000001   1.00000001   1.00000001
2016 male Pot_Fishery    0.99999976   0.99999756   0.99997630   0.99977094   0.99779086   0.97905329   0.82867560   0.33357407   0.04924737   0.00533175   0.00055441   0.00005741   0.00000595   0.00000062   0.00000007   0.00000002   0.00000001
2016 male Trawl_Bycatch    1.00000001   1.00000001   1.00000001   1.00000001   1.00000001   1.00000001   1.00000001   1.00000001   1.00000001   1.00000001   1.00000001   1.00000001   1.00000001   1.00000001   1.00000001   1.00000001   1.00000001
2017 male Pot_Fishery    0.99999976   0.99999756   0.99997630   0.99977094   0.99779086   0.97905329   0.82867560   0.33357407   0.04924737   0.00533175   0.00055441   0.00005741   0.00000595   0.00000062   0.00000007   0.00000002   0.00000001
2017 male Trawl_Bycatch    1.00000001   1.00000001   1.00000001   1.00000001   1.00000001   1.00000001   1.00000001   1.00000001   1.00000001   1.00000001   1.00000001   1.00000001   1.00000001   1.00000001   1.00000001   1.00000001   1.00000001
2018 male Pot_Fishery    0.99999976   0.99999756   0.99997630   0.99977094   0.99779086   0.97905329   0.82867560   0.33357407   0.04924737   0.00533175   0.00055441   0.00005741   0.00000595   0.00000062   0.00000007   0.00000002   0.00000001
2018 male Trawl_Bycatch    1.00000001   1.00000001   1.00000001   1.00000001   1.00000001   1.00000001   1.00000001   1.00000001   1.00000001   1.00000001   1.00000001   1.00000001   1.00000001   1.00000001   1.00000001   1.00000001   1.00000001
2019 male Pot_Fishery    0.99999976   0.99999756   0.99997630   0.99977094   0.99779086   0.97905329   0.82867560   0.33357407   0.04924737   0.00533175   0.00055441   0.00005741   0.00000595   0.00000062   0.00000007   0.00000002   0.00000001
2019 male Trawl_Bycatch    1.00000001   1.00000001   1.00000001   1.00000001   1.00000001   1.00000001   1.00000001   1.00000001   1.00000001   1.00000001   1.00000001   1.00000001   1.00000001   1.00000001   1.00000001   1.00000001   1.00000001
2020 male Pot_Fishery    0.99999976   0.99999756   0.99997630   0.99977094   0.99779086   0.97905329   0.82867560   0.33357407   0.04924737   0.00533175   0.00055441   0.00005741   0.00000595   0.00000062   0.00000007   0.00000002   0.00000001
2020 male Trawl_Bycatch    1.00000001   1.00000001   1.00000001   1.00000001   1.00000001   1.00000001   1.00000001   1.00000001   1.00000001   1.00000001   1.00000001   1.00000001   1.00000001   1.00000001   1.00000001   1.00000001   1.00000001
2021 male Pot_Fishery    0.99999976   0.99999756   0.99997630   0.99977094   0.99779086   0.97905329   0.82867560   0.33357407   0.04924737   0.00533175   0.00055441   0.00005741   0.00000595   0.00000062   0.00000007   0.00000002   0.00000001
2021 male Trawl_Bycatch    1.00000001   1.00000001   1.00000001   1.00000001   1.00000001   1.00000001   1.00000001   1.00000001   1.00000001   1.00000001   1.00000001   1.00000001   1.00000001   1.00000001   1.00000001   1.00000001   1.00000001
2022 male Pot_Fishery    1.00000000   1.00000000   1.00000000   1.00000000   1.00000000   1.00000000   1.00000000   1.00000000   1.00000000   1.00000000   1.00000000   1.00000000   1.00000000   1.00000000   1.00000000   1.00000000   1.00000000
2022 male Trawl_Bycatch    1.00000000   1.00000000   1.00000000   1.00000000   1.00000000   1.00000000   1.00000000   1.00000000   1.00000000   1.00000000   1.00000000   1.00000000   1.00000000   1.00000000   1.00000000   1.00000000   1.00000000

# Select_control
# Selex_no first_par_no Phase Start_block End_block Env_Link Env_Link_Var Rand_Walk Start_year_RW End_year_RW Sigma_RW
1 1 3 1960 2004 0 0 0 0 0 0
1 3 3 2005 2021 0 0 0 0 0 0
2 5 -3 1960 2021 0 0 0 0 0 0
-1 6 3 1960 2021 0 0 0 0 0 0
-2 8 -3 1960 2021 0 0 0 0 0 0

#--------------------------------------------------------------------------------------------
# Natural, Fishing and Total mortality

# Proportion of M by season
# Year 1 2 3 4 5 6 
1960  0.00000000 0.16666667 0.00000000 0.46073059 0.00000000 0.37260274
1961  0.00000000 0.16666667 0.00000000 0.46073059 0.00000000 0.37260274
1962  0.00000000 0.16666667 0.00000000 0.46073059 0.00000000 0.37260274
1963  0.00000000 0.16666667 0.00000000 0.46073059 0.00000000 0.37260274
1964  0.00000000 0.16666667 0.00000000 0.46073059 0.00000000 0.37260274
1965  0.00000000 0.16666667 0.00000000 0.46073059 0.00000000 0.37260274
1966  0.00000000 0.16666667 0.00000000 0.46073059 0.00000000 0.37260274
1967  0.00000000 0.16666667 0.00000000 0.46073059 0.00000000 0.37260274
1968  0.00000000 0.16666667 0.00000000 0.46073059 0.00000000 0.37260274
1969  0.00000000 0.16666667 0.00000000 0.46073059 0.00000000 0.37260274
1970  0.00000000 0.16666667 0.00000000 0.46073059 0.00000000 0.37260274
1971  0.00000000 0.16666667 0.00000000 0.46073059 0.00000000 0.37260274
1972  0.00000000 0.16666667 0.00000000 0.46073059 0.00000000 0.37260274
1973  0.00000000 0.16666667 0.00000000 0.46073059 0.00000000 0.37260274
1974  0.00000000 0.16666667 0.00000000 0.46073059 0.00000000 0.37260274
1975  0.00000000 0.16666667 0.00000000 0.46073059 0.00000000 0.37260274
1976  0.00000000 0.16666667 0.00000000 0.46073059 0.00000000 0.37260274
1977  0.00000000 0.16666667 0.00000000 0.46073059 0.00000000 0.37260274
1978  0.00000000 0.16666667 0.00000000 0.46073059 0.00000000 0.37260274
1979  0.00000000 0.16666667 0.00000000 0.46073059 0.00000000 0.37260274
1980  0.00000000 0.16666667 0.00000000 0.46073059 0.00000000 0.37260274
1981  0.00000000 0.44109589 0.00000000 0.18630137 0.00000000 0.37260274
1982  0.00000000 0.48356164 0.00000000 0.14383562 0.00000000 0.37260274
1983  0.00000000 0.48356164 0.00000000 0.14383562 0.00000000 0.37260274
1984  0.00000000 0.31506849 0.00000000 0.31232877 0.00000000 0.37260274
1985  0.00000000 0.16849315 0.00000000 0.45890411 0.00000000 0.37260274
1986  0.00000000 0.25205479 0.00000000 0.37534247 0.00000000 0.37260274
1987  0.00000000 0.08767123 0.00000000 0.53972603 0.00000000 0.37260274
1988  0.00000000 0.30000000 0.00000000 0.32739726 0.00000000 0.37260274
1989  0.00000000 0.40000000 0.00000000 0.22739726 0.00000000 0.37260274
1990  0.00000000 0.26575342 0.00000000 0.36164384 0.00000000 0.37260274
1991  0.00000000 0.27397260 0.00000000 0.35342466 0.00000000 0.37260274
1992  0.00000000 0.27671233 0.00000000 0.35068493 0.00000000 0.37260274
1993  0.00000000 0.41917808 0.00000000 0.20821918 0.00000000 0.37260274
1994  0.00000000 0.24931507 0.00000000 0.37808219 0.00000000 0.37260274
1995  0.00000000 0.22328767 0.00000000 0.40410959 0.00000000 0.37260274
1996  0.00000000 0.32876712 0.00000000 0.29863014 0.00000000 0.37260274
1997  0.00000000 0.28630137 0.00000000 0.34109589 0.00000000 0.37260274
1998  0.00000000 0.26301370 0.00000000 0.36438356 0.00000000 0.37260274
1999  0.00000000 0.24520548 0.00000000 0.38219178 0.00000000 0.37260274
2000  0.00000000 0.17945205 0.00000000 0.44794521 0.00000000 0.37260274
2001  0.00000000 0.16027397 0.00000000 0.46712329 0.00000000 0.37260274
2002  0.00000000 0.15616438 0.00000000 0.47123288 0.00000000 0.37260274
2003  0.00000000 0.15753425 0.00000000 0.46986301 0.00000000 0.37260274
2004  0.00000000 0.14383562 0.00000000 0.48356164 0.00000000 0.37260274
2005  0.00000000 0.43287671 0.00000000 0.19452055 0.00000000 0.37260274
2006  0.00000000 0.33150685 0.00000000 0.29589041 0.00000000 0.37260274
2007  0.00000000 0.36849315 0.00000000 0.25890411 0.00000000 0.37260274
2008  0.00000000 0.30273973 0.00000000 0.32465753 0.00000000 0.37260274
2009  0.00000000 0.32739726 0.00000000 0.30000000 0.00000000 0.37260274
2010  0.00000000 0.29315069 0.00000000 0.33424657 0.00000000 0.37260274
2011  0.00000000 0.26301370 0.00000000 0.36438356 0.00000000 0.37260274
2012  0.00000000 0.27534247 0.00000000 0.35205479 0.00000000 0.37260274
2013  0.00000000 0.27260274 0.00000000 0.35479452 0.00000000 0.37260274
2014  0.00000000 0.24794521 0.00000000 0.37945206 0.00000000 0.37260274
2015  0.00000000 0.22876712 0.00000000 0.39863014 0.00000000 0.37260274
2016  0.00000000 0.42054794 0.00000000 0.20684932 0.00000000 0.37260274
2017  0.00000000 0.40958904 0.00000000 0.21780822 0.00000000 0.37260274
2018  0.00000000 0.34931507 0.00000000 0.27808219 0.00000000 0.37260274
2019  0.00000000 0.32739726 0.00000000 0.30000000 0.00000000 0.37260274
2020  0.00000000 0.36575343 0.00000000 0.26164384 0.00000000 0.37260274
2021  0.00000000 0.29452055 0.00000000 0.33287671 0.00000000 0.37260274

# Natural_mortality-by-class
# Year Sex Maturity 1 2 3 4 5 6 7 8 9 10 11 12 13 14 15 16 17 
1960 male 1  0.21000000 0.21000000 0.21000000 0.21000000 0.21000000 0.21000000 0.21000000 0.21000000 0.21000000 0.21000000 0.21000000 0.21000000 0.21000000 0.21000000 0.21000000 0.21000000 0.21000000
1961 male 1  0.21000000 0.21000000 0.21000000 0.21000000 0.21000000 0.21000000 0.21000000 0.21000000 0.21000000 0.21000000 0.21000000 0.21000000 0.21000000 0.21000000 0.21000000 0.21000000 0.21000000
1962 male 1  0.21000000 0.21000000 0.21000000 0.21000000 0.21000000 0.21000000 0.21000000 0.21000000 0.21000000 0.21000000 0.21000000 0.21000000 0.21000000 0.21000000 0.21000000 0.21000000 0.21000000
1963 male 1  0.21000000 0.21000000 0.21000000 0.21000000 0.21000000 0.21000000 0.21000000 0.21000000 0.21000000 0.21000000 0.21000000 0.21000000 0.21000000 0.21000000 0.21000000 0.21000000 0.21000000
1964 male 1  0.21000000 0.21000000 0.21000000 0.21000000 0.21000000 0.21000000 0.21000000 0.21000000 0.21000000 0.21000000 0.21000000 0.21000000 0.21000000 0.21000000 0.21000000 0.21000000 0.21000000
1965 male 1  0.21000000 0.21000000 0.21000000 0.21000000 0.21000000 0.21000000 0.21000000 0.21000000 0.21000000 0.21000000 0.21000000 0.21000000 0.21000000 0.21000000 0.21000000 0.21000000 0.21000000
1966 male 1  0.21000000 0.21000000 0.21000000 0.21000000 0.21000000 0.21000000 0.21000000 0.21000000 0.21000000 0.21000000 0.21000000 0.21000000 0.21000000 0.21000000 0.21000000 0.21000000 0.21000000
1967 male 1  0.21000000 0.21000000 0.21000000 0.21000000 0.21000000 0.21000000 0.21000000 0.21000000 0.21000000 0.21000000 0.21000000 0.21000000 0.21000000 0.21000000 0.21000000 0.21000000 0.21000000
1968 male 1  0.21000000 0.21000000 0.21000000 0.21000000 0.21000000 0.21000000 0.21000000 0.21000000 0.21000000 0.21000000 0.21000000 0.21000000 0.21000000 0.21000000 0.21000000 0.21000000 0.21000000
1969 male 1  0.21000000 0.21000000 0.21000000 0.21000000 0.21000000 0.21000000 0.21000000 0.21000000 0.21000000 0.21000000 0.21000000 0.21000000 0.21000000 0.21000000 0.21000000 0.21000000 0.21000000
1970 male 1  0.21000000 0.21000000 0.21000000 0.21000000 0.21000000 0.21000000 0.21000000 0.21000000 0.21000000 0.21000000 0.21000000 0.21000000 0.21000000 0.21000000 0.21000000 0.21000000 0.21000000
1971 male 1  0.21000000 0.21000000 0.21000000 0.21000000 0.21000000 0.21000000 0.21000000 0.21000000 0.21000000 0.21000000 0.21000000 0.21000000 0.21000000 0.21000000 0.21000000 0.21000000 0.21000000
1972 male 1  0.21000000 0.21000000 0.21000000 0.21000000 0.21000000 0.21000000 0.21000000 0.21000000 0.21000000 0.21000000 0.21000000 0.21000000 0.21000000 0.21000000 0.21000000 0.21000000 0.21000000
1973 male 1  0.21000000 0.21000000 0.21000000 0.21000000 0.21000000 0.21000000 0.21000000 0.21000000 0.21000000 0.21000000 0.21000000 0.21000000 0.21000000 0.21000000 0.21000000 0.21000000 0.21000000
1974 male 1  0.21000000 0.21000000 0.21000000 0.21000000 0.21000000 0.21000000 0.21000000 0.21000000 0.21000000 0.21000000 0.21000000 0.21000000 0.21000000 0.21000000 0.21000000 0.21000000 0.21000000
1975 male 1  0.21000000 0.21000000 0.21000000 0.21000000 0.21000000 0.21000000 0.21000000 0.21000000 0.21000000 0.21000000 0.21000000 0.21000000 0.21000000 0.21000000 0.21000000 0.21000000 0.21000000
1976 male 1  0.21000000 0.21000000 0.21000000 0.21000000 0.21000000 0.21000000 0.21000000 0.21000000 0.21000000 0.21000000 0.21000000 0.21000000 0.21000000 0.21000000 0.21000000 0.21000000 0.21000000
1977 male 1  0.21000000 0.21000000 0.21000000 0.21000000 0.21000000 0.21000000 0.21000000 0.21000000 0.21000000 0.21000000 0.21000000 0.21000000 0.21000000 0.21000000 0.21000000 0.21000000 0.21000000
1978 male 1  0.21000000 0.21000000 0.21000000 0.21000000 0.21000000 0.21000000 0.21000000 0.21000000 0.21000000 0.21000000 0.21000000 0.21000000 0.21000000 0.21000000 0.21000000 0.21000000 0.21000000
1979 male 1  0.21000000 0.21000000 0.21000000 0.21000000 0.21000000 0.21000000 0.21000000 0.21000000 0.21000000 0.21000000 0.21000000 0.21000000 0.21000000 0.21000000 0.21000000 0.21000000 0.21000000
1980 male 1  0.21000000 0.21000000 0.21000000 0.21000000 0.21000000 0.21000000 0.21000000 0.21000000 0.21000000 0.21000000 0.21000000 0.21000000 0.21000000 0.21000000 0.21000000 0.21000000 0.21000000
1981 male 1  0.21000000 0.21000000 0.21000000 0.21000000 0.21000000 0.21000000 0.21000000 0.21000000 0.21000000 0.21000000 0.21000000 0.21000000 0.21000000 0.21000000 0.21000000 0.21000000 0.21000000
1982 male 1  0.21000000 0.21000000 0.21000000 0.21000000 0.21000000 0.21000000 0.21000000 0.21000000 0.21000000 0.21000000 0.21000000 0.21000000 0.21000000 0.21000000 0.21000000 0.21000000 0.21000000
1983 male 1  0.21000000 0.21000000 0.21000000 0.21000000 0.21000000 0.21000000 0.21000000 0.21000000 0.21000000 0.21000000 0.21000000 0.21000000 0.21000000 0.21000000 0.21000000 0.21000000 0.21000000
1984 male 1  0.21000000 0.21000000 0.21000000 0.21000000 0.21000000 0.21000000 0.21000000 0.21000000 0.21000000 0.21000000 0.21000000 0.21000000 0.21000000 0.21000000 0.21000000 0.21000000 0.21000000
1985 male 1  0.21000000 0.21000000 0.21000000 0.21000000 0.21000000 0.21000000 0.21000000 0.21000000 0.21000000 0.21000000 0.21000000 0.21000000 0.21000000 0.21000000 0.21000000 0.21000000 0.21000000
1986 male 1  0.21000000 0.21000000 0.21000000 0.21000000 0.21000000 0.21000000 0.21000000 0.21000000 0.21000000 0.21000000 0.21000000 0.21000000 0.21000000 0.21000000 0.21000000 0.21000000 0.21000000
1987 male 1  0.21000000 0.21000000 0.21000000 0.21000000 0.21000000 0.21000000 0.21000000 0.21000000 0.21000000 0.21000000 0.21000000 0.21000000 0.21000000 0.21000000 0.21000000 0.21000000 0.21000000
1988 male 1  0.21000000 0.21000000 0.21000000 0.21000000 0.21000000 0.21000000 0.21000000 0.21000000 0.21000000 0.21000000 0.21000000 0.21000000 0.21000000 0.21000000 0.21000000 0.21000000 0.21000000
1989 male 1  0.21000000 0.21000000 0.21000000 0.21000000 0.21000000 0.21000000 0.21000000 0.21000000 0.21000000 0.21000000 0.21000000 0.21000000 0.21000000 0.21000000 0.21000000 0.21000000 0.21000000
1990 male 1  0.21000000 0.21000000 0.21000000 0.21000000 0.21000000 0.21000000 0.21000000 0.21000000 0.21000000 0.21000000 0.21000000 0.21000000 0.21000000 0.21000000 0.21000000 0.21000000 0.21000000
1991 male 1  0.21000000 0.21000000 0.21000000 0.21000000 0.21000000 0.21000000 0.21000000 0.21000000 0.21000000 0.21000000 0.21000000 0.21000000 0.21000000 0.21000000 0.21000000 0.21000000 0.21000000
1992 male 1  0.21000000 0.21000000 0.21000000 0.21000000 0.21000000 0.21000000 0.21000000 0.21000000 0.21000000 0.21000000 0.21000000 0.21000000 0.21000000 0.21000000 0.21000000 0.21000000 0.21000000
1993 male 1  0.21000000 0.21000000 0.21000000 0.21000000 0.21000000 0.21000000 0.21000000 0.21000000 0.21000000 0.21000000 0.21000000 0.21000000 0.21000000 0.21000000 0.21000000 0.21000000 0.21000000
1994 male 1  0.21000000 0.21000000 0.21000000 0.21000000 0.21000000 0.21000000 0.21000000 0.21000000 0.21000000 0.21000000 0.21000000 0.21000000 0.21000000 0.21000000 0.21000000 0.21000000 0.21000000
1995 male 1  0.21000000 0.21000000 0.21000000 0.21000000 0.21000000 0.21000000 0.21000000 0.21000000 0.21000000 0.21000000 0.21000000 0.21000000 0.21000000 0.21000000 0.21000000 0.21000000 0.21000000
1996 male 1  0.21000000 0.21000000 0.21000000 0.21000000 0.21000000 0.21000000 0.21000000 0.21000000 0.21000000 0.21000000 0.21000000 0.21000000 0.21000000 0.21000000 0.21000000 0.21000000 0.21000000
1997 male 1  0.21000000 0.21000000 0.21000000 0.21000000 0.21000000 0.21000000 0.21000000 0.21000000 0.21000000 0.21000000 0.21000000 0.21000000 0.21000000 0.21000000 0.21000000 0.21000000 0.21000000
1998 male 1  0.21000000 0.21000000 0.21000000 0.21000000 0.21000000 0.21000000 0.21000000 0.21000000 0.21000000 0.21000000 0.21000000 0.21000000 0.21000000 0.21000000 0.21000000 0.21000000 0.21000000
1999 male 1  0.21000000 0.21000000 0.21000000 0.21000000 0.21000000 0.21000000 0.21000000 0.21000000 0.21000000 0.21000000 0.21000000 0.21000000 0.21000000 0.21000000 0.21000000 0.21000000 0.21000000
2000 male 1  0.21000000 0.21000000 0.21000000 0.21000000 0.21000000 0.21000000 0.21000000 0.21000000 0.21000000 0.21000000 0.21000000 0.21000000 0.21000000 0.21000000 0.21000000 0.21000000 0.21000000
2001 male 1  0.21000000 0.21000000 0.21000000 0.21000000 0.21000000 0.21000000 0.21000000 0.21000000 0.21000000 0.21000000 0.21000000 0.21000000 0.21000000 0.21000000 0.21000000 0.21000000 0.21000000
2002 male 1  0.21000000 0.21000000 0.21000000 0.21000000 0.21000000 0.21000000 0.21000000 0.21000000 0.21000000 0.21000000 0.21000000 0.21000000 0.21000000 0.21000000 0.21000000 0.21000000 0.21000000
2003 male 1  0.21000000 0.21000000 0.21000000 0.21000000 0.21000000 0.21000000 0.21000000 0.21000000 0.21000000 0.21000000 0.21000000 0.21000000 0.21000000 0.21000000 0.21000000 0.21000000 0.21000000
2004 male 1  0.21000000 0.21000000 0.21000000 0.21000000 0.21000000 0.21000000 0.21000000 0.21000000 0.21000000 0.21000000 0.21000000 0.21000000 0.21000000 0.21000000 0.21000000 0.21000000 0.21000000
2005 male 1  0.21000000 0.21000000 0.21000000 0.21000000 0.21000000 0.21000000 0.21000000 0.21000000 0.21000000 0.21000000 0.21000000 0.21000000 0.21000000 0.21000000 0.21000000 0.21000000 0.21000000
2006 male 1  0.21000000 0.21000000 0.21000000 0.21000000 0.21000000 0.21000000 0.21000000 0.21000000 0.21000000 0.21000000 0.21000000 0.21000000 0.21000000 0.21000000 0.21000000 0.21000000 0.21000000
2007 male 1  0.21000000 0.21000000 0.21000000 0.21000000 0.21000000 0.21000000 0.21000000 0.21000000 0.21000000 0.21000000 0.21000000 0.21000000 0.21000000 0.21000000 0.21000000 0.21000000 0.21000000
2008 male 1  0.21000000 0.21000000 0.21000000 0.21000000 0.21000000 0.21000000 0.21000000 0.21000000 0.21000000 0.21000000 0.21000000 0.21000000 0.21000000 0.21000000 0.21000000 0.21000000 0.21000000
2009 male 1  0.21000000 0.21000000 0.21000000 0.21000000 0.21000000 0.21000000 0.21000000 0.21000000 0.21000000 0.21000000 0.21000000 0.21000000 0.21000000 0.21000000 0.21000000 0.21000000 0.21000000
2010 male 1  0.21000000 0.21000000 0.21000000 0.21000000 0.21000000 0.21000000 0.21000000 0.21000000 0.21000000 0.21000000 0.21000000 0.21000000 0.21000000 0.21000000 0.21000000 0.21000000 0.21000000
2011 male 1  0.21000000 0.21000000 0.21000000 0.21000000 0.21000000 0.21000000 0.21000000 0.21000000 0.21000000 0.21000000 0.21000000 0.21000000 0.21000000 0.21000000 0.21000000 0.21000000 0.21000000
2012 male 1  0.21000000 0.21000000 0.21000000 0.21000000 0.21000000 0.21000000 0.21000000 0.21000000 0.21000000 0.21000000 0.21000000 0.21000000 0.21000000 0.21000000 0.21000000 0.21000000 0.21000000
2013 male 1  0.21000000 0.21000000 0.21000000 0.21000000 0.21000000 0.21000000 0.21000000 0.21000000 0.21000000 0.21000000 0.21000000 0.21000000 0.21000000 0.21000000 0.21000000 0.21000000 0.21000000
2014 male 1  0.21000000 0.21000000 0.21000000 0.21000000 0.21000000 0.21000000 0.21000000 0.21000000 0.21000000 0.21000000 0.21000000 0.21000000 0.21000000 0.21000000 0.21000000 0.21000000 0.21000000
2015 male 1  0.21000000 0.21000000 0.21000000 0.21000000 0.21000000 0.21000000 0.21000000 0.21000000 0.21000000 0.21000000 0.21000000 0.21000000 0.21000000 0.21000000 0.21000000 0.21000000 0.21000000
2016 male 1  0.21000000 0.21000000 0.21000000 0.21000000 0.21000000 0.21000000 0.21000000 0.21000000 0.21000000 0.21000000 0.21000000 0.21000000 0.21000000 0.21000000 0.21000000 0.21000000 0.21000000
2017 male 1  0.21000000 0.21000000 0.21000000 0.21000000 0.21000000 0.21000000 0.21000000 0.21000000 0.21000000 0.21000000 0.21000000 0.21000000 0.21000000 0.21000000 0.21000000 0.21000000 0.21000000
2018 male 1  0.21000000 0.21000000 0.21000000 0.21000000 0.21000000 0.21000000 0.21000000 0.21000000 0.21000000 0.21000000 0.21000000 0.21000000 0.21000000 0.21000000 0.21000000 0.21000000 0.21000000
2019 male 1  0.21000000 0.21000000 0.21000000 0.21000000 0.21000000 0.21000000 0.21000000 0.21000000 0.21000000 0.21000000 0.21000000 0.21000000 0.21000000 0.21000000 0.21000000 0.21000000 0.21000000
2020 male 1  0.21000000 0.21000000 0.21000000 0.21000000 0.21000000 0.21000000 0.21000000 0.21000000 0.21000000 0.21000000 0.21000000 0.21000000 0.21000000 0.21000000 0.21000000 0.21000000 0.21000000
2021 male 1  0.21000000 0.21000000 0.21000000 0.21000000 0.21000000 0.21000000 0.21000000 0.21000000 0.21000000 0.21000000 0.21000000 0.21000000 0.21000000 0.21000000 0.21000000 0.21000000 0.21000000

# Fully-selected fishing mortality-by-season by sex and fishery
# Sex Fleet Year 1 2 3 4 5 6 
male Pot_Fishery 1960  0.00000000 0.00000000 0.00000000 0.00000000 0.00000000 0.00000000
male Pot_Fishery 1961  0.00000000 0.00000000 0.00000000 0.00000000 0.00000000 0.00000000
male Pot_Fishery 1962  0.00000000 0.00000000 0.00000000 0.00000000 0.00000000 0.00000000
male Pot_Fishery 1963  0.00000000 0.00000000 0.00000000 0.00000000 0.00000000 0.00000000
male Pot_Fishery 1964  0.00000000 0.00000000 0.00000000 0.00000000 0.00000000 0.00000000
male Pot_Fishery 1965  0.00000000 0.00000000 0.00000000 0.00000000 0.00000000 0.00000000
male Pot_Fishery 1966  0.00000000 0.00000000 0.00000000 0.00000000 0.00000000 0.00000000
male Pot_Fishery 1967  0.00000000 0.00000000 0.00000000 0.00000000 0.00000000 0.00000000
male Pot_Fishery 1968  0.00000000 0.00000000 0.00000000 0.00000000 0.00000000 0.00000000
male Pot_Fishery 1969  0.00000000 0.00000000 0.00000000 0.00000000 0.00000000 0.00000000
male Pot_Fishery 1970  0.00000000 0.00000000 0.00000000 0.00000000 0.00000000 0.00000000
male Pot_Fishery 1971  0.00000000 0.00000000 0.00000000 0.00000000 0.00000000 0.00000000
male Pot_Fishery 1972  0.00000000 0.00000000 0.00000000 0.00000000 0.00000000 0.00000000
male Pot_Fishery 1973  0.00000000 0.00000000 0.00000000 0.00000000 0.00000000 0.00000000
male Pot_Fishery 1974  0.00000000 0.00000000 0.00000000 0.00000000 0.00000000 0.00000000
male Pot_Fishery 1975  0.00000000 0.00000000 0.00000000 0.00000000 0.00000000 0.00000000
male Pot_Fishery 1976  0.00000000 0.00000000 0.00000000 0.00000000 0.00000000 0.00000000
male Pot_Fishery 1977  0.00000000 0.00000000 0.00000000 0.00000000 0.00000000 0.00000000
male Pot_Fishery 1978  0.00000000 0.00000000 0.00000000 0.00000000 0.00000000 0.00000000
male Pot_Fishery 1979  0.00000000 0.00000000 0.00000000 0.00000000 0.00000000 0.00000000
male Pot_Fishery 1980  0.00000000 0.00000000 0.00000000 0.00000000 0.00000000 0.00000000
male Pot_Fishery 1981  0.00000000 0.00000000 0.04169241 0.00000000 0.00000000 0.00000000
male Pot_Fishery 1982  0.00000000 0.00000000 0.11854715 0.00000000 0.00000000 0.00000000
male Pot_Fishery 1983  0.00000000 0.00000000 0.16665843 0.00000000 0.00000000 0.00000000
male Pot_Fishery 1984  0.00000000 0.00000000 0.22209556 0.00000000 0.00000000 0.00000000
male Pot_Fishery 1985  0.00000000 0.00000000 0.37663366 0.00000000 0.00000000 0.00000000
male Pot_Fishery 1986  0.00000000 0.00000000 0.52217408 0.00000000 0.00000000 0.00000000
male Pot_Fishery 1987  0.00000000 0.00000000 0.42572448 0.00000000 0.00000000 0.00000000
male Pot_Fishery 1988  0.00000000 0.00000000 0.74489931 0.00000000 0.00000000 0.00000000
male Pot_Fishery 1989  0.00000000 0.00000000 1.20131211 0.00000000 0.00000000 0.00000000
male Pot_Fishery 1990  0.00000000 0.00000000 0.63468278 0.00000000 0.00000000 0.00000000
male Pot_Fishery 1991  0.00000000 0.00000000 0.76182769 0.00000000 0.00000000 0.00000000
male Pot_Fishery 1992  0.00000000 0.00000000 0.81178403 0.00000000 0.00000000 0.00000000
male Pot_Fishery 1993  0.00000000 0.00000000 0.50659988 0.00000000 0.00000000 0.00000000
male Pot_Fishery 1994  0.00000000 0.00000000 0.66440178 0.00000000 0.00000000 0.00000000
male Pot_Fishery 1995  0.00000000 0.00000000 0.81096944 0.00000000 0.00000000 0.00000000
male Pot_Fishery 1996  0.00000000 0.00000000 0.60820960 0.00000000 0.00000000 0.00000000
male Pot_Fishery 1997  0.00000000 0.00000000 0.55658473 0.00000000 0.00000000 0.00000000
male Pot_Fishery 1998  0.00000000 0.00000000 0.51266316 0.00000000 0.00000000 0.00000000
male Pot_Fishery 1999  0.00000000 0.00000000 0.41776083 0.00000000 0.00000000 0.00000000
male Pot_Fishery 2000  0.00000000 0.00000000 0.36260832 0.00000000 0.00000000 0.00000000
male Pot_Fishery 2001  0.00000000 0.00000000 0.31950170 0.00000000 0.00000000 0.00000000
male Pot_Fishery 2002  0.00000000 0.00000000 0.25358762 0.00000000 0.00000000 0.00000000
male Pot_Fishery 2003  0.00000000 0.00000000 0.25107566 0.00000000 0.00000000 0.00000000
male Pot_Fishery 2004  0.00000000 0.00000000 0.23896590 0.00000000 0.00000000 0.00000000
male Pot_Fishery 2005  0.00000000 0.00000000 0.26982363 0.00000000 0.00000000 0.00000000
male Pot_Fishery 2006  0.00000000 0.00000000 0.30077796 0.00000000 0.00000000 0.00000000
male Pot_Fishery 2007  0.00000000 0.00000000 0.28696259 0.00000000 0.00000000 0.00000000
male Pot_Fishery 2008  0.00000000 0.00000000 0.29365225 0.00000000 0.00000000 0.00000000
male Pot_Fishery 2009  0.00000000 0.00000000 0.29998050 0.00000000 0.00000000 0.00000000
male Pot_Fishery 2010  0.00000000 0.00000000 0.28623778 0.00000000 0.00000000 0.00000000
male Pot_Fishery 2011  0.00000000 0.00000000 0.28673257 0.00000000 0.00000000 0.00000000
male Pot_Fishery 2012  0.00000000 0.00000000 0.30421517 0.00000000 0.00000000 0.00000000
male Pot_Fishery 2013  0.00000000 0.00000000 0.32916463 0.00000000 0.00000000 0.00000000
male Pot_Fishery 2014  0.00000000 0.00000000 0.35307166 0.00000000 0.00000000 0.00000000
male Pot_Fishery 2015  0.00000000 0.00000000 0.41949440 0.00000000 0.00000000 0.00000000
male Pot_Fishery 2016  0.00000000 0.00000000 0.45925165 0.00000000 0.00000000 0.00000000
male Pot_Fishery 2017  0.00000000 0.00000000 0.44167815 0.00000000 0.00000000 0.00000000
male Pot_Fishery 2018  0.00000000 0.00000000 0.47570311 0.00000000 0.00000000 0.00000000
male Pot_Fishery 2019  0.00000000 0.00000000 0.49460548 0.00000000 0.00000000 0.00000000
male Pot_Fishery 2020  0.00000000 0.00000000 0.37534035 0.00000000 0.00000000 0.00000000
male Pot_Fishery 2021  0.00000000 0.00000000 0.34878556 0.00000000 0.00000000 0.00000000
male Trawl_Bycatch 1960  0.00000000 0.00000000 0.00000000 0.00000000 0.00000000 0.00000000
male Trawl_Bycatch 1961  0.00000000 0.00000000 0.00000000 0.00000000 0.00000000 0.00000000
male Trawl_Bycatch 1962  0.00000000 0.00000000 0.00000000 0.00000000 0.00000000 0.00000000
male Trawl_Bycatch 1963  0.00000000 0.00000000 0.00000000 0.00000000 0.00000000 0.00000000
male Trawl_Bycatch 1964  0.00000000 0.00000000 0.00000000 0.00000000 0.00000000 0.00000000
male Trawl_Bycatch 1965  0.00000000 0.00000000 0.00000000 0.00000000 0.00000000 0.00000000
male Trawl_Bycatch 1966  0.00000000 0.00000000 0.00000000 0.00000000 0.00000000 0.00000000
male Trawl_Bycatch 1967  0.00000000 0.00000000 0.00000000 0.00000000 0.00000000 0.00000000
male Trawl_Bycatch 1968  0.00000000 0.00000000 0.00000000 0.00000000 0.00000000 0.00000000
male Trawl_Bycatch 1969  0.00000000 0.00000000 0.00000000 0.00000000 0.00000000 0.00000000
male Trawl_Bycatch 1970  0.00000000 0.00000000 0.00000000 0.00000000 0.00000000 0.00000000
male Trawl_Bycatch 1971  0.00000000 0.00000000 0.00000000 0.00000000 0.00000000 0.00000000
male Trawl_Bycatch 1972  0.00000000 0.00000000 0.00000000 0.00000000 0.00000000 0.00000000
male Trawl_Bycatch 1973  0.00000000 0.00000000 0.00000000 0.00000000 0.00000000 0.00000000
male Trawl_Bycatch 1974  0.00000000 0.00000000 0.00000000 0.00000000 0.00000000 0.00000000
male Trawl_Bycatch 1975  0.00000000 0.00000000 0.00000000 0.00000000 0.00000000 0.00000000
male Trawl_Bycatch 1976  0.00000000 0.00000000 0.00000000 0.00000000 0.00000000 0.00000000
male Trawl_Bycatch 1977  0.00000000 0.00000000 0.00000000 0.00000000 0.00000000 0.00000000
male Trawl_Bycatch 1978  0.00000000 0.00000000 0.00000000 0.00000000 0.00000000 0.00000000
male Trawl_Bycatch 1979  0.00000000 0.00000000 0.00000000 0.00000000 0.00000000 0.00000000
male Trawl_Bycatch 1980  0.00000000 0.00000000 0.00000000 0.00000000 0.00000000 0.00000000
male Trawl_Bycatch 1981  0.00000000 0.00000000 0.00000000 0.00000000 0.00000000 0.00000000
male Trawl_Bycatch 1982  0.00000000 0.00000000 0.00000000 0.00000000 0.00000000 0.00000000
male Trawl_Bycatch 1983  0.00000000 0.00000000 0.00000000 0.00000000 0.00000000 0.00000000
male Trawl_Bycatch 1984  0.00000000 0.00000000 0.00000000 0.00000000 0.00000000 0.00000000
male Trawl_Bycatch 1985  0.00000000 0.00000000 0.00000000 0.00000000 0.00000000 0.00000000
male Trawl_Bycatch 1986  0.00000000 0.00000000 0.00000000 0.00000000 0.00000000 0.00000000
male Trawl_Bycatch 1987  0.00000000 0.00000000 0.00000000 0.00000000 0.00000000 0.00000000
male Trawl_Bycatch 1988  0.00000000 0.00000000 0.00000000 0.00000000 0.00000000 0.00000000
male Trawl_Bycatch 1989  0.00000000 0.00000000 0.00015756 0.00000000 0.00000000 0.00000000
male Trawl_Bycatch 1990  0.00000000 0.00000000 0.00048102 0.00000000 0.00000000 0.00000000
male Trawl_Bycatch 1991  0.00000000 0.00000000 0.00000000 0.00000000 0.00000000 0.00000000
male Trawl_Bycatch 1992  0.00000000 0.00000000 0.00022222 0.00000000 0.00000000 0.00000000
male Trawl_Bycatch 1993  0.00000000 0.00000000 0.00021780 0.00000000 0.00000000 0.00000000
male Trawl_Bycatch 1994  0.00000000 0.00000000 0.00006586 0.00000000 0.00000000 0.00000000
male Trawl_Bycatch 1995  0.00000000 0.00000000 0.00019753 0.00000000 0.00000000 0.00000000
male Trawl_Bycatch 1996  0.00000000 0.00000000 0.00005726 0.00000000 0.00000000 0.00000000
male Trawl_Bycatch 1997  0.00000000 0.00000000 0.00002114 0.00000000 0.00000000 0.00000000
male Trawl_Bycatch 1998  0.00000000 0.00000000 0.00019202 0.00000000 0.00000000 0.00000000
male Trawl_Bycatch 1999  0.00000000 0.00000000 0.00010752 0.00000000 0.00000000 0.00000000
male Trawl_Bycatch 2000  0.00000000 0.00000000 0.00016943 0.00000000 0.00000000 0.00000000
male Trawl_Bycatch 2001  0.00000000 0.00000000 0.00024920 0.00000000 0.00000000 0.00000000
male Trawl_Bycatch 2002  0.00000000 0.00000000 0.00034544 0.00000000 0.00000000 0.00000000
male Trawl_Bycatch 2003  0.00000000 0.00000000 0.00019255 0.00000000 0.00000000 0.00000000
male Trawl_Bycatch 2004  0.00000000 0.00000000 0.00004581 0.00000000 0.00000000 0.00000000
male Trawl_Bycatch 2005  0.00000000 0.00000000 0.00028188 0.00000000 0.00000000 0.00000000
male Trawl_Bycatch 2006  0.00000000 0.00000000 0.00048762 0.00000000 0.00000000 0.00000000
male Trawl_Bycatch 2007  0.00000000 0.00000000 0.00028972 0.00000000 0.00000000 0.00000000
male Trawl_Bycatch 2008  0.00000000 0.00000000 0.00061681 0.00000000 0.00000000 0.00000000
male Trawl_Bycatch 2009  0.00000000 0.00000000 0.00029596 0.00000000 0.00000000 0.00000000
male Trawl_Bycatch 2010  0.00000000 0.00000000 0.00089785 0.00000000 0.00000000 0.00000000
male Trawl_Bycatch 2011  0.00000000 0.00000000 0.00077121 0.00000000 0.00000000 0.00000000
male Trawl_Bycatch 2012  0.00000000 0.00000000 0.00093935 0.00000000 0.00000000 0.00000000
male Trawl_Bycatch 2013  0.00000000 0.00000000 0.00050437 0.00000000 0.00000000 0.00000000
male Trawl_Bycatch 2014  0.00000000 0.00000000 0.00047059 0.00000000 0.00000000 0.00000000
male Trawl_Bycatch 2015  0.00000000 0.00000000 0.00020368 0.00000000 0.00000000 0.00000000
male Trawl_Bycatch 2016  0.00000000 0.00000000 0.00015609 0.00000000 0.00000000 0.00000000
male Trawl_Bycatch 2017  0.00000000 0.00000000 0.00023467 0.00000000 0.00000000 0.00000000
male Trawl_Bycatch 2018  0.00000000 0.00000000 0.00023259 0.00000000 0.00000000 0.00000000
male Trawl_Bycatch 2019  0.00000000 0.00000000 0.00050598 0.00000000 0.00000000 0.00000000
male Trawl_Bycatch 2020  0.00000000 0.00000000 0.00009695 0.00000000 0.00000000 0.00000000
male Trawl_Bycatch 2021  0.00000000 0.00000000 0.00026305 0.00000000 0.00000000 0.00000000

# Fully-selected_fishing mortality by fleet
# Sex Year Season Fleet Pot_Fishery Trawl_Bycatch 
male 1960 1 0.00000000 0.00000000 
male 1960 2 0.00000000 0.00000000 
male 1960 3 0.00000000 0.00000000 
male 1960 4 0.00000000 0.00000000 
male 1960 5 0.00000000 0.00000000 
male 1960 6 0.00000000 0.00000000 
male 1961 1 0.00000000 0.00000000 
male 1961 2 0.00000000 0.00000000 
male 1961 3 0.00000000 0.00000000 
male 1961 4 0.00000000 0.00000000 
male 1961 5 0.00000000 0.00000000 
male 1961 6 0.00000000 0.00000000 
male 1962 1 0.00000000 0.00000000 
male 1962 2 0.00000000 0.00000000 
male 1962 3 0.00000000 0.00000000 
male 1962 4 0.00000000 0.00000000 
male 1962 5 0.00000000 0.00000000 
male 1962 6 0.00000000 0.00000000 
male 1963 1 0.00000000 0.00000000 
male 1963 2 0.00000000 0.00000000 
male 1963 3 0.00000000 0.00000000 
male 1963 4 0.00000000 0.00000000 
male 1963 5 0.00000000 0.00000000 
male 1963 6 0.00000000 0.00000000 
male 1964 1 0.00000000 0.00000000 
male 1964 2 0.00000000 0.00000000 
male 1964 3 0.00000000 0.00000000 
male 1964 4 0.00000000 0.00000000 
male 1964 5 0.00000000 0.00000000 
male 1964 6 0.00000000 0.00000000 
male 1965 1 0.00000000 0.00000000 
male 1965 2 0.00000000 0.00000000 
male 1965 3 0.00000000 0.00000000 
male 1965 4 0.00000000 0.00000000 
male 1965 5 0.00000000 0.00000000 
male 1965 6 0.00000000 0.00000000 
male 1966 1 0.00000000 0.00000000 
male 1966 2 0.00000000 0.00000000 
male 1966 3 0.00000000 0.00000000 
male 1966 4 0.00000000 0.00000000 
male 1966 5 0.00000000 0.00000000 
male 1966 6 0.00000000 0.00000000 
male 1967 1 0.00000000 0.00000000 
male 1967 2 0.00000000 0.00000000 
male 1967 3 0.00000000 0.00000000 
male 1967 4 0.00000000 0.00000000 
male 1967 5 0.00000000 0.00000000 
male 1967 6 0.00000000 0.00000000 
male 1968 1 0.00000000 0.00000000 
male 1968 2 0.00000000 0.00000000 
male 1968 3 0.00000000 0.00000000 
male 1968 4 0.00000000 0.00000000 
male 1968 5 0.00000000 0.00000000 
male 1968 6 0.00000000 0.00000000 
male 1969 1 0.00000000 0.00000000 
male 1969 2 0.00000000 0.00000000 
male 1969 3 0.00000000 0.00000000 
male 1969 4 0.00000000 0.00000000 
male 1969 5 0.00000000 0.00000000 
male 1969 6 0.00000000 0.00000000 
male 1970 1 0.00000000 0.00000000 
male 1970 2 0.00000000 0.00000000 
male 1970 3 0.00000000 0.00000000 
male 1970 4 0.00000000 0.00000000 
male 1970 5 0.00000000 0.00000000 
male 1970 6 0.00000000 0.00000000 
male 1971 1 0.00000000 0.00000000 
male 1971 2 0.00000000 0.00000000 
male 1971 3 0.00000000 0.00000000 
male 1971 4 0.00000000 0.00000000 
male 1971 5 0.00000000 0.00000000 
male 1971 6 0.00000000 0.00000000 
male 1972 1 0.00000000 0.00000000 
male 1972 2 0.00000000 0.00000000 
male 1972 3 0.00000000 0.00000000 
male 1972 4 0.00000000 0.00000000 
male 1972 5 0.00000000 0.00000000 
male 1972 6 0.00000000 0.00000000 
male 1973 1 0.00000000 0.00000000 
male 1973 2 0.00000000 0.00000000 
male 1973 3 0.00000000 0.00000000 
male 1973 4 0.00000000 0.00000000 
male 1973 5 0.00000000 0.00000000 
male 1973 6 0.00000000 0.00000000 
male 1974 1 0.00000000 0.00000000 
male 1974 2 0.00000000 0.00000000 
male 1974 3 0.00000000 0.00000000 
male 1974 4 0.00000000 0.00000000 
male 1974 5 0.00000000 0.00000000 
male 1974 6 0.00000000 0.00000000 
male 1975 1 0.00000000 0.00000000 
male 1975 2 0.00000000 0.00000000 
male 1975 3 0.00000000 0.00000000 
male 1975 4 0.00000000 0.00000000 
male 1975 5 0.00000000 0.00000000 
male 1975 6 0.00000000 0.00000000 
male 1976 1 0.00000000 0.00000000 
male 1976 2 0.00000000 0.00000000 
male 1976 3 0.00000000 0.00000000 
male 1976 4 0.00000000 0.00000000 
male 1976 5 0.00000000 0.00000000 
male 1976 6 0.00000000 0.00000000 
male 1977 1 0.00000000 0.00000000 
male 1977 2 0.00000000 0.00000000 
male 1977 3 0.00000000 0.00000000 
male 1977 4 0.00000000 0.00000000 
male 1977 5 0.00000000 0.00000000 
male 1977 6 0.00000000 0.00000000 
male 1978 1 0.00000000 0.00000000 
male 1978 2 0.00000000 0.00000000 
male 1978 3 0.00000000 0.00000000 
male 1978 4 0.00000000 0.00000000 
male 1978 5 0.00000000 0.00000000 
male 1978 6 0.00000000 0.00000000 
male 1979 1 0.00000000 0.00000000 
male 1979 2 0.00000000 0.00000000 
male 1979 3 0.00000000 0.00000000 
male 1979 4 0.00000000 0.00000000 
male 1979 5 0.00000000 0.00000000 
male 1979 6 0.00000000 0.00000000 
male 1980 1 0.00000000 0.00000000 
male 1980 2 0.00000000 0.00000000 
male 1980 3 0.00000000 0.00000000 
male 1980 4 0.00000000 0.00000000 
male 1980 5 0.00000000 0.00000000 
male 1980 6 0.00000000 0.00000000 
male 1981 1 0.00000000 0.00000000 
male 1981 2 0.00000000 0.00000000 
male 1981 3 0.04169241 0.00000000 
male 1981 4 0.00000000 0.00000000 
male 1981 5 0.00000000 0.00000000 
male 1981 6 0.00000000 0.00000000 
male 1982 1 0.00000000 0.00000000 
male 1982 2 0.00000000 0.00000000 
male 1982 3 0.11854715 0.00000000 
male 1982 4 0.00000000 0.00000000 
male 1982 5 0.00000000 0.00000000 
male 1982 6 0.00000000 0.00000000 
male 1983 1 0.00000000 0.00000000 
male 1983 2 0.00000000 0.00000000 
male 1983 3 0.16665843 0.00000000 
male 1983 4 0.00000000 0.00000000 
male 1983 5 0.00000000 0.00000000 
male 1983 6 0.00000000 0.00000000 
male 1984 1 0.00000000 0.00000000 
male 1984 2 0.00000000 0.00000000 
male 1984 3 0.22209556 0.00000000 
male 1984 4 0.00000000 0.00000000 
male 1984 5 0.00000000 0.00000000 
male 1984 6 0.00000000 0.00000000 
male 1985 1 0.00000000 0.00000000 
male 1985 2 0.00000000 0.00000000 
male 1985 3 0.37663366 0.00000000 
male 1985 4 0.00000000 0.00000000 
male 1985 5 0.00000000 0.00000000 
male 1985 6 0.00000000 0.00000000 
male 1986 1 0.00000000 0.00000000 
male 1986 2 0.00000000 0.00000000 
male 1986 3 0.52217408 0.00000000 
male 1986 4 0.00000000 0.00000000 
male 1986 5 0.00000000 0.00000000 
male 1986 6 0.00000000 0.00000000 
male 1987 1 0.00000000 0.00000000 
male 1987 2 0.00000000 0.00000000 
male 1987 3 0.42572448 0.00000000 
male 1987 4 0.00000000 0.00000000 
male 1987 5 0.00000000 0.00000000 
male 1987 6 0.00000000 0.00000000 
male 1988 1 0.00000000 0.00000000 
male 1988 2 0.00000000 0.00000000 
male 1988 3 0.74489931 0.00000000 
male 1988 4 0.00000000 0.00000000 
male 1988 5 0.00000000 0.00000000 
male 1988 6 0.00000000 0.00000000 
male 1989 1 0.00000000 0.00000000 
male 1989 2 0.00000000 0.00000000 
male 1989 3 1.20131211 0.00015756 
male 1989 4 0.00000000 0.00000000 
male 1989 5 0.00000000 0.00000000 
male 1989 6 0.00000000 0.00000000 
male 1990 1 0.00000000 0.00000000 
male 1990 2 0.00000000 0.00000000 
male 1990 3 0.63468278 0.00048102 
male 1990 4 0.00000000 0.00000000 
male 1990 5 0.00000000 0.00000000 
male 1990 6 0.00000000 0.00000000 
male 1991 1 0.00000000 0.00000000 
male 1991 2 0.00000000 0.00000000 
male 1991 3 0.76182769 0.00000000 
male 1991 4 0.00000000 0.00000000 
male 1991 5 0.00000000 0.00000000 
male 1991 6 0.00000000 0.00000000 
male 1992 1 0.00000000 0.00000000 
male 1992 2 0.00000000 0.00000000 
male 1992 3 0.81178403 0.00022222 
male 1992 4 0.00000000 0.00000000 
male 1992 5 0.00000000 0.00000000 
male 1992 6 0.00000000 0.00000000 
male 1993 1 0.00000000 0.00000000 
male 1993 2 0.00000000 0.00000000 
male 1993 3 0.50659988 0.00021780 
male 1993 4 0.00000000 0.00000000 
male 1993 5 0.00000000 0.00000000 
male 1993 6 0.00000000 0.00000000 
male 1994 1 0.00000000 0.00000000 
male 1994 2 0.00000000 0.00000000 
male 1994 3 0.66440178 0.00006586 
male 1994 4 0.00000000 0.00000000 
male 1994 5 0.00000000 0.00000000 
male 1994 6 0.00000000 0.00000000 
male 1995 1 0.00000000 0.00000000 
male 1995 2 0.00000000 0.00000000 
male 1995 3 0.81096944 0.00019753 
male 1995 4 0.00000000 0.00000000 
male 1995 5 0.00000000 0.00000000 
male 1995 6 0.00000000 0.00000000 
male 1996 1 0.00000000 0.00000000 
male 1996 2 0.00000000 0.00000000 
male 1996 3 0.60820960 0.00005726 
male 1996 4 0.00000000 0.00000000 
male 1996 5 0.00000000 0.00000000 
male 1996 6 0.00000000 0.00000000 
male 1997 1 0.00000000 0.00000000 
male 1997 2 0.00000000 0.00000000 
male 1997 3 0.55658473 0.00002114 
male 1997 4 0.00000000 0.00000000 
male 1997 5 0.00000000 0.00000000 
male 1997 6 0.00000000 0.00000000 
male 1998 1 0.00000000 0.00000000 
male 1998 2 0.00000000 0.00000000 
male 1998 3 0.51266316 0.00019202 
male 1998 4 0.00000000 0.00000000 
male 1998 5 0.00000000 0.00000000 
male 1998 6 0.00000000 0.00000000 
male 1999 1 0.00000000 0.00000000 
male 1999 2 0.00000000 0.00000000 
male 1999 3 0.41776083 0.00010752 
male 1999 4 0.00000000 0.00000000 
male 1999 5 0.00000000 0.00000000 
male 1999 6 0.00000000 0.00000000 
male 2000 1 0.00000000 0.00000000 
male 2000 2 0.00000000 0.00000000 
male 2000 3 0.36260832 0.00016943 
male 2000 4 0.00000000 0.00000000 
male 2000 5 0.00000000 0.00000000 
male 2000 6 0.00000000 0.00000000 
male 2001 1 0.00000000 0.00000000 
male 2001 2 0.00000000 0.00000000 
male 2001 3 0.31950170 0.00024920 
male 2001 4 0.00000000 0.00000000 
male 2001 5 0.00000000 0.00000000 
male 2001 6 0.00000000 0.00000000 
male 2002 1 0.00000000 0.00000000 
male 2002 2 0.00000000 0.00000000 
male 2002 3 0.25358762 0.00034544 
male 2002 4 0.00000000 0.00000000 
male 2002 5 0.00000000 0.00000000 
male 2002 6 0.00000000 0.00000000 
male 2003 1 0.00000000 0.00000000 
male 2003 2 0.00000000 0.00000000 
male 2003 3 0.25107566 0.00019255 
male 2003 4 0.00000000 0.00000000 
male 2003 5 0.00000000 0.00000000 
male 2003 6 0.00000000 0.00000000 
male 2004 1 0.00000000 0.00000000 
male 2004 2 0.00000000 0.00000000 
male 2004 3 0.23896590 0.00004581 
male 2004 4 0.00000000 0.00000000 
male 2004 5 0.00000000 0.00000000 
male 2004 6 0.00000000 0.00000000 
male 2005 1 0.00000000 0.00000000 
male 2005 2 0.00000000 0.00000000 
male 2005 3 0.26982363 0.00028188 
male 2005 4 0.00000000 0.00000000 
male 2005 5 0.00000000 0.00000000 
male 2005 6 0.00000000 0.00000000 
male 2006 1 0.00000000 0.00000000 
male 2006 2 0.00000000 0.00000000 
male 2006 3 0.30077796 0.00048762 
male 2006 4 0.00000000 0.00000000 
male 2006 5 0.00000000 0.00000000 
male 2006 6 0.00000000 0.00000000 
male 2007 1 0.00000000 0.00000000 
male 2007 2 0.00000000 0.00000000 
male 2007 3 0.28696259 0.00028972 
male 2007 4 0.00000000 0.00000000 
male 2007 5 0.00000000 0.00000000 
male 2007 6 0.00000000 0.00000000 
male 2008 1 0.00000000 0.00000000 
male 2008 2 0.00000000 0.00000000 
male 2008 3 0.29365225 0.00061681 
male 2008 4 0.00000000 0.00000000 
male 2008 5 0.00000000 0.00000000 
male 2008 6 0.00000000 0.00000000 
male 2009 1 0.00000000 0.00000000 
male 2009 2 0.00000000 0.00000000 
male 2009 3 0.29998050 0.00029596 
male 2009 4 0.00000000 0.00000000 
male 2009 5 0.00000000 0.00000000 
male 2009 6 0.00000000 0.00000000 
male 2010 1 0.00000000 0.00000000 
male 2010 2 0.00000000 0.00000000 
male 2010 3 0.28623778 0.00089785 
male 2010 4 0.00000000 0.00000000 
male 2010 5 0.00000000 0.00000000 
male 2010 6 0.00000000 0.00000000 
male 2011 1 0.00000000 0.00000000 
male 2011 2 0.00000000 0.00000000 
male 2011 3 0.28673257 0.00077121 
male 2011 4 0.00000000 0.00000000 
male 2011 5 0.00000000 0.00000000 
male 2011 6 0.00000000 0.00000000 
male 2012 1 0.00000000 0.00000000 
male 2012 2 0.00000000 0.00000000 
male 2012 3 0.30421517 0.00093935 
male 2012 4 0.00000000 0.00000000 
male 2012 5 0.00000000 0.00000000 
male 2012 6 0.00000000 0.00000000 
male 2013 1 0.00000000 0.00000000 
male 2013 2 0.00000000 0.00000000 
male 2013 3 0.32916463 0.00050437 
male 2013 4 0.00000000 0.00000000 
male 2013 5 0.00000000 0.00000000 
male 2013 6 0.00000000 0.00000000 
male 2014 1 0.00000000 0.00000000 
male 2014 2 0.00000000 0.00000000 
male 2014 3 0.35307166 0.00047059 
male 2014 4 0.00000000 0.00000000 
male 2014 5 0.00000000 0.00000000 
male 2014 6 0.00000000 0.00000000 
male 2015 1 0.00000000 0.00000000 
male 2015 2 0.00000000 0.00000000 
male 2015 3 0.41949440 0.00020368 
male 2015 4 0.00000000 0.00000000 
male 2015 5 0.00000000 0.00000000 
male 2015 6 0.00000000 0.00000000 
male 2016 1 0.00000000 0.00000000 
male 2016 2 0.00000000 0.00000000 
male 2016 3 0.45925165 0.00015609 
male 2016 4 0.00000000 0.00000000 
male 2016 5 0.00000000 0.00000000 
male 2016 6 0.00000000 0.00000000 
male 2017 1 0.00000000 0.00000000 
male 2017 2 0.00000000 0.00000000 
male 2017 3 0.44167815 0.00023467 
male 2017 4 0.00000000 0.00000000 
male 2017 5 0.00000000 0.00000000 
male 2017 6 0.00000000 0.00000000 
male 2018 1 0.00000000 0.00000000 
male 2018 2 0.00000000 0.00000000 
male 2018 3 0.47570311 0.00023259 
male 2018 4 0.00000000 0.00000000 
male 2018 5 0.00000000 0.00000000 
male 2018 6 0.00000000 0.00000000 
male 2019 1 0.00000000 0.00000000 
male 2019 2 0.00000000 0.00000000 
male 2019 3 0.49460548 0.00050598 
male 2019 4 0.00000000 0.00000000 
male 2019 5 0.00000000 0.00000000 
male 2019 6 0.00000000 0.00000000 
male 2020 1 0.00000000 0.00000000 
male 2020 2 0.00000000 0.00000000 
male 2020 3 0.37534035 0.00009695 
male 2020 4 0.00000000 0.00000000 
male 2020 5 0.00000000 0.00000000 
male 2020 6 0.00000000 0.00000000 
male 2021 1 0.00000000 0.00000000 
male 2021 2 0.00000000 0.00000000 
male 2021 3 0.34878556 0.00026305 
male 2021 4 0.00000000 0.00000000 
male 2021 5 0.00000000 0.00000000 
male 2021 6 0.00000000 0.00000000 

# Fishing mortality-at-size by sex and season (Continuous)
# Sex Year Season 1 2 3 4 5 6 7 8 9 10 11 12 13 14 15 16 17 
male 1960 1  0.00000000 0.00000000 0.00000000 0.00000000 0.00000000 0.00000000 0.00000000 0.00000000 0.00000000 0.00000000 0.00000000 0.00000000 0.00000000 0.00000000 0.00000000 0.00000000 0.00000000
male 1960 2  0.00000000 0.00000000 0.00000000 0.00000000 0.00000000 0.00000000 0.00000000 0.00000000 0.00000000 0.00000000 0.00000000 0.00000000 0.00000000 0.00000000 0.00000000 0.00000000 0.00000000
male 1960 3  0.00000000 0.00000000 0.00000000 0.00000000 0.00000000 0.00000000 0.00000000 0.00000000 0.00000000 0.00000000 0.00000000 0.00000000 0.00000000 0.00000000 0.00000000 0.00000000 0.00000000
male 1960 4  0.00000000 0.00000000 0.00000000 0.00000000 0.00000000 0.00000000 0.00000000 0.00000000 0.00000000 0.00000000 0.00000000 0.00000000 0.00000000 0.00000000 0.00000000 0.00000000 0.00000000
male 1960 5  0.00000000 0.00000000 0.00000000 0.00000000 0.00000000 0.00000000 0.00000000 0.00000000 0.00000000 0.00000000 0.00000000 0.00000000 0.00000000 0.00000000 0.00000000 0.00000000 0.00000000
male 1960 6  0.00000000 0.00000000 0.00000000 0.00000000 0.00000000 0.00000000 0.00000000 0.00000000 0.00000000 0.00000000 0.00000000 0.00000000 0.00000000 0.00000000 0.00000000 0.00000000 0.00000000
male 1961 1  0.00000000 0.00000000 0.00000000 0.00000000 0.00000000 0.00000000 0.00000000 0.00000000 0.00000000 0.00000000 0.00000000 0.00000000 0.00000000 0.00000000 0.00000000 0.00000000 0.00000000
male 1961 2  0.00000000 0.00000000 0.00000000 0.00000000 0.00000000 0.00000000 0.00000000 0.00000000 0.00000000 0.00000000 0.00000000 0.00000000 0.00000000 0.00000000 0.00000000 0.00000000 0.00000000
male 1961 3  0.00000000 0.00000000 0.00000000 0.00000000 0.00000000 0.00000000 0.00000000 0.00000000 0.00000000 0.00000000 0.00000000 0.00000000 0.00000000 0.00000000 0.00000000 0.00000000 0.00000000
male 1961 4  0.00000000 0.00000000 0.00000000 0.00000000 0.00000000 0.00000000 0.00000000 0.00000000 0.00000000 0.00000000 0.00000000 0.00000000 0.00000000 0.00000000 0.00000000 0.00000000 0.00000000
male 1961 5  0.00000000 0.00000000 0.00000000 0.00000000 0.00000000 0.00000000 0.00000000 0.00000000 0.00000000 0.00000000 0.00000000 0.00000000 0.00000000 0.00000000 0.00000000 0.00000000 0.00000000
male 1961 6  0.00000000 0.00000000 0.00000000 0.00000000 0.00000000 0.00000000 0.00000000 0.00000000 0.00000000 0.00000000 0.00000000 0.00000000 0.00000000 0.00000000 0.00000000 0.00000000 0.00000000
male 1962 1  0.00000000 0.00000000 0.00000000 0.00000000 0.00000000 0.00000000 0.00000000 0.00000000 0.00000000 0.00000000 0.00000000 0.00000000 0.00000000 0.00000000 0.00000000 0.00000000 0.00000000
male 1962 2  0.00000000 0.00000000 0.00000000 0.00000000 0.00000000 0.00000000 0.00000000 0.00000000 0.00000000 0.00000000 0.00000000 0.00000000 0.00000000 0.00000000 0.00000000 0.00000000 0.00000000
male 1962 3  0.00000000 0.00000000 0.00000000 0.00000000 0.00000000 0.00000000 0.00000000 0.00000000 0.00000000 0.00000000 0.00000000 0.00000000 0.00000000 0.00000000 0.00000000 0.00000000 0.00000000
male 1962 4  0.00000000 0.00000000 0.00000000 0.00000000 0.00000000 0.00000000 0.00000000 0.00000000 0.00000000 0.00000000 0.00000000 0.00000000 0.00000000 0.00000000 0.00000000 0.00000000 0.00000000
male 1962 5  0.00000000 0.00000000 0.00000000 0.00000000 0.00000000 0.00000000 0.00000000 0.00000000 0.00000000 0.00000000 0.00000000 0.00000000 0.00000000 0.00000000 0.00000000 0.00000000 0.00000000
male 1962 6  0.00000000 0.00000000 0.00000000 0.00000000 0.00000000 0.00000000 0.00000000 0.00000000 0.00000000 0.00000000 0.00000000 0.00000000 0.00000000 0.00000000 0.00000000 0.00000000 0.00000000
male 1963 1  0.00000000 0.00000000 0.00000000 0.00000000 0.00000000 0.00000000 0.00000000 0.00000000 0.00000000 0.00000000 0.00000000 0.00000000 0.00000000 0.00000000 0.00000000 0.00000000 0.00000000
male 1963 2  0.00000000 0.00000000 0.00000000 0.00000000 0.00000000 0.00000000 0.00000000 0.00000000 0.00000000 0.00000000 0.00000000 0.00000000 0.00000000 0.00000000 0.00000000 0.00000000 0.00000000
male 1963 3  0.00000000 0.00000000 0.00000000 0.00000000 0.00000000 0.00000000 0.00000000 0.00000000 0.00000000 0.00000000 0.00000000 0.00000000 0.00000000 0.00000000 0.00000000 0.00000000 0.00000000
male 1963 4  0.00000000 0.00000000 0.00000000 0.00000000 0.00000000 0.00000000 0.00000000 0.00000000 0.00000000 0.00000000 0.00000000 0.00000000 0.00000000 0.00000000 0.00000000 0.00000000 0.00000000
male 1963 5  0.00000000 0.00000000 0.00000000 0.00000000 0.00000000 0.00000000 0.00000000 0.00000000 0.00000000 0.00000000 0.00000000 0.00000000 0.00000000 0.00000000 0.00000000 0.00000000 0.00000000
male 1963 6  0.00000000 0.00000000 0.00000000 0.00000000 0.00000000 0.00000000 0.00000000 0.00000000 0.00000000 0.00000000 0.00000000 0.00000000 0.00000000 0.00000000 0.00000000 0.00000000 0.00000000
male 1964 1  0.00000000 0.00000000 0.00000000 0.00000000 0.00000000 0.00000000 0.00000000 0.00000000 0.00000000 0.00000000 0.00000000 0.00000000 0.00000000 0.00000000 0.00000000 0.00000000 0.00000000
male 1964 2  0.00000000 0.00000000 0.00000000 0.00000000 0.00000000 0.00000000 0.00000000 0.00000000 0.00000000 0.00000000 0.00000000 0.00000000 0.00000000 0.00000000 0.00000000 0.00000000 0.00000000
male 1964 3  0.00000000 0.00000000 0.00000000 0.00000000 0.00000000 0.00000000 0.00000000 0.00000000 0.00000000 0.00000000 0.00000000 0.00000000 0.00000000 0.00000000 0.00000000 0.00000000 0.00000000
male 1964 4  0.00000000 0.00000000 0.00000000 0.00000000 0.00000000 0.00000000 0.00000000 0.00000000 0.00000000 0.00000000 0.00000000 0.00000000 0.00000000 0.00000000 0.00000000 0.00000000 0.00000000
male 1964 5  0.00000000 0.00000000 0.00000000 0.00000000 0.00000000 0.00000000 0.00000000 0.00000000 0.00000000 0.00000000 0.00000000 0.00000000 0.00000000 0.00000000 0.00000000 0.00000000 0.00000000
male 1964 6  0.00000000 0.00000000 0.00000000 0.00000000 0.00000000 0.00000000 0.00000000 0.00000000 0.00000000 0.00000000 0.00000000 0.00000000 0.00000000 0.00000000 0.00000000 0.00000000 0.00000000
male 1965 1  0.00000000 0.00000000 0.00000000 0.00000000 0.00000000 0.00000000 0.00000000 0.00000000 0.00000000 0.00000000 0.00000000 0.00000000 0.00000000 0.00000000 0.00000000 0.00000000 0.00000000
male 1965 2  0.00000000 0.00000000 0.00000000 0.00000000 0.00000000 0.00000000 0.00000000 0.00000000 0.00000000 0.00000000 0.00000000 0.00000000 0.00000000 0.00000000 0.00000000 0.00000000 0.00000000
male 1965 3  0.00000000 0.00000000 0.00000000 0.00000000 0.00000000 0.00000000 0.00000000 0.00000000 0.00000000 0.00000000 0.00000000 0.00000000 0.00000000 0.00000000 0.00000000 0.00000000 0.00000000
male 1965 4  0.00000000 0.00000000 0.00000000 0.00000000 0.00000000 0.00000000 0.00000000 0.00000000 0.00000000 0.00000000 0.00000000 0.00000000 0.00000000 0.00000000 0.00000000 0.00000000 0.00000000
male 1965 5  0.00000000 0.00000000 0.00000000 0.00000000 0.00000000 0.00000000 0.00000000 0.00000000 0.00000000 0.00000000 0.00000000 0.00000000 0.00000000 0.00000000 0.00000000 0.00000000 0.00000000
male 1965 6  0.00000000 0.00000000 0.00000000 0.00000000 0.00000000 0.00000000 0.00000000 0.00000000 0.00000000 0.00000000 0.00000000 0.00000000 0.00000000 0.00000000 0.00000000 0.00000000 0.00000000
male 1966 1  0.00000000 0.00000000 0.00000000 0.00000000 0.00000000 0.00000000 0.00000000 0.00000000 0.00000000 0.00000000 0.00000000 0.00000000 0.00000000 0.00000000 0.00000000 0.00000000 0.00000000
male 1966 2  0.00000000 0.00000000 0.00000000 0.00000000 0.00000000 0.00000000 0.00000000 0.00000000 0.00000000 0.00000000 0.00000000 0.00000000 0.00000000 0.00000000 0.00000000 0.00000000 0.00000000
male 1966 3  0.00000000 0.00000000 0.00000000 0.00000000 0.00000000 0.00000000 0.00000000 0.00000000 0.00000000 0.00000000 0.00000000 0.00000000 0.00000000 0.00000000 0.00000000 0.00000000 0.00000000
male 1966 4  0.00000000 0.00000000 0.00000000 0.00000000 0.00000000 0.00000000 0.00000000 0.00000000 0.00000000 0.00000000 0.00000000 0.00000000 0.00000000 0.00000000 0.00000000 0.00000000 0.00000000
male 1966 5  0.00000000 0.00000000 0.00000000 0.00000000 0.00000000 0.00000000 0.00000000 0.00000000 0.00000000 0.00000000 0.00000000 0.00000000 0.00000000 0.00000000 0.00000000 0.00000000 0.00000000
male 1966 6  0.00000000 0.00000000 0.00000000 0.00000000 0.00000000 0.00000000 0.00000000 0.00000000 0.00000000 0.00000000 0.00000000 0.00000000 0.00000000 0.00000000 0.00000000 0.00000000 0.00000000
male 1967 1  0.00000000 0.00000000 0.00000000 0.00000000 0.00000000 0.00000000 0.00000000 0.00000000 0.00000000 0.00000000 0.00000000 0.00000000 0.00000000 0.00000000 0.00000000 0.00000000 0.00000000
male 1967 2  0.00000000 0.00000000 0.00000000 0.00000000 0.00000000 0.00000000 0.00000000 0.00000000 0.00000000 0.00000000 0.00000000 0.00000000 0.00000000 0.00000000 0.00000000 0.00000000 0.00000000
male 1967 3  0.00000000 0.00000000 0.00000000 0.00000000 0.00000000 0.00000000 0.00000000 0.00000000 0.00000000 0.00000000 0.00000000 0.00000000 0.00000000 0.00000000 0.00000000 0.00000000 0.00000000
male 1967 4  0.00000000 0.00000000 0.00000000 0.00000000 0.00000000 0.00000000 0.00000000 0.00000000 0.00000000 0.00000000 0.00000000 0.00000000 0.00000000 0.00000000 0.00000000 0.00000000 0.00000000
male 1967 5  0.00000000 0.00000000 0.00000000 0.00000000 0.00000000 0.00000000 0.00000000 0.00000000 0.00000000 0.00000000 0.00000000 0.00000000 0.00000000 0.00000000 0.00000000 0.00000000 0.00000000
male 1967 6  0.00000000 0.00000000 0.00000000 0.00000000 0.00000000 0.00000000 0.00000000 0.00000000 0.00000000 0.00000000 0.00000000 0.00000000 0.00000000 0.00000000 0.00000000 0.00000000 0.00000000
male 1968 1  0.00000000 0.00000000 0.00000000 0.00000000 0.00000000 0.00000000 0.00000000 0.00000000 0.00000000 0.00000000 0.00000000 0.00000000 0.00000000 0.00000000 0.00000000 0.00000000 0.00000000
male 1968 2  0.00000000 0.00000000 0.00000000 0.00000000 0.00000000 0.00000000 0.00000000 0.00000000 0.00000000 0.00000000 0.00000000 0.00000000 0.00000000 0.00000000 0.00000000 0.00000000 0.00000000
male 1968 3  0.00000000 0.00000000 0.00000000 0.00000000 0.00000000 0.00000000 0.00000000 0.00000000 0.00000000 0.00000000 0.00000000 0.00000000 0.00000000 0.00000000 0.00000000 0.00000000 0.00000000
male 1968 4  0.00000000 0.00000000 0.00000000 0.00000000 0.00000000 0.00000000 0.00000000 0.00000000 0.00000000 0.00000000 0.00000000 0.00000000 0.00000000 0.00000000 0.00000000 0.00000000 0.00000000
male 1968 5  0.00000000 0.00000000 0.00000000 0.00000000 0.00000000 0.00000000 0.00000000 0.00000000 0.00000000 0.00000000 0.00000000 0.00000000 0.00000000 0.00000000 0.00000000 0.00000000 0.00000000
male 1968 6  0.00000000 0.00000000 0.00000000 0.00000000 0.00000000 0.00000000 0.00000000 0.00000000 0.00000000 0.00000000 0.00000000 0.00000000 0.00000000 0.00000000 0.00000000 0.00000000 0.00000000
male 1969 1  0.00000000 0.00000000 0.00000000 0.00000000 0.00000000 0.00000000 0.00000000 0.00000000 0.00000000 0.00000000 0.00000000 0.00000000 0.00000000 0.00000000 0.00000000 0.00000000 0.00000000
male 1969 2  0.00000000 0.00000000 0.00000000 0.00000000 0.00000000 0.00000000 0.00000000 0.00000000 0.00000000 0.00000000 0.00000000 0.00000000 0.00000000 0.00000000 0.00000000 0.00000000 0.00000000
male 1969 3  0.00000000 0.00000000 0.00000000 0.00000000 0.00000000 0.00000000 0.00000000 0.00000000 0.00000000 0.00000000 0.00000000 0.00000000 0.00000000 0.00000000 0.00000000 0.00000000 0.00000000
male 1969 4  0.00000000 0.00000000 0.00000000 0.00000000 0.00000000 0.00000000 0.00000000 0.00000000 0.00000000 0.00000000 0.00000000 0.00000000 0.00000000 0.00000000 0.00000000 0.00000000 0.00000000
male 1969 5  0.00000000 0.00000000 0.00000000 0.00000000 0.00000000 0.00000000 0.00000000 0.00000000 0.00000000 0.00000000 0.00000000 0.00000000 0.00000000 0.00000000 0.00000000 0.00000000 0.00000000
male 1969 6  0.00000000 0.00000000 0.00000000 0.00000000 0.00000000 0.00000000 0.00000000 0.00000000 0.00000000 0.00000000 0.00000000 0.00000000 0.00000000 0.00000000 0.00000000 0.00000000 0.00000000
male 1970 1  0.00000000 0.00000000 0.00000000 0.00000000 0.00000000 0.00000000 0.00000000 0.00000000 0.00000000 0.00000000 0.00000000 0.00000000 0.00000000 0.00000000 0.00000000 0.00000000 0.00000000
male 1970 2  0.00000000 0.00000000 0.00000000 0.00000000 0.00000000 0.00000000 0.00000000 0.00000000 0.00000000 0.00000000 0.00000000 0.00000000 0.00000000 0.00000000 0.00000000 0.00000000 0.00000000
male 1970 3  0.00000000 0.00000000 0.00000000 0.00000000 0.00000000 0.00000000 0.00000000 0.00000000 0.00000000 0.00000000 0.00000000 0.00000000 0.00000000 0.00000000 0.00000000 0.00000000 0.00000000
male 1970 4  0.00000000 0.00000000 0.00000000 0.00000000 0.00000000 0.00000000 0.00000000 0.00000000 0.00000000 0.00000000 0.00000000 0.00000000 0.00000000 0.00000000 0.00000000 0.00000000 0.00000000
male 1970 5  0.00000000 0.00000000 0.00000000 0.00000000 0.00000000 0.00000000 0.00000000 0.00000000 0.00000000 0.00000000 0.00000000 0.00000000 0.00000000 0.00000000 0.00000000 0.00000000 0.00000000
male 1970 6  0.00000000 0.00000000 0.00000000 0.00000000 0.00000000 0.00000000 0.00000000 0.00000000 0.00000000 0.00000000 0.00000000 0.00000000 0.00000000 0.00000000 0.00000000 0.00000000 0.00000000
male 1971 1  0.00000000 0.00000000 0.00000000 0.00000000 0.00000000 0.00000000 0.00000000 0.00000000 0.00000000 0.00000000 0.00000000 0.00000000 0.00000000 0.00000000 0.00000000 0.00000000 0.00000000
male 1971 2  0.00000000 0.00000000 0.00000000 0.00000000 0.00000000 0.00000000 0.00000000 0.00000000 0.00000000 0.00000000 0.00000000 0.00000000 0.00000000 0.00000000 0.00000000 0.00000000 0.00000000
male 1971 3  0.00000000 0.00000000 0.00000000 0.00000000 0.00000000 0.00000000 0.00000000 0.00000000 0.00000000 0.00000000 0.00000000 0.00000000 0.00000000 0.00000000 0.00000000 0.00000000 0.00000000
male 1971 4  0.00000000 0.00000000 0.00000000 0.00000000 0.00000000 0.00000000 0.00000000 0.00000000 0.00000000 0.00000000 0.00000000 0.00000000 0.00000000 0.00000000 0.00000000 0.00000000 0.00000000
male 1971 5  0.00000000 0.00000000 0.00000000 0.00000000 0.00000000 0.00000000 0.00000000 0.00000000 0.00000000 0.00000000 0.00000000 0.00000000 0.00000000 0.00000000 0.00000000 0.00000000 0.00000000
male 1971 6  0.00000000 0.00000000 0.00000000 0.00000000 0.00000000 0.00000000 0.00000000 0.00000000 0.00000000 0.00000000 0.00000000 0.00000000 0.00000000 0.00000000 0.00000000 0.00000000 0.00000000
male 1972 1  0.00000000 0.00000000 0.00000000 0.00000000 0.00000000 0.00000000 0.00000000 0.00000000 0.00000000 0.00000000 0.00000000 0.00000000 0.00000000 0.00000000 0.00000000 0.00000000 0.00000000
male 1972 2  0.00000000 0.00000000 0.00000000 0.00000000 0.00000000 0.00000000 0.00000000 0.00000000 0.00000000 0.00000000 0.00000000 0.00000000 0.00000000 0.00000000 0.00000000 0.00000000 0.00000000
male 1972 3  0.00000000 0.00000000 0.00000000 0.00000000 0.00000000 0.00000000 0.00000000 0.00000000 0.00000000 0.00000000 0.00000000 0.00000000 0.00000000 0.00000000 0.00000000 0.00000000 0.00000000
male 1972 4  0.00000000 0.00000000 0.00000000 0.00000000 0.00000000 0.00000000 0.00000000 0.00000000 0.00000000 0.00000000 0.00000000 0.00000000 0.00000000 0.00000000 0.00000000 0.00000000 0.00000000
male 1972 5  0.00000000 0.00000000 0.00000000 0.00000000 0.00000000 0.00000000 0.00000000 0.00000000 0.00000000 0.00000000 0.00000000 0.00000000 0.00000000 0.00000000 0.00000000 0.00000000 0.00000000
male 1972 6  0.00000000 0.00000000 0.00000000 0.00000000 0.00000000 0.00000000 0.00000000 0.00000000 0.00000000 0.00000000 0.00000000 0.00000000 0.00000000 0.00000000 0.00000000 0.00000000 0.00000000
male 1973 1  0.00000000 0.00000000 0.00000000 0.00000000 0.00000000 0.00000000 0.00000000 0.00000000 0.00000000 0.00000000 0.00000000 0.00000000 0.00000000 0.00000000 0.00000000 0.00000000 0.00000000
male 1973 2  0.00000000 0.00000000 0.00000000 0.00000000 0.00000000 0.00000000 0.00000000 0.00000000 0.00000000 0.00000000 0.00000000 0.00000000 0.00000000 0.00000000 0.00000000 0.00000000 0.00000000
male 1973 3  0.00000000 0.00000000 0.00000000 0.00000000 0.00000000 0.00000000 0.00000000 0.00000000 0.00000000 0.00000000 0.00000000 0.00000000 0.00000000 0.00000000 0.00000000 0.00000000 0.00000000
male 1973 4  0.00000000 0.00000000 0.00000000 0.00000000 0.00000000 0.00000000 0.00000000 0.00000000 0.00000000 0.00000000 0.00000000 0.00000000 0.00000000 0.00000000 0.00000000 0.00000000 0.00000000
male 1973 5  0.00000000 0.00000000 0.00000000 0.00000000 0.00000000 0.00000000 0.00000000 0.00000000 0.00000000 0.00000000 0.00000000 0.00000000 0.00000000 0.00000000 0.00000000 0.00000000 0.00000000
male 1973 6  0.00000000 0.00000000 0.00000000 0.00000000 0.00000000 0.00000000 0.00000000 0.00000000 0.00000000 0.00000000 0.00000000 0.00000000 0.00000000 0.00000000 0.00000000 0.00000000 0.00000000
male 1974 1  0.00000000 0.00000000 0.00000000 0.00000000 0.00000000 0.00000000 0.00000000 0.00000000 0.00000000 0.00000000 0.00000000 0.00000000 0.00000000 0.00000000 0.00000000 0.00000000 0.00000000
male 1974 2  0.00000000 0.00000000 0.00000000 0.00000000 0.00000000 0.00000000 0.00000000 0.00000000 0.00000000 0.00000000 0.00000000 0.00000000 0.00000000 0.00000000 0.00000000 0.00000000 0.00000000
male 1974 3  0.00000000 0.00000000 0.00000000 0.00000000 0.00000000 0.00000000 0.00000000 0.00000000 0.00000000 0.00000000 0.00000000 0.00000000 0.00000000 0.00000000 0.00000000 0.00000000 0.00000000
male 1974 4  0.00000000 0.00000000 0.00000000 0.00000000 0.00000000 0.00000000 0.00000000 0.00000000 0.00000000 0.00000000 0.00000000 0.00000000 0.00000000 0.00000000 0.00000000 0.00000000 0.00000000
male 1974 5  0.00000000 0.00000000 0.00000000 0.00000000 0.00000000 0.00000000 0.00000000 0.00000000 0.00000000 0.00000000 0.00000000 0.00000000 0.00000000 0.00000000 0.00000000 0.00000000 0.00000000
male 1974 6  0.00000000 0.00000000 0.00000000 0.00000000 0.00000000 0.00000000 0.00000000 0.00000000 0.00000000 0.00000000 0.00000000 0.00000000 0.00000000 0.00000000 0.00000000 0.00000000 0.00000000
male 1975 1  0.00000000 0.00000000 0.00000000 0.00000000 0.00000000 0.00000000 0.00000000 0.00000000 0.00000000 0.00000000 0.00000000 0.00000000 0.00000000 0.00000000 0.00000000 0.00000000 0.00000000
male 1975 2  0.00000000 0.00000000 0.00000000 0.00000000 0.00000000 0.00000000 0.00000000 0.00000000 0.00000000 0.00000000 0.00000000 0.00000000 0.00000000 0.00000000 0.00000000 0.00000000 0.00000000
male 1975 3  0.00000000 0.00000000 0.00000000 0.00000000 0.00000000 0.00000000 0.00000000 0.00000000 0.00000000 0.00000000 0.00000000 0.00000000 0.00000000 0.00000000 0.00000000 0.00000000 0.00000000
male 1975 4  0.00000000 0.00000000 0.00000000 0.00000000 0.00000000 0.00000000 0.00000000 0.00000000 0.00000000 0.00000000 0.00000000 0.00000000 0.00000000 0.00000000 0.00000000 0.00000000 0.00000000
male 1975 5  0.00000000 0.00000000 0.00000000 0.00000000 0.00000000 0.00000000 0.00000000 0.00000000 0.00000000 0.00000000 0.00000000 0.00000000 0.00000000 0.00000000 0.00000000 0.00000000 0.00000000
male 1975 6  0.00000000 0.00000000 0.00000000 0.00000000 0.00000000 0.00000000 0.00000000 0.00000000 0.00000000 0.00000000 0.00000000 0.00000000 0.00000000 0.00000000 0.00000000 0.00000000 0.00000000
male 1976 1  0.00000000 0.00000000 0.00000000 0.00000000 0.00000000 0.00000000 0.00000000 0.00000000 0.00000000 0.00000000 0.00000000 0.00000000 0.00000000 0.00000000 0.00000000 0.00000000 0.00000000
male 1976 2  0.00000000 0.00000000 0.00000000 0.00000000 0.00000000 0.00000000 0.00000000 0.00000000 0.00000000 0.00000000 0.00000000 0.00000000 0.00000000 0.00000000 0.00000000 0.00000000 0.00000000
male 1976 3  0.00000000 0.00000000 0.00000000 0.00000000 0.00000000 0.00000000 0.00000000 0.00000000 0.00000000 0.00000000 0.00000000 0.00000000 0.00000000 0.00000000 0.00000000 0.00000000 0.00000000
male 1976 4  0.00000000 0.00000000 0.00000000 0.00000000 0.00000000 0.00000000 0.00000000 0.00000000 0.00000000 0.00000000 0.00000000 0.00000000 0.00000000 0.00000000 0.00000000 0.00000000 0.00000000
male 1976 5  0.00000000 0.00000000 0.00000000 0.00000000 0.00000000 0.00000000 0.00000000 0.00000000 0.00000000 0.00000000 0.00000000 0.00000000 0.00000000 0.00000000 0.00000000 0.00000000 0.00000000
male 1976 6  0.00000000 0.00000000 0.00000000 0.00000000 0.00000000 0.00000000 0.00000000 0.00000000 0.00000000 0.00000000 0.00000000 0.00000000 0.00000000 0.00000000 0.00000000 0.00000000 0.00000000
male 1977 1  0.00000000 0.00000000 0.00000000 0.00000000 0.00000000 0.00000000 0.00000000 0.00000000 0.00000000 0.00000000 0.00000000 0.00000000 0.00000000 0.00000000 0.00000000 0.00000000 0.00000000
male 1977 2  0.00000000 0.00000000 0.00000000 0.00000000 0.00000000 0.00000000 0.00000000 0.00000000 0.00000000 0.00000000 0.00000000 0.00000000 0.00000000 0.00000000 0.00000000 0.00000000 0.00000000
male 1977 3  0.00000000 0.00000000 0.00000000 0.00000000 0.00000000 0.00000000 0.00000000 0.00000000 0.00000000 0.00000000 0.00000000 0.00000000 0.00000000 0.00000000 0.00000000 0.00000000 0.00000000
male 1977 4  0.00000000 0.00000000 0.00000000 0.00000000 0.00000000 0.00000000 0.00000000 0.00000000 0.00000000 0.00000000 0.00000000 0.00000000 0.00000000 0.00000000 0.00000000 0.00000000 0.00000000
male 1977 5  0.00000000 0.00000000 0.00000000 0.00000000 0.00000000 0.00000000 0.00000000 0.00000000 0.00000000 0.00000000 0.00000000 0.00000000 0.00000000 0.00000000 0.00000000 0.00000000 0.00000000
male 1977 6  0.00000000 0.00000000 0.00000000 0.00000000 0.00000000 0.00000000 0.00000000 0.00000000 0.00000000 0.00000000 0.00000000 0.00000000 0.00000000 0.00000000 0.00000000 0.00000000 0.00000000
male 1978 1  0.00000000 0.00000000 0.00000000 0.00000000 0.00000000 0.00000000 0.00000000 0.00000000 0.00000000 0.00000000 0.00000000 0.00000000 0.00000000 0.00000000 0.00000000 0.00000000 0.00000000
male 1978 2  0.00000000 0.00000000 0.00000000 0.00000000 0.00000000 0.00000000 0.00000000 0.00000000 0.00000000 0.00000000 0.00000000 0.00000000 0.00000000 0.00000000 0.00000000 0.00000000 0.00000000
male 1978 3  0.00000000 0.00000000 0.00000000 0.00000000 0.00000000 0.00000000 0.00000000 0.00000000 0.00000000 0.00000000 0.00000000 0.00000000 0.00000000 0.00000000 0.00000000 0.00000000 0.00000000
male 1978 4  0.00000000 0.00000000 0.00000000 0.00000000 0.00000000 0.00000000 0.00000000 0.00000000 0.00000000 0.00000000 0.00000000 0.00000000 0.00000000 0.00000000 0.00000000 0.00000000 0.00000000
male 1978 5  0.00000000 0.00000000 0.00000000 0.00000000 0.00000000 0.00000000 0.00000000 0.00000000 0.00000000 0.00000000 0.00000000 0.00000000 0.00000000 0.00000000 0.00000000 0.00000000 0.00000000
male 1978 6  0.00000000 0.00000000 0.00000000 0.00000000 0.00000000 0.00000000 0.00000000 0.00000000 0.00000000 0.00000000 0.00000000 0.00000000 0.00000000 0.00000000 0.00000000 0.00000000 0.00000000
male 1979 1  0.00000000 0.00000000 0.00000000 0.00000000 0.00000000 0.00000000 0.00000000 0.00000000 0.00000000 0.00000000 0.00000000 0.00000000 0.00000000 0.00000000 0.00000000 0.00000000 0.00000000
male 1979 2  0.00000000 0.00000000 0.00000000 0.00000000 0.00000000 0.00000000 0.00000000 0.00000000 0.00000000 0.00000000 0.00000000 0.00000000 0.00000000 0.00000000 0.00000000 0.00000000 0.00000000
male 1979 3  0.00000000 0.00000000 0.00000000 0.00000000 0.00000000 0.00000000 0.00000000 0.00000000 0.00000000 0.00000000 0.00000000 0.00000000 0.00000000 0.00000000 0.00000000 0.00000000 0.00000000
male 1979 4  0.00000000 0.00000000 0.00000000 0.00000000 0.00000000 0.00000000 0.00000000 0.00000000 0.00000000 0.00000000 0.00000000 0.00000000 0.00000000 0.00000000 0.00000000 0.00000000 0.00000000
male 1979 5  0.00000000 0.00000000 0.00000000 0.00000000 0.00000000 0.00000000 0.00000000 0.00000000 0.00000000 0.00000000 0.00000000 0.00000000 0.00000000 0.00000000 0.00000000 0.00000000 0.00000000
male 1979 6  0.00000000 0.00000000 0.00000000 0.00000000 0.00000000 0.00000000 0.00000000 0.00000000 0.00000000 0.00000000 0.00000000 0.00000000 0.00000000 0.00000000 0.00000000 0.00000000 0.00000000
male 1980 1  0.00000000 0.00000000 0.00000000 0.00000000 0.00000000 0.00000000 0.00000000 0.00000000 0.00000000 0.00000000 0.00000000 0.00000000 0.00000000 0.00000000 0.00000000 0.00000000 0.00000000
male 1980 2  0.00000000 0.00000000 0.00000000 0.00000000 0.00000000 0.00000000 0.00000000 0.00000000 0.00000000 0.00000000 0.00000000 0.00000000 0.00000000 0.00000000 0.00000000 0.00000000 0.00000000
male 1980 3  0.00000000 0.00000000 0.00000000 0.00000000 0.00000000 0.00000000 0.00000000 0.00000000 0.00000000 0.00000000 0.00000000 0.00000000 0.00000000 0.00000000 0.00000000 0.00000000 0.00000000
male 1980 4  0.00000000 0.00000000 0.00000000 0.00000000 0.00000000 0.00000000 0.00000000 0.00000000 0.00000000 0.00000000 0.00000000 0.00000000 0.00000000 0.00000000 0.00000000 0.00000000 0.00000000
male 1980 5  0.00000000 0.00000000 0.00000000 0.00000000 0.00000000 0.00000000 0.00000000 0.00000000 0.00000000 0.00000000 0.00000000 0.00000000 0.00000000 0.00000000 0.00000000 0.00000000 0.00000000
male 1980 6  0.00000000 0.00000000 0.00000000 0.00000000 0.00000000 0.00000000 0.00000000 0.00000000 0.00000000 0.00000000 0.00000000 0.00000000 0.00000000 0.00000000 0.00000000 0.00000000 0.00000000
male 1981 1  0.00000000 0.00000000 0.00000000 0.00000000 0.00000000 0.00000000 0.00000000 0.00000000 0.00000000 0.00000000 0.00000000 0.00000000 0.00000000 0.00000000 0.00000000 0.00000000 0.00000000
male 1981 2  0.00000000 0.00000000 0.00000000 0.00000000 0.00000000 0.00000000 0.00000000 0.00000000 0.00000000 0.00000000 0.00000000 0.00000000 0.00000000 0.00000000 0.00000000 0.00000000 0.00000000
male 1981 3  0.00302551 0.00344842 0.00389195 0.00435077 0.00484716 0.00569622 0.00959148 0.02237271 0.03115134 0.03402850 0.03572574 0.03712736 0.03834164 0.03939013 0.04028768 0.04104979 0.04169241
male 1981 4  0.00000000 0.00000000 0.00000000 0.00000000 0.00000000 0.00000000 0.00000000 0.00000000 0.00000000 0.00000000 0.00000000 0.00000000 0.00000000 0.00000000 0.00000000 0.00000000 0.00000000
male 1981 5  0.00000000 0.00000000 0.00000000 0.00000000 0.00000000 0.00000000 0.00000000 0.00000000 0.00000000 0.00000000 0.00000000 0.00000000 0.00000000 0.00000000 0.00000000 0.00000000 0.00000000
male 1981 6  0.00000000 0.00000000 0.00000000 0.00000000 0.00000000 0.00000000 0.00000000 0.00000000 0.00000000 0.00000000 0.00000000 0.00000000 0.00000000 0.00000000 0.00000000 0.00000000 0.00000000
male 1982 1  0.00000000 0.00000000 0.00000000 0.00000000 0.00000000 0.00000000 0.00000000 0.00000000 0.00000000 0.00000000 0.00000000 0.00000000 0.00000000 0.00000000 0.00000000 0.00000000 0.00000000
male 1982 2  0.00000000 0.00000000 0.00000000 0.00000000 0.00000000 0.00000000 0.00000000 0.00000000 0.00000000 0.00000000 0.00000000 0.00000000 0.00000000 0.00000000 0.00000000 0.00000000 0.00000000
male 1982 3  0.00860265 0.00980515 0.01106628 0.01237086 0.01378230 0.01619649 0.02727218 0.06361399 0.08857492 0.09675577 0.10158166 0.10556700 0.10901965 0.11200090 0.11455295 0.11671993 0.11854715
male 1982 4  0.00000000 0.00000000 0.00000000 0.00000000 0.00000000 0.00000000 0.00000000 0.00000000 0.00000000 0.00000000 0.00000000 0.00000000 0.00000000 0.00000000 0.00000000 0.00000000 0.00000000
male 1982 5  0.00000000 0.00000000 0.00000000 0.00000000 0.00000000 0.00000000 0.00000000 0.00000000 0.00000000 0.00000000 0.00000000 0.00000000 0.00000000 0.00000000 0.00000000 0.00000000 0.00000000
male 1982 6  0.00000000 0.00000000 0.00000000 0.00000000 0.00000000 0.00000000 0.00000000 0.00000000 0.00000000 0.00000000 0.00000000 0.00000000 0.00000000 0.00000000 0.00000000 0.00000000 0.00000000
male 1983 1  0.00000000 0.00000000 0.00000000 0.00000000 0.00000000 0.00000000 0.00000000 0.00000000 0.00000000 0.00000000 0.00000000 0.00000000 0.00000000 0.00000000 0.00000000 0.00000000 0.00000000
male 1983 2  0.00000000 0.00000000 0.00000000 0.00000000 0.00000000 0.00000000 0.00000000 0.00000000 0.00000000 0.00000000 0.00000000 0.00000000 0.00000000 0.00000000 0.00000000 0.00000000 0.00000000
male 1983 3  0.01209396 0.01378448 0.01555743 0.01739146 0.01937572 0.02276969 0.03834034 0.08943114 0.12452224 0.13602321 0.14280765 0.14841040 0.15326427 0.15745544 0.16104322 0.16408965 0.16665843
male 1983 4  0.00000000 0.00000000 0.00000000 0.00000000 0.00000000 0.00000000 0.00000000 0.00000000 0.00000000 0.00000000 0.00000000 0.00000000 0.00000000 0.00000000 0.00000000 0.00000000 0.00000000
male 1983 5  0.00000000 0.00000000 0.00000000 0.00000000 0.00000000 0.00000000 0.00000000 0.00000000 0.00000000 0.00000000 0.00000000 0.00000000 0.00000000 0.00000000 0.00000000 0.00000000 0.00000000
male 1983 6  0.00000000 0.00000000 0.00000000 0.00000000 0.00000000 0.00000000 0.00000000 0.00000000 0.00000000 0.00000000 0.00000000 0.00000000 0.00000000 0.00000000 0.00000000 0.00000000 0.00000000
male 1984 1  0.00000000 0.00000000 0.00000000 0.00000000 0.00000000 0.00000000 0.00000000 0.00000000 0.00000000 0.00000000 0.00000000 0.00000000 0.00000000 0.00000000 0.00000000 0.00000000 0.00000000
male 1984 2  0.00000000 0.00000000 0.00000000 0.00000000 0.00000000 0.00000000 0.00000000 0.00000000 0.00000000 0.00000000 0.00000000 0.00000000 0.00000000 0.00000000 0.00000000 0.00000000 0.00000000
male 1984 3  0.01611688 0.01836974 0.02073245 0.02317654 0.02582084 0.03034378 0.05109385 0.11917945 0.16594322 0.18126987 0.19031108 0.19777752 0.20424599 0.20983130 0.21461252 0.21867232 0.22209556
male 1984 4  0.00000000 0.00000000 0.00000000 0.00000000 0.00000000 0.00000000 0.00000000 0.00000000 0.00000000 0.00000000 0.00000000 0.00000000 0.00000000 0.00000000 0.00000000 0.00000000 0.00000000
male 1984 5  0.00000000 0.00000000 0.00000000 0.00000000 0.00000000 0.00000000 0.00000000 0.00000000 0.00000000 0.00000000 0.00000000 0.00000000 0.00000000 0.00000000 0.00000000 0.00000000 0.00000000
male 1984 6  0.00000000 0.00000000 0.00000000 0.00000000 0.00000000 0.00000000 0.00000000 0.00000000 0.00000000 0.00000000 0.00000000 0.00000000 0.00000000 0.00000000 0.00000000 0.00000000 0.00000000
male 1985 1  0.00000000 0.00000000 0.00000000 0.00000000 0.00000000 0.00000000 0.00000000 0.00000000 0.00000000 0.00000000 0.00000000 0.00000000 0.00000000 0.00000000 0.00000000 0.00000000 0.00000000
male 1985 2  0.00000000 0.00000000 0.00000000 0.00000000 0.00000000 0.00000000 0.00000000 0.00000000 0.00000000 0.00000000 0.00000000 0.00000000 0.00000000 0.00000000 0.00000000 0.00000000 0.00000000
male 1985 3  0.02733130 0.03115174 0.03515846 0.03930319 0.04378745 0.05145753 0.08664587 0.20210667 0.28140952 0.30740072 0.32273297 0.33539469 0.34636404 0.35583572 0.36394378 0.37082846 0.37663366
male 1985 4  0.00000000 0.00000000 0.00000000 0.00000000 0.00000000 0.00000000 0.00000000 0.00000000 0.00000000 0.00000000 0.00000000 0.00000000 0.00000000 0.00000000 0.00000000 0.00000000 0.00000000
male 1985 5  0.00000000 0.00000000 0.00000000 0.00000000 0.00000000 0.00000000 0.00000000 0.00000000 0.00000000 0.00000000 0.00000000 0.00000000 0.00000000 0.00000000 0.00000000 0.00000000 0.00000000
male 1985 6  0.00000000 0.00000000 0.00000000 0.00000000 0.00000000 0.00000000 0.00000000 0.00000000 0.00000000 0.00000000 0.00000000 0.00000000 0.00000000 0.00000000 0.00000000 0.00000000 0.00000000
male 1986 1  0.00000000 0.00000000 0.00000000 0.00000000 0.00000000 0.00000000 0.00000000 0.00000000 0.00000000 0.00000000 0.00000000 0.00000000 0.00000000 0.00000000 0.00000000 0.00000000 0.00000000
male 1986 2  0.00000000 0.00000000 0.00000000 0.00000000 0.00000000 0.00000000 0.00000000 0.00000000 0.00000000 0.00000000 0.00000000 0.00000000 0.00000000 0.00000000 0.00000000 0.00000000 0.00000000
male 1986 3  0.03789278 0.04318953 0.04874454 0.05449090 0.06070798 0.07134197 0.12012794 0.28020561 0.39015301 0.42618784 0.44744485 0.46499936 0.48020753 0.49333930 0.50458052 0.51412561 0.52217408
male 1986 4  0.00000000 0.00000000 0.00000000 0.00000000 0.00000000 0.00000000 0.00000000 0.00000000 0.00000000 0.00000000 0.00000000 0.00000000 0.00000000 0.00000000 0.00000000 0.00000000 0.00000000
male 1986 5  0.00000000 0.00000000 0.00000000 0.00000000 0.00000000 0.00000000 0.00000000 0.00000000 0.00000000 0.00000000 0.00000000 0.00000000 0.00000000 0.00000000 0.00000000 0.00000000 0.00000000
male 1986 6  0.00000000 0.00000000 0.00000000 0.00000000 0.00000000 0.00000000 0.00000000 0.00000000 0.00000000 0.00000000 0.00000000 0.00000000 0.00000000 0.00000000 0.00000000 0.00000000 0.00000000
male 1987 1  0.00000000 0.00000000 0.00000000 0.00000000 0.00000000 0.00000000 0.00000000 0.00000000 0.00000000 0.00000000 0.00000000 0.00000000 0.00000000 0.00000000 0.00000000 0.00000000 0.00000000
male 1987 2  0.00000000 0.00000000 0.00000000 0.00000000 0.00000000 0.00000000 0.00000000 0.00000000 0.00000000 0.00000000 0.00000000 0.00000000 0.00000000 0.00000000 0.00000000 0.00000000 0.00000000
male 1987 3  0.03089369 0.03521209 0.03974105 0.04442601 0.04949475 0.05816455 0.09793938 0.22844946 0.31808872 0.34746764 0.36479832 0.37911038 0.39150948 0.40221571 0.41138059 0.41916262 0.42572448
male 1987 4  0.00000000 0.00000000 0.00000000 0.00000000 0.00000000 0.00000000 0.00000000 0.00000000 0.00000000 0.00000000 0.00000000 0.00000000 0.00000000 0.00000000 0.00000000 0.00000000 0.00000000
male 1987 5  0.00000000 0.00000000 0.00000000 0.00000000 0.00000000 0.00000000 0.00000000 0.00000000 0.00000000 0.00000000 0.00000000 0.00000000 0.00000000 0.00000000 0.00000000 0.00000000 0.00000000
male 1987 6  0.00000000 0.00000000 0.00000000 0.00000000 0.00000000 0.00000000 0.00000000 0.00000000 0.00000000 0.00000000 0.00000000 0.00000000 0.00000000 0.00000000 0.00000000 0.00000000 0.00000000
male 1988 1  0.00000000 0.00000000 0.00000000 0.00000000 0.00000000 0.00000000 0.00000000 0.00000000 0.00000000 0.00000000 0.00000000 0.00000000 0.00000000 0.00000000 0.00000000 0.00000000 0.00000000
male 1988 2  0.00000000 0.00000000 0.00000000 0.00000000 0.00000000 0.00000000 0.00000000 0.00000000 0.00000000 0.00000000 0.00000000 0.00000000 0.00000000 0.00000000 0.00000000 0.00000000 0.00000000
male 1988 3  0.05405535 0.06161135 0.06953577 0.07773315 0.08660203 0.10177178 0.17136665 0.39972295 0.55656670 0.60797163 0.63829548 0.66333760 0.68503258 0.70376550 0.71980149 0.73341788 0.74489931
male 1988 4  0.00000000 0.00000000 0.00000000 0.00000000 0.00000000 0.00000000 0.00000000 0.00000000 0.00000000 0.00000000 0.00000000 0.00000000 0.00000000 0.00000000 0.00000000 0.00000000 0.00000000
male 1988 5  0.00000000 0.00000000 0.00000000 0.00000000 0.00000000 0.00000000 0.00000000 0.00000000 0.00000000 0.00000000 0.00000000 0.00000000 0.00000000 0.00000000 0.00000000 0.00000000 0.00000000
male 1988 6  0.00000000 0.00000000 0.00000000 0.00000000 0.00000000 0.00000000 0.00000000 0.00000000 0.00000000 0.00000000 0.00000000 0.00000000 0.00000000 0.00000000 0.00000000 0.00000000 0.00000000
male 1989 1  0.00000000 0.00000000 0.00000000 0.00000000 0.00000000 0.00000000 0.00000000 0.00000000 0.00000000 0.00000000 0.00000000 0.00000000 0.00000000 0.00000000 0.00000000 0.00000000 0.00000000
male 1989 2  0.00000000 0.00000000 0.00000000 0.00000000 0.00000000 0.00000000 0.00000000 0.00000000 0.00000000 0.00000000 0.00000000 0.00000000 0.00000000 0.00000000 0.00000000 0.00000000 0.00000000
male 1989 3  0.08727843 0.09946411 0.11224396 0.12546403 0.13976702 0.16423153 0.27646840 0.64474258 0.89768723 0.98058887 1.02949268 1.06987854 1.10486641 1.13507731 1.16093884 1.18289822 1.20141453
male 1989 4  0.00000000 0.00000000 0.00000000 0.00000000 0.00000000 0.00000000 0.00000000 0.00000000 0.00000000 0.00000000 0.00000000 0.00000000 0.00000000 0.00000000 0.00000000 0.00000000 0.00000000
male 1989 5  0.00000000 0.00000000 0.00000000 0.00000000 0.00000000 0.00000000 0.00000000 0.00000000 0.00000000 0.00000000 0.00000000 0.00000000 0.00000000 0.00000000 0.00000000 0.00000000 0.00000000
male 1989 6  0.00000000 0.00000000 0.00000000 0.00000000 0.00000000 0.00000000 0.00000000 0.00000000 0.00000000 0.00000000 0.00000000 0.00000000 0.00000000 0.00000000 0.00000000 0.00000000 0.00000000
male 1990 1  0.00000000 0.00000000 0.00000000 0.00000000 0.00000000 0.00000000 0.00000000 0.00000000 0.00000000 0.00000000 0.00000000 0.00000000 0.00000000 0.00000000 0.00000000 0.00000000 0.00000000
male 1990 2  0.00000000 0.00000000 0.00000000 0.00000000 0.00000000 0.00000000 0.00000000 0.00000000 0.00000000 0.00000000 0.00000000 0.00000000 0.00000000 0.00000000 0.00000000 0.00000000 0.00000000
male 1990 3  0.04636989 0.05280789 0.05955980 0.06654429 0.07410091 0.08702612 0.14632362 0.34089194 0.47452883 0.51832781 0.54416489 0.56550173 0.58398669 0.59994785 0.61361113 0.62521282 0.63499544
male 1990 4  0.00000000 0.00000000 0.00000000 0.00000000 0.00000000 0.00000000 0.00000000 0.00000000 0.00000000 0.00000000 0.00000000 0.00000000 0.00000000 0.00000000 0.00000000 0.00000000 0.00000000
male 1990 5  0.00000000 0.00000000 0.00000000 0.00000000 0.00000000 0.00000000 0.00000000 0.00000000 0.00000000 0.00000000 0.00000000 0.00000000 0.00000000 0.00000000 0.00000000 0.00000000 0.00000000
male 1990 6  0.00000000 0.00000000 0.00000000 0.00000000 0.00000000 0.00000000 0.00000000 0.00000000 0.00000000 0.00000000 0.00000000 0.00000000 0.00000000 0.00000000 0.00000000 0.00000000 0.00000000
male 1991 1  0.00000000 0.00000000 0.00000000 0.00000000 0.00000000 0.00000000 0.00000000 0.00000000 0.00000000 0.00000000 0.00000000 0.00000000 0.00000000 0.00000000 0.00000000 0.00000000 0.00000000
male 1991 2  0.00000000 0.00000000 0.00000000 0.00000000 0.00000000 0.00000000 0.00000000 0.00000000 0.00000000 0.00000000 0.00000000 0.00000000 0.00000000 0.00000000 0.00000000 0.00000000 0.00000000
male 1991 3  0.05528380 0.06301151 0.07111602 0.07949969 0.08857012 0.10408461 0.17526108 0.40880694 0.56921508 0.62178823 0.65280122 0.67841244 0.70060045 0.71975908 0.73615951 0.75008534 0.76182769
male 1991 4  0.00000000 0.00000000 0.00000000 0.00000000 0.00000000 0.00000000 0.00000000 0.00000000 0.00000000 0.00000000 0.00000000 0.00000000 0.00000000 0.00000000 0.00000000 0.00000000 0.00000000
male 1991 5  0.00000000 0.00000000 0.00000000 0.00000000 0.00000000 0.00000000 0.00000000 0.00000000 0.00000000 0.00000000 0.00000000 0.00000000 0.00000000 0.00000000 0.00000000 0.00000000 0.00000000
male 1991 6  0.00000000 0.00000000 0.00000000 0.00000000 0.00000000 0.00000000 0.00000000 0.00000000 0.00000000 0.00000000 0.00000000 0.00000000 0.00000000 0.00000000 0.00000000 0.00000000 0.00000000
male 1992 1  0.00000000 0.00000000 0.00000000 0.00000000 0.00000000 0.00000000 0.00000000 0.00000000 0.00000000 0.00000000 0.00000000 0.00000000 0.00000000 0.00000000 0.00000000 0.00000000 0.00000000
male 1992 2  0.00000000 0.00000000 0.00000000 0.00000000 0.00000000 0.00000000 0.00000000 0.00000000 0.00000000 0.00000000 0.00000000 0.00000000 0.00000000 0.00000000 0.00000000 0.00000000 0.00000000
male 1992 3  0.05905344 0.06728789 0.07592384 0.08485727 0.09452249 0.11105433 0.18689815 0.43575863 0.60668542 0.66270602 0.69575266 0.72304332 0.74668629 0.76710124 0.78457711 0.79941612 0.81192847
male 1992 4  0.00000000 0.00000000 0.00000000 0.00000000 0.00000000 0.00000000 0.00000000 0.00000000 0.00000000 0.00000000 0.00000000 0.00000000 0.00000000 0.00000000 0.00000000 0.00000000 0.00000000
male 1992 5  0.00000000 0.00000000 0.00000000 0.00000000 0.00000000 0.00000000 0.00000000 0.00000000 0.00000000 0.00000000 0.00000000 0.00000000 0.00000000 0.00000000 0.00000000 0.00000000 0.00000000
male 1992 6  0.00000000 0.00000000 0.00000000 0.00000000 0.00000000 0.00000000 0.00000000 0.00000000 0.00000000 0.00000000 0.00000000 0.00000000 0.00000000 0.00000000 0.00000000 0.00000000 0.00000000
male 1993 1  0.00000000 0.00000000 0.00000000 0.00000000 0.00000000 0.00000000 0.00000000 0.00000000 0.00000000 0.00000000 0.00000000 0.00000000 0.00000000 0.00000000 0.00000000 0.00000000 0.00000000
male 1993 2  0.00000000 0.00000000 0.00000000 0.00000000 0.00000000 0.00000000 0.00000000 0.00000000 0.00000000 0.00000000 0.00000000 0.00000000 0.00000000 0.00000000 0.00000000 0.00000000 0.00000000
male 1993 3  0.03690417 0.04204294 0.04743227 0.05300725 0.05903890 0.06935572 0.11668662 0.27198985 0.37865799 0.41361806 0.43424107 0.45127200 0.46602658 0.47876668 0.48967263 0.49893302 0.50674145
male 1993 4  0.00000000 0.00000000 0.00000000 0.00000000 0.00000000 0.00000000 0.00000000 0.00000000 0.00000000 0.00000000 0.00000000 0.00000000 0.00000000 0.00000000 0.00000000 0.00000000 0.00000000
male 1993 5  0.00000000 0.00000000 0.00000000 0.00000000 0.00000000 0.00000000 0.00000000 0.00000000 0.00000000 0.00000000 0.00000000 0.00000000 0.00000000 0.00000000 0.00000000 0.00000000 0.00000000
male 1993 6  0.00000000 0.00000000 0.00000000 0.00000000 0.00000000 0.00000000 0.00000000 0.00000000 0.00000000 0.00000000 0.00000000 0.00000000 0.00000000 0.00000000 0.00000000 0.00000000 0.00000000
male 1994 1  0.00000000 0.00000000 0.00000000 0.00000000 0.00000000 0.00000000 0.00000000 0.00000000 0.00000000 0.00000000 0.00000000 0.00000000 0.00000000 0.00000000 0.00000000 0.00000000 0.00000000
male 1994 2  0.00000000 0.00000000 0.00000000 0.00000000 0.00000000 0.00000000 0.00000000 0.00000000 0.00000000 0.00000000 0.00000000 0.00000000 0.00000000 0.00000000 0.00000000 0.00000000 0.00000000
male 1994 3  0.04825667 0.05499613 0.06206420 0.06937573 0.07728619 0.09081662 0.15289073 0.35656971 0.49646414 0.54231400 0.56936091 0.59169685 0.61104736 0.62775590 0.64205897 0.65420390 0.66444459
male 1994 4  0.00000000 0.00000000 0.00000000 0.00000000 0.00000000 0.00000000 0.00000000 0.00000000 0.00000000 0.00000000 0.00000000 0.00000000 0.00000000 0.00000000 0.00000000 0.00000000 0.00000000
male 1994 5  0.00000000 0.00000000 0.00000000 0.00000000 0.00000000 0.00000000 0.00000000 0.00000000 0.00000000 0.00000000 0.00000000 0.00000000 0.00000000 0.00000000 0.00000000 0.00000000 0.00000000
male 1994 6  0.00000000 0.00000000 0.00000000 0.00000000 0.00000000 0.00000000 0.00000000 0.00000000 0.00000000 0.00000000 0.00000000 0.00000000 0.00000000 0.00000000 0.00000000 0.00000000 0.00000000
male 1995 1  0.00000000 0.00000000 0.00000000 0.00000000 0.00000000 0.00000000 0.00000000 0.00000000 0.00000000 0.00000000 0.00000000 0.00000000 0.00000000 0.00000000 0.00000000 0.00000000 0.00000000
male 1995 2  0.00000000 0.00000000 0.00000000 0.00000000 0.00000000 0.00000000 0.00000000 0.00000000 0.00000000 0.00000000 0.00000000 0.00000000 0.00000000 0.00000000 0.00000000 0.00000000 0.00000000
male 1995 3  0.05897828 0.06720447 0.07583175 0.08475622 0.09441174 0.11092699 0.18669470 0.43530545 0.60606073 0.66202512 0.69503859 0.72230187 0.74592112 0.76631558 0.78377392 0.79859804 0.81109783
male 1995 4  0.00000000 0.00000000 0.00000000 0.00000000 0.00000000 0.00000000 0.00000000 0.00000000 0.00000000 0.00000000 0.00000000 0.00000000 0.00000000 0.00000000 0.00000000 0.00000000 0.00000000
male 1995 5  0.00000000 0.00000000 0.00000000 0.00000000 0.00000000 0.00000000 0.00000000 0.00000000 0.00000000 0.00000000 0.00000000 0.00000000 0.00000000 0.00000000 0.00000000 0.00000000 0.00000000
male 1995 6  0.00000000 0.00000000 0.00000000 0.00000000 0.00000000 0.00000000 0.00000000 0.00000000 0.00000000 0.00000000 0.00000000 0.00000000 0.00000000 0.00000000 0.00000000 0.00000000 0.00000000
male 1996 1  0.00000000 0.00000000 0.00000000 0.00000000 0.00000000 0.00000000 0.00000000 0.00000000 0.00000000 0.00000000 0.00000000 0.00000000 0.00000000 0.00000000 0.00000000 0.00000000 0.00000000
male 1996 2  0.00000000 0.00000000 0.00000000 0.00000000 0.00000000 0.00000000 0.00000000 0.00000000 0.00000000 0.00000000 0.00000000 0.00000000 0.00000000 0.00000000 0.00000000 0.00000000 0.00000000
male 1996 3  0.04417336 0.05034283 0.05681311 0.06350627 0.07074770 0.08313378 0.13995793 0.32641064 0.45447342 0.49644550 0.52120490 0.54165176 0.55936569 0.57466110 0.58775448 0.59887225 0.60824682
male 1996 4  0.00000000 0.00000000 0.00000000 0.00000000 0.00000000 0.00000000 0.00000000 0.00000000 0.00000000 0.00000000 0.00000000 0.00000000 0.00000000 0.00000000 0.00000000 0.00000000 0.00000000
male 1996 5  0.00000000 0.00000000 0.00000000 0.00000000 0.00000000 0.00000000 0.00000000 0.00000000 0.00000000 0.00000000 0.00000000 0.00000000 0.00000000 0.00000000 0.00000000 0.00000000 0.00000000
male 1996 6  0.00000000 0.00000000 0.00000000 0.00000000 0.00000000 0.00000000 0.00000000 0.00000000 0.00000000 0.00000000 0.00000000 0.00000000 0.00000000 0.00000000 0.00000000 0.00000000 0.00000000
male 1997 1  0.00000000 0.00000000 0.00000000 0.00000000 0.00000000 0.00000000 0.00000000 0.00000000 0.00000000 0.00000000 0.00000000 0.00000000 0.00000000 0.00000000 0.00000000 0.00000000 0.00000000
male 1997 2  0.00000000 0.00000000 0.00000000 0.00000000 0.00000000 0.00000000 0.00000000 0.00000000 0.00000000 0.00000000 0.00000000 0.00000000 0.00000000 0.00000000 0.00000000 0.00000000 0.00000000
male 1997 3  0.04040361 0.04604941 0.05197049 0.05809553 0.06472231 0.07605706 0.12805797 0.29868456 0.41587736 0.45428685 0.47694467 0.49565601 0.51186638 0.52586351 0.53784552 0.54801961 0.55659847
male 1997 4  0.00000000 0.00000000 0.00000000 0.00000000 0.00000000 0.00000000 0.00000000 0.00000000 0.00000000 0.00000000 0.00000000 0.00000000 0.00000000 0.00000000 0.00000000 0.00000000 0.00000000
male 1997 5  0.00000000 0.00000000 0.00000000 0.00000000 0.00000000 0.00000000 0.00000000 0.00000000 0.00000000 0.00000000 0.00000000 0.00000000 0.00000000 0.00000000 0.00000000 0.00000000 0.00000000
male 1997 6  0.00000000 0.00000000 0.00000000 0.00000000 0.00000000 0.00000000 0.00000000 0.00000000 0.00000000 0.00000000 0.00000000 0.00000000 0.00000000 0.00000000 0.00000000 0.00000000 0.00000000
male 1998 1  0.00000000 0.00000000 0.00000000 0.00000000 0.00000000 0.00000000 0.00000000 0.00000000 0.00000000 0.00000000 0.00000000 0.00000000 0.00000000 0.00000000 0.00000000 0.00000000 0.00000000
male 1998 2  0.00000000 0.00000000 0.00000000 0.00000000 0.00000000 0.00000000 0.00000000 0.00000000 0.00000000 0.00000000 0.00000000 0.00000000 0.00000000 0.00000000 0.00000000 0.00000000 0.00000000
male 1998 3  0.03732741 0.04252768 0.04798151 0.05362321 0.05972705 0.07016735 0.11806473 0.27522673 0.38317154 0.41855003 0.43941986 0.45665464 0.47158580 0.48447839 0.49551486 0.50488609 0.51278797
male 1998 4  0.00000000 0.00000000 0.00000000 0.00000000 0.00000000 0.00000000 0.00000000 0.00000000 0.00000000 0.00000000 0.00000000 0.00000000 0.00000000 0.00000000 0.00000000 0.00000000 0.00000000
male 1998 5  0.00000000 0.00000000 0.00000000 0.00000000 0.00000000 0.00000000 0.00000000 0.00000000 0.00000000 0.00000000 0.00000000 0.00000000 0.00000000 0.00000000 0.00000000 0.00000000 0.00000000
male 1998 6  0.00000000 0.00000000 0.00000000 0.00000000 0.00000000 0.00000000 0.00000000 0.00000000 0.00000000 0.00000000 0.00000000 0.00000000 0.00000000 0.00000000 0.00000000 0.00000000 0.00000000
male 1999 1  0.00000000 0.00000000 0.00000000 0.00000000 0.00000000 0.00000000 0.00000000 0.00000000 0.00000000 0.00000000 0.00000000 0.00000000 0.00000000 0.00000000 0.00000000 0.00000000 0.00000000
male 1999 2  0.00000000 0.00000000 0.00000000 0.00000000 0.00000000 0.00000000 0.00000000 0.00000000 0.00000000 0.00000000 0.00000000 0.00000000 0.00000000 0.00000000 0.00000000 0.00000000 0.00000000
male 1999 3  0.03038568 0.03462330 0.03906754 0.04366486 0.04863878 0.05714641 0.09617721 0.22424595 0.31220841 0.34103777 0.35804425 0.37208858 0.38425575 0.39476170 0.40375515 0.41139161 0.41783072
male 1999 4  0.00000000 0.00000000 0.00000000 0.00000000 0.00000000 0.00000000 0.00000000 0.00000000 0.00000000 0.00000000 0.00000000 0.00000000 0.00000000 0.00000000 0.00000000 0.00000000 0.00000000
male 1999 5  0.00000000 0.00000000 0.00000000 0.00000000 0.00000000 0.00000000 0.00000000 0.00000000 0.00000000 0.00000000 0.00000000 0.00000000 0.00000000 0.00000000 0.00000000 0.00000000 0.00000000
male 1999 6  0.00000000 0.00000000 0.00000000 0.00000000 0.00000000 0.00000000 0.00000000 0.00000000 0.00000000 0.00000000 0.00000000 0.00000000 0.00000000 0.00000000 0.00000000 0.00000000 0.00000000
male 2000 1  0.00000000 0.00000000 0.00000000 0.00000000 0.00000000 0.00000000 0.00000000 0.00000000 0.00000000 0.00000000 0.00000000 0.00000000 0.00000000 0.00000000 0.00000000 0.00000000 0.00000000
male 2000 2  0.00000000 0.00000000 0.00000000 0.00000000 0.00000000 0.00000000 0.00000000 0.00000000 0.00000000 0.00000000 0.00000000 0.00000000 0.00000000 0.00000000 0.00000000 0.00000000 0.00000000
male 2000 3  0.02642364 0.03010181 0.03395933 0.03794972 0.04226699 0.04965144 0.08352942 0.19469061 0.27104032 0.29606365 0.31082494 0.32301516 0.33357602 0.34269498 0.35050112 0.35712942 0.36271845
male 2000 4  0.00000000 0.00000000 0.00000000 0.00000000 0.00000000 0.00000000 0.00000000 0.00000000 0.00000000 0.00000000 0.00000000 0.00000000 0.00000000 0.00000000 0.00000000 0.00000000 0.00000000
male 2000 5  0.00000000 0.00000000 0.00000000 0.00000000 0.00000000 0.00000000 0.00000000 0.00000000 0.00000000 0.00000000 0.00000000 0.00000000 0.00000000 0.00000000 0.00000000 0.00000000 0.00000000
male 2000 6  0.00000000 0.00000000 0.00000000 0.00000000 0.00000000 0.00000000 0.00000000 0.00000000 0.00000000 0.00000000 0.00000000 0.00000000 0.00000000 0.00000000 0.00000000 0.00000000 0.00000000
male 2001 1  0.00000000 0.00000000 0.00000000 0.00000000 0.00000000 0.00000000 0.00000000 0.00000000 0.00000000 0.00000000 0.00000000 0.00000000 0.00000000 0.00000000 0.00000000 0.00000000 0.00000000
male 2001 2  0.00000000 0.00000000 0.00000000 0.00000000 0.00000000 0.00000000 0.00000000 0.00000000 0.00000000 0.00000000 0.00000000 0.00000000 0.00000000 0.00000000 0.00000000 0.00000000 0.00000000
male 2001 3  0.02334736 0.02658827 0.02998721 0.03350323 0.03730726 0.04381386 0.07366444 0.17161087 0.23888418 0.26093275 0.27393923 0.28468028 0.29398568 0.30202059 0.30889873 0.31473907 0.31966367
male 2001 4  0.00000000 0.00000000 0.00000000 0.00000000 0.00000000 0.00000000 0.00000000 0.00000000 0.00000000 0.00000000 0.00000000 0.00000000 0.00000000 0.00000000 0.00000000 0.00000000 0.00000000
male 2001 5  0.00000000 0.00000000 0.00000000 0.00000000 0.00000000 0.00000000 0.00000000 0.00000000 0.00000000 0.00000000 0.00000000 0.00000000 0.00000000 0.00000000 0.00000000 0.00000000 0.00000000
male 2001 6  0.00000000 0.00000000 0.00000000 0.00000000 0.00000000 0.00000000 0.00000000 0.00000000 0.00000000 0.00000000 0.00000000 0.00000000 0.00000000 0.00000000 0.00000000 0.00000000 0.00000000
male 2002 1  0.00000000 0.00000000 0.00000000 0.00000000 0.00000000 0.00000000 0.00000000 0.00000000 0.00000000 0.00000000 0.00000000 0.00000000 0.00000000 0.00000000 0.00000000 0.00000000 0.00000000
male 2002 2  0.00000000 0.00000000 0.00000000 0.00000000 0.00000000 0.00000000 0.00000000 0.00000000 0.00000000 0.00000000 0.00000000 0.00000000 0.00000000 0.00000000 0.00000000 0.00000000 0.00000000
male 2002 3  0.01862671 0.02119901 0.02389674 0.02668739 0.02970664 0.03487091 0.05856324 0.13630305 0.18969769 0.20719758 0.21752079 0.22604594 0.23343160 0.23980889 0.24526805 0.24990351 0.25381216
male 2002 4  0.00000000 0.00000000 0.00000000 0.00000000 0.00000000 0.00000000 0.00000000 0.00000000 0.00000000 0.00000000 0.00000000 0.00000000 0.00000000 0.00000000 0.00000000 0.00000000 0.00000000
male 2002 5  0.00000000 0.00000000 0.00000000 0.00000000 0.00000000 0.00000000 0.00000000 0.00000000 0.00000000 0.00000000 0.00000000 0.00000000 0.00000000 0.00000000 0.00000000 0.00000000 0.00000000
male 2002 6  0.00000000 0.00000000 0.00000000 0.00000000 0.00000000 0.00000000 0.00000000 0.00000000 0.00000000 0.00000000 0.00000000 0.00000000 0.00000000 0.00000000 0.00000000 0.00000000 0.00000000
male 2003 1  0.00000000 0.00000000 0.00000000 0.00000000 0.00000000 0.00000000 0.00000000 0.00000000 0.00000000 0.00000000 0.00000000 0.00000000 0.00000000 0.00000000 0.00000000 0.00000000 0.00000000
male 2003 2  0.00000000 0.00000000 0.00000000 0.00000000 0.00000000 0.00000000 0.00000000 0.00000000 0.00000000 0.00000000 0.00000000 0.00000000 0.00000000 0.00000000 0.00000000 0.00000000 0.00000000
male 2003 3  0.01834505 0.02089187 0.02356287 0.02632588 0.02931522 0.03442834 0.05788598 0.13485572 0.18772145 0.20504799 0.21526895 0.22370964 0.23102214 0.23733626 0.24274135 0.24733089 0.25120082
male 2003 4  0.00000000 0.00000000 0.00000000 0.00000000 0.00000000 0.00000000 0.00000000 0.00000000 0.00000000 0.00000000 0.00000000 0.00000000 0.00000000 0.00000000 0.00000000 0.00000000 0.00000000
male 2003 5  0.00000000 0.00000000 0.00000000 0.00000000 0.00000000 0.00000000 0.00000000 0.00000000 0.00000000 0.00000000 0.00000000 0.00000000 0.00000000 0.00000000 0.00000000 0.00000000 0.00000000
male 2003 6  0.00000000 0.00000000 0.00000000 0.00000000 0.00000000 0.00000000 0.00000000 0.00000000 0.00000000 0.00000000 0.00000000 0.00000000 0.00000000 0.00000000 0.00000000 0.00000000 0.00000000
male 2004 1  0.00000000 0.00000000 0.00000000 0.00000000 0.00000000 0.00000000 0.00000000 0.00000000 0.00000000 0.00000000 0.00000000 0.00000000 0.00000000 0.00000000 0.00000000 0.00000000 0.00000000
male 2004 2  0.00000000 0.00000000 0.00000000 0.00000000 0.00000000 0.00000000 0.00000000 0.00000000 0.00000000 0.00000000 0.00000000 0.00000000 0.00000000 0.00000000 0.00000000 0.00000000 0.00000000
male 2004 3  0.01737089 0.01979488 0.02233706 0.02496680 0.02781196 0.03267846 0.05500471 0.12826208 0.17857802 0.19506888 0.20479686 0.21283044 0.21979026 0.22579983 0.23094423 0.23531240 0.23899568
male 2004 4  0.00000000 0.00000000 0.00000000 0.00000000 0.00000000 0.00000000 0.00000000 0.00000000 0.00000000 0.00000000 0.00000000 0.00000000 0.00000000 0.00000000 0.00000000 0.00000000 0.00000000
male 2004 5  0.00000000 0.00000000 0.00000000 0.00000000 0.00000000 0.00000000 0.00000000 0.00000000 0.00000000 0.00000000 0.00000000 0.00000000 0.00000000 0.00000000 0.00000000 0.00000000 0.00000000
male 2004 6  0.00000000 0.00000000 0.00000000 0.00000000 0.00000000 0.00000000 0.00000000 0.00000000 0.00000000 0.00000000 0.00000000 0.00000000 0.00000000 0.00000000 0.00000000 0.00000000 0.00000000
male 2005 1  0.00000000 0.00000000 0.00000000 0.00000000 0.00000000 0.00000000 0.00000000 0.00000000 0.00000000 0.00000000 0.00000000 0.00000000 0.00000000 0.00000000 0.00000000 0.00000000 0.00000000
male 2005 2  0.00000000 0.00000000 0.00000000 0.00000000 0.00000000 0.00000000 0.00000000 0.00000000 0.00000000 0.00000000 0.00000000 0.00000000 0.00000000 0.00000000 0.00000000 0.00000000 0.00000000
male 2005 3  0.00116168 0.00193787 0.00329405 0.00559430 0.00935769 0.01594952 0.03674861 0.10914110 0.17937435 0.21621957 0.23839592 0.25211789 0.26030181 0.26502420 0.26769237 0.26918150 0.27000685
male 2005 4  0.00000000 0.00000000 0.00000000 0.00000000 0.00000000 0.00000000 0.00000000 0.00000000 0.00000000 0.00000000 0.00000000 0.00000000 0.00000000 0.00000000 0.00000000 0.00000000 0.00000000
male 2005 5  0.00000000 0.00000000 0.00000000 0.00000000 0.00000000 0.00000000 0.00000000 0.00000000 0.00000000 0.00000000 0.00000000 0.00000000 0.00000000 0.00000000 0.00000000 0.00000000 0.00000000
male 2005 6  0.00000000 0.00000000 0.00000000 0.00000000 0.00000000 0.00000000 0.00000000 0.00000000 0.00000000 0.00000000 0.00000000 0.00000000 0.00000000 0.00000000 0.00000000 0.00000000 0.00000000
male 2006 1  0.00000000 0.00000000 0.00000000 0.00000000 0.00000000 0.00000000 0.00000000 0.00000000 0.00000000 0.00000000 0.00000000 0.00000000 0.00000000 0.00000000 0.00000000 0.00000000 0.00000000
male 2006 2  0.00000000 0.00000000 0.00000000 0.00000000 0.00000000 0.00000000 0.00000000 0.00000000 0.00000000 0.00000000 0.00000000 0.00000000 0.00000000 0.00000000 0.00000000 0.00000000 0.00000000
male 2006 3  0.00140766 0.00227290 0.00378465 0.00634879 0.01054393 0.01789197 0.04107714 0.12177455 0.20006500 0.24113712 0.26585756 0.28115372 0.29027651 0.29554065 0.29851491 0.30017488 0.30109492
male 2006 4  0.00000000 0.00000000 0.00000000 0.00000000 0.00000000 0.00000000 0.00000000 0.00000000 0.00000000 0.00000000 0.00000000 0.00000000 0.00000000 0.00000000 0.00000000 0.00000000 0.00000000
male 2006 5  0.00000000 0.00000000 0.00000000 0.00000000 0.00000000 0.00000000 0.00000000 0.00000000 0.00000000 0.00000000 0.00000000 0.00000000 0.00000000 0.00000000 0.00000000 0.00000000 0.00000000
male 2006 6  0.00000000 0.00000000 0.00000000 0.00000000 0.00000000 0.00000000 0.00000000 0.00000000 0.00000000 0.00000000 0.00000000 0.00000000 0.00000000 0.00000000 0.00000000 0.00000000 0.00000000
male 2007 1  0.00000000 0.00000000 0.00000000 0.00000000 0.00000000 0.00000000 0.00000000 0.00000000 0.00000000 0.00000000 0.00000000 0.00000000 0.00000000 0.00000000 0.00000000 0.00000000 0.00000000
male 2007 2  0.00000000 0.00000000 0.00000000 0.00000000 0.00000000 0.00000000 0.00000000 0.00000000 0.00000000 0.00000000 0.00000000 0.00000000 0.00000000 0.00000000 0.00000000 0.00000000 0.00000000
male 2007 3  0.00122893 0.00205443 0.00349674 0.00594310 0.00994555 0.01695608 0.03907631 0.11606711 0.19076152 0.22994710 0.25353208 0.26812566 0.27682941 0.28185176 0.28468941 0.28627313 0.28715091
male 2007 4  0.00000000 0.00000000 0.00000000 0.00000000 0.00000000 0.00000000 0.00000000 0.00000000 0.00000000 0.00000000 0.00000000 0.00000000 0.00000000 0.00000000 0.00000000 0.00000000 0.00000000
male 2007 5  0.00000000 0.00000000 0.00000000 0.00000000 0.00000000 0.00000000 0.00000000 0.00000000 0.00000000 0.00000000 0.00000000 0.00000000 0.00000000 0.00000000 0.00000000 0.00000000 0.00000000
male 2007 6  0.00000000 0.00000000 0.00000000 0.00000000 0.00000000 0.00000000 0.00000000 0.00000000 0.00000000 0.00000000 0.00000000 0.00000000 0.00000000 0.00000000 0.00000000 0.00000000 0.00000000
male 2008 1  0.00000000 0.00000000 0.00000000 0.00000000 0.00000000 0.00000000 0.00000000 0.00000000 0.00000000 0.00000000 0.00000000 0.00000000 0.00000000 0.00000000 0.00000000 0.00000000 0.00000000
male 2008 2  0.00000000 0.00000000 0.00000000 0.00000000 0.00000000 0.00000000 0.00000000 0.00000000 0.00000000 0.00000000 0.00000000 0.00000000 0.00000000 0.00000000 0.00000000 0.00000000 0.00000000
male 2008 3  0.00146580 0.00231054 0.00378648 0.00628987 0.01038562 0.01755958 0.04019548 0.11898108 0.19541676 0.23551584 0.25965063 0.27458441 0.28349107 0.28863050 0.29153430 0.29315494 0.29405318
male 2008 4  0.00000000 0.00000000 0.00000000 0.00000000 0.00000000 0.00000000 0.00000000 0.00000000 0.00000000 0.00000000 0.00000000 0.00000000 0.00000000 0.00000000 0.00000000 0.00000000 0.00000000
male 2008 5  0.00000000 0.00000000 0.00000000 0.00000000 0.00000000 0.00000000 0.00000000 0.00000000 0.00000000 0.00000000 0.00000000 0.00000000 0.00000000 0.00000000 0.00000000 0.00000000 0.00000000
male 2008 6  0.00000000 0.00000000 0.00000000 0.00000000 0.00000000 0.00000000 0.00000000 0.00000000 0.00000000 0.00000000 0.00000000 0.00000000 0.00000000 0.00000000 0.00000000 0.00000000 0.00000000
male 2009 1  0.00000000 0.00000000 0.00000000 0.00000000 0.00000000 0.00000000 0.00000000 0.00000000 0.00000000 0.00000000 0.00000000 0.00000000 0.00000000 0.00000000 0.00000000 0.00000000 0.00000000
male 2009 2  0.00000000 0.00000000 0.00000000 0.00000000 0.00000000 0.00000000 0.00000000 0.00000000 0.00000000 0.00000000 0.00000000 0.00000000 0.00000000 0.00000000 0.00000000 0.00000000 0.00000000
male 2009 3  0.00128019 0.00214314 0.00365088 0.00620822 0.01039223 0.01772079 0.04084450 0.12132794 0.19941082 0.24037404 0.26502894 0.28028455 0.28938314 0.29463333 0.29759971 0.29925527 0.30017287
male 2009 4  0.00000000 0.00000000 0.00000000 0.00000000 0.00000000 0.00000000 0.00000000 0.00000000 0.00000000 0.00000000 0.00000000 0.00000000 0.00000000 0.00000000 0.00000000 0.00000000 0.00000000
male 2009 5  0.00000000 0.00000000 0.00000000 0.00000000 0.00000000 0.00000000 0.00000000 0.00000000 0.00000000 0.00000000 0.00000000 0.00000000 0.00000000 0.00000000 0.00000000 0.00000000 0.00000000
male 2009 6  0.00000000 0.00000000 0.00000000 0.00000000 0.00000000 0.00000000 0.00000000 0.00000000 0.00000000 0.00000000 0.00000000 0.00000000 0.00000000 0.00000000 0.00000000 0.00000000 0.00000000
male 2010 1  0.00000000 0.00000000 0.00000000 0.00000000 0.00000000 0.00000000 0.00000000 0.00000000 0.00000000 0.00000000 0.00000000 0.00000000 0.00000000 0.00000000 0.00000000 0.00000000 0.00000000
male 2010 2  0.00000000 0.00000000 0.00000000 0.00000000 0.00000000 0.00000000 0.00000000 0.00000000 0.00000000 0.00000000 0.00000000 0.00000000 0.00000000 0.00000000 0.00000000 0.00000000 0.00000000
male 2010 3  0.00162158 0.00244500 0.00388367 0.00632385 0.01031618 0.01730901 0.03937337 0.11616970 0.19067544 0.22976206 0.25328746 0.26784418 0.27652595 0.28153561 0.28436610 0.28594581 0.28682138
male 2010 4  0.00000000 0.00000000 0.00000000 0.00000000 0.00000000 0.00000000 0.00000000 0.00000000 0.00000000 0.00000000 0.00000000 0.00000000 0.00000000 0.00000000 0.00000000 0.00000000 0.00000000
male 2010 5  0.00000000 0.00000000 0.00000000 0.00000000 0.00000000 0.00000000 0.00000000 0.00000000 0.00000000 0.00000000 0.00000000 0.00000000 0.00000000 0.00000000 0.00000000 0.00000000 0.00000000
male 2010 6  0.00000000 0.00000000 0.00000000 0.00000000 0.00000000 0.00000000 0.00000000 0.00000000 0.00000000 0.00000000 0.00000000 0.00000000 0.00000000 0.00000000 0.00000000 0.00000000 0.00000000
male 2011 1  0.00000000 0.00000000 0.00000000 0.00000000 0.00000000 0.00000000 0.00000000 0.00000000 0.00000000 0.00000000 0.00000000 0.00000000 0.00000000 0.00000000 0.00000000 0.00000000 0.00000000
male 2011 2  0.00000000 0.00000000 0.00000000 0.00000000 0.00000000 0.00000000 0.00000000 0.00000000 0.00000000 0.00000000 0.00000000 0.00000000 0.00000000 0.00000000 0.00000000 0.00000000 0.00000000
male 2011 3  0.00154106 0.00236590 0.00380706 0.00625145 0.01025069 0.01725560 0.03935810 0.11628719 0.19092172 0.23007590 0.25364197 0.26822385 0.27692063 0.28193895 0.28477433 0.28635678 0.28723385
male 2011 4  0.00000000 0.00000000 0.00000000 0.00000000 0.00000000 0.00000000 0.00000000 0.00000000 0.00000000 0.00000000 0.00000000 0.00000000 0.00000000 0.00000000 0.00000000 0.00000000 0.00000000
male 2011 5  0.00000000 0.00000000 0.00000000 0.00000000 0.00000000 0.00000000 0.00000000 0.00000000 0.00000000 0.00000000 0.00000000 0.00000000 0.00000000 0.00000000 0.00000000 0.00000000 0.00000000
male 2011 6  0.00000000 0.00000000 0.00000000 0.00000000 0.00000000 0.00000000 0.00000000 0.00000000 0.00000000 0.00000000 0.00000000 0.00000000 0.00000000 0.00000000 0.00000000 0.00000000 0.00000000
male 2012 1  0.00000000 0.00000000 0.00000000 0.00000000 0.00000000 0.00000000 0.00000000 0.00000000 0.00000000 0.00000000 0.00000000 0.00000000 0.00000000 0.00000000 0.00000000 0.00000000 0.00000000
male 2012 2  0.00000000 0.00000000 0.00000000 0.00000000 0.00000000 0.00000000 0.00000000 0.00000000 0.00000000 0.00000000 0.00000000 0.00000000 0.00000000 0.00000000 0.00000000 0.00000000 0.00000000
male 2012 3  0.00171375 0.00258888 0.00411791 0.00671135 0.01095443 0.01838644 0.04183657 0.12345616 0.20264129 0.24418277 0.26918571 0.28465667 0.29388371 0.29920801 0.30221627 0.30389520 0.30482575
male 2012 4  0.00000000 0.00000000 0.00000000 0.00000000 0.00000000 0.00000000 0.00000000 0.00000000 0.00000000 0.00000000 0.00000000 0.00000000 0.00000000 0.00000000 0.00000000 0.00000000 0.00000000
male 2012 5  0.00000000 0.00000000 0.00000000 0.00000000 0.00000000 0.00000000 0.00000000 0.00000000 0.00000000 0.00000000 0.00000000 0.00000000 0.00000000 0.00000000 0.00000000 0.00000000 0.00000000
male 2012 6  0.00000000 0.00000000 0.00000000 0.00000000 0.00000000 0.00000000 0.00000000 0.00000000 0.00000000 0.00000000 0.00000000 0.00000000 0.00000000 0.00000000 0.00000000 0.00000000 0.00000000
male 2013 1  0.00000000 0.00000000 0.00000000 0.00000000 0.00000000 0.00000000 0.00000000 0.00000000 0.00000000 0.00000000 0.00000000 0.00000000 0.00000000 0.00000000 0.00000000 0.00000000 0.00000000
male 2013 2  0.00000000 0.00000000 0.00000000 0.00000000 0.00000000 0.00000000 0.00000000 0.00000000 0.00000000 0.00000000 0.00000000 0.00000000 0.00000000 0.00000000 0.00000000 0.00000000 0.00000000
male 2013 3  0.00152149 0.00246839 0.00412282 0.00692895 0.01152001 0.01956154 0.04493488 0.13324830 0.21892761 0.26387601 0.29092951 0.30766928 0.31765305 0.32341401 0.32666898 0.32848561 0.32949248
male 2013 4  0.00000000 0.00000000 0.00000000 0.00000000 0.00000000 0.00000000 0.00000000 0.00000000 0.00000000 0.00000000 0.00000000 0.00000000 0.00000000 0.00000000 0.00000000 0.00000000 0.00000000
male 2013 5  0.00000000 0.00000000 0.00000000 0.00000000 0.00000000 0.00000000 0.00000000 0.00000000 0.00000000 0.00000000 0.00000000 0.00000000 0.00000000 0.00000000 0.00000000 0.00000000 0.00000000
male 2013 6  0.00000000 0.00000000 0.00000000 0.00000000 0.00000000 0.00000000 0.00000000 0.00000000 0.00000000 0.00000000 0.00000000 0.00000000 0.00000000 0.00000000 0.00000000 0.00000000 0.00000000
male 2014 1  0.00000000 0.00000000 0.00000000 0.00000000 0.00000000 0.00000000 0.00000000 0.00000000 0.00000000 0.00000000 0.00000000 0.00000000 0.00000000 0.00000000 0.00000000 0.00000000 0.00000000
male 2014 2  0.00000000 0.00000000 0.00000000 0.00000000 0.00000000 0.00000000 0.00000000 0.00000000 0.00000000 0.00000000 0.00000000 0.00000000 0.00000000 0.00000000 0.00000000 0.00000000 0.00000000
male 2014 3  0.00158622 0.00260190 0.00437649 0.00738643 0.01231094 0.02093652 0.04815271 0.14288027 0.23478242 0.28299540 0.31201377 0.32996934 0.34067823 0.34685760 0.35034898 0.35229754 0.35337754
male 2014 4  0.00000000 0.00000000 0.00000000 0.00000000 0.00000000 0.00000000 0.00000000 0.00000000 0.00000000 0.00000000 0.00000000 0.00000000 0.00000000 0.00000000 0.00000000 0.00000000 0.00000000
male 2014 5  0.00000000 0.00000000 0.00000000 0.00000000 0.00000000 0.00000000 0.00000000 0.00000000 0.00000000 0.00000000 0.00000000 0.00000000 0.00000000 0.00000000 0.00000000 0.00000000 0.00000000
male 2014 6  0.00000000 0.00000000 0.00000000 0.00000000 0.00000000 0.00000000 0.00000000 0.00000000 0.00000000 0.00000000 0.00000000 0.00000000 0.00000000 0.00000000 0.00000000 0.00000000 0.00000000
male 2015 1  0.00000000 0.00000000 0.00000000 0.00000000 0.00000000 0.00000000 0.00000000 0.00000000 0.00000000 0.00000000 0.00000000 0.00000000 0.00000000 0.00000000 0.00000000 0.00000000 0.00000000
male 2015 2  0.00000000 0.00000000 0.00000000 0.00000000 0.00000000 0.00000000 0.00000000 0.00000000 0.00000000 0.00000000 0.00000000 0.00000000 0.00000000 0.00000000 0.00000000 0.00000000 0.00000000
male 2015 3  0.00165360 0.00286035 0.00496879 0.00854498 0.01439593 0.02464423 0.05698055 0.16952905 0.27872058 0.33600378 0.37048132 0.39181485 0.40453838 0.41188027 0.41602847 0.41834362 0.41962679
male 2015 4  0.00000000 0.00000000 0.00000000 0.00000000 0.00000000 0.00000000 0.00000000 0.00000000 0.00000000 0.00000000 0.00000000 0.00000000 0.00000000 0.00000000 0.00000000 0.00000000 0.00000000
male 2015 5  0.00000000 0.00000000 0.00000000 0.00000000 0.00000000 0.00000000 0.00000000 0.00000000 0.00000000 0.00000000 0.00000000 0.00000000 0.00000000 0.00000000 0.00000000 0.00000000 0.00000000
male 2015 6  0.00000000 0.00000000 0.00000000 0.00000000 0.00000000 0.00000000 0.00000000 0.00000000 0.00000000 0.00000000 0.00000000 0.00000000 0.00000000 0.00000000 0.00000000 0.00000000 0.00000000
male 2016 1  0.00000000 0.00000000 0.00000000 0.00000000 0.00000000 0.00000000 0.00000000 0.00000000 0.00000000 0.00000000 0.00000000 0.00000000 0.00000000 0.00000000 0.00000000 0.00000000 0.00000000
male 2016 2  0.00000000 0.00000000 0.00000000 0.00000000 0.00000000 0.00000000 0.00000000 0.00000000 0.00000000 0.00000000 0.00000000 0.00000000 0.00000000 0.00000000 0.00000000 0.00000000 0.00000000
male 2016 3  0.00176683 0.00308795 0.00539622 0.00931135 0.01571681 0.02693638 0.06233735 0.18555254 0.30509262 0.36780479 0.40554991 0.42890531 0.44283470 0.45087241 0.45541375 0.45794831 0.45935310
male 2016 4  0.00000000 0.00000000 0.00000000 0.00000000 0.00000000 0.00000000 0.00000000 0.00000000 0.00000000 0.00000000 0.00000000 0.00000000 0.00000000 0.00000000 0.00000000 0.00000000 0.00000000
male 2016 5  0.00000000 0.00000000 0.00000000 0.00000000 0.00000000 0.00000000 0.00000000 0.00000000 0.00000000 0.00000000 0.00000000 0.00000000 0.00000000 0.00000000 0.00000000 0.00000000 0.00000000
male 2016 6  0.00000000 0.00000000 0.00000000 0.00000000 0.00000000 0.00000000 0.00000000 0.00000000 0.00000000 0.00000000 0.00000000 0.00000000 0.00000000 0.00000000 0.00000000 0.00000000 0.00000000
male 2017 1  0.00000000 0.00000000 0.00000000 0.00000000 0.00000000 0.00000000 0.00000000 0.00000000 0.00000000 0.00000000 0.00000000 0.00000000 0.00000000 0.00000000 0.00000000 0.00000000 0.00000000
male 2017 2  0.00000000 0.00000000 0.00000000 0.00000000 0.00000000 0.00000000 0.00000000 0.00000000 0.00000000 0.00000000 0.00000000 0.00000000 0.00000000 0.00000000 0.00000000 0.00000000 0.00000000
male 2017 3  0.00175419 0.00302476 0.00524469 0.00901000 0.01517036 0.02596061 0.06000694 0.17850724 0.29347306 0.35378551 0.39008630 0.41254799 0.42594437 0.43367451 0.43804208 0.44047965 0.44183069
male 2017 4  0.00000000 0.00000000 0.00000000 0.00000000 0.00000000 0.00000000 0.00000000 0.00000000 0.00000000 0.00000000 0.00000000 0.00000000 0.00000000 0.00000000 0.00000000 0.00000000 0.00000000
male 2017 5  0.00000000 0.00000000 0.00000000 0.00000000 0.00000000 0.00000000 0.00000000 0.00000000 0.00000000 0.00000000 0.00000000 0.00000000 0.00000000 0.00000000 0.00000000 0.00000000 0.00000000
male 2017 6  0.00000000 0.00000000 0.00000000 0.00000000 0.00000000 0.00000000 0.00000000 0.00000000 0.00000000 0.00000000 0.00000000 0.00000000 0.00000000 0.00000000 0.00000000 0.00000000 0.00000000
male 2018 1  0.00000000 0.00000000 0.00000000 0.00000000 0.00000000 0.00000000 0.00000000 0.00000000 0.00000000 0.00000000 0.00000000 0.00000000 0.00000000 0.00000000 0.00000000 0.00000000 0.00000000
male 2018 2  0.00000000 0.00000000 0.00000000 0.00000000 0.00000000 0.00000000 0.00000000 0.00000000 0.00000000 0.00000000 0.00000000 0.00000000 0.00000000 0.00000000 0.00000000 0.00000000 0.00000000
male 2018 3  0.00187622 0.00324467 0.00563562 0.00969099 0.01632592 0.02794740 0.06461652 0.19224556 0.31606784 0.38102650 0.42012375 0.44431579 0.45874416 0.46706980 0.47177383 0.47439918 0.47585429
male 2018 4  0.00000000 0.00000000 0.00000000 0.00000000 0.00000000 0.00000000 0.00000000 0.00000000 0.00000000 0.00000000 0.00000000 0.00000000 0.00000000 0.00000000 0.00000000 0.00000000 0.00000000
male 2018 5  0.00000000 0.00000000 0.00000000 0.00000000 0.00000000 0.00000000 0.00000000 0.00000000 0.00000000 0.00000000 0.00000000 0.00000000 0.00000000 0.00000000 0.00000000 0.00000000 0.00000000
male 2018 6  0.00000000 0.00000000 0.00000000 0.00000000 0.00000000 0.00000000 0.00000000 0.00000000 0.00000000 0.00000000 0.00000000 0.00000000 0.00000000 0.00000000 0.00000000 0.00000000 0.00000000
male 2019 1  0.00000000 0.00000000 0.00000000 0.00000000 0.00000000 0.00000000 0.00000000 0.00000000 0.00000000 0.00000000 0.00000000 0.00000000 0.00000000 0.00000000 0.00000000 0.00000000 0.00000000
male 2019 2  0.00000000 0.00000000 0.00000000 0.00000000 0.00000000 0.00000000 0.00000000 0.00000000 0.00000000 0.00000000 0.00000000 0.00000000 0.00000000 0.00000000 0.00000000 0.00000000 0.00000000
male 2019 3  0.00212247 0.00354529 0.00603125 0.01024777 0.01714634 0.02922960 0.06735579 0.20005626 0.32879869 0.39633853 0.43698933 0.46214266 0.47714435 0.48580081 0.49069176 0.49342143 0.49493437
male 2019 4  0.00000000 0.00000000 0.00000000 0.00000000 0.00000000 0.00000000 0.00000000 0.00000000 0.00000000 0.00000000 0.00000000 0.00000000 0.00000000 0.00000000 0.00000000 0.00000000 0.00000000
male 2019 5  0.00000000 0.00000000 0.00000000 0.00000000 0.00000000 0.00000000 0.00000000 0.00000000 0.00000000 0.00000000 0.00000000 0.00000000 0.00000000 0.00000000 0.00000000 0.00000000 0.00000000
male 2019 6  0.00000000 0.00000000 0.00000000 0.00000000 0.00000000 0.00000000 0.00000000 0.00000000 0.00000000 0.00000000 0.00000000 0.00000000 0.00000000 0.00000000 0.00000000 0.00000000 0.00000000
male 2020 1  0.00000000 0.00000000 0.00000000 0.00000000 0.00000000 0.00000000 0.00000000 0.00000000 0.00000000 0.00000000 0.00000000 0.00000000 0.00000000 0.00000000 0.00000000 0.00000000 0.00000000
male 2020 2  0.00000000 0.00000000 0.00000000 0.00000000 0.00000000 0.00000000 0.00000000 0.00000000 0.00000000 0.00000000 0.00000000 0.00000000 0.00000000 0.00000000 0.00000000 0.00000000 0.00000000
male 2020 3  0.00142411 0.00250385 0.00439036 0.00759014 0.01282525 0.02199486 0.05092760 0.15162976 0.24932830 0.30058213 0.33143073 0.35051879 0.36190309 0.36847221 0.37218379 0.37425526 0.37540337
male 2020 4  0.00000000 0.00000000 0.00000000 0.00000000 0.00000000 0.00000000 0.00000000 0.00000000 0.00000000 0.00000000 0.00000000 0.00000000 0.00000000 0.00000000 0.00000000 0.00000000 0.00000000
male 2020 5  0.00000000 0.00000000 0.00000000 0.00000000 0.00000000 0.00000000 0.00000000 0.00000000 0.00000000 0.00000000 0.00000000 0.00000000 0.00000000 0.00000000 0.00000000 0.00000000 0.00000000
male 2020 6  0.00000000 0.00000000 0.00000000 0.00000000 0.00000000 0.00000000 0.00000000 0.00000000 0.00000000 0.00000000 0.00000000 0.00000000 0.00000000 0.00000000 0.00000000 0.00000000 0.00000000
male 2021 1  0.00000000 0.00000000 0.00000000 0.00000000 0.00000000 0.00000000 0.00000000 0.00000000 0.00000000 0.00000000 0.00000000 0.00000000 0.00000000 0.00000000 0.00000000 0.00000000 0.00000000
male 2021 2  0.00000000 0.00000000 0.00000000 0.00000000 0.00000000 0.00000000 0.00000000 0.00000000 0.00000000 0.00000000 0.00000000 0.00000000 0.00000000 0.00000000 0.00000000 0.00000000 0.00000000
male 2021 3  0.00143578 0.00243912 0.00419217 0.00716557 0.01203030 0.02055117 0.04743697 0.14101459 0.23180110 0.27942880 0.30809490 0.32583251 0.33641139 0.34251575 0.34596474 0.34788965 0.34895654
male 2021 4  0.00000000 0.00000000 0.00000000 0.00000000 0.00000000 0.00000000 0.00000000 0.00000000 0.00000000 0.00000000 0.00000000 0.00000000 0.00000000 0.00000000 0.00000000 0.00000000 0.00000000
male 2021 5  0.00000000 0.00000000 0.00000000 0.00000000 0.00000000 0.00000000 0.00000000 0.00000000 0.00000000 0.00000000 0.00000000 0.00000000 0.00000000 0.00000000 0.00000000 0.00000000 0.00000000
male 2021 6  0.00000000 0.00000000 0.00000000 0.00000000 0.00000000 0.00000000 0.00000000 0.00000000 0.00000000 0.00000000 0.00000000 0.00000000 0.00000000 0.00000000 0.00000000 0.00000000 0.00000000

# Fishing mortality-at-size by sex and season (Discrete)
# Sex Year Season 1 2 3 4 5 6 7 8 9 10 11 12 13 14 15 16 17 
male 1960 1  0.00000000 0.00000000 0.00000000 0.00000000 0.00000000 0.00000000 0.00000000 0.00000000 0.00000000 0.00000000 0.00000000 0.00000000 0.00000000 0.00000000 0.00000000 0.00000000 0.00000000
male 1960 2  0.00000000 0.00000000 0.00000000 0.00000000 0.00000000 0.00000000 0.00000000 0.00000000 0.00000000 0.00000000 0.00000000 0.00000000 0.00000000 0.00000000 0.00000000 0.00000000 0.00000000
male 1960 3  0.00000000 0.00000000 0.00000000 0.00000000 0.00000000 0.00000000 0.00000000 0.00000000 0.00000000 0.00000000 0.00000000 0.00000000 0.00000000 0.00000000 0.00000000 0.00000000 0.00000000
male 1960 4  0.00000000 0.00000000 0.00000000 0.00000000 0.00000000 0.00000000 0.00000000 0.00000000 0.00000000 0.00000000 0.00000000 0.00000000 0.00000000 0.00000000 0.00000000 0.00000000 0.00000000
male 1960 5  0.00000000 0.00000000 0.00000000 0.00000000 0.00000000 0.00000000 0.00000000 0.00000000 0.00000000 0.00000000 0.00000000 0.00000000 0.00000000 0.00000000 0.00000000 0.00000000 0.00000000
male 1960 6  0.00000000 0.00000000 0.00000000 0.00000000 0.00000000 0.00000000 0.00000000 0.00000000 0.00000000 0.00000000 0.00000000 0.00000000 0.00000000 0.00000000 0.00000000 0.00000000 0.00000000
male 1961 1  0.00000000 0.00000000 0.00000000 0.00000000 0.00000000 0.00000000 0.00000000 0.00000000 0.00000000 0.00000000 0.00000000 0.00000000 0.00000000 0.00000000 0.00000000 0.00000000 0.00000000
male 1961 2  0.00000000 0.00000000 0.00000000 0.00000000 0.00000000 0.00000000 0.00000000 0.00000000 0.00000000 0.00000000 0.00000000 0.00000000 0.00000000 0.00000000 0.00000000 0.00000000 0.00000000
male 1961 3  0.00000000 0.00000000 0.00000000 0.00000000 0.00000000 0.00000000 0.00000000 0.00000000 0.00000000 0.00000000 0.00000000 0.00000000 0.00000000 0.00000000 0.00000000 0.00000000 0.00000000
male 1961 4  0.00000000 0.00000000 0.00000000 0.00000000 0.00000000 0.00000000 0.00000000 0.00000000 0.00000000 0.00000000 0.00000000 0.00000000 0.00000000 0.00000000 0.00000000 0.00000000 0.00000000
male 1961 5  0.00000000 0.00000000 0.00000000 0.00000000 0.00000000 0.00000000 0.00000000 0.00000000 0.00000000 0.00000000 0.00000000 0.00000000 0.00000000 0.00000000 0.00000000 0.00000000 0.00000000
male 1961 6  0.00000000 0.00000000 0.00000000 0.00000000 0.00000000 0.00000000 0.00000000 0.00000000 0.00000000 0.00000000 0.00000000 0.00000000 0.00000000 0.00000000 0.00000000 0.00000000 0.00000000
male 1962 1  0.00000000 0.00000000 0.00000000 0.00000000 0.00000000 0.00000000 0.00000000 0.00000000 0.00000000 0.00000000 0.00000000 0.00000000 0.00000000 0.00000000 0.00000000 0.00000000 0.00000000
male 1962 2  0.00000000 0.00000000 0.00000000 0.00000000 0.00000000 0.00000000 0.00000000 0.00000000 0.00000000 0.00000000 0.00000000 0.00000000 0.00000000 0.00000000 0.00000000 0.00000000 0.00000000
male 1962 3  0.00000000 0.00000000 0.00000000 0.00000000 0.00000000 0.00000000 0.00000000 0.00000000 0.00000000 0.00000000 0.00000000 0.00000000 0.00000000 0.00000000 0.00000000 0.00000000 0.00000000
male 1962 4  0.00000000 0.00000000 0.00000000 0.00000000 0.00000000 0.00000000 0.00000000 0.00000000 0.00000000 0.00000000 0.00000000 0.00000000 0.00000000 0.00000000 0.00000000 0.00000000 0.00000000
male 1962 5  0.00000000 0.00000000 0.00000000 0.00000000 0.00000000 0.00000000 0.00000000 0.00000000 0.00000000 0.00000000 0.00000000 0.00000000 0.00000000 0.00000000 0.00000000 0.00000000 0.00000000
male 1962 6  0.00000000 0.00000000 0.00000000 0.00000000 0.00000000 0.00000000 0.00000000 0.00000000 0.00000000 0.00000000 0.00000000 0.00000000 0.00000000 0.00000000 0.00000000 0.00000000 0.00000000
male 1963 1  0.00000000 0.00000000 0.00000000 0.00000000 0.00000000 0.00000000 0.00000000 0.00000000 0.00000000 0.00000000 0.00000000 0.00000000 0.00000000 0.00000000 0.00000000 0.00000000 0.00000000
male 1963 2  0.00000000 0.00000000 0.00000000 0.00000000 0.00000000 0.00000000 0.00000000 0.00000000 0.00000000 0.00000000 0.00000000 0.00000000 0.00000000 0.00000000 0.00000000 0.00000000 0.00000000
male 1963 3  0.00000000 0.00000000 0.00000000 0.00000000 0.00000000 0.00000000 0.00000000 0.00000000 0.00000000 0.00000000 0.00000000 0.00000000 0.00000000 0.00000000 0.00000000 0.00000000 0.00000000
male 1963 4  0.00000000 0.00000000 0.00000000 0.00000000 0.00000000 0.00000000 0.00000000 0.00000000 0.00000000 0.00000000 0.00000000 0.00000000 0.00000000 0.00000000 0.00000000 0.00000000 0.00000000
male 1963 5  0.00000000 0.00000000 0.00000000 0.00000000 0.00000000 0.00000000 0.00000000 0.00000000 0.00000000 0.00000000 0.00000000 0.00000000 0.00000000 0.00000000 0.00000000 0.00000000 0.00000000
male 1963 6  0.00000000 0.00000000 0.00000000 0.00000000 0.00000000 0.00000000 0.00000000 0.00000000 0.00000000 0.00000000 0.00000000 0.00000000 0.00000000 0.00000000 0.00000000 0.00000000 0.00000000
male 1964 1  0.00000000 0.00000000 0.00000000 0.00000000 0.00000000 0.00000000 0.00000000 0.00000000 0.00000000 0.00000000 0.00000000 0.00000000 0.00000000 0.00000000 0.00000000 0.00000000 0.00000000
male 1964 2  0.00000000 0.00000000 0.00000000 0.00000000 0.00000000 0.00000000 0.00000000 0.00000000 0.00000000 0.00000000 0.00000000 0.00000000 0.00000000 0.00000000 0.00000000 0.00000000 0.00000000
male 1964 3  0.00000000 0.00000000 0.00000000 0.00000000 0.00000000 0.00000000 0.00000000 0.00000000 0.00000000 0.00000000 0.00000000 0.00000000 0.00000000 0.00000000 0.00000000 0.00000000 0.00000000
male 1964 4  0.00000000 0.00000000 0.00000000 0.00000000 0.00000000 0.00000000 0.00000000 0.00000000 0.00000000 0.00000000 0.00000000 0.00000000 0.00000000 0.00000000 0.00000000 0.00000000 0.00000000
male 1964 5  0.00000000 0.00000000 0.00000000 0.00000000 0.00000000 0.00000000 0.00000000 0.00000000 0.00000000 0.00000000 0.00000000 0.00000000 0.00000000 0.00000000 0.00000000 0.00000000 0.00000000
male 1964 6  0.00000000 0.00000000 0.00000000 0.00000000 0.00000000 0.00000000 0.00000000 0.00000000 0.00000000 0.00000000 0.00000000 0.00000000 0.00000000 0.00000000 0.00000000 0.00000000 0.00000000
male 1965 1  0.00000000 0.00000000 0.00000000 0.00000000 0.00000000 0.00000000 0.00000000 0.00000000 0.00000000 0.00000000 0.00000000 0.00000000 0.00000000 0.00000000 0.00000000 0.00000000 0.00000000
male 1965 2  0.00000000 0.00000000 0.00000000 0.00000000 0.00000000 0.00000000 0.00000000 0.00000000 0.00000000 0.00000000 0.00000000 0.00000000 0.00000000 0.00000000 0.00000000 0.00000000 0.00000000
male 1965 3  0.00000000 0.00000000 0.00000000 0.00000000 0.00000000 0.00000000 0.00000000 0.00000000 0.00000000 0.00000000 0.00000000 0.00000000 0.00000000 0.00000000 0.00000000 0.00000000 0.00000000
male 1965 4  0.00000000 0.00000000 0.00000000 0.00000000 0.00000000 0.00000000 0.00000000 0.00000000 0.00000000 0.00000000 0.00000000 0.00000000 0.00000000 0.00000000 0.00000000 0.00000000 0.00000000
male 1965 5  0.00000000 0.00000000 0.00000000 0.00000000 0.00000000 0.00000000 0.00000000 0.00000000 0.00000000 0.00000000 0.00000000 0.00000000 0.00000000 0.00000000 0.00000000 0.00000000 0.00000000
male 1965 6  0.00000000 0.00000000 0.00000000 0.00000000 0.00000000 0.00000000 0.00000000 0.00000000 0.00000000 0.00000000 0.00000000 0.00000000 0.00000000 0.00000000 0.00000000 0.00000000 0.00000000
male 1966 1  0.00000000 0.00000000 0.00000000 0.00000000 0.00000000 0.00000000 0.00000000 0.00000000 0.00000000 0.00000000 0.00000000 0.00000000 0.00000000 0.00000000 0.00000000 0.00000000 0.00000000
male 1966 2  0.00000000 0.00000000 0.00000000 0.00000000 0.00000000 0.00000000 0.00000000 0.00000000 0.00000000 0.00000000 0.00000000 0.00000000 0.00000000 0.00000000 0.00000000 0.00000000 0.00000000
male 1966 3  0.00000000 0.00000000 0.00000000 0.00000000 0.00000000 0.00000000 0.00000000 0.00000000 0.00000000 0.00000000 0.00000000 0.00000000 0.00000000 0.00000000 0.00000000 0.00000000 0.00000000
male 1966 4  0.00000000 0.00000000 0.00000000 0.00000000 0.00000000 0.00000000 0.00000000 0.00000000 0.00000000 0.00000000 0.00000000 0.00000000 0.00000000 0.00000000 0.00000000 0.00000000 0.00000000
male 1966 5  0.00000000 0.00000000 0.00000000 0.00000000 0.00000000 0.00000000 0.00000000 0.00000000 0.00000000 0.00000000 0.00000000 0.00000000 0.00000000 0.00000000 0.00000000 0.00000000 0.00000000
male 1966 6  0.00000000 0.00000000 0.00000000 0.00000000 0.00000000 0.00000000 0.00000000 0.00000000 0.00000000 0.00000000 0.00000000 0.00000000 0.00000000 0.00000000 0.00000000 0.00000000 0.00000000
male 1967 1  0.00000000 0.00000000 0.00000000 0.00000000 0.00000000 0.00000000 0.00000000 0.00000000 0.00000000 0.00000000 0.00000000 0.00000000 0.00000000 0.00000000 0.00000000 0.00000000 0.00000000
male 1967 2  0.00000000 0.00000000 0.00000000 0.00000000 0.00000000 0.00000000 0.00000000 0.00000000 0.00000000 0.00000000 0.00000000 0.00000000 0.00000000 0.00000000 0.00000000 0.00000000 0.00000000
male 1967 3  0.00000000 0.00000000 0.00000000 0.00000000 0.00000000 0.00000000 0.00000000 0.00000000 0.00000000 0.00000000 0.00000000 0.00000000 0.00000000 0.00000000 0.00000000 0.00000000 0.00000000
male 1967 4  0.00000000 0.00000000 0.00000000 0.00000000 0.00000000 0.00000000 0.00000000 0.00000000 0.00000000 0.00000000 0.00000000 0.00000000 0.00000000 0.00000000 0.00000000 0.00000000 0.00000000
male 1967 5  0.00000000 0.00000000 0.00000000 0.00000000 0.00000000 0.00000000 0.00000000 0.00000000 0.00000000 0.00000000 0.00000000 0.00000000 0.00000000 0.00000000 0.00000000 0.00000000 0.00000000
male 1967 6  0.00000000 0.00000000 0.00000000 0.00000000 0.00000000 0.00000000 0.00000000 0.00000000 0.00000000 0.00000000 0.00000000 0.00000000 0.00000000 0.00000000 0.00000000 0.00000000 0.00000000
male 1968 1  0.00000000 0.00000000 0.00000000 0.00000000 0.00000000 0.00000000 0.00000000 0.00000000 0.00000000 0.00000000 0.00000000 0.00000000 0.00000000 0.00000000 0.00000000 0.00000000 0.00000000
male 1968 2  0.00000000 0.00000000 0.00000000 0.00000000 0.00000000 0.00000000 0.00000000 0.00000000 0.00000000 0.00000000 0.00000000 0.00000000 0.00000000 0.00000000 0.00000000 0.00000000 0.00000000
male 1968 3  0.00000000 0.00000000 0.00000000 0.00000000 0.00000000 0.00000000 0.00000000 0.00000000 0.00000000 0.00000000 0.00000000 0.00000000 0.00000000 0.00000000 0.00000000 0.00000000 0.00000000
male 1968 4  0.00000000 0.00000000 0.00000000 0.00000000 0.00000000 0.00000000 0.00000000 0.00000000 0.00000000 0.00000000 0.00000000 0.00000000 0.00000000 0.00000000 0.00000000 0.00000000 0.00000000
male 1968 5  0.00000000 0.00000000 0.00000000 0.00000000 0.00000000 0.00000000 0.00000000 0.00000000 0.00000000 0.00000000 0.00000000 0.00000000 0.00000000 0.00000000 0.00000000 0.00000000 0.00000000
male 1968 6  0.00000000 0.00000000 0.00000000 0.00000000 0.00000000 0.00000000 0.00000000 0.00000000 0.00000000 0.00000000 0.00000000 0.00000000 0.00000000 0.00000000 0.00000000 0.00000000 0.00000000
male 1969 1  0.00000000 0.00000000 0.00000000 0.00000000 0.00000000 0.00000000 0.00000000 0.00000000 0.00000000 0.00000000 0.00000000 0.00000000 0.00000000 0.00000000 0.00000000 0.00000000 0.00000000
male 1969 2  0.00000000 0.00000000 0.00000000 0.00000000 0.00000000 0.00000000 0.00000000 0.00000000 0.00000000 0.00000000 0.00000000 0.00000000 0.00000000 0.00000000 0.00000000 0.00000000 0.00000000
male 1969 3  0.00000000 0.00000000 0.00000000 0.00000000 0.00000000 0.00000000 0.00000000 0.00000000 0.00000000 0.00000000 0.00000000 0.00000000 0.00000000 0.00000000 0.00000000 0.00000000 0.00000000
male 1969 4  0.00000000 0.00000000 0.00000000 0.00000000 0.00000000 0.00000000 0.00000000 0.00000000 0.00000000 0.00000000 0.00000000 0.00000000 0.00000000 0.00000000 0.00000000 0.00000000 0.00000000
male 1969 5  0.00000000 0.00000000 0.00000000 0.00000000 0.00000000 0.00000000 0.00000000 0.00000000 0.00000000 0.00000000 0.00000000 0.00000000 0.00000000 0.00000000 0.00000000 0.00000000 0.00000000
male 1969 6  0.00000000 0.00000000 0.00000000 0.00000000 0.00000000 0.00000000 0.00000000 0.00000000 0.00000000 0.00000000 0.00000000 0.00000000 0.00000000 0.00000000 0.00000000 0.00000000 0.00000000
male 1970 1  0.00000000 0.00000000 0.00000000 0.00000000 0.00000000 0.00000000 0.00000000 0.00000000 0.00000000 0.00000000 0.00000000 0.00000000 0.00000000 0.00000000 0.00000000 0.00000000 0.00000000
male 1970 2  0.00000000 0.00000000 0.00000000 0.00000000 0.00000000 0.00000000 0.00000000 0.00000000 0.00000000 0.00000000 0.00000000 0.00000000 0.00000000 0.00000000 0.00000000 0.00000000 0.00000000
male 1970 3  0.00000000 0.00000000 0.00000000 0.00000000 0.00000000 0.00000000 0.00000000 0.00000000 0.00000000 0.00000000 0.00000000 0.00000000 0.00000000 0.00000000 0.00000000 0.00000000 0.00000000
male 1970 4  0.00000000 0.00000000 0.00000000 0.00000000 0.00000000 0.00000000 0.00000000 0.00000000 0.00000000 0.00000000 0.00000000 0.00000000 0.00000000 0.00000000 0.00000000 0.00000000 0.00000000
male 1970 5  0.00000000 0.00000000 0.00000000 0.00000000 0.00000000 0.00000000 0.00000000 0.00000000 0.00000000 0.00000000 0.00000000 0.00000000 0.00000000 0.00000000 0.00000000 0.00000000 0.00000000
male 1970 6  0.00000000 0.00000000 0.00000000 0.00000000 0.00000000 0.00000000 0.00000000 0.00000000 0.00000000 0.00000000 0.00000000 0.00000000 0.00000000 0.00000000 0.00000000 0.00000000 0.00000000
male 1971 1  0.00000000 0.00000000 0.00000000 0.00000000 0.00000000 0.00000000 0.00000000 0.00000000 0.00000000 0.00000000 0.00000000 0.00000000 0.00000000 0.00000000 0.00000000 0.00000000 0.00000000
male 1971 2  0.00000000 0.00000000 0.00000000 0.00000000 0.00000000 0.00000000 0.00000000 0.00000000 0.00000000 0.00000000 0.00000000 0.00000000 0.00000000 0.00000000 0.00000000 0.00000000 0.00000000
male 1971 3  0.00000000 0.00000000 0.00000000 0.00000000 0.00000000 0.00000000 0.00000000 0.00000000 0.00000000 0.00000000 0.00000000 0.00000000 0.00000000 0.00000000 0.00000000 0.00000000 0.00000000
male 1971 4  0.00000000 0.00000000 0.00000000 0.00000000 0.00000000 0.00000000 0.00000000 0.00000000 0.00000000 0.00000000 0.00000000 0.00000000 0.00000000 0.00000000 0.00000000 0.00000000 0.00000000
male 1971 5  0.00000000 0.00000000 0.00000000 0.00000000 0.00000000 0.00000000 0.00000000 0.00000000 0.00000000 0.00000000 0.00000000 0.00000000 0.00000000 0.00000000 0.00000000 0.00000000 0.00000000
male 1971 6  0.00000000 0.00000000 0.00000000 0.00000000 0.00000000 0.00000000 0.00000000 0.00000000 0.00000000 0.00000000 0.00000000 0.00000000 0.00000000 0.00000000 0.00000000 0.00000000 0.00000000
male 1972 1  0.00000000 0.00000000 0.00000000 0.00000000 0.00000000 0.00000000 0.00000000 0.00000000 0.00000000 0.00000000 0.00000000 0.00000000 0.00000000 0.00000000 0.00000000 0.00000000 0.00000000
male 1972 2  0.00000000 0.00000000 0.00000000 0.00000000 0.00000000 0.00000000 0.00000000 0.00000000 0.00000000 0.00000000 0.00000000 0.00000000 0.00000000 0.00000000 0.00000000 0.00000000 0.00000000
male 1972 3  0.00000000 0.00000000 0.00000000 0.00000000 0.00000000 0.00000000 0.00000000 0.00000000 0.00000000 0.00000000 0.00000000 0.00000000 0.00000000 0.00000000 0.00000000 0.00000000 0.00000000
male 1972 4  0.00000000 0.00000000 0.00000000 0.00000000 0.00000000 0.00000000 0.00000000 0.00000000 0.00000000 0.00000000 0.00000000 0.00000000 0.00000000 0.00000000 0.00000000 0.00000000 0.00000000
male 1972 5  0.00000000 0.00000000 0.00000000 0.00000000 0.00000000 0.00000000 0.00000000 0.00000000 0.00000000 0.00000000 0.00000000 0.00000000 0.00000000 0.00000000 0.00000000 0.00000000 0.00000000
male 1972 6  0.00000000 0.00000000 0.00000000 0.00000000 0.00000000 0.00000000 0.00000000 0.00000000 0.00000000 0.00000000 0.00000000 0.00000000 0.00000000 0.00000000 0.00000000 0.00000000 0.00000000
male 1973 1  0.00000000 0.00000000 0.00000000 0.00000000 0.00000000 0.00000000 0.00000000 0.00000000 0.00000000 0.00000000 0.00000000 0.00000000 0.00000000 0.00000000 0.00000000 0.00000000 0.00000000
male 1973 2  0.00000000 0.00000000 0.00000000 0.00000000 0.00000000 0.00000000 0.00000000 0.00000000 0.00000000 0.00000000 0.00000000 0.00000000 0.00000000 0.00000000 0.00000000 0.00000000 0.00000000
male 1973 3  0.00000000 0.00000000 0.00000000 0.00000000 0.00000000 0.00000000 0.00000000 0.00000000 0.00000000 0.00000000 0.00000000 0.00000000 0.00000000 0.00000000 0.00000000 0.00000000 0.00000000
male 1973 4  0.00000000 0.00000000 0.00000000 0.00000000 0.00000000 0.00000000 0.00000000 0.00000000 0.00000000 0.00000000 0.00000000 0.00000000 0.00000000 0.00000000 0.00000000 0.00000000 0.00000000
male 1973 5  0.00000000 0.00000000 0.00000000 0.00000000 0.00000000 0.00000000 0.00000000 0.00000000 0.00000000 0.00000000 0.00000000 0.00000000 0.00000000 0.00000000 0.00000000 0.00000000 0.00000000
male 1973 6  0.00000000 0.00000000 0.00000000 0.00000000 0.00000000 0.00000000 0.00000000 0.00000000 0.00000000 0.00000000 0.00000000 0.00000000 0.00000000 0.00000000 0.00000000 0.00000000 0.00000000
male 1974 1  0.00000000 0.00000000 0.00000000 0.00000000 0.00000000 0.00000000 0.00000000 0.00000000 0.00000000 0.00000000 0.00000000 0.00000000 0.00000000 0.00000000 0.00000000 0.00000000 0.00000000
male 1974 2  0.00000000 0.00000000 0.00000000 0.00000000 0.00000000 0.00000000 0.00000000 0.00000000 0.00000000 0.00000000 0.00000000 0.00000000 0.00000000 0.00000000 0.00000000 0.00000000 0.00000000
male 1974 3  0.00000000 0.00000000 0.00000000 0.00000000 0.00000000 0.00000000 0.00000000 0.00000000 0.00000000 0.00000000 0.00000000 0.00000000 0.00000000 0.00000000 0.00000000 0.00000000 0.00000000
male 1974 4  0.00000000 0.00000000 0.00000000 0.00000000 0.00000000 0.00000000 0.00000000 0.00000000 0.00000000 0.00000000 0.00000000 0.00000000 0.00000000 0.00000000 0.00000000 0.00000000 0.00000000
male 1974 5  0.00000000 0.00000000 0.00000000 0.00000000 0.00000000 0.00000000 0.00000000 0.00000000 0.00000000 0.00000000 0.00000000 0.00000000 0.00000000 0.00000000 0.00000000 0.00000000 0.00000000
male 1974 6  0.00000000 0.00000000 0.00000000 0.00000000 0.00000000 0.00000000 0.00000000 0.00000000 0.00000000 0.00000000 0.00000000 0.00000000 0.00000000 0.00000000 0.00000000 0.00000000 0.00000000
male 1975 1  0.00000000 0.00000000 0.00000000 0.00000000 0.00000000 0.00000000 0.00000000 0.00000000 0.00000000 0.00000000 0.00000000 0.00000000 0.00000000 0.00000000 0.00000000 0.00000000 0.00000000
male 1975 2  0.00000000 0.00000000 0.00000000 0.00000000 0.00000000 0.00000000 0.00000000 0.00000000 0.00000000 0.00000000 0.00000000 0.00000000 0.00000000 0.00000000 0.00000000 0.00000000 0.00000000
male 1975 3  0.00000000 0.00000000 0.00000000 0.00000000 0.00000000 0.00000000 0.00000000 0.00000000 0.00000000 0.00000000 0.00000000 0.00000000 0.00000000 0.00000000 0.00000000 0.00000000 0.00000000
male 1975 4  0.00000000 0.00000000 0.00000000 0.00000000 0.00000000 0.00000000 0.00000000 0.00000000 0.00000000 0.00000000 0.00000000 0.00000000 0.00000000 0.00000000 0.00000000 0.00000000 0.00000000
male 1975 5  0.00000000 0.00000000 0.00000000 0.00000000 0.00000000 0.00000000 0.00000000 0.00000000 0.00000000 0.00000000 0.00000000 0.00000000 0.00000000 0.00000000 0.00000000 0.00000000 0.00000000
male 1975 6  0.00000000 0.00000000 0.00000000 0.00000000 0.00000000 0.00000000 0.00000000 0.00000000 0.00000000 0.00000000 0.00000000 0.00000000 0.00000000 0.00000000 0.00000000 0.00000000 0.00000000
male 1976 1  0.00000000 0.00000000 0.00000000 0.00000000 0.00000000 0.00000000 0.00000000 0.00000000 0.00000000 0.00000000 0.00000000 0.00000000 0.00000000 0.00000000 0.00000000 0.00000000 0.00000000
male 1976 2  0.00000000 0.00000000 0.00000000 0.00000000 0.00000000 0.00000000 0.00000000 0.00000000 0.00000000 0.00000000 0.00000000 0.00000000 0.00000000 0.00000000 0.00000000 0.00000000 0.00000000
male 1976 3  0.00000000 0.00000000 0.00000000 0.00000000 0.00000000 0.00000000 0.00000000 0.00000000 0.00000000 0.00000000 0.00000000 0.00000000 0.00000000 0.00000000 0.00000000 0.00000000 0.00000000
male 1976 4  0.00000000 0.00000000 0.00000000 0.00000000 0.00000000 0.00000000 0.00000000 0.00000000 0.00000000 0.00000000 0.00000000 0.00000000 0.00000000 0.00000000 0.00000000 0.00000000 0.00000000
male 1976 5  0.00000000 0.00000000 0.00000000 0.00000000 0.00000000 0.00000000 0.00000000 0.00000000 0.00000000 0.00000000 0.00000000 0.00000000 0.00000000 0.00000000 0.00000000 0.00000000 0.00000000
male 1976 6  0.00000000 0.00000000 0.00000000 0.00000000 0.00000000 0.00000000 0.00000000 0.00000000 0.00000000 0.00000000 0.00000000 0.00000000 0.00000000 0.00000000 0.00000000 0.00000000 0.00000000
male 1977 1  0.00000000 0.00000000 0.00000000 0.00000000 0.00000000 0.00000000 0.00000000 0.00000000 0.00000000 0.00000000 0.00000000 0.00000000 0.00000000 0.00000000 0.00000000 0.00000000 0.00000000
male 1977 2  0.00000000 0.00000000 0.00000000 0.00000000 0.00000000 0.00000000 0.00000000 0.00000000 0.00000000 0.00000000 0.00000000 0.00000000 0.00000000 0.00000000 0.00000000 0.00000000 0.00000000
male 1977 3  0.00000000 0.00000000 0.00000000 0.00000000 0.00000000 0.00000000 0.00000000 0.00000000 0.00000000 0.00000000 0.00000000 0.00000000 0.00000000 0.00000000 0.00000000 0.00000000 0.00000000
male 1977 4  0.00000000 0.00000000 0.00000000 0.00000000 0.00000000 0.00000000 0.00000000 0.00000000 0.00000000 0.00000000 0.00000000 0.00000000 0.00000000 0.00000000 0.00000000 0.00000000 0.00000000
male 1977 5  0.00000000 0.00000000 0.00000000 0.00000000 0.00000000 0.00000000 0.00000000 0.00000000 0.00000000 0.00000000 0.00000000 0.00000000 0.00000000 0.00000000 0.00000000 0.00000000 0.00000000
male 1977 6  0.00000000 0.00000000 0.00000000 0.00000000 0.00000000 0.00000000 0.00000000 0.00000000 0.00000000 0.00000000 0.00000000 0.00000000 0.00000000 0.00000000 0.00000000 0.00000000 0.00000000
male 1978 1  0.00000000 0.00000000 0.00000000 0.00000000 0.00000000 0.00000000 0.00000000 0.00000000 0.00000000 0.00000000 0.00000000 0.00000000 0.00000000 0.00000000 0.00000000 0.00000000 0.00000000
male 1978 2  0.00000000 0.00000000 0.00000000 0.00000000 0.00000000 0.00000000 0.00000000 0.00000000 0.00000000 0.00000000 0.00000000 0.00000000 0.00000000 0.00000000 0.00000000 0.00000000 0.00000000
male 1978 3  0.00000000 0.00000000 0.00000000 0.00000000 0.00000000 0.00000000 0.00000000 0.00000000 0.00000000 0.00000000 0.00000000 0.00000000 0.00000000 0.00000000 0.00000000 0.00000000 0.00000000
male 1978 4  0.00000000 0.00000000 0.00000000 0.00000000 0.00000000 0.00000000 0.00000000 0.00000000 0.00000000 0.00000000 0.00000000 0.00000000 0.00000000 0.00000000 0.00000000 0.00000000 0.00000000
male 1978 5  0.00000000 0.00000000 0.00000000 0.00000000 0.00000000 0.00000000 0.00000000 0.00000000 0.00000000 0.00000000 0.00000000 0.00000000 0.00000000 0.00000000 0.00000000 0.00000000 0.00000000
male 1978 6  0.00000000 0.00000000 0.00000000 0.00000000 0.00000000 0.00000000 0.00000000 0.00000000 0.00000000 0.00000000 0.00000000 0.00000000 0.00000000 0.00000000 0.00000000 0.00000000 0.00000000
male 1979 1  0.00000000 0.00000000 0.00000000 0.00000000 0.00000000 0.00000000 0.00000000 0.00000000 0.00000000 0.00000000 0.00000000 0.00000000 0.00000000 0.00000000 0.00000000 0.00000000 0.00000000
male 1979 2  0.00000000 0.00000000 0.00000000 0.00000000 0.00000000 0.00000000 0.00000000 0.00000000 0.00000000 0.00000000 0.00000000 0.00000000 0.00000000 0.00000000 0.00000000 0.00000000 0.00000000
male 1979 3  0.00000000 0.00000000 0.00000000 0.00000000 0.00000000 0.00000000 0.00000000 0.00000000 0.00000000 0.00000000 0.00000000 0.00000000 0.00000000 0.00000000 0.00000000 0.00000000 0.00000000
male 1979 4  0.00000000 0.00000000 0.00000000 0.00000000 0.00000000 0.00000000 0.00000000 0.00000000 0.00000000 0.00000000 0.00000000 0.00000000 0.00000000 0.00000000 0.00000000 0.00000000 0.00000000
male 1979 5  0.00000000 0.00000000 0.00000000 0.00000000 0.00000000 0.00000000 0.00000000 0.00000000 0.00000000 0.00000000 0.00000000 0.00000000 0.00000000 0.00000000 0.00000000 0.00000000 0.00000000
male 1979 6  0.00000000 0.00000000 0.00000000 0.00000000 0.00000000 0.00000000 0.00000000 0.00000000 0.00000000 0.00000000 0.00000000 0.00000000 0.00000000 0.00000000 0.00000000 0.00000000 0.00000000
male 1980 1  0.00000000 0.00000000 0.00000000 0.00000000 0.00000000 0.00000000 0.00000000 0.00000000 0.00000000 0.00000000 0.00000000 0.00000000 0.00000000 0.00000000 0.00000000 0.00000000 0.00000000
male 1980 2  0.00000000 0.00000000 0.00000000 0.00000000 0.00000000 0.00000000 0.00000000 0.00000000 0.00000000 0.00000000 0.00000000 0.00000000 0.00000000 0.00000000 0.00000000 0.00000000 0.00000000
male 1980 3  0.00000000 0.00000000 0.00000000 0.00000000 0.00000000 0.00000000 0.00000000 0.00000000 0.00000000 0.00000000 0.00000000 0.00000000 0.00000000 0.00000000 0.00000000 0.00000000 0.00000000
male 1980 4  0.00000000 0.00000000 0.00000000 0.00000000 0.00000000 0.00000000 0.00000000 0.00000000 0.00000000 0.00000000 0.00000000 0.00000000 0.00000000 0.00000000 0.00000000 0.00000000 0.00000000
male 1980 5  0.00000000 0.00000000 0.00000000 0.00000000 0.00000000 0.00000000 0.00000000 0.00000000 0.00000000 0.00000000 0.00000000 0.00000000 0.00000000 0.00000000 0.00000000 0.00000000 0.00000000
male 1980 6  0.00000000 0.00000000 0.00000000 0.00000000 0.00000000 0.00000000 0.00000000 0.00000000 0.00000000 0.00000000 0.00000000 0.00000000 0.00000000 0.00000000 0.00000000 0.00000000 0.00000000
male 1981 1  0.00000000 0.00000000 0.00000000 0.00000000 0.00000000 0.00000000 0.00000000 0.00000000 0.00000000 0.00000000 0.00000000 0.00000000 0.00000000 0.00000000 0.00000000 0.00000000 0.00000000
male 1981 2  0.00000000 0.00000000 0.00000000 0.00000000 0.00000000 0.00000000 0.00000000 0.00000000 0.00000000 0.00000000 0.00000000 0.00000000 0.00000000 0.00000000 0.00000000 0.00000000 0.00000000
male 1981 3  0.01512752 0.01724193 0.01945793 0.02173392 0.02402352 0.02627925 0.02845635 0.03051625 0.03242897 0.03417426 0.03574159 0.03712907 0.03834182 0.03939015 0.04028768 0.04104979 0.04169241
male 1981 4  0.00000000 0.00000000 0.00000000 0.00000000 0.00000000 0.00000000 0.00000000 0.00000000 0.00000000 0.00000000 0.00000000 0.00000000 0.00000000 0.00000000 0.00000000 0.00000000 0.00000000
male 1981 5  0.00000000 0.00000000 0.00000000 0.00000000 0.00000000 0.00000000 0.00000000 0.00000000 0.00000000 0.00000000 0.00000000 0.00000000 0.00000000 0.00000000 0.00000000 0.00000000 0.00000000
male 1981 6  0.00000000 0.00000000 0.00000000 0.00000000 0.00000000 0.00000000 0.00000000 0.00000000 0.00000000 0.00000000 0.00000000 0.00000000 0.00000000 0.00000000 0.00000000 0.00000000 0.00000000
male 1982 1  0.00000000 0.00000000 0.00000000 0.00000000 0.00000000 0.00000000 0.00000000 0.00000000 0.00000000 0.00000000 0.00000000 0.00000000 0.00000000 0.00000000 0.00000000 0.00000000 0.00000000
male 1982 2  0.00000000 0.00000000 0.00000000 0.00000000 0.00000000 0.00000000 0.00000000 0.00000000 0.00000000 0.00000000 0.00000000 0.00000000 0.00000000 0.00000000 0.00000000 0.00000000 0.00000000
male 1982 3  0.04301321 0.04902527 0.05532617 0.06179767 0.06830788 0.07472174 0.08091206 0.08676913 0.09220771 0.09717024 0.10162674 0.10557184 0.10902016 0.11200096 0.11455296 0.11671994 0.11854715
male 1982 4  0.00000000 0.00000000 0.00000000 0.00000000 0.00000000 0.00000000 0.00000000 0.00000000 0.00000000 0.00000000 0.00000000 0.00000000 0.00000000 0.00000000 0.00000000 0.00000000 0.00000000
male 1982 5  0.00000000 0.00000000 0.00000000 0.00000000 0.00000000 0.00000000 0.00000000 0.00000000 0.00000000 0.00000000 0.00000000 0.00000000 0.00000000 0.00000000 0.00000000 0.00000000 0.00000000
male 1982 6  0.00000000 0.00000000 0.00000000 0.00000000 0.00000000 0.00000000 0.00000000 0.00000000 0.00000000 0.00000000 0.00000000 0.00000000 0.00000000 0.00000000 0.00000000 0.00000000 0.00000000
male 1983 1  0.00000000 0.00000000 0.00000000 0.00000000 0.00000000 0.00000000 0.00000000 0.00000000 0.00000000 0.00000000 0.00000000 0.00000000 0.00000000 0.00000000 0.00000000 0.00000000 0.00000000
male 1983 2  0.00000000 0.00000000 0.00000000 0.00000000 0.00000000 0.00000000 0.00000000 0.00000000 0.00000000 0.00000000 0.00000000 0.00000000 0.00000000 0.00000000 0.00000000 0.00000000 0.00000000
male 1983 3  0.06046972 0.06892173 0.07777979 0.08687769 0.09603000 0.10504688 0.11374948 0.12198359 0.12962936 0.13660589 0.14287102 0.14841721 0.15326500 0.15745552 0.16104323 0.16408965 0.16665843
male 1983 4  0.00000000 0.00000000 0.00000000 0.00000000 0.00000000 0.00000000 0.00000000 0.00000000 0.00000000 0.00000000 0.00000000 0.00000000 0.00000000 0.00000000 0.00000000 0.00000000 0.00000000
male 1983 5  0.00000000 0.00000000 0.00000000 0.00000000 0.00000000 0.00000000 0.00000000 0.00000000 0.00000000 0.00000000 0.00000000 0.00000000 0.00000000 0.00000000 0.00000000 0.00000000 0.00000000
male 1983 6  0.00000000 0.00000000 0.00000000 0.00000000 0.00000000 0.00000000 0.00000000 0.00000000 0.00000000 0.00000000 0.00000000 0.00000000 0.00000000 0.00000000 0.00000000 0.00000000 0.00000000
male 1984 1  0.00000000 0.00000000 0.00000000 0.00000000 0.00000000 0.00000000 0.00000000 0.00000000 0.00000000 0.00000000 0.00000000 0.00000000 0.00000000 0.00000000 0.00000000 0.00000000 0.00000000
male 1984 2  0.00000000 0.00000000 0.00000000 0.00000000 0.00000000 0.00000000 0.00000000 0.00000000 0.00000000 0.00000000 0.00000000 0.00000000 0.00000000 0.00000000 0.00000000 0.00000000 0.00000000
male 1984 3  0.08058433 0.09184780 0.10365240 0.11577661 0.12797335 0.13998960 0.15158702 0.16256013 0.17274918 0.18204637 0.19039553 0.19778660 0.20424696 0.20983141 0.21461253 0.21867232 0.22209556
male 1984 4  0.00000000 0.00000000 0.00000000 0.00000000 0.00000000 0.00000000 0.00000000 0.00000000 0.00000000 0.00000000 0.00000000 0.00000000 0.00000000 0.00000000 0.00000000 0.00000000 0.00000000
male 1984 5  0.00000000 0.00000000 0.00000000 0.00000000 0.00000000 0.00000000 0.00000000 0.00000000 0.00000000 0.00000000 0.00000000 0.00000000 0.00000000 0.00000000 0.00000000 0.00000000 0.00000000
male 1984 6  0.00000000 0.00000000 0.00000000 0.00000000 0.00000000 0.00000000 0.00000000 0.00000000 0.00000000 0.00000000 0.00000000 0.00000000 0.00000000 0.00000000 0.00000000 0.00000000 0.00000000
male 1985 1  0.00000000 0.00000000 0.00000000 0.00000000 0.00000000 0.00000000 0.00000000 0.00000000 0.00000000 0.00000000 0.00000000 0.00000000 0.00000000 0.00000000 0.00000000 0.00000000 0.00000000
male 1985 2  0.00000000 0.00000000 0.00000000 0.00000000 0.00000000 0.00000000 0.00000000 0.00000000 0.00000000 0.00000000 0.00000000 0.00000000 0.00000000 0.00000000 0.00000000 0.00000000 0.00000000
male 1985 3  0.13665635 0.15575716 0.17577562 0.19633607 0.21701953 0.23739689 0.25706400 0.27567240 0.29295117 0.30871752 0.32287617 0.33541009 0.34636568 0.35583589 0.36394380 0.37082846 0.37663366
male 1985 4  0.00000000 0.00000000 0.00000000 0.00000000 0.00000000 0.00000000 0.00000000 0.00000000 0.00000000 0.00000000 0.00000000 0.00000000 0.00000000 0.00000000 0.00000000 0.00000000 0.00000000
male 1985 5  0.00000000 0.00000000 0.00000000 0.00000000 0.00000000 0.00000000 0.00000000 0.00000000 0.00000000 0.00000000 0.00000000 0.00000000 0.00000000 0.00000000 0.00000000 0.00000000 0.00000000
male 1985 6  0.00000000 0.00000000 0.00000000 0.00000000 0.00000000 0.00000000 0.00000000 0.00000000 0.00000000 0.00000000 0.00000000 0.00000000 0.00000000 0.00000000 0.00000000 0.00000000 0.00000000
male 1986 1  0.00000000 0.00000000 0.00000000 0.00000000 0.00000000 0.00000000 0.00000000 0.00000000 0.00000000 0.00000000 0.00000000 0.00000000 0.00000000 0.00000000 0.00000000 0.00000000 0.00000000
male 1986 2  0.00000000 0.00000000 0.00000000 0.00000000 0.00000000 0.00000000 0.00000000 0.00000000 0.00000000 0.00000000 0.00000000 0.00000000 0.00000000 0.00000000 0.00000000 0.00000000 0.00000000
male 1986 3  0.18946370 0.21594552 0.24369959 0.27220511 0.30088115 0.32913283 0.35639979 0.38219892 0.40615464 0.42801349 0.44764339 0.46502072 0.48020982 0.49333954 0.50458055 0.51412561 0.52217408
male 1986 4  0.00000000 0.00000000 0.00000000 0.00000000 0.00000000 0.00000000 0.00000000 0.00000000 0.00000000 0.00000000 0.00000000 0.00000000 0.00000000 0.00000000 0.00000000 0.00000000 0.00000000
male 1986 5  0.00000000 0.00000000 0.00000000 0.00000000 0.00000000 0.00000000 0.00000000 0.00000000 0.00000000 0.00000000 0.00000000 0.00000000 0.00000000 0.00000000 0.00000000 0.00000000 0.00000000
male 1986 6  0.00000000 0.00000000 0.00000000 0.00000000 0.00000000 0.00000000 0.00000000 0.00000000 0.00000000 0.00000000 0.00000000 0.00000000 0.00000000 0.00000000 0.00000000 0.00000000 0.00000000
male 1987 1  0.00000000 0.00000000 0.00000000 0.00000000 0.00000000 0.00000000 0.00000000 0.00000000 0.00000000 0.00000000 0.00000000 0.00000000 0.00000000 0.00000000 0.00000000 0.00000000 0.00000000
male 1987 2  0.00000000 0.00000000 0.00000000 0.00000000 0.00000000 0.00000000 0.00000000 0.00000000 0.00000000 0.00000000 0.00000000 0.00000000 0.00000000 0.00000000 0.00000000 0.00000000 0.00000000
male 1987 3  0.15446828 0.17605871 0.19868639 0.22192672 0.24530607 0.26833944 0.29056999 0.31160382 0.33113473 0.34895608 0.36496018 0.37912779 0.39151134 0.40221590 0.41138061 0.41916262 0.42572448
male 1987 4  0.00000000 0.00000000 0.00000000 0.00000000 0.00000000 0.00000000 0.00000000 0.00000000 0.00000000 0.00000000 0.00000000 0.00000000 0.00000000 0.00000000 0.00000000 0.00000000 0.00000000
male 1987 5  0.00000000 0.00000000 0.00000000 0.00000000 0.00000000 0.00000000 0.00000000 0.00000000 0.00000000 0.00000000 0.00000000 0.00000000 0.00000000 0.00000000 0.00000000 0.00000000 0.00000000
male 1987 6  0.00000000 0.00000000 0.00000000 0.00000000 0.00000000 0.00000000 0.00000000 0.00000000 0.00000000 0.00000000 0.00000000 0.00000000 0.00000000 0.00000000 0.00000000 0.00000000 0.00000000
male 1988 1  0.00000000 0.00000000 0.00000000 0.00000000 0.00000000 0.00000000 0.00000000 0.00000000 0.00000000 0.00000000 0.00000000 0.00000000 0.00000000 0.00000000 0.00000000 0.00000000 0.00000000
male 1988 2  0.00000000 0.00000000 0.00000000 0.00000000 0.00000000 0.00000000 0.00000000 0.00000000 0.00000000 0.00000000 0.00000000 0.00000000 0.00000000 0.00000000 0.00000000 0.00000000 0.00000000
male 1988 3  0.27027649 0.30805372 0.34764586 0.38830996 0.42921733 0.46951931 0.50841657 0.54521992 0.57939358 0.61057598 0.63857871 0.66336806 0.68503584 0.70376584 0.71980153 0.73341788 0.74489931
male 1988 4  0.00000000 0.00000000 0.00000000 0.00000000 0.00000000 0.00000000 0.00000000 0.00000000 0.00000000 0.00000000 0.00000000 0.00000000 0.00000000 0.00000000 0.00000000 0.00000000 0.00000000
male 1988 5  0.00000000 0.00000000 0.00000000 0.00000000 0.00000000 0.00000000 0.00000000 0.00000000 0.00000000 0.00000000 0.00000000 0.00000000 0.00000000 0.00000000 0.00000000 0.00000000 0.00000000
male 1988 6  0.00000000 0.00000000 0.00000000 0.00000000 0.00000000 0.00000000 0.00000000 0.00000000 0.00000000 0.00000000 0.00000000 0.00000000 0.00000000 0.00000000 0.00000000 0.00000000 0.00000000
male 1989 1  0.00000000 0.00000000 0.00000000 0.00000000 0.00000000 0.00000000 0.00000000 0.00000000 0.00000000 0.00000000 0.00000000 0.00000000 0.00000000 0.00000000 0.00000000 0.00000000 0.00000000
male 1989 2  0.00000000 0.00000000 0.00000000 0.00000000 0.00000000 0.00000000 0.00000000 0.00000000 0.00000000 0.00000000 0.00000000 0.00000000 0.00000000 0.00000000 0.00000000 0.00000000 0.00000000
male 1989 3  0.43603717 0.49696117 0.56081211 0.62639182 0.69236383 0.75735955 0.82008984 0.87944325 0.93455570 0.98484409 1.03000458 1.06998281 1.10492680 1.13513301 1.16099404 1.18295338 1.20146967
male 1989 4  0.00000000 0.00000000 0.00000000 0.00000000 0.00000000 0.00000000 0.00000000 0.00000000 0.00000000 0.00000000 0.00000000 0.00000000 0.00000000 0.00000000 0.00000000 0.00000000 0.00000000
male 1989 5  0.00000000 0.00000000 0.00000000 0.00000000 0.00000000 0.00000000 0.00000000 0.00000000 0.00000000 0.00000000 0.00000000 0.00000000 0.00000000 0.00000000 0.00000000 0.00000000 0.00000000
male 1989 6  0.00000000 0.00000000 0.00000000 0.00000000 0.00000000 0.00000000 0.00000000 0.00000000 0.00000000 0.00000000 0.00000000 0.00000000 0.00000000 0.00000000 0.00000000 0.00000000 0.00000000
male 1990 1  0.00000000 0.00000000 0.00000000 0.00000000 0.00000000 0.00000000 0.00000000 0.00000000 0.00000000 0.00000000 0.00000000 0.00000000 0.00000000 0.00000000 0.00000000 0.00000000 0.00000000
male 1990 2  0.00000000 0.00000000 0.00000000 0.00000000 0.00000000 0.00000000 0.00000000 0.00000000 0.00000000 0.00000000 0.00000000 0.00000000 0.00000000 0.00000000 0.00000000 0.00000000 0.00000000
male 1990 3  0.23076695 0.26295460 0.29668862 0.33133600 0.36619064 0.40052947 0.43367143 0.46502930 0.49414656 0.52071516 0.54457456 0.56569604 0.58415782 0.60011650 0.61377952 0.62538118 0.63516379
male 1990 4  0.00000000 0.00000000 0.00000000 0.00000000 0.00000000 0.00000000 0.00000000 0.00000000 0.00000000 0.00000000 0.00000000 0.00000000 0.00000000 0.00000000 0.00000000 0.00000000 0.00000000
male 1990 5  0.00000000 0.00000000 0.00000000 0.00000000 0.00000000 0.00000000 0.00000000 0.00000000 0.00000000 0.00000000 0.00000000 0.00000000 0.00000000 0.00000000 0.00000000 0.00000000 0.00000000
male 1990 6  0.00000000 0.00000000 0.00000000 0.00000000 0.00000000 0.00000000 0.00000000 0.00000000 0.00000000 0.00000000 0.00000000 0.00000000 0.00000000 0.00000000 0.00000000 0.00000000 0.00000000
male 1991 1  0.00000000 0.00000000 0.00000000 0.00000000 0.00000000 0.00000000 0.00000000 0.00000000 0.00000000 0.00000000 0.00000000 0.00000000 0.00000000 0.00000000 0.00000000 0.00000000 0.00000000
male 1991 2  0.00000000 0.00000000 0.00000000 0.00000000 0.00000000 0.00000000 0.00000000 0.00000000 0.00000000 0.00000000 0.00000000 0.00000000 0.00000000 0.00000000 0.00000000 0.00000000 0.00000000
male 1991 3  0.27641872 0.31505446 0.35554637 0.39713459 0.43897160 0.48018948 0.51997071 0.55761045 0.59256072 0.62445176 0.65309088 0.67844359 0.70060378 0.71975944 0.73615955 0.75008534 0.76182769
male 1991 4  0.00000000 0.00000000 0.00000000 0.00000000 0.00000000 0.00000000 0.00000000 0.00000000 0.00000000 0.00000000 0.00000000 0.00000000 0.00000000 0.00000000 0.00000000 0.00000000 0.00000000
male 1991 5  0.00000000 0.00000000 0.00000000 0.00000000 0.00000000 0.00000000 0.00000000 0.00000000 0.00000000 0.00000000 0.00000000 0.00000000 0.00000000 0.00000000 0.00000000 0.00000000 0.00000000
male 1991 6  0.00000000 0.00000000 0.00000000 0.00000000 0.00000000 0.00000000 0.00000000 0.00000000 0.00000000 0.00000000 0.00000000 0.00000000 0.00000000 0.00000000 0.00000000 0.00000000 0.00000000
male 1992 1  0.00000000 0.00000000 0.00000000 0.00000000 0.00000000 0.00000000 0.00000000 0.00000000 0.00000000 0.00000000 0.00000000 0.00000000 0.00000000 0.00000000 0.00000000 0.00000000 0.00000000
male 1992 2  0.00000000 0.00000000 0.00000000 0.00000000 0.00000000 0.00000000 0.00000000 0.00000000 0.00000000 0.00000000 0.00000000 0.00000000 0.00000000 0.00000000 0.00000000 0.00000000 0.00000000
male 1992 3  0.29476690 0.33593617 0.37908330 0.42339864 0.46797909 0.51189980 0.55428966 0.59439759 0.63163971 0.66562199 0.69613909 0.72315429 0.74676762 0.76717940 0.78465493 0.79949390 0.81200625
male 1992 4  0.00000000 0.00000000 0.00000000 0.00000000 0.00000000 0.00000000 0.00000000 0.00000000 0.00000000 0.00000000 0.00000000 0.00000000 0.00000000 0.00000000 0.00000000 0.00000000 0.00000000
male 1992 5  0.00000000 0.00000000 0.00000000 0.00000000 0.00000000 0.00000000 0.00000000 0.00000000 0.00000000 0.00000000 0.00000000 0.00000000 0.00000000 0.00000000 0.00000000 0.00000000 0.00000000
male 1992 6  0.00000000 0.00000000 0.00000000 0.00000000 0.00000000 0.00000000 0.00000000 0.00000000 0.00000000 0.00000000 0.00000000 0.00000000 0.00000000 0.00000000 0.00000000 0.00000000 0.00000000
male 1993 1  0.00000000 0.00000000 0.00000000 0.00000000 0.00000000 0.00000000 0.00000000 0.00000000 0.00000000 0.00000000 0.00000000 0.00000000 0.00000000 0.00000000 0.00000000 0.00000000 0.00000000
male 1993 2  0.00000000 0.00000000 0.00000000 0.00000000 0.00000000 0.00000000 0.00000000 0.00000000 0.00000000 0.00000000 0.00000000 0.00000000 0.00000000 0.00000000 0.00000000 0.00000000 0.00000000
male 1993 3  0.18403061 0.20972260 0.23664889 0.26430421 0.29212497 0.31953402 0.34598772 0.37101738 0.39425860 0.41546549 0.43450991 0.45136895 0.46610502 0.47884315 0.48974888 0.49900926 0.50681768
male 1993 4  0.00000000 0.00000000 0.00000000 0.00000000 0.00000000 0.00000000 0.00000000 0.00000000 0.00000000 0.00000000 0.00000000 0.00000000 0.00000000 0.00000000 0.00000000 0.00000000 0.00000000
male 1993 5  0.00000000 0.00000000 0.00000000 0.00000000 0.00000000 0.00000000 0.00000000 0.00000000 0.00000000 0.00000000 0.00000000 0.00000000 0.00000000 0.00000000 0.00000000 0.00000000 0.00000000
male 1993 6  0.00000000 0.00000000 0.00000000 0.00000000 0.00000000 0.00000000 0.00000000 0.00000000 0.00000000 0.00000000 0.00000000 0.00000000 0.00000000 0.00000000 0.00000000 0.00000000 0.00000000
male 1994 1  0.00000000 0.00000000 0.00000000 0.00000000 0.00000000 0.00000000 0.00000000 0.00000000 0.00000000 0.00000000 0.00000000 0.00000000 0.00000000 0.00000000 0.00000000 0.00000000 0.00000000
male 1994 2  0.00000000 0.00000000 0.00000000 0.00000000 0.00000000 0.00000000 0.00000000 0.00000000 0.00000000 0.00000000 0.00000000 0.00000000 0.00000000 0.00000000 0.00000000 0.00000000 0.00000000
male 1994 3  0.24113493 0.27482976 0.31014338 0.34641312 0.38289983 0.41884658 0.45354041 0.48636661 0.51684729 0.54465996 0.56963658 0.59174707 0.61107332 0.62777927 0.64208205 0.65422696 0.66446764
male 1994 4  0.00000000 0.00000000 0.00000000 0.00000000 0.00000000 0.00000000 0.00000000 0.00000000 0.00000000 0.00000000 0.00000000 0.00000000 0.00000000 0.00000000 0.00000000 0.00000000 0.00000000
male 1994 5  0.00000000 0.00000000 0.00000000 0.00000000 0.00000000 0.00000000 0.00000000 0.00000000 0.00000000 0.00000000 0.00000000 0.00000000 0.00000000 0.00000000 0.00000000 0.00000000 0.00000000
male 1994 6  0.00000000 0.00000000 0.00000000 0.00000000 0.00000000 0.00000000 0.00000000 0.00000000 0.00000000 0.00000000 0.00000000 0.00000000 0.00000000 0.00000000 0.00000000 0.00000000 0.00000000
male 1995 1  0.00000000 0.00000000 0.00000000 0.00000000 0.00000000 0.00000000 0.00000000 0.00000000 0.00000000 0.00000000 0.00000000 0.00000000 0.00000000 0.00000000 0.00000000 0.00000000 0.00000000
male 1995 2  0.00000000 0.00000000 0.00000000 0.00000000 0.00000000 0.00000000 0.00000000 0.00000000 0.00000000 0.00000000 0.00000000 0.00000000 0.00000000 0.00000000 0.00000000 0.00000000 0.00000000
male 1995 3  0.29444665 0.33557460 0.37867844 0.42294931 0.46748502 0.51136166 0.55370899 0.59377667 0.63098142 0.66492959 0.69541607 0.72240417 0.74599380 0.76638509 0.78384309 0.79866717 0.81116696
male 1995 4  0.00000000 0.00000000 0.00000000 0.00000000 0.00000000 0.00000000 0.00000000 0.00000000 0.00000000 0.00000000 0.00000000 0.00000000 0.00000000 0.00000000 0.00000000 0.00000000 0.00000000
male 1995 5  0.00000000 0.00000000 0.00000000 0.00000000 0.00000000 0.00000000 0.00000000 0.00000000 0.00000000 0.00000000 0.00000000 0.00000000 0.00000000 0.00000000 0.00000000 0.00000000 0.00000000
male 1995 6  0.00000000 0.00000000 0.00000000 0.00000000 0.00000000 0.00000000 0.00000000 0.00000000 0.00000000 0.00000000 0.00000000 0.00000000 0.00000000 0.00000000 0.00000000 0.00000000 0.00000000
male 1996 1  0.00000000 0.00000000 0.00000000 0.00000000 0.00000000 0.00000000 0.00000000 0.00000000 0.00000000 0.00000000 0.00000000 0.00000000 0.00000000 0.00000000 0.00000000 0.00000000 0.00000000
male 1996 2  0.00000000 0.00000000 0.00000000 0.00000000 0.00000000 0.00000000 0.00000000 0.00000000 0.00000000 0.00000000 0.00000000 0.00000000 0.00000000 0.00000000 0.00000000 0.00000000 0.00000000
male 1996 3  0.22073776 0.25158284 0.28390979 0.31711199 0.35051281 0.38341935 0.41517893 0.44522883 0.47313159 0.49859199 0.52145619 0.54169668 0.55938839 0.57468143 0.58777455 0.59889229 0.60826686
male 1996 4  0.00000000 0.00000000 0.00000000 0.00000000 0.00000000 0.00000000 0.00000000 0.00000000 0.00000000 0.00000000 0.00000000 0.00000000 0.00000000 0.00000000 0.00000000 0.00000000 0.00000000
male 1996 5  0.00000000 0.00000000 0.00000000 0.00000000 0.00000000 0.00000000 0.00000000 0.00000000 0.00000000 0.00000000 0.00000000 0.00000000 0.00000000 0.00000000 0.00000000 0.00000000 0.00000000
male 1996 6  0.00000000 0.00000000 0.00000000 0.00000000 0.00000000 0.00000000 0.00000000 0.00000000 0.00000000 0.00000000 0.00000000 0.00000000 0.00000000 0.00000000 0.00000000 0.00000000 0.00000000
male 1997 1  0.00000000 0.00000000 0.00000000 0.00000000 0.00000000 0.00000000 0.00000000 0.00000000 0.00000000 0.00000000 0.00000000 0.00000000 0.00000000 0.00000000 0.00000000 0.00000000 0.00000000
male 1997 2  0.00000000 0.00000000 0.00000000 0.00000000 0.00000000 0.00000000 0.00000000 0.00000000 0.00000000 0.00000000 0.00000000 0.00000000 0.00000000 0.00000000 0.00000000 0.00000000 0.00000000
male 1997 3  0.20197027 0.23019721 0.25978025 0.29016424 0.32073000 0.35084343 0.37990725 0.40740652 0.43294089 0.45624020 0.47716369 0.49568617 0.51187621 0.52587117 0.53785294 0.54802701 0.55660587
male 1997 4  0.00000000 0.00000000 0.00000000 0.00000000 0.00000000 0.00000000 0.00000000 0.00000000 0.00000000 0.00000000 0.00000000 0.00000000 0.00000000 0.00000000 0.00000000 0.00000000 0.00000000
male 1997 5  0.00000000 0.00000000 0.00000000 0.00000000 0.00000000 0.00000000 0.00000000 0.00000000 0.00000000 0.00000000 0.00000000 0.00000000 0.00000000 0.00000000 0.00000000 0.00000000 0.00000000
male 1997 6  0.00000000 0.00000000 0.00000000 0.00000000 0.00000000 0.00000000 0.00000000 0.00000000 0.00000000 0.00000000 0.00000000 0.00000000 0.00000000 0.00000000 0.00000000 0.00000000 0.00000000
male 1998 1  0.00000000 0.00000000 0.00000000 0.00000000 0.00000000 0.00000000 0.00000000 0.00000000 0.00000000 0.00000000 0.00000000 0.00000000 0.00000000 0.00000000 0.00000000 0.00000000 0.00000000
male 1998 2  0.00000000 0.00000000 0.00000000 0.00000000 0.00000000 0.00000000 0.00000000 0.00000000 0.00000000 0.00000000 0.00000000 0.00000000 0.00000000 0.00000000 0.00000000 0.00000000 0.00000000
male 1998 3  0.18620480 0.21220428 0.23945284 0.26743916 0.29559289 0.32332999 0.35010031 0.37542954 0.39894892 0.42040963 0.43968199 0.45674281 0.47165525 0.48454583 0.49558209 0.50495330 0.51285518
male 1998 4  0.00000000 0.00000000 0.00000000 0.00000000 0.00000000 0.00000000 0.00000000 0.00000000 0.00000000 0.00000000 0.00000000 0.00000000 0.00000000 0.00000000 0.00000000 0.00000000 0.00000000
male 1998 5  0.00000000 0.00000000 0.00000000 0.00000000 0.00000000 0.00000000 0.00000000 0.00000000 0.00000000 0.00000000 0.00000000 0.00000000 0.00000000 0.00000000 0.00000000 0.00000000 0.00000000
male 1998 6  0.00000000 0.00000000 0.00000000 0.00000000 0.00000000 0.00000000 0.00000000 0.00000000 0.00000000 0.00000000 0.00000000 0.00000000 0.00000000 0.00000000 0.00000000 0.00000000 0.00000000
male 1999 1  0.00000000 0.00000000 0.00000000 0.00000000 0.00000000 0.00000000 0.00000000 0.00000000 0.00000000 0.00000000 0.00000000 0.00000000 0.00000000 0.00000000 0.00000000 0.00000000 0.00000000
male 1999 2  0.00000000 0.00000000 0.00000000 0.00000000 0.00000000 0.00000000 0.00000000 0.00000000 0.00000000 0.00000000 0.00000000 0.00000000 0.00000000 0.00000000 0.00000000 0.00000000 0.00000000
male 1999 3  0.15168630 0.17287286 0.19507726 0.21788285 0.24082487 0.26342738 0.28524207 0.30588245 0.32504801 0.34253599 0.35824072 0.37214330 0.38429521 0.39479953 0.40379280 0.41142924 0.41786835
male 1999 4  0.00000000 0.00000000 0.00000000 0.00000000 0.00000000 0.00000000 0.00000000 0.00000000 0.00000000 0.00000000 0.00000000 0.00000000 0.00000000 0.00000000 0.00000000 0.00000000 0.00000000
male 1999 5  0.00000000 0.00000000 0.00000000 0.00000000 0.00000000 0.00000000 0.00000000 0.00000000 0.00000000 0.00000000 0.00000000 0.00000000 0.00000000 0.00000000 0.00000000 0.00000000 0.00000000
male 1999 6  0.00000000 0.00000000 0.00000000 0.00000000 0.00000000 0.00000000 0.00000000 0.00000000 0.00000000 0.00000000 0.00000000 0.00000000 0.00000000 0.00000000 0.00000000 0.00000000 0.00000000
male 2000 1  0.00000000 0.00000000 0.00000000 0.00000000 0.00000000 0.00000000 0.00000000 0.00000000 0.00000000 0.00000000 0.00000000 0.00000000 0.00000000 0.00000000 0.00000000 0.00000000 0.00000000
male 2000 2  0.00000000 0.00000000 0.00000000 0.00000000 0.00000000 0.00000000 0.00000000 0.00000000 0.00000000 0.00000000 0.00000000 0.00000000 0.00000000 0.00000000 0.00000000 0.00000000 0.00000000
male 2000 3  0.13173688 0.15012639 0.16939939 0.18919420 0.20910743 0.22872597 0.24766070 0.26557614 0.28221148 0.29739071 0.31102211 0.32308928 0.33363690 0.34275445 0.35056044 0.35718872 0.36277774
male 2000 4  0.00000000 0.00000000 0.00000000 0.00000000 0.00000000 0.00000000 0.00000000 0.00000000 0.00000000 0.00000000 0.00000000 0.00000000 0.00000000 0.00000000 0.00000000 0.00000000 0.00000000
male 2000 5  0.00000000 0.00000000 0.00000000 0.00000000 0.00000000 0.00000000 0.00000000 0.00000000 0.00000000 0.00000000 0.00000000 0.00000000 0.00000000 0.00000000 0.00000000 0.00000000 0.00000000
male 2000 6  0.00000000 0.00000000 0.00000000 0.00000000 0.00000000 0.00000000 0.00000000 0.00000000 0.00000000 0.00000000 0.00000000 0.00000000 0.00000000 0.00000000 0.00000000 0.00000000 0.00000000
male 2001 1  0.00000000 0.00000000 0.00000000 0.00000000 0.00000000 0.00000000 0.00000000 0.00000000 0.00000000 0.00000000 0.00000000 0.00000000 0.00000000 0.00000000 0.00000000 0.00000000 0.00000000
male 2001 2  0.00000000 0.00000000 0.00000000 0.00000000 0.00000000 0.00000000 0.00000000 0.00000000 0.00000000 0.00000000 0.00000000 0.00000000 0.00000000 0.00000000 0.00000000 0.00000000 0.00000000
male 2001 3  0.11617600 0.13237938 0.14936122 0.16680284 0.18434879 0.20163510 0.21831888 0.23410455 0.24876229 0.26213702 0.27414793 0.28478057 0.29407429 0.30210795 0.30898597 0.31482629 0.31975089
male 2001 4  0.00000000 0.00000000 0.00000000 0.00000000 0.00000000 0.00000000 0.00000000 0.00000000 0.00000000 0.00000000 0.00000000 0.00000000 0.00000000 0.00000000 0.00000000 0.00000000 0.00000000
male 2001 5  0.00000000 0.00000000 0.00000000 0.00000000 0.00000000 0.00000000 0.00000000 0.00000000 0.00000000 0.00000000 0.00000000 0.00000000 0.00000000 0.00000000 0.00000000 0.00000000 0.00000000
male 2001 6  0.00000000 0.00000000 0.00000000 0.00000000 0.00000000 0.00000000 0.00000000 0.00000000 0.00000000 0.00000000 0.00000000 0.00000000 0.00000000 0.00000000 0.00000000 0.00000000 0.00000000
male 2002 1  0.00000000 0.00000000 0.00000000 0.00000000 0.00000000 0.00000000 0.00000000 0.00000000 0.00000000 0.00000000 0.00000000 0.00000000 0.00000000 0.00000000 0.00000000 0.00000000 0.00000000
male 2002 2  0.00000000 0.00000000 0.00000000 0.00000000 0.00000000 0.00000000 0.00000000 0.00000000 0.00000000 0.00000000 0.00000000 0.00000000 0.00000000 0.00000000 0.00000000 0.00000000 0.00000000
male 2002 3  0.09235622 0.10521681 0.11869524 0.13253861 0.14646478 0.16018487 0.17342675 0.18595579 0.19758960 0.20820509 0.21773812 0.22617721 0.23355361 0.23992991 0.24538897 0.25002441 0.25393306
male 2002 4  0.00000000 0.00000000 0.00000000 0.00000000 0.00000000 0.00000000 0.00000000 0.00000000 0.00000000 0.00000000 0.00000000 0.00000000 0.00000000 0.00000000 0.00000000 0.00000000 0.00000000
male 2002 5  0.00000000 0.00000000 0.00000000 0.00000000 0.00000000 0.00000000 0.00000000 0.00000000 0.00000000 0.00000000 0.00000000 0.00000000 0.00000000 0.00000000 0.00000000 0.00000000 0.00000000
male 2002 6  0.00000000 0.00000000 0.00000000 0.00000000 0.00000000 0.00000000 0.00000000 0.00000000 0.00000000 0.00000000 0.00000000 0.00000000 0.00000000 0.00000000 0.00000000 0.00000000 0.00000000
male 2003 1  0.00000000 0.00000000 0.00000000 0.00000000 0.00000000 0.00000000 0.00000000 0.00000000 0.00000000 0.00000000 0.00000000 0.00000000 0.00000000 0.00000000 0.00000000 0.00000000 0.00000000
male 2003 2  0.00000000 0.00000000 0.00000000 0.00000000 0.00000000 0.00000000 0.00000000 0.00000000 0.00000000 0.00000000 0.00000000 0.00000000 0.00000000 0.00000000 0.00000000 0.00000000 0.00000000
male 2003 3  0.09129190 0.10402509 0.11737001 0.13107625 0.14486448 0.15844866 0.17155937 0.18396430 0.19548287 0.20599320 0.21543180 0.22378730 0.23109063 0.23740377 0.24280875 0.24739828 0.25126821
male 2003 4  0.00000000 0.00000000 0.00000000 0.00000000 0.00000000 0.00000000 0.00000000 0.00000000 0.00000000 0.00000000 0.00000000 0.00000000 0.00000000 0.00000000 0.00000000 0.00000000 0.00000000
male 2003 5  0.00000000 0.00000000 0.00000000 0.00000000 0.00000000 0.00000000 0.00000000 0.00000000 0.00000000 0.00000000 0.00000000 0.00000000 0.00000000 0.00000000 0.00000000 0.00000000 0.00000000
male 2003 6  0.00000000 0.00000000 0.00000000 0.00000000 0.00000000 0.00000000 0.00000000 0.00000000 0.00000000 0.00000000 0.00000000 0.00000000 0.00000000 0.00000000 0.00000000 0.00000000 0.00000000
male 2004 1  0.00000000 0.00000000 0.00000000 0.00000000 0.00000000 0.00000000 0.00000000 0.00000000 0.00000000 0.00000000 0.00000000 0.00000000 0.00000000 0.00000000 0.00000000 0.00000000 0.00000000
male 2004 2  0.00000000 0.00000000 0.00000000 0.00000000 0.00000000 0.00000000 0.00000000 0.00000000 0.00000000 0.00000000 0.00000000 0.00000000 0.00000000 0.00000000 0.00000000 0.00000000 0.00000000
male 2004 3  0.08675131 0.09887036 0.11157163 0.12461680 0.13774000 0.15066900 0.16314735 0.17495398 0.18591699 0.19592039 0.20490375 0.21285625 0.21980733 0.22581598 0.23096027 0.23532844 0.23901171
male 2004 4  0.00000000 0.00000000 0.00000000 0.00000000 0.00000000 0.00000000 0.00000000 0.00000000 0.00000000 0.00000000 0.00000000 0.00000000 0.00000000 0.00000000 0.00000000 0.00000000 0.00000000
male 2004 5  0.00000000 0.00000000 0.00000000 0.00000000 0.00000000 0.00000000 0.00000000 0.00000000 0.00000000 0.00000000 0.00000000 0.00000000 0.00000000 0.00000000 0.00000000 0.00000000 0.00000000
male 2004 6  0.00000000 0.00000000 0.00000000 0.00000000 0.00000000 0.00000000 0.00000000 0.00000000 0.00000000 0.00000000 0.00000000 0.00000000 0.00000000 0.00000000 0.00000000 0.00000000 0.00000000
male 2005 1  0.00000000 0.00000000 0.00000000 0.00000000 0.00000000 0.00000000 0.00000000 0.00000000 0.00000000 0.00000000 0.00000000 0.00000000 0.00000000 0.00000000 0.00000000 0.00000000 0.00000000
male 2005 2  0.00000000 0.00000000 0.00000000 0.00000000 0.00000000 0.00000000 0.00000000 0.00000000 0.00000000 0.00000000 0.00000000 0.00000000 0.00000000 0.00000000 0.00000000 0.00000000 0.00000000
male 2005 3  0.00517416 0.00905506 0.01583454 0.02731249 0.04575245 0.07301895 0.10876536 0.14889983 0.18682231 0.21724365 0.23860028 0.25222812 0.26040171 0.26512299 0.26779104 0.26928016 0.27010551
male 2005 4  0.00000000 0.00000000 0.00000000 0.00000000 0.00000000 0.00000000 0.00000000 0.00000000 0.00000000 0.00000000 0.00000000 0.00000000 0.00000000 0.00000000 0.00000000 0.00000000 0.00000000
male 2005 5  0.00000000 0.00000000 0.00000000 0.00000000 0.00000000 0.00000000 0.00000000 0.00000000 0.00000000 0.00000000 0.00000000 0.00000000 0.00000000 0.00000000 0.00000000 0.00000000 0.00000000
male 2005 6  0.00000000 0.00000000 0.00000000 0.00000000 0.00000000 0.00000000 0.00000000 0.00000000 0.00000000 0.00000000 0.00000000 0.00000000 0.00000000 0.00000000 0.00000000 0.00000000 0.00000000
male 2006 1  0.00000000 0.00000000 0.00000000 0.00000000 0.00000000 0.00000000 0.00000000 0.00000000 0.00000000 0.00000000 0.00000000 0.00000000 0.00000000 0.00000000 0.00000000 0.00000000 0.00000000
male 2006 2  0.00000000 0.00000000 0.00000000 0.00000000 0.00000000 0.00000000 0.00000000 0.00000000 0.00000000 0.00000000 0.00000000 0.00000000 0.00000000 0.00000000 0.00000000 0.00000000 0.00000000
male 2006 3  0.00594114 0.01026727 0.01782449 0.03061920 0.05117459 0.08156913 0.12141639 0.16615511 0.20842808 0.24233938 0.26614605 0.28133728 0.29044855 0.29571146 0.29868559 0.30034554 0.30126558
male 2006 4  0.00000000 0.00000000 0.00000000 0.00000000 0.00000000 0.00000000 0.00000000 0.00000000 0.00000000 0.00000000 0.00000000 0.00000000 0.00000000 0.00000000 0.00000000 0.00000000 0.00000000
male 2006 5  0.00000000 0.00000000 0.00000000 0.00000000 0.00000000 0.00000000 0.00000000 0.00000000 0.00000000 0.00000000 0.00000000 0.00000000 0.00000000 0.00000000 0.00000000 0.00000000 0.00000000
male 2006 6  0.00000000 0.00000000 0.00000000 0.00000000 0.00000000 0.00000000 0.00000000 0.00000000 0.00000000 0.00000000 0.00000000 0.00000000 0.00000000 0.00000000 0.00000000 0.00000000 0.00000000
male 2007 1  0.00000000 0.00000000 0.00000000 0.00000000 0.00000000 0.00000000 0.00000000 0.00000000 0.00000000 0.00000000 0.00000000 0.00000000 0.00000000 0.00000000 0.00000000 0.00000000 0.00000000
male 2007 2  0.00000000 0.00000000 0.00000000 0.00000000 0.00000000 0.00000000 0.00000000 0.00000000 0.00000000 0.00000000 0.00000000 0.00000000 0.00000000 0.00000000 0.00000000 0.00000000 0.00000000
male 2007 3  0.00549276 0.00962017 0.01683028 0.02903730 0.04864854 0.07764699 0.11566398 0.15834776 0.19867904 0.23103272 0.25374590 0.26823937 0.27693213 0.28195330 0.28479083 0.28637454 0.28725231
male 2007 4  0.00000000 0.00000000 0.00000000 0.00000000 0.00000000 0.00000000 0.00000000 0.00000000 0.00000000 0.00000000 0.00000000 0.00000000 0.00000000 0.00000000 0.00000000 0.00000000 0.00000000
male 2007 5  0.00000000 0.00000000 0.00000000 0.00000000 0.00000000 0.00000000 0.00000000 0.00000000 0.00000000 0.00000000 0.00000000 0.00000000 0.00000000 0.00000000 0.00000000 0.00000000 0.00000000
male 2007 6  0.00000000 0.00000000 0.00000000 0.00000000 0.00000000 0.00000000 0.00000000 0.00000000 0.00000000 0.00000000 0.00000000 0.00000000 0.00000000 0.00000000 0.00000000 0.00000000 0.00000000
male 2008 1  0.00000000 0.00000000 0.00000000 0.00000000 0.00000000 0.00000000 0.00000000 0.00000000 0.00000000 0.00000000 0.00000000 0.00000000 0.00000000 0.00000000 0.00000000 0.00000000 0.00000000
male 2008 2  0.00000000 0.00000000 0.00000000 0.00000000 0.00000000 0.00000000 0.00000000 0.00000000 0.00000000 0.00000000 0.00000000 0.00000000 0.00000000 0.00000000 0.00000000 0.00000000 0.00000000
male 2008 3  0.00594114 0.01016478 0.01754296 0.03003455 0.05010297 0.07977743 0.11868067 0.16235949 0.20363097 0.23673888 0.25998155 0.27481289 0.28370830 0.28884653 0.29175020 0.29337083 0.29426907
male 2008 4  0.00000000 0.00000000 0.00000000 0.00000000 0.00000000 0.00000000 0.00000000 0.00000000 0.00000000 0.00000000 0.00000000 0.00000000 0.00000000 0.00000000 0.00000000 0.00000000 0.00000000
male 2008 5  0.00000000 0.00000000 0.00000000 0.00000000 0.00000000 0.00000000 0.00000000 0.00000000 0.00000000 0.00000000 0.00000000 0.00000000 0.00000000 0.00000000 0.00000000 0.00000000 0.00000000
male 2008 6  0.00000000 0.00000000 0.00000000 0.00000000 0.00000000 0.00000000 0.00000000 0.00000000 0.00000000 0.00000000 0.00000000 0.00000000 0.00000000 0.00000000 0.00000000 0.00000000 0.00000000
male 2009 1  0.00000000 0.00000000 0.00000000 0.00000000 0.00000000 0.00000000 0.00000000 0.00000000 0.00000000 0.00000000 0.00000000 0.00000000 0.00000000 0.00000000 0.00000000 0.00000000 0.00000000
male 2009 2  0.00000000 0.00000000 0.00000000 0.00000000 0.00000000 0.00000000 0.00000000 0.00000000 0.00000000 0.00000000 0.00000000 0.00000000 0.00000000 0.00000000 0.00000000 0.00000000 0.00000000
male 2009 3  0.00573502 0.01004968 0.01758686 0.03034765 0.05084855 0.08116249 0.12090410 0.16552421 0.20768510 0.24150648 0.26525004 0.28040099 0.28948810 0.29473706 0.29770331 0.29935886 0.30027646
male 2009 4  0.00000000 0.00000000 0.00000000 0.00000000 0.00000000 0.00000000 0.00000000 0.00000000 0.00000000 0.00000000 0.00000000 0.00000000 0.00000000 0.00000000 0.00000000 0.00000000 0.00000000
male 2009 5  0.00000000 0.00000000 0.00000000 0.00000000 0.00000000 0.00000000 0.00000000 0.00000000 0.00000000 0.00000000 0.00000000 0.00000000 0.00000000 0.00000000 0.00000000 0.00000000 0.00000000
male 2009 6  0.00000000 0.00000000 0.00000000 0.00000000 0.00000000 0.00000000 0.00000000 0.00000000 0.00000000 0.00000000 0.00000000 0.00000000 0.00000000 0.00000000 0.00000000 0.00000000 0.00000000
male 2010 1  0.00000000 0.00000000 0.00000000 0.00000000 0.00000000 0.00000000 0.00000000 0.00000000 0.00000000 0.00000000 0.00000000 0.00000000 0.00000000 0.00000000 0.00000000 0.00000000 0.00000000
male 2010 2  0.00000000 0.00000000 0.00000000 0.00000000 0.00000000 0.00000000 0.00000000 0.00000000 0.00000000 0.00000000 0.00000000 0.00000000 0.00000000 0.00000000 0.00000000 0.00000000 0.00000000
male 2010 3  0.00608774 0.01020473 0.01739662 0.02957281 0.04913452 0.07805972 0.11598069 0.15855666 0.19878607 0.23105803 0.25371384 0.26817070 0.27684151 0.28185000 0.28468036 0.28626006 0.28713562
male 2010 4  0.00000000 0.00000000 0.00000000 0.00000000 0.00000000 0.00000000 0.00000000 0.00000000 0.00000000 0.00000000 0.00000000 0.00000000 0.00000000 0.00000000 0.00000000 0.00000000 0.00000000
male 2010 5  0.00000000 0.00000000 0.00000000 0.00000000 0.00000000 0.00000000 0.00000000 0.00000000 0.00000000 0.00000000 0.00000000 0.00000000 0.00000000 0.00000000 0.00000000 0.00000000 0.00000000
male 2010 6  0.00000000 0.00000000 0.00000000 0.00000000 0.00000000 0.00000000 0.00000000 0.00000000 0.00000000 0.00000000 0.00000000 0.00000000 0.00000000 0.00000000 0.00000000 0.00000000 0.00000000
male 2011 1  0.00000000 0.00000000 0.00000000 0.00000000 0.00000000 0.00000000 0.00000000 0.00000000 0.00000000 0.00000000 0.00000000 0.00000000 0.00000000 0.00000000 0.00000000 0.00000000 0.00000000
male 2011 2  0.00000000 0.00000000 0.00000000 0.00000000 0.00000000 0.00000000 0.00000000 0.00000000 0.00000000 0.00000000 0.00000000 0.00000000 0.00000000 0.00000000 0.00000000 0.00000000 0.00000000
male 2011 3  0.00597007 0.01009418 0.01729850 0.02949574 0.04909126 0.07806647 0.11605298 0.15870255 0.19900150 0.23132924 0.25402422 0.26850607 0.27719187 0.28220901 0.28504427 0.28662670 0.28750378
male 2011 4  0.00000000 0.00000000 0.00000000 0.00000000 0.00000000 0.00000000 0.00000000 0.00000000 0.00000000 0.00000000 0.00000000 0.00000000 0.00000000 0.00000000 0.00000000 0.00000000 0.00000000
male 2011 5  0.00000000 0.00000000 0.00000000 0.00000000 0.00000000 0.00000000 0.00000000 0.00000000 0.00000000 0.00000000 0.00000000 0.00000000 0.00000000 0.00000000 0.00000000 0.00000000 0.00000000
male 2011 6  0.00000000 0.00000000 0.00000000 0.00000000 0.00000000 0.00000000 0.00000000 0.00000000 0.00000000 0.00000000 0.00000000 0.00000000 0.00000000 0.00000000 0.00000000 0.00000000 0.00000000
male 2012 1  0.00000000 0.00000000 0.00000000 0.00000000 0.00000000 0.00000000 0.00000000 0.00000000 0.00000000 0.00000000 0.00000000 0.00000000 0.00000000 0.00000000 0.00000000 0.00000000 0.00000000
male 2012 2  0.00000000 0.00000000 0.00000000 0.00000000 0.00000000 0.00000000 0.00000000 0.00000000 0.00000000 0.00000000 0.00000000 0.00000000 0.00000000 0.00000000 0.00000000 0.00000000 0.00000000
male 2012 3  0.00645520 0.01083076 0.01847434 0.03141527 0.05220557 0.08294744 0.12325006 0.16850005 0.21125610 0.24555493 0.26963366 0.28499849 0.29421388 0.29953693 0.30254505 0.30422397 0.30515452
male 2012 4  0.00000000 0.00000000 0.00000000 0.00000000 0.00000000 0.00000000 0.00000000 0.00000000 0.00000000 0.00000000 0.00000000 0.00000000 0.00000000 0.00000000 0.00000000 0.00000000 0.00000000
male 2012 5  0.00000000 0.00000000 0.00000000 0.00000000 0.00000000 0.00000000 0.00000000 0.00000000 0.00000000 0.00000000 0.00000000 0.00000000 0.00000000 0.00000000 0.00000000 0.00000000 0.00000000
male 2012 6  0.00000000 0.00000000 0.00000000 0.00000000 0.00000000 0.00000000 0.00000000 0.00000000 0.00000000 0.00000000 0.00000000 0.00000000 0.00000000 0.00000000 0.00000000 0.00000000 0.00000000
male 2013 1  0.00000000 0.00000000 0.00000000 0.00000000 0.00000000 0.00000000 0.00000000 0.00000000 0.00000000 0.00000000 0.00000000 0.00000000 0.00000000 0.00000000 0.00000000 0.00000000 0.00000000
male 2013 2  0.00000000 0.00000000 0.00000000 0.00000000 0.00000000 0.00000000 0.00000000 0.00000000 0.00000000 0.00000000 0.00000000 0.00000000 0.00000000 0.00000000 0.00000000 0.00000000 0.00000000
male 2013 3  0.00647259 0.01120700 0.01947745 0.03347970 0.05597506 0.08923816 0.13284610 0.18180715 0.22806974 0.26518149 0.29123498 0.30785993 0.31783109 0.32359070 0.32684553 0.32866214 0.32966901
male 2013 4  0.00000000 0.00000000 0.00000000 0.00000000 0.00000000 0.00000000 0.00000000 0.00000000 0.00000000 0.00000000 0.00000000 0.00000000 0.00000000 0.00000000 0.00000000 0.00000000 0.00000000
male 2013 5  0.00000000 0.00000000 0.00000000 0.00000000 0.00000000 0.00000000 0.00000000 0.00000000 0.00000000 0.00000000 0.00000000 0.00000000 0.00000000 0.00000000 0.00000000 0.00000000 0.00000000
male 2013 6  0.00000000 0.00000000 0.00000000 0.00000000 0.00000000 0.00000000 0.00000000 0.00000000 0.00000000 0.00000000 0.00000000 0.00000000 0.00000000 0.00000000 0.00000000 0.00000000 0.00000000
male 2014 1  0.00000000 0.00000000 0.00000000 0.00000000 0.00000000 0.00000000 0.00000000 0.00000000 0.00000000 0.00000000 0.00000000 0.00000000 0.00000000 0.00000000 0.00000000 0.00000000 0.00000000
male 2014 2  0.00000000 0.00000000 0.00000000 0.00000000 0.00000000 0.00000000 0.00000000 0.00000000 0.00000000 0.00000000 0.00000000 0.00000000 0.00000000 0.00000000 0.00000000 0.00000000 0.00000000
male 2014 3  0.00687228 0.01195055 0.02082168 0.03584090 0.05997008 0.09564906 0.14242422 0.19494128 0.24456389 0.28437105 0.31231679 0.33014919 0.34084455 0.34702248 0.35051370 0.35246225 0.35354225
male 2014 4  0.00000000 0.00000000 0.00000000 0.00000000 0.00000000 0.00000000 0.00000000 0.00000000 0.00000000 0.00000000 0.00000000 0.00000000 0.00000000 0.00000000 0.00000000 0.00000000 0.00000000
male 2014 5  0.00000000 0.00000000 0.00000000 0.00000000 0.00000000 0.00000000 0.00000000 0.00000000 0.00000000 0.00000000 0.00000000 0.00000000 0.00000000 0.00000000 0.00000000 0.00000000 0.00000000
male 2014 6  0.00000000 0.00000000 0.00000000 0.00000000 0.00000000 0.00000000 0.00000000 0.00000000 0.00000000 0.00000000 0.00000000 0.00000000 0.00000000 0.00000000 0.00000000 0.00000000 0.00000000
male 2015 1  0.00000000 0.00000000 0.00000000 0.00000000 0.00000000 0.00000000 0.00000000 0.00000000 0.00000000 0.00000000 0.00000000 0.00000000 0.00000000 0.00000000 0.00000000 0.00000000 0.00000000
male 2015 2  0.00000000 0.00000000 0.00000000 0.00000000 0.00000000 0.00000000 0.00000000 0.00000000 0.00000000 0.00000000 0.00000000 0.00000000 0.00000000 0.00000000 0.00000000 0.00000000 0.00000000
male 2015 3  0.00780970 0.01384334 0.02438338 0.04222813 0.07089670 0.11328790 0.16886278 0.23125979 0.29021781 0.33751383 0.37071694 0.39190413 0.40461159 0.41195176 0.41609978 0.41841491 0.41969808
male 2015 4  0.00000000 0.00000000 0.00000000 0.00000000 0.00000000 0.00000000 0.00000000 0.00000000 0.00000000 0.00000000 0.00000000 0.00000000 0.00000000 0.00000000 0.00000000 0.00000000 0.00000000
male 2015 5  0.00000000 0.00000000 0.00000000 0.00000000 0.00000000 0.00000000 0.00000000 0.00000000 0.00000000 0.00000000 0.00000000 0.00000000 0.00000000 0.00000000 0.00000000 0.00000000 0.00000000
male 2015 6  0.00000000 0.00000000 0.00000000 0.00000000 0.00000000 0.00000000 0.00000000 0.00000000 0.00000000 0.00000000 0.00000000 0.00000000 0.00000000 0.00000000 0.00000000 0.00000000 0.00000000
male 2016 1  0.00000000 0.00000000 0.00000000 0.00000000 0.00000000 0.00000000 0.00000000 0.00000000 0.00000000 0.00000000 0.00000000 0.00000000 0.00000000 0.00000000 0.00000000 0.00000000 0.00000000
male 2016 2  0.00000000 0.00000000 0.00000000 0.00000000 0.00000000 0.00000000 0.00000000 0.00000000 0.00000000 0.00000000 0.00000000 0.00000000 0.00000000 0.00000000 0.00000000 0.00000000 0.00000000
male 2016 3  0.00848296 0.01508843 0.02662740 0.04616338 0.07754899 0.12395777 0.18479972 0.25311036 0.31765608 0.36943453 0.40578445 0.42897963 0.44289143 0.45092726 0.45546841 0.45800295 0.45940773
male 2016 4  0.00000000 0.00000000 0.00000000 0.00000000 0.00000000 0.00000000 0.00000000 0.00000000 0.00000000 0.00000000 0.00000000 0.00000000 0.00000000 0.00000000 0.00000000 0.00000000 0.00000000
male 2016 5  0.00000000 0.00000000 0.00000000 0.00000000 0.00000000 0.00000000 0.00000000 0.00000000 0.00000000 0.00000000 0.00000000 0.00000000 0.00000000 0.00000000 0.00000000 0.00000000 0.00000000
male 2016 6  0.00000000 0.00000000 0.00000000 0.00000000 0.00000000 0.00000000 0.00000000 0.00000000 0.00000000 0.00000000 0.00000000 0.00000000 0.00000000 0.00000000 0.00000000 0.00000000 0.00000000
male 2017 1  0.00000000 0.00000000 0.00000000 0.00000000 0.00000000 0.00000000 0.00000000 0.00000000 0.00000000 0.00000000 0.00000000 0.00000000 0.00000000 0.00000000 0.00000000 0.00000000 0.00000000
male 2017 2  0.00000000 0.00000000 0.00000000 0.00000000 0.00000000 0.00000000 0.00000000 0.00000000 0.00000000 0.00000000 0.00000000 0.00000000 0.00000000 0.00000000 0.00000000 0.00000000 0.00000000
male 2017 3  0.00824291 0.01459562 0.02569304 0.04448147 0.07466609 0.11929902 0.17781283 0.24350952 0.30558536 0.35538249 0.39034146 0.41264906 0.42602852 0.43375686 0.43812423 0.44056179 0.44191282
male 2017 4  0.00000000 0.00000000 0.00000000 0.00000000 0.00000000 0.00000000 0.00000000 0.00000000 0.00000000 0.00000000 0.00000000 0.00000000 0.00000000 0.00000000 0.00000000 0.00000000 0.00000000
male 2017 5  0.00000000 0.00000000 0.00000000 0.00000000 0.00000000 0.00000000 0.00000000 0.00000000 0.00000000 0.00000000 0.00000000 0.00000000 0.00000000 0.00000000 0.00000000 0.00000000 0.00000000
male 2017 6  0.00000000 0.00000000 0.00000000 0.00000000 0.00000000 0.00000000 0.00000000 0.00000000 0.00000000 0.00000000 0.00000000 0.00000000 0.00000000 0.00000000 0.00000000 0.00000000 0.00000000
male 2018 1  0.00000000 0.00000000 0.00000000 0.00000000 0.00000000 0.00000000 0.00000000 0.00000000 0.00000000 0.00000000 0.00000000 0.00000000 0.00000000 0.00000000 0.00000000 0.00000000 0.00000000
male 2018 2  0.00000000 0.00000000 0.00000000 0.00000000 0.00000000 0.00000000 0.00000000 0.00000000 0.00000000 0.00000000 0.00000000 0.00000000 0.00000000 0.00000000 0.00000000 0.00000000 0.00000000
male 2018 3  0.00885776 0.01569985 0.02765217 0.04788797 0.08039789 0.12846914 0.19149059 0.26224828 0.32910617 0.38273945 0.42039150 0.44441759 0.45882775 0.46715144 0.47185526 0.47448059 0.47593570
male 2018 4  0.00000000 0.00000000 0.00000000 0.00000000 0.00000000 0.00000000 0.00000000 0.00000000 0.00000000 0.00000000 0.00000000 0.00000000 0.00000000 0.00000000 0.00000000 0.00000000 0.00000000
male 2018 5  0.00000000 0.00000000 0.00000000 0.00000000 0.00000000 0.00000000 0.00000000 0.00000000 0.00000000 0.00000000 0.00000000 0.00000000 0.00000000 0.00000000 0.00000000 0.00000000 0.00000000
male 2018 6  0.00000000 0.00000000 0.00000000 0.00000000 0.00000000 0.00000000 0.00000000 0.00000000 0.00000000 0.00000000 0.00000000 0.00000000 0.00000000 0.00000000 0.00000000 0.00000000 0.00000000
male 2019 1  0.00000000 0.00000000 0.00000000 0.00000000 0.00000000 0.00000000 0.00000000 0.00000000 0.00000000 0.00000000 0.00000000 0.00000000 0.00000000 0.00000000 0.00000000 0.00000000 0.00000000
male 2019 2  0.00000000 0.00000000 0.00000000 0.00000000 0.00000000 0.00000000 0.00000000 0.00000000 0.00000000 0.00000000 0.00000000 0.00000000 0.00000000 0.00000000 0.00000000 0.00000000 0.00000000
male 2019 3  0.00947387 0.01658784 0.02901509 0.05005497 0.08385669 0.13383809 0.19936374 0.27293303 0.34244756 0.39821199 0.43736018 0.46234096 0.47732371 0.48597815 0.49086888 0.49359853 0.49511146
male 2019 4  0.00000000 0.00000000 0.00000000 0.00000000 0.00000000 0.00000000 0.00000000 0.00000000 0.00000000 0.00000000 0.00000000 0.00000000 0.00000000 0.00000000 0.00000000 0.00000000 0.00000000
male 2019 5  0.00000000 0.00000000 0.00000000 0.00000000 0.00000000 0.00000000 0.00000000 0.00000000 0.00000000 0.00000000 0.00000000 0.00000000 0.00000000 0.00000000 0.00000000 0.00000000 0.00000000
male 2019 6  0.00000000 0.00000000 0.00000000 0.00000000 0.00000000 0.00000000 0.00000000 0.00000000 0.00000000 0.00000000 0.00000000 0.00000000 0.00000000 0.00000000 0.00000000 0.00000000 0.00000000
male 2020 1  0.00000000 0.00000000 0.00000000 0.00000000 0.00000000 0.00000000 0.00000000 0.00000000 0.00000000 0.00000000 0.00000000 0.00000000 0.00000000 0.00000000 0.00000000 0.00000000 0.00000000
male 2020 2  0.00000000 0.00000000 0.00000000 0.00000000 0.00000000 0.00000000 0.00000000 0.00000000 0.00000000 0.00000000 0.00000000 0.00000000 0.00000000 0.00000000 0.00000000 0.00000000 0.00000000
male 2020 3  0.00690240 0.01230097 0.02173161 0.03769811 0.06334916 0.10127845 0.15100378 0.20683317 0.25958554 0.30190339 0.33161170 0.35056882 0.36193875 0.36850632 0.37221774 0.37428919 0.37543731
male 2020 4  0.00000000 0.00000000 0.00000000 0.00000000 0.00000000 0.00000000 0.00000000 0.00000000 0.00000000 0.00000000 0.00000000 0.00000000 0.00000000 0.00000000 0.00000000 0.00000000 0.00000000
male 2020 5  0.00000000 0.00000000 0.00000000 0.00000000 0.00000000 0.00000000 0.00000000 0.00000000 0.00000000 0.00000000 0.00000000 0.00000000 0.00000000 0.00000000 0.00000000 0.00000000 0.00000000
male 2020 6  0.00000000 0.00000000 0.00000000 0.00000000 0.00000000 0.00000000 0.00000000 0.00000000 0.00000000 0.00000000 0.00000000 0.00000000 0.00000000 0.00000000 0.00000000 0.00000000 0.00000000
male 2021 1  0.00000000 0.00000000 0.00000000 0.00000000 0.00000000 0.00000000 0.00000000 0.00000000 0.00000000 0.00000000 0.00000000 0.00000000 0.00000000 0.00000000 0.00000000 0.00000000 0.00000000
male 2021 2  0.00000000 0.00000000 0.00000000 0.00000000 0.00000000 0.00000000 0.00000000 0.00000000 0.00000000 0.00000000 0.00000000 0.00000000 0.00000000 0.00000000 0.00000000 0.00000000 0.00000000
male 2021 3  0.00658702 0.01160364 0.02036708 0.03520397 0.05904025 0.09428609 0.14049343 0.19237297 0.24139318 0.28071711 0.30832360 0.32593953 0.33650505 0.34260798 0.34605683 0.34798172 0.34904861
male 2021 4  0.00000000 0.00000000 0.00000000 0.00000000 0.00000000 0.00000000 0.00000000 0.00000000 0.00000000 0.00000000 0.00000000 0.00000000 0.00000000 0.00000000 0.00000000 0.00000000 0.00000000
male 2021 5  0.00000000 0.00000000 0.00000000 0.00000000 0.00000000 0.00000000 0.00000000 0.00000000 0.00000000 0.00000000 0.00000000 0.00000000 0.00000000 0.00000000 0.00000000 0.00000000 0.00000000
male 2021 6  0.00000000 0.00000000 0.00000000 0.00000000 0.00000000 0.00000000 0.00000000 0.00000000 0.00000000 0.00000000 0.00000000 0.00000000 0.00000000 0.00000000 0.00000000 0.00000000 0.00000000

# Total mortality by size-class (continuous)
# Sex Maturity Year Season Total_mortality 1 2 3 4 5 6 7 8 9 10 11 12 13 14 15 16 17 
male 1 1960 1  0.00000000 0.00000000 0.00000000 0.00000000 0.00000000 0.00000000 0.00000000 0.00000000 0.00000000 0.00000000 0.00000000 0.00000000 0.00000000 0.00000000 0.00000000 0.00000000 0.00000000
male 1 1960 2  0.03500000 0.03500000 0.03500000 0.03500000 0.03500000 0.03500000 0.03500000 0.03500000 0.03500000 0.03500000 0.03500000 0.03500000 0.03500000 0.03500000 0.03500000 0.03500000 0.03500000
male 1 1960 3  0.00000000 0.00000000 0.00000000 0.00000000 0.00000000 0.00000000 0.00000000 0.00000000 0.00000000 0.00000000 0.00000000 0.00000000 0.00000000 0.00000000 0.00000000 0.00000000 0.00000000
male 1 1960 4  0.09675342 0.09675342 0.09675342 0.09675342 0.09675342 0.09675342 0.09675342 0.09675342 0.09675342 0.09675342 0.09675342 0.09675342 0.09675342 0.09675342 0.09675342 0.09675342 0.09675342
male 1 1960 5  0.00000000 0.00000000 0.00000000 0.00000000 0.00000000 0.00000000 0.00000000 0.00000000 0.00000000 0.00000000 0.00000000 0.00000000 0.00000000 0.00000000 0.00000000 0.00000000 0.00000000
male 1 1960 6  0.07824658 0.07824658 0.07824658 0.07824658 0.07824658 0.07824658 0.07824658 0.07824658 0.07824658 0.07824658 0.07824658 0.07824658 0.07824658 0.07824658 0.07824658 0.07824658 0.07824658
male 1 1961 1  0.00000000 0.00000000 0.00000000 0.00000000 0.00000000 0.00000000 0.00000000 0.00000000 0.00000000 0.00000000 0.00000000 0.00000000 0.00000000 0.00000000 0.00000000 0.00000000 0.00000000
male 1 1961 2  0.03500000 0.03500000 0.03500000 0.03500000 0.03500000 0.03500000 0.03500000 0.03500000 0.03500000 0.03500000 0.03500000 0.03500000 0.03500000 0.03500000 0.03500000 0.03500000 0.03500000
male 1 1961 3  0.00000000 0.00000000 0.00000000 0.00000000 0.00000000 0.00000000 0.00000000 0.00000000 0.00000000 0.00000000 0.00000000 0.00000000 0.00000000 0.00000000 0.00000000 0.00000000 0.00000000
male 1 1961 4  0.09675342 0.09675342 0.09675342 0.09675342 0.09675342 0.09675342 0.09675342 0.09675342 0.09675342 0.09675342 0.09675342 0.09675342 0.09675342 0.09675342 0.09675342 0.09675342 0.09675342
male 1 1961 5  0.00000000 0.00000000 0.00000000 0.00000000 0.00000000 0.00000000 0.00000000 0.00000000 0.00000000 0.00000000 0.00000000 0.00000000 0.00000000 0.00000000 0.00000000 0.00000000 0.00000000
male 1 1961 6  0.07824658 0.07824658 0.07824658 0.07824658 0.07824658 0.07824658 0.07824658 0.07824658 0.07824658 0.07824658 0.07824658 0.07824658 0.07824658 0.07824658 0.07824658 0.07824658 0.07824658
male 1 1962 1  0.00000000 0.00000000 0.00000000 0.00000000 0.00000000 0.00000000 0.00000000 0.00000000 0.00000000 0.00000000 0.00000000 0.00000000 0.00000000 0.00000000 0.00000000 0.00000000 0.00000000
male 1 1962 2  0.03500000 0.03500000 0.03500000 0.03500000 0.03500000 0.03500000 0.03500000 0.03500000 0.03500000 0.03500000 0.03500000 0.03500000 0.03500000 0.03500000 0.03500000 0.03500000 0.03500000
male 1 1962 3  0.00000000 0.00000000 0.00000000 0.00000000 0.00000000 0.00000000 0.00000000 0.00000000 0.00000000 0.00000000 0.00000000 0.00000000 0.00000000 0.00000000 0.00000000 0.00000000 0.00000000
male 1 1962 4  0.09675342 0.09675342 0.09675342 0.09675342 0.09675342 0.09675342 0.09675342 0.09675342 0.09675342 0.09675342 0.09675342 0.09675342 0.09675342 0.09675342 0.09675342 0.09675342 0.09675342
male 1 1962 5  0.00000000 0.00000000 0.00000000 0.00000000 0.00000000 0.00000000 0.00000000 0.00000000 0.00000000 0.00000000 0.00000000 0.00000000 0.00000000 0.00000000 0.00000000 0.00000000 0.00000000
male 1 1962 6  0.07824658 0.07824658 0.07824658 0.07824658 0.07824658 0.07824658 0.07824658 0.07824658 0.07824658 0.07824658 0.07824658 0.07824658 0.07824658 0.07824658 0.07824658 0.07824658 0.07824658
male 1 1963 1  0.00000000 0.00000000 0.00000000 0.00000000 0.00000000 0.00000000 0.00000000 0.00000000 0.00000000 0.00000000 0.00000000 0.00000000 0.00000000 0.00000000 0.00000000 0.00000000 0.00000000
male 1 1963 2  0.03500000 0.03500000 0.03500000 0.03500000 0.03500000 0.03500000 0.03500000 0.03500000 0.03500000 0.03500000 0.03500000 0.03500000 0.03500000 0.03500000 0.03500000 0.03500000 0.03500000
male 1 1963 3  0.00000000 0.00000000 0.00000000 0.00000000 0.00000000 0.00000000 0.00000000 0.00000000 0.00000000 0.00000000 0.00000000 0.00000000 0.00000000 0.00000000 0.00000000 0.00000000 0.00000000
male 1 1963 4  0.09675342 0.09675342 0.09675342 0.09675342 0.09675342 0.09675342 0.09675342 0.09675342 0.09675342 0.09675342 0.09675342 0.09675342 0.09675342 0.09675342 0.09675342 0.09675342 0.09675342
male 1 1963 5  0.00000000 0.00000000 0.00000000 0.00000000 0.00000000 0.00000000 0.00000000 0.00000000 0.00000000 0.00000000 0.00000000 0.00000000 0.00000000 0.00000000 0.00000000 0.00000000 0.00000000
male 1 1963 6  0.07824658 0.07824658 0.07824658 0.07824658 0.07824658 0.07824658 0.07824658 0.07824658 0.07824658 0.07824658 0.07824658 0.07824658 0.07824658 0.07824658 0.07824658 0.07824658 0.07824658
male 1 1964 1  0.00000000 0.00000000 0.00000000 0.00000000 0.00000000 0.00000000 0.00000000 0.00000000 0.00000000 0.00000000 0.00000000 0.00000000 0.00000000 0.00000000 0.00000000 0.00000000 0.00000000
male 1 1964 2  0.03500000 0.03500000 0.03500000 0.03500000 0.03500000 0.03500000 0.03500000 0.03500000 0.03500000 0.03500000 0.03500000 0.03500000 0.03500000 0.03500000 0.03500000 0.03500000 0.03500000
male 1 1964 3  0.00000000 0.00000000 0.00000000 0.00000000 0.00000000 0.00000000 0.00000000 0.00000000 0.00000000 0.00000000 0.00000000 0.00000000 0.00000000 0.00000000 0.00000000 0.00000000 0.00000000
male 1 1964 4  0.09675342 0.09675342 0.09675342 0.09675342 0.09675342 0.09675342 0.09675342 0.09675342 0.09675342 0.09675342 0.09675342 0.09675342 0.09675342 0.09675342 0.09675342 0.09675342 0.09675342
male 1 1964 5  0.00000000 0.00000000 0.00000000 0.00000000 0.00000000 0.00000000 0.00000000 0.00000000 0.00000000 0.00000000 0.00000000 0.00000000 0.00000000 0.00000000 0.00000000 0.00000000 0.00000000
male 1 1964 6  0.07824658 0.07824658 0.07824658 0.07824658 0.07824658 0.07824658 0.07824658 0.07824658 0.07824658 0.07824658 0.07824658 0.07824658 0.07824658 0.07824658 0.07824658 0.07824658 0.07824658
male 1 1965 1  0.00000000 0.00000000 0.00000000 0.00000000 0.00000000 0.00000000 0.00000000 0.00000000 0.00000000 0.00000000 0.00000000 0.00000000 0.00000000 0.00000000 0.00000000 0.00000000 0.00000000
male 1 1965 2  0.03500000 0.03500000 0.03500000 0.03500000 0.03500000 0.03500000 0.03500000 0.03500000 0.03500000 0.03500000 0.03500000 0.03500000 0.03500000 0.03500000 0.03500000 0.03500000 0.03500000
male 1 1965 3  0.00000000 0.00000000 0.00000000 0.00000000 0.00000000 0.00000000 0.00000000 0.00000000 0.00000000 0.00000000 0.00000000 0.00000000 0.00000000 0.00000000 0.00000000 0.00000000 0.00000000
male 1 1965 4  0.09675342 0.09675342 0.09675342 0.09675342 0.09675342 0.09675342 0.09675342 0.09675342 0.09675342 0.09675342 0.09675342 0.09675342 0.09675342 0.09675342 0.09675342 0.09675342 0.09675342
male 1 1965 5  0.00000000 0.00000000 0.00000000 0.00000000 0.00000000 0.00000000 0.00000000 0.00000000 0.00000000 0.00000000 0.00000000 0.00000000 0.00000000 0.00000000 0.00000000 0.00000000 0.00000000
male 1 1965 6  0.07824658 0.07824658 0.07824658 0.07824658 0.07824658 0.07824658 0.07824658 0.07824658 0.07824658 0.07824658 0.07824658 0.07824658 0.07824658 0.07824658 0.07824658 0.07824658 0.07824658
male 1 1966 1  0.00000000 0.00000000 0.00000000 0.00000000 0.00000000 0.00000000 0.00000000 0.00000000 0.00000000 0.00000000 0.00000000 0.00000000 0.00000000 0.00000000 0.00000000 0.00000000 0.00000000
male 1 1966 2  0.03500000 0.03500000 0.03500000 0.03500000 0.03500000 0.03500000 0.03500000 0.03500000 0.03500000 0.03500000 0.03500000 0.03500000 0.03500000 0.03500000 0.03500000 0.03500000 0.03500000
male 1 1966 3  0.00000000 0.00000000 0.00000000 0.00000000 0.00000000 0.00000000 0.00000000 0.00000000 0.00000000 0.00000000 0.00000000 0.00000000 0.00000000 0.00000000 0.00000000 0.00000000 0.00000000
male 1 1966 4  0.09675342 0.09675342 0.09675342 0.09675342 0.09675342 0.09675342 0.09675342 0.09675342 0.09675342 0.09675342 0.09675342 0.09675342 0.09675342 0.09675342 0.09675342 0.09675342 0.09675342
male 1 1966 5  0.00000000 0.00000000 0.00000000 0.00000000 0.00000000 0.00000000 0.00000000 0.00000000 0.00000000 0.00000000 0.00000000 0.00000000 0.00000000 0.00000000 0.00000000 0.00000000 0.00000000
male 1 1966 6  0.07824658 0.07824658 0.07824658 0.07824658 0.07824658 0.07824658 0.07824658 0.07824658 0.07824658 0.07824658 0.07824658 0.07824658 0.07824658 0.07824658 0.07824658 0.07824658 0.07824658
male 1 1967 1  0.00000000 0.00000000 0.00000000 0.00000000 0.00000000 0.00000000 0.00000000 0.00000000 0.00000000 0.00000000 0.00000000 0.00000000 0.00000000 0.00000000 0.00000000 0.00000000 0.00000000
male 1 1967 2  0.03500000 0.03500000 0.03500000 0.03500000 0.03500000 0.03500000 0.03500000 0.03500000 0.03500000 0.03500000 0.03500000 0.03500000 0.03500000 0.03500000 0.03500000 0.03500000 0.03500000
male 1 1967 3  0.00000000 0.00000000 0.00000000 0.00000000 0.00000000 0.00000000 0.00000000 0.00000000 0.00000000 0.00000000 0.00000000 0.00000000 0.00000000 0.00000000 0.00000000 0.00000000 0.00000000
male 1 1967 4  0.09675342 0.09675342 0.09675342 0.09675342 0.09675342 0.09675342 0.09675342 0.09675342 0.09675342 0.09675342 0.09675342 0.09675342 0.09675342 0.09675342 0.09675342 0.09675342 0.09675342
male 1 1967 5  0.00000000 0.00000000 0.00000000 0.00000000 0.00000000 0.00000000 0.00000000 0.00000000 0.00000000 0.00000000 0.00000000 0.00000000 0.00000000 0.00000000 0.00000000 0.00000000 0.00000000
male 1 1967 6  0.07824658 0.07824658 0.07824658 0.07824658 0.07824658 0.07824658 0.07824658 0.07824658 0.07824658 0.07824658 0.07824658 0.07824658 0.07824658 0.07824658 0.07824658 0.07824658 0.07824658
male 1 1968 1  0.00000000 0.00000000 0.00000000 0.00000000 0.00000000 0.00000000 0.00000000 0.00000000 0.00000000 0.00000000 0.00000000 0.00000000 0.00000000 0.00000000 0.00000000 0.00000000 0.00000000
male 1 1968 2  0.03500000 0.03500000 0.03500000 0.03500000 0.03500000 0.03500000 0.03500000 0.03500000 0.03500000 0.03500000 0.03500000 0.03500000 0.03500000 0.03500000 0.03500000 0.03500000 0.03500000
male 1 1968 3  0.00000000 0.00000000 0.00000000 0.00000000 0.00000000 0.00000000 0.00000000 0.00000000 0.00000000 0.00000000 0.00000000 0.00000000 0.00000000 0.00000000 0.00000000 0.00000000 0.00000000
male 1 1968 4  0.09675342 0.09675342 0.09675342 0.09675342 0.09675342 0.09675342 0.09675342 0.09675342 0.09675342 0.09675342 0.09675342 0.09675342 0.09675342 0.09675342 0.09675342 0.09675342 0.09675342
male 1 1968 5  0.00000000 0.00000000 0.00000000 0.00000000 0.00000000 0.00000000 0.00000000 0.00000000 0.00000000 0.00000000 0.00000000 0.00000000 0.00000000 0.00000000 0.00000000 0.00000000 0.00000000
male 1 1968 6  0.07824658 0.07824658 0.07824658 0.07824658 0.07824658 0.07824658 0.07824658 0.07824658 0.07824658 0.07824658 0.07824658 0.07824658 0.07824658 0.07824658 0.07824658 0.07824658 0.07824658
male 1 1969 1  0.00000000 0.00000000 0.00000000 0.00000000 0.00000000 0.00000000 0.00000000 0.00000000 0.00000000 0.00000000 0.00000000 0.00000000 0.00000000 0.00000000 0.00000000 0.00000000 0.00000000
male 1 1969 2  0.03500000 0.03500000 0.03500000 0.03500000 0.03500000 0.03500000 0.03500000 0.03500000 0.03500000 0.03500000 0.03500000 0.03500000 0.03500000 0.03500000 0.03500000 0.03500000 0.03500000
male 1 1969 3  0.00000000 0.00000000 0.00000000 0.00000000 0.00000000 0.00000000 0.00000000 0.00000000 0.00000000 0.00000000 0.00000000 0.00000000 0.00000000 0.00000000 0.00000000 0.00000000 0.00000000
male 1 1969 4  0.09675342 0.09675342 0.09675342 0.09675342 0.09675342 0.09675342 0.09675342 0.09675342 0.09675342 0.09675342 0.09675342 0.09675342 0.09675342 0.09675342 0.09675342 0.09675342 0.09675342
male 1 1969 5  0.00000000 0.00000000 0.00000000 0.00000000 0.00000000 0.00000000 0.00000000 0.00000000 0.00000000 0.00000000 0.00000000 0.00000000 0.00000000 0.00000000 0.00000000 0.00000000 0.00000000
male 1 1969 6  0.07824658 0.07824658 0.07824658 0.07824658 0.07824658 0.07824658 0.07824658 0.07824658 0.07824658 0.07824658 0.07824658 0.07824658 0.07824658 0.07824658 0.07824658 0.07824658 0.07824658
male 1 1970 1  0.00000000 0.00000000 0.00000000 0.00000000 0.00000000 0.00000000 0.00000000 0.00000000 0.00000000 0.00000000 0.00000000 0.00000000 0.00000000 0.00000000 0.00000000 0.00000000 0.00000000
male 1 1970 2  0.03500000 0.03500000 0.03500000 0.03500000 0.03500000 0.03500000 0.03500000 0.03500000 0.03500000 0.03500000 0.03500000 0.03500000 0.03500000 0.03500000 0.03500000 0.03500000 0.03500000
male 1 1970 3  0.00000000 0.00000000 0.00000000 0.00000000 0.00000000 0.00000000 0.00000000 0.00000000 0.00000000 0.00000000 0.00000000 0.00000000 0.00000000 0.00000000 0.00000000 0.00000000 0.00000000
male 1 1970 4  0.09675342 0.09675342 0.09675342 0.09675342 0.09675342 0.09675342 0.09675342 0.09675342 0.09675342 0.09675342 0.09675342 0.09675342 0.09675342 0.09675342 0.09675342 0.09675342 0.09675342
male 1 1970 5  0.00000000 0.00000000 0.00000000 0.00000000 0.00000000 0.00000000 0.00000000 0.00000000 0.00000000 0.00000000 0.00000000 0.00000000 0.00000000 0.00000000 0.00000000 0.00000000 0.00000000
male 1 1970 6  0.07824658 0.07824658 0.07824658 0.07824658 0.07824658 0.07824658 0.07824658 0.07824658 0.07824658 0.07824658 0.07824658 0.07824658 0.07824658 0.07824658 0.07824658 0.07824658 0.07824658
male 1 1971 1  0.00000000 0.00000000 0.00000000 0.00000000 0.00000000 0.00000000 0.00000000 0.00000000 0.00000000 0.00000000 0.00000000 0.00000000 0.00000000 0.00000000 0.00000000 0.00000000 0.00000000
male 1 1971 2  0.03500000 0.03500000 0.03500000 0.03500000 0.03500000 0.03500000 0.03500000 0.03500000 0.03500000 0.03500000 0.03500000 0.03500000 0.03500000 0.03500000 0.03500000 0.03500000 0.03500000
male 1 1971 3  0.00000000 0.00000000 0.00000000 0.00000000 0.00000000 0.00000000 0.00000000 0.00000000 0.00000000 0.00000000 0.00000000 0.00000000 0.00000000 0.00000000 0.00000000 0.00000000 0.00000000
male 1 1971 4  0.09675342 0.09675342 0.09675342 0.09675342 0.09675342 0.09675342 0.09675342 0.09675342 0.09675342 0.09675342 0.09675342 0.09675342 0.09675342 0.09675342 0.09675342 0.09675342 0.09675342
male 1 1971 5  0.00000000 0.00000000 0.00000000 0.00000000 0.00000000 0.00000000 0.00000000 0.00000000 0.00000000 0.00000000 0.00000000 0.00000000 0.00000000 0.00000000 0.00000000 0.00000000 0.00000000
male 1 1971 6  0.07824658 0.07824658 0.07824658 0.07824658 0.07824658 0.07824658 0.07824658 0.07824658 0.07824658 0.07824658 0.07824658 0.07824658 0.07824658 0.07824658 0.07824658 0.07824658 0.07824658
male 1 1972 1  0.00000000 0.00000000 0.00000000 0.00000000 0.00000000 0.00000000 0.00000000 0.00000000 0.00000000 0.00000000 0.00000000 0.00000000 0.00000000 0.00000000 0.00000000 0.00000000 0.00000000
male 1 1972 2  0.03500000 0.03500000 0.03500000 0.03500000 0.03500000 0.03500000 0.03500000 0.03500000 0.03500000 0.03500000 0.03500000 0.03500000 0.03500000 0.03500000 0.03500000 0.03500000 0.03500000
male 1 1972 3  0.00000000 0.00000000 0.00000000 0.00000000 0.00000000 0.00000000 0.00000000 0.00000000 0.00000000 0.00000000 0.00000000 0.00000000 0.00000000 0.00000000 0.00000000 0.00000000 0.00000000
male 1 1972 4  0.09675342 0.09675342 0.09675342 0.09675342 0.09675342 0.09675342 0.09675342 0.09675342 0.09675342 0.09675342 0.09675342 0.09675342 0.09675342 0.09675342 0.09675342 0.09675342 0.09675342
male 1 1972 5  0.00000000 0.00000000 0.00000000 0.00000000 0.00000000 0.00000000 0.00000000 0.00000000 0.00000000 0.00000000 0.00000000 0.00000000 0.00000000 0.00000000 0.00000000 0.00000000 0.00000000
male 1 1972 6  0.07824658 0.07824658 0.07824658 0.07824658 0.07824658 0.07824658 0.07824658 0.07824658 0.07824658 0.07824658 0.07824658 0.07824658 0.07824658 0.07824658 0.07824658 0.07824658 0.07824658
male 1 1973 1  0.00000000 0.00000000 0.00000000 0.00000000 0.00000000 0.00000000 0.00000000 0.00000000 0.00000000 0.00000000 0.00000000 0.00000000 0.00000000 0.00000000 0.00000000 0.00000000 0.00000000
male 1 1973 2  0.03500000 0.03500000 0.03500000 0.03500000 0.03500000 0.03500000 0.03500000 0.03500000 0.03500000 0.03500000 0.03500000 0.03500000 0.03500000 0.03500000 0.03500000 0.03500000 0.03500000
male 1 1973 3  0.00000000 0.00000000 0.00000000 0.00000000 0.00000000 0.00000000 0.00000000 0.00000000 0.00000000 0.00000000 0.00000000 0.00000000 0.00000000 0.00000000 0.00000000 0.00000000 0.00000000
male 1 1973 4  0.09675342 0.09675342 0.09675342 0.09675342 0.09675342 0.09675342 0.09675342 0.09675342 0.09675342 0.09675342 0.09675342 0.09675342 0.09675342 0.09675342 0.09675342 0.09675342 0.09675342
male 1 1973 5  0.00000000 0.00000000 0.00000000 0.00000000 0.00000000 0.00000000 0.00000000 0.00000000 0.00000000 0.00000000 0.00000000 0.00000000 0.00000000 0.00000000 0.00000000 0.00000000 0.00000000
male 1 1973 6  0.07824658 0.07824658 0.07824658 0.07824658 0.07824658 0.07824658 0.07824658 0.07824658 0.07824658 0.07824658 0.07824658 0.07824658 0.07824658 0.07824658 0.07824658 0.07824658 0.07824658
male 1 1974 1  0.00000000 0.00000000 0.00000000 0.00000000 0.00000000 0.00000000 0.00000000 0.00000000 0.00000000 0.00000000 0.00000000 0.00000000 0.00000000 0.00000000 0.00000000 0.00000000 0.00000000
male 1 1974 2  0.03500000 0.03500000 0.03500000 0.03500000 0.03500000 0.03500000 0.03500000 0.03500000 0.03500000 0.03500000 0.03500000 0.03500000 0.03500000 0.03500000 0.03500000 0.03500000 0.03500000
male 1 1974 3  0.00000000 0.00000000 0.00000000 0.00000000 0.00000000 0.00000000 0.00000000 0.00000000 0.00000000 0.00000000 0.00000000 0.00000000 0.00000000 0.00000000 0.00000000 0.00000000 0.00000000
male 1 1974 4  0.09675342 0.09675342 0.09675342 0.09675342 0.09675342 0.09675342 0.09675342 0.09675342 0.09675342 0.09675342 0.09675342 0.09675342 0.09675342 0.09675342 0.09675342 0.09675342 0.09675342
male 1 1974 5  0.00000000 0.00000000 0.00000000 0.00000000 0.00000000 0.00000000 0.00000000 0.00000000 0.00000000 0.00000000 0.00000000 0.00000000 0.00000000 0.00000000 0.00000000 0.00000000 0.00000000
male 1 1974 6  0.07824658 0.07824658 0.07824658 0.07824658 0.07824658 0.07824658 0.07824658 0.07824658 0.07824658 0.07824658 0.07824658 0.07824658 0.07824658 0.07824658 0.07824658 0.07824658 0.07824658
male 1 1975 1  0.00000000 0.00000000 0.00000000 0.00000000 0.00000000 0.00000000 0.00000000 0.00000000 0.00000000 0.00000000 0.00000000 0.00000000 0.00000000 0.00000000 0.00000000 0.00000000 0.00000000
male 1 1975 2  0.03500000 0.03500000 0.03500000 0.03500000 0.03500000 0.03500000 0.03500000 0.03500000 0.03500000 0.03500000 0.03500000 0.03500000 0.03500000 0.03500000 0.03500000 0.03500000 0.03500000
male 1 1975 3  0.00000000 0.00000000 0.00000000 0.00000000 0.00000000 0.00000000 0.00000000 0.00000000 0.00000000 0.00000000 0.00000000 0.00000000 0.00000000 0.00000000 0.00000000 0.00000000 0.00000000
male 1 1975 4  0.09675342 0.09675342 0.09675342 0.09675342 0.09675342 0.09675342 0.09675342 0.09675342 0.09675342 0.09675342 0.09675342 0.09675342 0.09675342 0.09675342 0.09675342 0.09675342 0.09675342
male 1 1975 5  0.00000000 0.00000000 0.00000000 0.00000000 0.00000000 0.00000000 0.00000000 0.00000000 0.00000000 0.00000000 0.00000000 0.00000000 0.00000000 0.00000000 0.00000000 0.00000000 0.00000000
male 1 1975 6  0.07824658 0.07824658 0.07824658 0.07824658 0.07824658 0.07824658 0.07824658 0.07824658 0.07824658 0.07824658 0.07824658 0.07824658 0.07824658 0.07824658 0.07824658 0.07824658 0.07824658
male 1 1976 1  0.00000000 0.00000000 0.00000000 0.00000000 0.00000000 0.00000000 0.00000000 0.00000000 0.00000000 0.00000000 0.00000000 0.00000000 0.00000000 0.00000000 0.00000000 0.00000000 0.00000000
male 1 1976 2  0.03500000 0.03500000 0.03500000 0.03500000 0.03500000 0.03500000 0.03500000 0.03500000 0.03500000 0.03500000 0.03500000 0.03500000 0.03500000 0.03500000 0.03500000 0.03500000 0.03500000
male 1 1976 3  0.00000000 0.00000000 0.00000000 0.00000000 0.00000000 0.00000000 0.00000000 0.00000000 0.00000000 0.00000000 0.00000000 0.00000000 0.00000000 0.00000000 0.00000000 0.00000000 0.00000000
male 1 1976 4  0.09675342 0.09675342 0.09675342 0.09675342 0.09675342 0.09675342 0.09675342 0.09675342 0.09675342 0.09675342 0.09675342 0.09675342 0.09675342 0.09675342 0.09675342 0.09675342 0.09675342
male 1 1976 5  0.00000000 0.00000000 0.00000000 0.00000000 0.00000000 0.00000000 0.00000000 0.00000000 0.00000000 0.00000000 0.00000000 0.00000000 0.00000000 0.00000000 0.00000000 0.00000000 0.00000000
male 1 1976 6  0.07824658 0.07824658 0.07824658 0.07824658 0.07824658 0.07824658 0.07824658 0.07824658 0.07824658 0.07824658 0.07824658 0.07824658 0.07824658 0.07824658 0.07824658 0.07824658 0.07824658
male 1 1977 1  0.00000000 0.00000000 0.00000000 0.00000000 0.00000000 0.00000000 0.00000000 0.00000000 0.00000000 0.00000000 0.00000000 0.00000000 0.00000000 0.00000000 0.00000000 0.00000000 0.00000000
male 1 1977 2  0.03500000 0.03500000 0.03500000 0.03500000 0.03500000 0.03500000 0.03500000 0.03500000 0.03500000 0.03500000 0.03500000 0.03500000 0.03500000 0.03500000 0.03500000 0.03500000 0.03500000
male 1 1977 3  0.00000000 0.00000000 0.00000000 0.00000000 0.00000000 0.00000000 0.00000000 0.00000000 0.00000000 0.00000000 0.00000000 0.00000000 0.00000000 0.00000000 0.00000000 0.00000000 0.00000000
male 1 1977 4  0.09675342 0.09675342 0.09675342 0.09675342 0.09675342 0.09675342 0.09675342 0.09675342 0.09675342 0.09675342 0.09675342 0.09675342 0.09675342 0.09675342 0.09675342 0.09675342 0.09675342
male 1 1977 5  0.00000000 0.00000000 0.00000000 0.00000000 0.00000000 0.00000000 0.00000000 0.00000000 0.00000000 0.00000000 0.00000000 0.00000000 0.00000000 0.00000000 0.00000000 0.00000000 0.00000000
male 1 1977 6  0.07824658 0.07824658 0.07824658 0.07824658 0.07824658 0.07824658 0.07824658 0.07824658 0.07824658 0.07824658 0.07824658 0.07824658 0.07824658 0.07824658 0.07824658 0.07824658 0.07824658
male 1 1978 1  0.00000000 0.00000000 0.00000000 0.00000000 0.00000000 0.00000000 0.00000000 0.00000000 0.00000000 0.00000000 0.00000000 0.00000000 0.00000000 0.00000000 0.00000000 0.00000000 0.00000000
male 1 1978 2  0.03500000 0.03500000 0.03500000 0.03500000 0.03500000 0.03500000 0.03500000 0.03500000 0.03500000 0.03500000 0.03500000 0.03500000 0.03500000 0.03500000 0.03500000 0.03500000 0.03500000
male 1 1978 3  0.00000000 0.00000000 0.00000000 0.00000000 0.00000000 0.00000000 0.00000000 0.00000000 0.00000000 0.00000000 0.00000000 0.00000000 0.00000000 0.00000000 0.00000000 0.00000000 0.00000000
male 1 1978 4  0.09675342 0.09675342 0.09675342 0.09675342 0.09675342 0.09675342 0.09675342 0.09675342 0.09675342 0.09675342 0.09675342 0.09675342 0.09675342 0.09675342 0.09675342 0.09675342 0.09675342
male 1 1978 5  0.00000000 0.00000000 0.00000000 0.00000000 0.00000000 0.00000000 0.00000000 0.00000000 0.00000000 0.00000000 0.00000000 0.00000000 0.00000000 0.00000000 0.00000000 0.00000000 0.00000000
male 1 1978 6  0.07824658 0.07824658 0.07824658 0.07824658 0.07824658 0.07824658 0.07824658 0.07824658 0.07824658 0.07824658 0.07824658 0.07824658 0.07824658 0.07824658 0.07824658 0.07824658 0.07824658
male 1 1979 1  0.00000000 0.00000000 0.00000000 0.00000000 0.00000000 0.00000000 0.00000000 0.00000000 0.00000000 0.00000000 0.00000000 0.00000000 0.00000000 0.00000000 0.00000000 0.00000000 0.00000000
male 1 1979 2  0.03500000 0.03500000 0.03500000 0.03500000 0.03500000 0.03500000 0.03500000 0.03500000 0.03500000 0.03500000 0.03500000 0.03500000 0.03500000 0.03500000 0.03500000 0.03500000 0.03500000
male 1 1979 3  0.00000000 0.00000000 0.00000000 0.00000000 0.00000000 0.00000000 0.00000000 0.00000000 0.00000000 0.00000000 0.00000000 0.00000000 0.00000000 0.00000000 0.00000000 0.00000000 0.00000000
male 1 1979 4  0.09675342 0.09675342 0.09675342 0.09675342 0.09675342 0.09675342 0.09675342 0.09675342 0.09675342 0.09675342 0.09675342 0.09675342 0.09675342 0.09675342 0.09675342 0.09675342 0.09675342
male 1 1979 5  0.00000000 0.00000000 0.00000000 0.00000000 0.00000000 0.00000000 0.00000000 0.00000000 0.00000000 0.00000000 0.00000000 0.00000000 0.00000000 0.00000000 0.00000000 0.00000000 0.00000000
male 1 1979 6  0.07824658 0.07824658 0.07824658 0.07824658 0.07824658 0.07824658 0.07824658 0.07824658 0.07824658 0.07824658 0.07824658 0.07824658 0.07824658 0.07824658 0.07824658 0.07824658 0.07824658
male 1 1980 1  0.00000000 0.00000000 0.00000000 0.00000000 0.00000000 0.00000000 0.00000000 0.00000000 0.00000000 0.00000000 0.00000000 0.00000000 0.00000000 0.00000000 0.00000000 0.00000000 0.00000000
male 1 1980 2  0.03500000 0.03500000 0.03500000 0.03500000 0.03500000 0.03500000 0.03500000 0.03500000 0.03500000 0.03500000 0.03500000 0.03500000 0.03500000 0.03500000 0.03500000 0.03500000 0.03500000
male 1 1980 3  0.00000000 0.00000000 0.00000000 0.00000000 0.00000000 0.00000000 0.00000000 0.00000000 0.00000000 0.00000000 0.00000000 0.00000000 0.00000000 0.00000000 0.00000000 0.00000000 0.00000000
male 1 1980 4  0.09675342 0.09675342 0.09675342 0.09675342 0.09675342 0.09675342 0.09675342 0.09675342 0.09675342 0.09675342 0.09675342 0.09675342 0.09675342 0.09675342 0.09675342 0.09675342 0.09675342
male 1 1980 5  0.00000000 0.00000000 0.00000000 0.00000000 0.00000000 0.00000000 0.00000000 0.00000000 0.00000000 0.00000000 0.00000000 0.00000000 0.00000000 0.00000000 0.00000000 0.00000000 0.00000000
male 1 1980 6  0.07824658 0.07824658 0.07824658 0.07824658 0.07824658 0.07824658 0.07824658 0.07824658 0.07824658 0.07824658 0.07824658 0.07824658 0.07824658 0.07824658 0.07824658 0.07824658 0.07824658
male 1 1981 1  0.00000000 0.00000000 0.00000000 0.00000000 0.00000000 0.00000000 0.00000000 0.00000000 0.00000000 0.00000000 0.00000000 0.00000000 0.00000000 0.00000000 0.00000000 0.00000000 0.00000000
male 1 1981 2  0.09263014 0.09263014 0.09263014 0.09263014 0.09263014 0.09263014 0.09263014 0.09263014 0.09263014 0.09263014 0.09263014 0.09263014 0.09263014 0.09263014 0.09263014 0.09263014 0.09263014
male 1 1981 3  0.00302551 0.00344842 0.00389195 0.00435077 0.00484716 0.00569622 0.00959148 0.02237271 0.03115134 0.03402850 0.03572574 0.03712736 0.03834164 0.03939013 0.04028768 0.04104979 0.04169241
male 1 1981 4  0.03912329 0.03912329 0.03912329 0.03912329 0.03912329 0.03912329 0.03912329 0.03912329 0.03912329 0.03912329 0.03912329 0.03912329 0.03912329 0.03912329 0.03912329 0.03912329 0.03912329
male 1 1981 5  0.00000000 0.00000000 0.00000000 0.00000000 0.00000000 0.00000000 0.00000000 0.00000000 0.00000000 0.00000000 0.00000000 0.00000000 0.00000000 0.00000000 0.00000000 0.00000000 0.00000000
male 1 1981 6  0.07824658 0.07824658 0.07824658 0.07824658 0.07824658 0.07824658 0.07824658 0.07824658 0.07824658 0.07824658 0.07824658 0.07824658 0.07824658 0.07824658 0.07824658 0.07824658 0.07824658
male 1 1982 1  0.00000000 0.00000000 0.00000000 0.00000000 0.00000000 0.00000000 0.00000000 0.00000000 0.00000000 0.00000000 0.00000000 0.00000000 0.00000000 0.00000000 0.00000000 0.00000000 0.00000000
male 1 1982 2  0.10154795 0.10154795 0.10154795 0.10154795 0.10154795 0.10154795 0.10154795 0.10154795 0.10154795 0.10154795 0.10154795 0.10154795 0.10154795 0.10154795 0.10154795 0.10154795 0.10154795
male 1 1982 3  0.00860265 0.00980515 0.01106628 0.01237086 0.01378230 0.01619649 0.02727218 0.06361399 0.08857492 0.09675577 0.10158166 0.10556700 0.10901965 0.11200090 0.11455295 0.11671993 0.11854715
male 1 1982 4  0.03020548 0.03020548 0.03020548 0.03020548 0.03020548 0.03020548 0.03020548 0.03020548 0.03020548 0.03020548 0.03020548 0.03020548 0.03020548 0.03020548 0.03020548 0.03020548 0.03020548
male 1 1982 5  0.00000000 0.00000000 0.00000000 0.00000000 0.00000000 0.00000000 0.00000000 0.00000000 0.00000000 0.00000000 0.00000000 0.00000000 0.00000000 0.00000000 0.00000000 0.00000000 0.00000000
male 1 1982 6  0.07824658 0.07824658 0.07824658 0.07824658 0.07824658 0.07824658 0.07824658 0.07824658 0.07824658 0.07824658 0.07824658 0.07824658 0.07824658 0.07824658 0.07824658 0.07824658 0.07824658
male 1 1983 1  0.00000000 0.00000000 0.00000000 0.00000000 0.00000000 0.00000000 0.00000000 0.00000000 0.00000000 0.00000000 0.00000000 0.00000000 0.00000000 0.00000000 0.00000000 0.00000000 0.00000000
male 1 1983 2  0.10154795 0.10154795 0.10154795 0.10154795 0.10154795 0.10154795 0.10154795 0.10154795 0.10154795 0.10154795 0.10154795 0.10154795 0.10154795 0.10154795 0.10154795 0.10154795 0.10154795
male 1 1983 3  0.01209396 0.01378448 0.01555743 0.01739146 0.01937572 0.02276969 0.03834034 0.08943114 0.12452224 0.13602321 0.14280765 0.14841040 0.15326427 0.15745544 0.16104322 0.16408965 0.16665843
male 1 1983 4  0.03020548 0.03020548 0.03020548 0.03020548 0.03020548 0.03020548 0.03020548 0.03020548 0.03020548 0.03020548 0.03020548 0.03020548 0.03020548 0.03020548 0.03020548 0.03020548 0.03020548
male 1 1983 5  0.00000000 0.00000000 0.00000000 0.00000000 0.00000000 0.00000000 0.00000000 0.00000000 0.00000000 0.00000000 0.00000000 0.00000000 0.00000000 0.00000000 0.00000000 0.00000000 0.00000000
male 1 1983 6  0.07824658 0.07824658 0.07824658 0.07824658 0.07824658 0.07824658 0.07824658 0.07824658 0.07824658 0.07824658 0.07824658 0.07824658 0.07824658 0.07824658 0.07824658 0.07824658 0.07824658
male 1 1984 1  0.00000000 0.00000000 0.00000000 0.00000000 0.00000000 0.00000000 0.00000000 0.00000000 0.00000000 0.00000000 0.00000000 0.00000000 0.00000000 0.00000000 0.00000000 0.00000000 0.00000000
male 1 1984 2  0.06616438 0.06616438 0.06616438 0.06616438 0.06616438 0.06616438 0.06616438 0.06616438 0.06616438 0.06616438 0.06616438 0.06616438 0.06616438 0.06616438 0.06616438 0.06616438 0.06616438
male 1 1984 3  0.01611688 0.01836974 0.02073245 0.02317654 0.02582084 0.03034378 0.05109385 0.11917945 0.16594322 0.18126987 0.19031108 0.19777752 0.20424599 0.20983130 0.21461252 0.21867232 0.22209556
male 1 1984 4  0.06558904 0.06558904 0.06558904 0.06558904 0.06558904 0.06558904 0.06558904 0.06558904 0.06558904 0.06558904 0.06558904 0.06558904 0.06558904 0.06558904 0.06558904 0.06558904 0.06558904
male 1 1984 5  0.00000000 0.00000000 0.00000000 0.00000000 0.00000000 0.00000000 0.00000000 0.00000000 0.00000000 0.00000000 0.00000000 0.00000000 0.00000000 0.00000000 0.00000000 0.00000000 0.00000000
male 1 1984 6  0.07824658 0.07824658 0.07824658 0.07824658 0.07824658 0.07824658 0.07824658 0.07824658 0.07824658 0.07824658 0.07824658 0.07824658 0.07824658 0.07824658 0.07824658 0.07824658 0.07824658
male 1 1985 1  0.00000000 0.00000000 0.00000000 0.00000000 0.00000000 0.00000000 0.00000000 0.00000000 0.00000000 0.00000000 0.00000000 0.00000000 0.00000000 0.00000000 0.00000000 0.00000000 0.00000000
male 1 1985 2  0.03538356 0.03538356 0.03538356 0.03538356 0.03538356 0.03538356 0.03538356 0.03538356 0.03538356 0.03538356 0.03538356 0.03538356 0.03538356 0.03538356 0.03538356 0.03538356 0.03538356
male 1 1985 3  0.02733130 0.03115174 0.03515846 0.03930319 0.04378745 0.05145753 0.08664587 0.20210667 0.28140952 0.30740072 0.32273297 0.33539469 0.34636404 0.35583572 0.36394378 0.37082846 0.37663366
male 1 1985 4  0.09636986 0.09636986 0.09636986 0.09636986 0.09636986 0.09636986 0.09636986 0.09636986 0.09636986 0.09636986 0.09636986 0.09636986 0.09636986 0.09636986 0.09636986 0.09636986 0.09636986
male 1 1985 5  0.00000000 0.00000000 0.00000000 0.00000000 0.00000000 0.00000000 0.00000000 0.00000000 0.00000000 0.00000000 0.00000000 0.00000000 0.00000000 0.00000000 0.00000000 0.00000000 0.00000000
male 1 1985 6  0.07824658 0.07824658 0.07824658 0.07824658 0.07824658 0.07824658 0.07824658 0.07824658 0.07824658 0.07824658 0.07824658 0.07824658 0.07824658 0.07824658 0.07824658 0.07824658 0.07824658
male 1 1986 1  0.00000000 0.00000000 0.00000000 0.00000000 0.00000000 0.00000000 0.00000000 0.00000000 0.00000000 0.00000000 0.00000000 0.00000000 0.00000000 0.00000000 0.00000000 0.00000000 0.00000000
male 1 1986 2  0.05293151 0.05293151 0.05293151 0.05293151 0.05293151 0.05293151 0.05293151 0.05293151 0.05293151 0.05293151 0.05293151 0.05293151 0.05293151 0.05293151 0.05293151 0.05293151 0.05293151
male 1 1986 3  0.03789278 0.04318953 0.04874454 0.05449090 0.06070798 0.07134197 0.12012794 0.28020561 0.39015301 0.42618784 0.44744485 0.46499936 0.48020753 0.49333930 0.50458052 0.51412561 0.52217408
male 1 1986 4  0.07882192 0.07882192 0.07882192 0.07882192 0.07882192 0.07882192 0.07882192 0.07882192 0.07882192 0.07882192 0.07882192 0.07882192 0.07882192 0.07882192 0.07882192 0.07882192 0.07882192
male 1 1986 5  0.00000000 0.00000000 0.00000000 0.00000000 0.00000000 0.00000000 0.00000000 0.00000000 0.00000000 0.00000000 0.00000000 0.00000000 0.00000000 0.00000000 0.00000000 0.00000000 0.00000000
male 1 1986 6  0.07824658 0.07824658 0.07824658 0.07824658 0.07824658 0.07824658 0.07824658 0.07824658 0.07824658 0.07824658 0.07824658 0.07824658 0.07824658 0.07824658 0.07824658 0.07824658 0.07824658
male 1 1987 1  0.00000000 0.00000000 0.00000000 0.00000000 0.00000000 0.00000000 0.00000000 0.00000000 0.00000000 0.00000000 0.00000000 0.00000000 0.00000000 0.00000000 0.00000000 0.00000000 0.00000000
male 1 1987 2  0.01841096 0.01841096 0.01841096 0.01841096 0.01841096 0.01841096 0.01841096 0.01841096 0.01841096 0.01841096 0.01841096 0.01841096 0.01841096 0.01841096 0.01841096 0.01841096 0.01841096
male 1 1987 3  0.03089369 0.03521209 0.03974105 0.04442601 0.04949475 0.05816455 0.09793938 0.22844946 0.31808872 0.34746764 0.36479832 0.37911038 0.39150948 0.40221571 0.41138059 0.41916262 0.42572448
male 1 1987 4  0.11334247 0.11334247 0.11334247 0.11334247 0.11334247 0.11334247 0.11334247 0.11334247 0.11334247 0.11334247 0.11334247 0.11334247 0.11334247 0.11334247 0.11334247 0.11334247 0.11334247
male 1 1987 5  0.00000000 0.00000000 0.00000000 0.00000000 0.00000000 0.00000000 0.00000000 0.00000000 0.00000000 0.00000000 0.00000000 0.00000000 0.00000000 0.00000000 0.00000000 0.00000000 0.00000000
male 1 1987 6  0.07824658 0.07824658 0.07824658 0.07824658 0.07824658 0.07824658 0.07824658 0.07824658 0.07824658 0.07824658 0.07824658 0.07824658 0.07824658 0.07824658 0.07824658 0.07824658 0.07824658
male 1 1988 1  0.00000000 0.00000000 0.00000000 0.00000000 0.00000000 0.00000000 0.00000000 0.00000000 0.00000000 0.00000000 0.00000000 0.00000000 0.00000000 0.00000000 0.00000000 0.00000000 0.00000000
male 1 1988 2  0.06300000 0.06300000 0.06300000 0.06300000 0.06300000 0.06300000 0.06300000 0.06300000 0.06300000 0.06300000 0.06300000 0.06300000 0.06300000 0.06300000 0.06300000 0.06300000 0.06300000
male 1 1988 3  0.05405535 0.06161135 0.06953577 0.07773315 0.08660203 0.10177178 0.17136665 0.39972295 0.55656670 0.60797163 0.63829548 0.66333760 0.68503258 0.70376550 0.71980149 0.73341788 0.74489931
male 1 1988 4  0.06875342 0.06875342 0.06875342 0.06875342 0.06875342 0.06875342 0.06875342 0.06875342 0.06875342 0.06875342 0.06875342 0.06875342 0.06875342 0.06875342 0.06875342 0.06875342 0.06875342
male 1 1988 5  0.00000000 0.00000000 0.00000000 0.00000000 0.00000000 0.00000000 0.00000000 0.00000000 0.00000000 0.00000000 0.00000000 0.00000000 0.00000000 0.00000000 0.00000000 0.00000000 0.00000000
male 1 1988 6  0.07824658 0.07824658 0.07824658 0.07824658 0.07824658 0.07824658 0.07824658 0.07824658 0.07824658 0.07824658 0.07824658 0.07824658 0.07824658 0.07824658 0.07824658 0.07824658 0.07824658
male 1 1989 1  0.00000000 0.00000000 0.00000000 0.00000000 0.00000000 0.00000000 0.00000000 0.00000000 0.00000000 0.00000000 0.00000000 0.00000000 0.00000000 0.00000000 0.00000000 0.00000000 0.00000000
male 1 1989 2  0.08400000 0.08400000 0.08400000 0.08400000 0.08400000 0.08400000 0.08400000 0.08400000 0.08400000 0.08400000 0.08400000 0.08400000 0.08400000 0.08400000 0.08400000 0.08400000 0.08400000
male 1 1989 3  0.08727843 0.09946411 0.11224396 0.12546403 0.13976702 0.16423153 0.27646840 0.64474258 0.89768723 0.98058887 1.02949268 1.06987854 1.10486641 1.13507731 1.16093884 1.18289822 1.20141453
male 1 1989 4  0.04775342 0.04775342 0.04775342 0.04775342 0.04775342 0.04775342 0.04775342 0.04775342 0.04775342 0.04775342 0.04775342 0.04775342 0.04775342 0.04775342 0.04775342 0.04775342 0.04775342
male 1 1989 5  0.00000000 0.00000000 0.00000000 0.00000000 0.00000000 0.00000000 0.00000000 0.00000000 0.00000000 0.00000000 0.00000000 0.00000000 0.00000000 0.00000000 0.00000000 0.00000000 0.00000000
male 1 1989 6  0.07824658 0.07824658 0.07824658 0.07824658 0.07824658 0.07824658 0.07824658 0.07824658 0.07824658 0.07824658 0.07824658 0.07824658 0.07824658 0.07824658 0.07824658 0.07824658 0.07824658
male 1 1990 1  0.00000000 0.00000000 0.00000000 0.00000000 0.00000000 0.00000000 0.00000000 0.00000000 0.00000000 0.00000000 0.00000000 0.00000000 0.00000000 0.00000000 0.00000000 0.00000000 0.00000000
male 1 1990 2  0.05580822 0.05580822 0.05580822 0.05580822 0.05580822 0.05580822 0.05580822 0.05580822 0.05580822 0.05580822 0.05580822 0.05580822 0.05580822 0.05580822 0.05580822 0.05580822 0.05580822
male 1 1990 3  0.04636989 0.05280789 0.05955980 0.06654429 0.07410091 0.08702612 0.14632362 0.34089194 0.47452883 0.51832781 0.54416489 0.56550173 0.58398669 0.59994785 0.61361113 0.62521282 0.63499544
male 1 1990 4  0.07594521 0.07594521 0.07594521 0.07594521 0.07594521 0.07594521 0.07594521 0.07594521 0.07594521 0.07594521 0.07594521 0.07594521 0.07594521 0.07594521 0.07594521 0.07594521 0.07594521
male 1 1990 5  0.00000000 0.00000000 0.00000000 0.00000000 0.00000000 0.00000000 0.00000000 0.00000000 0.00000000 0.00000000 0.00000000 0.00000000 0.00000000 0.00000000 0.00000000 0.00000000 0.00000000
male 1 1990 6  0.07824658 0.07824658 0.07824658 0.07824658 0.07824658 0.07824658 0.07824658 0.07824658 0.07824658 0.07824658 0.07824658 0.07824658 0.07824658 0.07824658 0.07824658 0.07824658 0.07824658
male 1 1991 1  0.00000000 0.00000000 0.00000000 0.00000000 0.00000000 0.00000000 0.00000000 0.00000000 0.00000000 0.00000000 0.00000000 0.00000000 0.00000000 0.00000000 0.00000000 0.00000000 0.00000000
male 1 1991 2  0.05753425 0.05753425 0.05753425 0.05753425 0.05753425 0.05753425 0.05753425 0.05753425 0.05753425 0.05753425 0.05753425 0.05753425 0.05753425 0.05753425 0.05753425 0.05753425 0.05753425
male 1 1991 3  0.05528380 0.06301151 0.07111602 0.07949969 0.08857012 0.10408461 0.17526108 0.40880694 0.56921508 0.62178823 0.65280122 0.67841244 0.70060045 0.71975908 0.73615951 0.75008534 0.76182769
male 1 1991 4  0.07421918 0.07421918 0.07421918 0.07421918 0.07421918 0.07421918 0.07421918 0.07421918 0.07421918 0.07421918 0.07421918 0.07421918 0.07421918 0.07421918 0.07421918 0.07421918 0.07421918
male 1 1991 5  0.00000000 0.00000000 0.00000000 0.00000000 0.00000000 0.00000000 0.00000000 0.00000000 0.00000000 0.00000000 0.00000000 0.00000000 0.00000000 0.00000000 0.00000000 0.00000000 0.00000000
male 1 1991 6  0.07824658 0.07824658 0.07824658 0.07824658 0.07824658 0.07824658 0.07824658 0.07824658 0.07824658 0.07824658 0.07824658 0.07824658 0.07824658 0.07824658 0.07824658 0.07824658 0.07824658
male 1 1992 1  0.00000000 0.00000000 0.00000000 0.00000000 0.00000000 0.00000000 0.00000000 0.00000000 0.00000000 0.00000000 0.00000000 0.00000000 0.00000000 0.00000000 0.00000000 0.00000000 0.00000000
male 1 1992 2  0.05810959 0.05810959 0.05810959 0.05810959 0.05810959 0.05810959 0.05810959 0.05810959 0.05810959 0.05810959 0.05810959 0.05810959 0.05810959 0.05810959 0.05810959 0.05810959 0.05810959
male 1 1992 3  0.05905344 0.06728789 0.07592384 0.08485727 0.09452249 0.11105433 0.18689815 0.43575863 0.60668542 0.66270602 0.69575266 0.72304332 0.74668629 0.76710124 0.78457711 0.79941612 0.81192847
male 1 1992 4  0.07364384 0.07364384 0.07364384 0.07364384 0.07364384 0.07364384 0.07364384 0.07364384 0.07364384 0.07364384 0.07364384 0.07364384 0.07364384 0.07364384 0.07364384 0.07364384 0.07364384
male 1 1992 5  0.00000000 0.00000000 0.00000000 0.00000000 0.00000000 0.00000000 0.00000000 0.00000000 0.00000000 0.00000000 0.00000000 0.00000000 0.00000000 0.00000000 0.00000000 0.00000000 0.00000000
male 1 1992 6  0.07824658 0.07824658 0.07824658 0.07824658 0.07824658 0.07824658 0.07824658 0.07824658 0.07824658 0.07824658 0.07824658 0.07824658 0.07824658 0.07824658 0.07824658 0.07824658 0.07824658
male 1 1993 1  0.00000000 0.00000000 0.00000000 0.00000000 0.00000000 0.00000000 0.00000000 0.00000000 0.00000000 0.00000000 0.00000000 0.00000000 0.00000000 0.00000000 0.00000000 0.00000000 0.00000000
male 1 1993 2  0.08802740 0.08802740 0.08802740 0.08802740 0.08802740 0.08802740 0.08802740 0.08802740 0.08802740 0.08802740 0.08802740 0.08802740 0.08802740 0.08802740 0.08802740 0.08802740 0.08802740
male 1 1993 3  0.03690417 0.04204294 0.04743227 0.05300725 0.05903890 0.06935572 0.11668662 0.27198985 0.37865799 0.41361806 0.43424107 0.45127200 0.46602658 0.47876668 0.48967263 0.49893302 0.50674145
male 1 1993 4  0.04372603 0.04372603 0.04372603 0.04372603 0.04372603 0.04372603 0.04372603 0.04372603 0.04372603 0.04372603 0.04372603 0.04372603 0.04372603 0.04372603 0.04372603 0.04372603 0.04372603
male 1 1993 5  0.00000000 0.00000000 0.00000000 0.00000000 0.00000000 0.00000000 0.00000000 0.00000000 0.00000000 0.00000000 0.00000000 0.00000000 0.00000000 0.00000000 0.00000000 0.00000000 0.00000000
male 1 1993 6  0.07824658 0.07824658 0.07824658 0.07824658 0.07824658 0.07824658 0.07824658 0.07824658 0.07824658 0.07824658 0.07824658 0.07824658 0.07824658 0.07824658 0.07824658 0.07824658 0.07824658
male 1 1994 1  0.00000000 0.00000000 0.00000000 0.00000000 0.00000000 0.00000000 0.00000000 0.00000000 0.00000000 0.00000000 0.00000000 0.00000000 0.00000000 0.00000000 0.00000000 0.00000000 0.00000000
male 1 1994 2  0.05235616 0.05235616 0.05235616 0.05235616 0.05235616 0.05235616 0.05235616 0.05235616 0.05235616 0.05235616 0.05235616 0.05235616 0.05235616 0.05235616 0.05235616 0.05235616 0.05235616
male 1 1994 3  0.04825667 0.05499613 0.06206420 0.06937573 0.07728619 0.09081662 0.15289073 0.35656971 0.49646414 0.54231400 0.56936091 0.59169685 0.61104736 0.62775590 0.64205897 0.65420390 0.66444459
male 1 1994 4  0.07939726 0.07939726 0.07939726 0.07939726 0.07939726 0.07939726 0.07939726 0.07939726 0.07939726 0.07939726 0.07939726 0.07939726 0.07939726 0.07939726 0.07939726 0.07939726 0.07939726
male 1 1994 5  0.00000000 0.00000000 0.00000000 0.00000000 0.00000000 0.00000000 0.00000000 0.00000000 0.00000000 0.00000000 0.00000000 0.00000000 0.00000000 0.00000000 0.00000000 0.00000000 0.00000000
male 1 1994 6  0.07824658 0.07824658 0.07824658 0.07824658 0.07824658 0.07824658 0.07824658 0.07824658 0.07824658 0.07824658 0.07824658 0.07824658 0.07824658 0.07824658 0.07824658 0.07824658 0.07824658
male 1 1995 1  0.00000000 0.00000000 0.00000000 0.00000000 0.00000000 0.00000000 0.00000000 0.00000000 0.00000000 0.00000000 0.00000000 0.00000000 0.00000000 0.00000000 0.00000000 0.00000000 0.00000000
male 1 1995 2  0.04689041 0.04689041 0.04689041 0.04689041 0.04689041 0.04689041 0.04689041 0.04689041 0.04689041 0.04689041 0.04689041 0.04689041 0.04689041 0.04689041 0.04689041 0.04689041 0.04689041
male 1 1995 3  0.05897828 0.06720447 0.07583175 0.08475622 0.09441174 0.11092699 0.18669470 0.43530545 0.60606073 0.66202512 0.69503859 0.72230187 0.74592112 0.76631558 0.78377392 0.79859804 0.81109783
male 1 1995 4  0.08486301 0.08486301 0.08486301 0.08486301 0.08486301 0.08486301 0.08486301 0.08486301 0.08486301 0.08486301 0.08486301 0.08486301 0.08486301 0.08486301 0.08486301 0.08486301 0.08486301
male 1 1995 5  0.00000000 0.00000000 0.00000000 0.00000000 0.00000000 0.00000000 0.00000000 0.00000000 0.00000000 0.00000000 0.00000000 0.00000000 0.00000000 0.00000000 0.00000000 0.00000000 0.00000000
male 1 1995 6  0.07824658 0.07824658 0.07824658 0.07824658 0.07824658 0.07824658 0.07824658 0.07824658 0.07824658 0.07824658 0.07824658 0.07824658 0.07824658 0.07824658 0.07824658 0.07824658 0.07824658
male 1 1996 1  0.00000000 0.00000000 0.00000000 0.00000000 0.00000000 0.00000000 0.00000000 0.00000000 0.00000000 0.00000000 0.00000000 0.00000000 0.00000000 0.00000000 0.00000000 0.00000000 0.00000000
male 1 1996 2  0.06904110 0.06904110 0.06904110 0.06904110 0.06904110 0.06904110 0.06904110 0.06904110 0.06904110 0.06904110 0.06904110 0.06904110 0.06904110 0.06904110 0.06904110 0.06904110 0.06904110
male 1 1996 3  0.04417336 0.05034283 0.05681311 0.06350627 0.07074770 0.08313378 0.13995793 0.32641064 0.45447342 0.49644550 0.52120490 0.54165176 0.55936569 0.57466110 0.58775448 0.59887225 0.60824682
male 1 1996 4  0.06271233 0.06271233 0.06271233 0.06271233 0.06271233 0.06271233 0.06271233 0.06271233 0.06271233 0.06271233 0.06271233 0.06271233 0.06271233 0.06271233 0.06271233 0.06271233 0.06271233
male 1 1996 5  0.00000000 0.00000000 0.00000000 0.00000000 0.00000000 0.00000000 0.00000000 0.00000000 0.00000000 0.00000000 0.00000000 0.00000000 0.00000000 0.00000000 0.00000000 0.00000000 0.00000000
male 1 1996 6  0.07824658 0.07824658 0.07824658 0.07824658 0.07824658 0.07824658 0.07824658 0.07824658 0.07824658 0.07824658 0.07824658 0.07824658 0.07824658 0.07824658 0.07824658 0.07824658 0.07824658
male 1 1997 1  0.00000000 0.00000000 0.00000000 0.00000000 0.00000000 0.00000000 0.00000000 0.00000000 0.00000000 0.00000000 0.00000000 0.00000000 0.00000000 0.00000000 0.00000000 0.00000000 0.00000000
male 1 1997 2  0.06012329 0.06012329 0.06012329 0.06012329 0.06012329 0.06012329 0.06012329 0.06012329 0.06012329 0.06012329 0.06012329 0.06012329 0.06012329 0.06012329 0.06012329 0.06012329 0.06012329
male 1 1997 3  0.04040361 0.04604941 0.05197049 0.05809553 0.06472231 0.07605706 0.12805797 0.29868456 0.41587736 0.45428685 0.47694467 0.49565601 0.51186638 0.52586351 0.53784552 0.54801961 0.55659847
male 1 1997 4  0.07163014 0.07163014 0.07163014 0.07163014 0.07163014 0.07163014 0.07163014 0.07163014 0.07163014 0.07163014 0.07163014 0.07163014 0.07163014 0.07163014 0.07163014 0.07163014 0.07163014
male 1 1997 5  0.00000000 0.00000000 0.00000000 0.00000000 0.00000000 0.00000000 0.00000000 0.00000000 0.00000000 0.00000000 0.00000000 0.00000000 0.00000000 0.00000000 0.00000000 0.00000000 0.00000000
male 1 1997 6  0.07824658 0.07824658 0.07824658 0.07824658 0.07824658 0.07824658 0.07824658 0.07824658 0.07824658 0.07824658 0.07824658 0.07824658 0.07824658 0.07824658 0.07824658 0.07824658 0.07824658
male 1 1998 1  0.00000000 0.00000000 0.00000000 0.00000000 0.00000000 0.00000000 0.00000000 0.00000000 0.00000000 0.00000000 0.00000000 0.00000000 0.00000000 0.00000000 0.00000000 0.00000000 0.00000000
male 1 1998 2  0.05523288 0.05523288 0.05523288 0.05523288 0.05523288 0.05523288 0.05523288 0.05523288 0.05523288 0.05523288 0.05523288 0.05523288 0.05523288 0.05523288 0.05523288 0.05523288 0.05523288
male 1 1998 3  0.03732741 0.04252768 0.04798151 0.05362321 0.05972705 0.07016735 0.11806473 0.27522673 0.38317154 0.41855003 0.43941986 0.45665464 0.47158580 0.48447839 0.49551486 0.50488609 0.51278797
male 1 1998 4  0.07652055 0.07652055 0.07652055 0.07652055 0.07652055 0.07652055 0.07652055 0.07652055 0.07652055 0.07652055 0.07652055 0.07652055 0.07652055 0.07652055 0.07652055 0.07652055 0.07652055
male 1 1998 5  0.00000000 0.00000000 0.00000000 0.00000000 0.00000000 0.00000000 0.00000000 0.00000000 0.00000000 0.00000000 0.00000000 0.00000000 0.00000000 0.00000000 0.00000000 0.00000000 0.00000000
male 1 1998 6  0.07824658 0.07824658 0.07824658 0.07824658 0.07824658 0.07824658 0.07824658 0.07824658 0.07824658 0.07824658 0.07824658 0.07824658 0.07824658 0.07824658 0.07824658 0.07824658 0.07824658
male 1 1999 1  0.00000000 0.00000000 0.00000000 0.00000000 0.00000000 0.00000000 0.00000000 0.00000000 0.00000000 0.00000000 0.00000000 0.00000000 0.00000000 0.00000000 0.00000000 0.00000000 0.00000000
male 1 1999 2  0.05149315 0.05149315 0.05149315 0.05149315 0.05149315 0.05149315 0.05149315 0.05149315 0.05149315 0.05149315 0.05149315 0.05149315 0.05149315 0.05149315 0.05149315 0.05149315 0.05149315
male 1 1999 3  0.03038568 0.03462330 0.03906754 0.04366486 0.04863878 0.05714641 0.09617721 0.22424595 0.31220841 0.34103777 0.35804425 0.37208858 0.38425575 0.39476170 0.40375515 0.41139161 0.41783072
male 1 1999 4  0.08026027 0.08026027 0.08026027 0.08026027 0.08026027 0.08026027 0.08026027 0.08026027 0.08026027 0.08026027 0.08026027 0.08026027 0.08026027 0.08026027 0.08026027 0.08026027 0.08026027
male 1 1999 5  0.00000000 0.00000000 0.00000000 0.00000000 0.00000000 0.00000000 0.00000000 0.00000000 0.00000000 0.00000000 0.00000000 0.00000000 0.00000000 0.00000000 0.00000000 0.00000000 0.00000000
male 1 1999 6  0.07824658 0.07824658 0.07824658 0.07824658 0.07824658 0.07824658 0.07824658 0.07824658 0.07824658 0.07824658 0.07824658 0.07824658 0.07824658 0.07824658 0.07824658 0.07824658 0.07824658
male 1 2000 1  0.00000000 0.00000000 0.00000000 0.00000000 0.00000000 0.00000000 0.00000000 0.00000000 0.00000000 0.00000000 0.00000000 0.00000000 0.00000000 0.00000000 0.00000000 0.00000000 0.00000000
male 1 2000 2  0.03768493 0.03768493 0.03768493 0.03768493 0.03768493 0.03768493 0.03768493 0.03768493 0.03768493 0.03768493 0.03768493 0.03768493 0.03768493 0.03768493 0.03768493 0.03768493 0.03768493
male 1 2000 3  0.02642364 0.03010181 0.03395933 0.03794972 0.04226699 0.04965144 0.08352942 0.19469061 0.27104032 0.29606365 0.31082494 0.32301516 0.33357602 0.34269498 0.35050112 0.35712942 0.36271845
male 1 2000 4  0.09406849 0.09406849 0.09406849 0.09406849 0.09406849 0.09406849 0.09406849 0.09406849 0.09406849 0.09406849 0.09406849 0.09406849 0.09406849 0.09406849 0.09406849 0.09406849 0.09406849
male 1 2000 5  0.00000000 0.00000000 0.00000000 0.00000000 0.00000000 0.00000000 0.00000000 0.00000000 0.00000000 0.00000000 0.00000000 0.00000000 0.00000000 0.00000000 0.00000000 0.00000000 0.00000000
male 1 2000 6  0.07824658 0.07824658 0.07824658 0.07824658 0.07824658 0.07824658 0.07824658 0.07824658 0.07824658 0.07824658 0.07824658 0.07824658 0.07824658 0.07824658 0.07824658 0.07824658 0.07824658
male 1 2001 1  0.00000000 0.00000000 0.00000000 0.00000000 0.00000000 0.00000000 0.00000000 0.00000000 0.00000000 0.00000000 0.00000000 0.00000000 0.00000000 0.00000000 0.00000000 0.00000000 0.00000000
male 1 2001 2  0.03365753 0.03365753 0.03365753 0.03365753 0.03365753 0.03365753 0.03365753 0.03365753 0.03365753 0.03365753 0.03365753 0.03365753 0.03365753 0.03365753 0.03365753 0.03365753 0.03365753
male 1 2001 3  0.02334736 0.02658827 0.02998721 0.03350323 0.03730726 0.04381386 0.07366444 0.17161087 0.23888418 0.26093275 0.27393923 0.28468028 0.29398568 0.30202059 0.30889873 0.31473907 0.31966367
male 1 2001 4  0.09809589 0.09809589 0.09809589 0.09809589 0.09809589 0.09809589 0.09809589 0.09809589 0.09809589 0.09809589 0.09809589 0.09809589 0.09809589 0.09809589 0.09809589 0.09809589 0.09809589
male 1 2001 5  0.00000000 0.00000000 0.00000000 0.00000000 0.00000000 0.00000000 0.00000000 0.00000000 0.00000000 0.00000000 0.00000000 0.00000000 0.00000000 0.00000000 0.00000000 0.00000000 0.00000000
male 1 2001 6  0.07824658 0.07824658 0.07824658 0.07824658 0.07824658 0.07824658 0.07824658 0.07824658 0.07824658 0.07824658 0.07824658 0.07824658 0.07824658 0.07824658 0.07824658 0.07824658 0.07824658
male 1 2002 1  0.00000000 0.00000000 0.00000000 0.00000000 0.00000000 0.00000000 0.00000000 0.00000000 0.00000000 0.00000000 0.00000000 0.00000000 0.00000000 0.00000000 0.00000000 0.00000000 0.00000000
male 1 2002 2  0.03279452 0.03279452 0.03279452 0.03279452 0.03279452 0.03279452 0.03279452 0.03279452 0.03279452 0.03279452 0.03279452 0.03279452 0.03279452 0.03279452 0.03279452 0.03279452 0.03279452
male 1 2002 3  0.01862671 0.02119901 0.02389674 0.02668739 0.02970664 0.03487091 0.05856324 0.13630305 0.18969769 0.20719758 0.21752079 0.22604594 0.23343160 0.23980889 0.24526805 0.24990351 0.25381216
male 1 2002 4  0.09895890 0.09895890 0.09895890 0.09895890 0.09895890 0.09895890 0.09895890 0.09895890 0.09895890 0.09895890 0.09895890 0.09895890 0.09895890 0.09895890 0.09895890 0.09895890 0.09895890
male 1 2002 5  0.00000000 0.00000000 0.00000000 0.00000000 0.00000000 0.00000000 0.00000000 0.00000000 0.00000000 0.00000000 0.00000000 0.00000000 0.00000000 0.00000000 0.00000000 0.00000000 0.00000000
male 1 2002 6  0.07824658 0.07824658 0.07824658 0.07824658 0.07824658 0.07824658 0.07824658 0.07824658 0.07824658 0.07824658 0.07824658 0.07824658 0.07824658 0.07824658 0.07824658 0.07824658 0.07824658
male 1 2003 1  0.00000000 0.00000000 0.00000000 0.00000000 0.00000000 0.00000000 0.00000000 0.00000000 0.00000000 0.00000000 0.00000000 0.00000000 0.00000000 0.00000000 0.00000000 0.00000000 0.00000000
male 1 2003 2  0.03308219 0.03308219 0.03308219 0.03308219 0.03308219 0.03308219 0.03308219 0.03308219 0.03308219 0.03308219 0.03308219 0.03308219 0.03308219 0.03308219 0.03308219 0.03308219 0.03308219
male 1 2003 3  0.01834505 0.02089187 0.02356287 0.02632588 0.02931522 0.03442834 0.05788598 0.13485572 0.18772145 0.20504799 0.21526895 0.22370964 0.23102214 0.23733626 0.24274135 0.24733089 0.25120082
male 1 2003 4  0.09867123 0.09867123 0.09867123 0.09867123 0.09867123 0.09867123 0.09867123 0.09867123 0.09867123 0.09867123 0.09867123 0.09867123 0.09867123 0.09867123 0.09867123 0.09867123 0.09867123
male 1 2003 5  0.00000000 0.00000000 0.00000000 0.00000000 0.00000000 0.00000000 0.00000000 0.00000000 0.00000000 0.00000000 0.00000000 0.00000000 0.00000000 0.00000000 0.00000000 0.00000000 0.00000000
male 1 2003 6  0.07824658 0.07824658 0.07824658 0.07824658 0.07824658 0.07824658 0.07824658 0.07824658 0.07824658 0.07824658 0.07824658 0.07824658 0.07824658 0.07824658 0.07824658 0.07824658 0.07824658
male 1 2004 1  0.00000000 0.00000000 0.00000000 0.00000000 0.00000000 0.00000000 0.00000000 0.00000000 0.00000000 0.00000000 0.00000000 0.00000000 0.00000000 0.00000000 0.00000000 0.00000000 0.00000000
male 1 2004 2  0.03020548 0.03020548 0.03020548 0.03020548 0.03020548 0.03020548 0.03020548 0.03020548 0.03020548 0.03020548 0.03020548 0.03020548 0.03020548 0.03020548 0.03020548 0.03020548 0.03020548
male 1 2004 3  0.01737089 0.01979488 0.02233706 0.02496680 0.02781196 0.03267846 0.05500471 0.12826208 0.17857802 0.19506888 0.20479686 0.21283044 0.21979026 0.22579983 0.23094423 0.23531240 0.23899568
male 1 2004 4  0.10154795 0.10154795 0.10154795 0.10154795 0.10154795 0.10154795 0.10154795 0.10154795 0.10154795 0.10154795 0.10154795 0.10154795 0.10154795 0.10154795 0.10154795 0.10154795 0.10154795
male 1 2004 5  0.00000000 0.00000000 0.00000000 0.00000000 0.00000000 0.00000000 0.00000000 0.00000000 0.00000000 0.00000000 0.00000000 0.00000000 0.00000000 0.00000000 0.00000000 0.00000000 0.00000000
male 1 2004 6  0.07824658 0.07824658 0.07824658 0.07824658 0.07824658 0.07824658 0.07824658 0.07824658 0.07824658 0.07824658 0.07824658 0.07824658 0.07824658 0.07824658 0.07824658 0.07824658 0.07824658
male 1 2005 1  0.00000000 0.00000000 0.00000000 0.00000000 0.00000000 0.00000000 0.00000000 0.00000000 0.00000000 0.00000000 0.00000000 0.00000000 0.00000000 0.00000000 0.00000000 0.00000000 0.00000000
male 1 2005 2  0.09090411 0.09090411 0.09090411 0.09090411 0.09090411 0.09090411 0.09090411 0.09090411 0.09090411 0.09090411 0.09090411 0.09090411 0.09090411 0.09090411 0.09090411 0.09090411 0.09090411
male 1 2005 3  0.00116168 0.00193787 0.00329405 0.00559430 0.00935769 0.01594952 0.03674861 0.10914110 0.17937435 0.21621957 0.23839592 0.25211789 0.26030181 0.26502420 0.26769237 0.26918150 0.27000685
male 1 2005 4  0.04084932 0.04084932 0.04084932 0.04084932 0.04084932 0.04084932 0.04084932 0.04084932 0.04084932 0.04084932 0.04084932 0.04084932 0.04084932 0.04084932 0.04084932 0.04084932 0.04084932
male 1 2005 5  0.00000000 0.00000000 0.00000000 0.00000000 0.00000000 0.00000000 0.00000000 0.00000000 0.00000000 0.00000000 0.00000000 0.00000000 0.00000000 0.00000000 0.00000000 0.00000000 0.00000000
male 1 2005 6  0.07824658 0.07824658 0.07824658 0.07824658 0.07824658 0.07824658 0.07824658 0.07824658 0.07824658 0.07824658 0.07824658 0.07824658 0.07824658 0.07824658 0.07824658 0.07824658 0.07824658
male 1 2006 1  0.00000000 0.00000000 0.00000000 0.00000000 0.00000000 0.00000000 0.00000000 0.00000000 0.00000000 0.00000000 0.00000000 0.00000000 0.00000000 0.00000000 0.00000000 0.00000000 0.00000000
male 1 2006 2  0.06961644 0.06961644 0.06961644 0.06961644 0.06961644 0.06961644 0.06961644 0.06961644 0.06961644 0.06961644 0.06961644 0.06961644 0.06961644 0.06961644 0.06961644 0.06961644 0.06961644
male 1 2006 3  0.00140766 0.00227290 0.00378465 0.00634879 0.01054393 0.01789197 0.04107714 0.12177455 0.20006500 0.24113712 0.26585756 0.28115372 0.29027651 0.29554065 0.29851491 0.30017488 0.30109492
male 1 2006 4  0.06213699 0.06213699 0.06213699 0.06213699 0.06213699 0.06213699 0.06213699 0.06213699 0.06213699 0.06213699 0.06213699 0.06213699 0.06213699 0.06213699 0.06213699 0.06213699 0.06213699
male 1 2006 5  0.00000000 0.00000000 0.00000000 0.00000000 0.00000000 0.00000000 0.00000000 0.00000000 0.00000000 0.00000000 0.00000000 0.00000000 0.00000000 0.00000000 0.00000000 0.00000000 0.00000000
male 1 2006 6  0.07824658 0.07824658 0.07824658 0.07824658 0.07824658 0.07824658 0.07824658 0.07824658 0.07824658 0.07824658 0.07824658 0.07824658 0.07824658 0.07824658 0.07824658 0.07824658 0.07824658
male 1 2007 1  0.00000000 0.00000000 0.00000000 0.00000000 0.00000000 0.00000000 0.00000000 0.00000000 0.00000000 0.00000000 0.00000000 0.00000000 0.00000000 0.00000000 0.00000000 0.00000000 0.00000000
male 1 2007 2  0.07738356 0.07738356 0.07738356 0.07738356 0.07738356 0.07738356 0.07738356 0.07738356 0.07738356 0.07738356 0.07738356 0.07738356 0.07738356 0.07738356 0.07738356 0.07738356 0.07738356
male 1 2007 3  0.00122893 0.00205443 0.00349674 0.00594310 0.00994555 0.01695608 0.03907631 0.11606711 0.19076152 0.22994710 0.25353208 0.26812566 0.27682941 0.28185176 0.28468941 0.28627313 0.28715091
male 1 2007 4  0.05436986 0.05436986 0.05436986 0.05436986 0.05436986 0.05436986 0.05436986 0.05436986 0.05436986 0.05436986 0.05436986 0.05436986 0.05436986 0.05436986 0.05436986 0.05436986 0.05436986
male 1 2007 5  0.00000000 0.00000000 0.00000000 0.00000000 0.00000000 0.00000000 0.00000000 0.00000000 0.00000000 0.00000000 0.00000000 0.00000000 0.00000000 0.00000000 0.00000000 0.00000000 0.00000000
male 1 2007 6  0.07824658 0.07824658 0.07824658 0.07824658 0.07824658 0.07824658 0.07824658 0.07824658 0.07824658 0.07824658 0.07824658 0.07824658 0.07824658 0.07824658 0.07824658 0.07824658 0.07824658
male 1 2008 1  0.00000000 0.00000000 0.00000000 0.00000000 0.00000000 0.00000000 0.00000000 0.00000000 0.00000000 0.00000000 0.00000000 0.00000000 0.00000000 0.00000000 0.00000000 0.00000000 0.00000000
male 1 2008 2  0.06357534 0.06357534 0.06357534 0.06357534 0.06357534 0.06357534 0.06357534 0.06357534 0.06357534 0.06357534 0.06357534 0.06357534 0.06357534 0.06357534 0.06357534 0.06357534 0.06357534
male 1 2008 3  0.00146580 0.00231054 0.00378648 0.00628987 0.01038562 0.01755958 0.04019548 0.11898108 0.19541676 0.23551584 0.25965063 0.27458441 0.28349107 0.28863050 0.29153430 0.29315494 0.29405318
male 1 2008 4  0.06817808 0.06817808 0.06817808 0.06817808 0.06817808 0.06817808 0.06817808 0.06817808 0.06817808 0.06817808 0.06817808 0.06817808 0.06817808 0.06817808 0.06817808 0.06817808 0.06817808
male 1 2008 5  0.00000000 0.00000000 0.00000000 0.00000000 0.00000000 0.00000000 0.00000000 0.00000000 0.00000000 0.00000000 0.00000000 0.00000000 0.00000000 0.00000000 0.00000000 0.00000000 0.00000000
male 1 2008 6  0.07824658 0.07824658 0.07824658 0.07824658 0.07824658 0.07824658 0.07824658 0.07824658 0.07824658 0.07824658 0.07824658 0.07824658 0.07824658 0.07824658 0.07824658 0.07824658 0.07824658
male 1 2009 1  0.00000000 0.00000000 0.00000000 0.00000000 0.00000000 0.00000000 0.00000000 0.00000000 0.00000000 0.00000000 0.00000000 0.00000000 0.00000000 0.00000000 0.00000000 0.00000000 0.00000000
male 1 2009 2  0.06875342 0.06875342 0.06875342 0.06875342 0.06875342 0.06875342 0.06875342 0.06875342 0.06875342 0.06875342 0.06875342 0.06875342 0.06875342 0.06875342 0.06875342 0.06875342 0.06875342
male 1 2009 3  0.00128019 0.00214314 0.00365088 0.00620822 0.01039223 0.01772079 0.04084450 0.12132794 0.19941082 0.24037404 0.26502894 0.28028455 0.28938314 0.29463333 0.29759971 0.29925527 0.30017287
male 1 2009 4  0.06300000 0.06300000 0.06300000 0.06300000 0.06300000 0.06300000 0.06300000 0.06300000 0.06300000 0.06300000 0.06300000 0.06300000 0.06300000 0.06300000 0.06300000 0.06300000 0.06300000
male 1 2009 5  0.00000000 0.00000000 0.00000000 0.00000000 0.00000000 0.00000000 0.00000000 0.00000000 0.00000000 0.00000000 0.00000000 0.00000000 0.00000000 0.00000000 0.00000000 0.00000000 0.00000000
male 1 2009 6  0.07824658 0.07824658 0.07824658 0.07824658 0.07824658 0.07824658 0.07824658 0.07824658 0.07824658 0.07824658 0.07824658 0.07824658 0.07824658 0.07824658 0.07824658 0.07824658 0.07824658
male 1 2010 1  0.00000000 0.00000000 0.00000000 0.00000000 0.00000000 0.00000000 0.00000000 0.00000000 0.00000000 0.00000000 0.00000000 0.00000000 0.00000000 0.00000000 0.00000000 0.00000000 0.00000000
male 1 2010 2  0.06156164 0.06156164 0.06156164 0.06156164 0.06156164 0.06156164 0.06156164 0.06156164 0.06156164 0.06156164 0.06156164 0.06156164 0.06156164 0.06156164 0.06156164 0.06156164 0.06156164
male 1 2010 3  0.00162158 0.00244500 0.00388367 0.00632385 0.01031618 0.01730901 0.03937337 0.11616970 0.19067544 0.22976206 0.25328746 0.26784418 0.27652595 0.28153561 0.28436610 0.28594581 0.28682138
male 1 2010 4  0.07019178 0.07019178 0.07019178 0.07019178 0.07019178 0.07019178 0.07019178 0.07019178 0.07019178 0.07019178 0.07019178 0.07019178 0.07019178 0.07019178 0.07019178 0.07019178 0.07019178
male 1 2010 5  0.00000000 0.00000000 0.00000000 0.00000000 0.00000000 0.00000000 0.00000000 0.00000000 0.00000000 0.00000000 0.00000000 0.00000000 0.00000000 0.00000000 0.00000000 0.00000000 0.00000000
male 1 2010 6  0.07824658 0.07824658 0.07824658 0.07824658 0.07824658 0.07824658 0.07824658 0.07824658 0.07824658 0.07824658 0.07824658 0.07824658 0.07824658 0.07824658 0.07824658 0.07824658 0.07824658
male 1 2011 1  0.00000000 0.00000000 0.00000000 0.00000000 0.00000000 0.00000000 0.00000000 0.00000000 0.00000000 0.00000000 0.00000000 0.00000000 0.00000000 0.00000000 0.00000000 0.00000000 0.00000000
male 1 2011 2  0.05523288 0.05523288 0.05523288 0.05523288 0.05523288 0.05523288 0.05523288 0.05523288 0.05523288 0.05523288 0.05523288 0.05523288 0.05523288 0.05523288 0.05523288 0.05523288 0.05523288
male 1 2011 3  0.00154106 0.00236590 0.00380706 0.00625145 0.01025069 0.01725560 0.03935810 0.11628719 0.19092172 0.23007590 0.25364197 0.26822385 0.27692063 0.28193895 0.28477433 0.28635678 0.28723385
male 1 2011 4  0.07652055 0.07652055 0.07652055 0.07652055 0.07652055 0.07652055 0.07652055 0.07652055 0.07652055 0.07652055 0.07652055 0.07652055 0.07652055 0.07652055 0.07652055 0.07652055 0.07652055
male 1 2011 5  0.00000000 0.00000000 0.00000000 0.00000000 0.00000000 0.00000000 0.00000000 0.00000000 0.00000000 0.00000000 0.00000000 0.00000000 0.00000000 0.00000000 0.00000000 0.00000000 0.00000000
male 1 2011 6  0.07824658 0.07824658 0.07824658 0.07824658 0.07824658 0.07824658 0.07824658 0.07824658 0.07824658 0.07824658 0.07824658 0.07824658 0.07824658 0.07824658 0.07824658 0.07824658 0.07824658
male 1 2012 1  0.00000000 0.00000000 0.00000000 0.00000000 0.00000000 0.00000000 0.00000000 0.00000000 0.00000000 0.00000000 0.00000000 0.00000000 0.00000000 0.00000000 0.00000000 0.00000000 0.00000000
male 1 2012 2  0.05782192 0.05782192 0.05782192 0.05782192 0.05782192 0.05782192 0.05782192 0.05782192 0.05782192 0.05782192 0.05782192 0.05782192 0.05782192 0.05782192 0.05782192 0.05782192 0.05782192
male 1 2012 3  0.00171375 0.00258888 0.00411791 0.00671135 0.01095443 0.01838644 0.04183657 0.12345616 0.20264129 0.24418277 0.26918571 0.28465667 0.29388371 0.29920801 0.30221627 0.30389520 0.30482575
male 1 2012 4  0.07393151 0.07393151 0.07393151 0.07393151 0.07393151 0.07393151 0.07393151 0.07393151 0.07393151 0.07393151 0.07393151 0.07393151 0.07393151 0.07393151 0.07393151 0.07393151 0.07393151
male 1 2012 5  0.00000000 0.00000000 0.00000000 0.00000000 0.00000000 0.00000000 0.00000000 0.00000000 0.00000000 0.00000000 0.00000000 0.00000000 0.00000000 0.00000000 0.00000000 0.00000000 0.00000000
male 1 2012 6  0.07824658 0.07824658 0.07824658 0.07824658 0.07824658 0.07824658 0.07824658 0.07824658 0.07824658 0.07824658 0.07824658 0.07824658 0.07824658 0.07824658 0.07824658 0.07824658 0.07824658
male 1 2013 1  0.00000000 0.00000000 0.00000000 0.00000000 0.00000000 0.00000000 0.00000000 0.00000000 0.00000000 0.00000000 0.00000000 0.00000000 0.00000000 0.00000000 0.00000000 0.00000000 0.00000000
male 1 2013 2  0.05724658 0.05724658 0.05724658 0.05724658 0.05724658 0.05724658 0.05724658 0.05724658 0.05724658 0.05724658 0.05724658 0.05724658 0.05724658 0.05724658 0.05724658 0.05724658 0.05724658
male 1 2013 3  0.00152149 0.00246839 0.00412282 0.00692895 0.01152001 0.01956154 0.04493488 0.13324830 0.21892761 0.26387601 0.29092951 0.30766928 0.31765305 0.32341401 0.32666898 0.32848561 0.32949248
male 1 2013 4  0.07450685 0.07450685 0.07450685 0.07450685 0.07450685 0.07450685 0.07450685 0.07450685 0.07450685 0.07450685 0.07450685 0.07450685 0.07450685 0.07450685 0.07450685 0.07450685 0.07450685
male 1 2013 5  0.00000000 0.00000000 0.00000000 0.00000000 0.00000000 0.00000000 0.00000000 0.00000000 0.00000000 0.00000000 0.00000000 0.00000000 0.00000000 0.00000000 0.00000000 0.00000000 0.00000000
male 1 2013 6  0.07824658 0.07824658 0.07824658 0.07824658 0.07824658 0.07824658 0.07824658 0.07824658 0.07824658 0.07824658 0.07824658 0.07824658 0.07824658 0.07824658 0.07824658 0.07824658 0.07824658
male 1 2014 1  0.00000000 0.00000000 0.00000000 0.00000000 0.00000000 0.00000000 0.00000000 0.00000000 0.00000000 0.00000000 0.00000000 0.00000000 0.00000000 0.00000000 0.00000000 0.00000000 0.00000000
male 1 2014 2  0.05206849 0.05206849 0.05206849 0.05206849 0.05206849 0.05206849 0.05206849 0.05206849 0.05206849 0.05206849 0.05206849 0.05206849 0.05206849 0.05206849 0.05206849 0.05206849 0.05206849
male 1 2014 3  0.00158622 0.00260190 0.00437649 0.00738643 0.01231094 0.02093652 0.04815271 0.14288027 0.23478242 0.28299540 0.31201377 0.32996934 0.34067823 0.34685760 0.35034898 0.35229754 0.35337754
male 1 2014 4  0.07968493 0.07968493 0.07968493 0.07968493 0.07968493 0.07968493 0.07968493 0.07968493 0.07968493 0.07968493 0.07968493 0.07968493 0.07968493 0.07968493 0.07968493 0.07968493 0.07968493
male 1 2014 5  0.00000000 0.00000000 0.00000000 0.00000000 0.00000000 0.00000000 0.00000000 0.00000000 0.00000000 0.00000000 0.00000000 0.00000000 0.00000000 0.00000000 0.00000000 0.00000000 0.00000000
male 1 2014 6  0.07824658 0.07824658 0.07824658 0.07824658 0.07824658 0.07824658 0.07824658 0.07824658 0.07824658 0.07824658 0.07824658 0.07824658 0.07824658 0.07824658 0.07824658 0.07824658 0.07824658
male 1 2015 1  0.00000000 0.00000000 0.00000000 0.00000000 0.00000000 0.00000000 0.00000000 0.00000000 0.00000000 0.00000000 0.00000000 0.00000000 0.00000000 0.00000000 0.00000000 0.00000000 0.00000000
male 1 2015 2  0.04804110 0.04804110 0.04804110 0.04804110 0.04804110 0.04804110 0.04804110 0.04804110 0.04804110 0.04804110 0.04804110 0.04804110 0.04804110 0.04804110 0.04804110 0.04804110 0.04804110
male 1 2015 3  0.00165360 0.00286035 0.00496879 0.00854498 0.01439593 0.02464423 0.05698055 0.16952905 0.27872058 0.33600378 0.37048132 0.39181485 0.40453838 0.41188027 0.41602847 0.41834362 0.41962679
male 1 2015 4  0.08371233 0.08371233 0.08371233 0.08371233 0.08371233 0.08371233 0.08371233 0.08371233 0.08371233 0.08371233 0.08371233 0.08371233 0.08371233 0.08371233 0.08371233 0.08371233 0.08371233
male 1 2015 5  0.00000000 0.00000000 0.00000000 0.00000000 0.00000000 0.00000000 0.00000000 0.00000000 0.00000000 0.00000000 0.00000000 0.00000000 0.00000000 0.00000000 0.00000000 0.00000000 0.00000000
male 1 2015 6  0.07824658 0.07824658 0.07824658 0.07824658 0.07824658 0.07824658 0.07824658 0.07824658 0.07824658 0.07824658 0.07824658 0.07824658 0.07824658 0.07824658 0.07824658 0.07824658 0.07824658
male 1 2016 1  0.00000000 0.00000000 0.00000000 0.00000000 0.00000000 0.00000000 0.00000000 0.00000000 0.00000000 0.00000000 0.00000000 0.00000000 0.00000000 0.00000000 0.00000000 0.00000000 0.00000000
male 1 2016 2  0.08831507 0.08831507 0.08831507 0.08831507 0.08831507 0.08831507 0.08831507 0.08831507 0.08831507 0.08831507 0.08831507 0.08831507 0.08831507 0.08831507 0.08831507 0.08831507 0.08831507
male 1 2016 3  0.00176683 0.00308795 0.00539622 0.00931135 0.01571681 0.02693638 0.06233735 0.18555254 0.30509262 0.36780479 0.40554991 0.42890531 0.44283470 0.45087241 0.45541375 0.45794831 0.45935310
male 1 2016 4  0.04343836 0.04343836 0.04343836 0.04343836 0.04343836 0.04343836 0.04343836 0.04343836 0.04343836 0.04343836 0.04343836 0.04343836 0.04343836 0.04343836 0.04343836 0.04343836 0.04343836
male 1 2016 5  0.00000000 0.00000000 0.00000000 0.00000000 0.00000000 0.00000000 0.00000000 0.00000000 0.00000000 0.00000000 0.00000000 0.00000000 0.00000000 0.00000000 0.00000000 0.00000000 0.00000000
male 1 2016 6  0.07824658 0.07824658 0.07824658 0.07824658 0.07824658 0.07824658 0.07824658 0.07824658 0.07824658 0.07824658 0.07824658 0.07824658 0.07824658 0.07824658 0.07824658 0.07824658 0.07824658
male 1 2017 1  0.00000000 0.00000000 0.00000000 0.00000000 0.00000000 0.00000000 0.00000000 0.00000000 0.00000000 0.00000000 0.00000000 0.00000000 0.00000000 0.00000000 0.00000000 0.00000000 0.00000000
male 1 2017 2  0.08601370 0.08601370 0.08601370 0.08601370 0.08601370 0.08601370 0.08601370 0.08601370 0.08601370 0.08601370 0.08601370 0.08601370 0.08601370 0.08601370 0.08601370 0.08601370 0.08601370
male 1 2017 3  0.00175419 0.00302476 0.00524469 0.00901000 0.01517036 0.02596061 0.06000694 0.17850724 0.29347306 0.35378551 0.39008630 0.41254799 0.42594437 0.43367451 0.43804208 0.44047965 0.44183069
male 1 2017 4  0.04573973 0.04573973 0.04573973 0.04573973 0.04573973 0.04573973 0.04573973 0.04573973 0.04573973 0.04573973 0.04573973 0.04573973 0.04573973 0.04573973 0.04573973 0.04573973 0.04573973
male 1 2017 5  0.00000000 0.00000000 0.00000000 0.00000000 0.00000000 0.00000000 0.00000000 0.00000000 0.00000000 0.00000000 0.00000000 0.00000000 0.00000000 0.00000000 0.00000000 0.00000000 0.00000000
male 1 2017 6  0.07824658 0.07824658 0.07824658 0.07824658 0.07824658 0.07824658 0.07824658 0.07824658 0.07824658 0.07824658 0.07824658 0.07824658 0.07824658 0.07824658 0.07824658 0.07824658 0.07824658
male 1 2018 1  0.00000000 0.00000000 0.00000000 0.00000000 0.00000000 0.00000000 0.00000000 0.00000000 0.00000000 0.00000000 0.00000000 0.00000000 0.00000000 0.00000000 0.00000000 0.00000000 0.00000000
male 1 2018 2  0.07335616 0.07335616 0.07335616 0.07335616 0.07335616 0.07335616 0.07335616 0.07335616 0.07335616 0.07335616 0.07335616 0.07335616 0.07335616 0.07335616 0.07335616 0.07335616 0.07335616
male 1 2018 3  0.00187622 0.00324467 0.00563562 0.00969099 0.01632592 0.02794740 0.06461652 0.19224556 0.31606784 0.38102650 0.42012375 0.44431579 0.45874416 0.46706980 0.47177383 0.47439918 0.47585429
male 1 2018 4  0.05839726 0.05839726 0.05839726 0.05839726 0.05839726 0.05839726 0.05839726 0.05839726 0.05839726 0.05839726 0.05839726 0.05839726 0.05839726 0.05839726 0.05839726 0.05839726 0.05839726
male 1 2018 5  0.00000000 0.00000000 0.00000000 0.00000000 0.00000000 0.00000000 0.00000000 0.00000000 0.00000000 0.00000000 0.00000000 0.00000000 0.00000000 0.00000000 0.00000000 0.00000000 0.00000000
male 1 2018 6  0.07824658 0.07824658 0.07824658 0.07824658 0.07824658 0.07824658 0.07824658 0.07824658 0.07824658 0.07824658 0.07824658 0.07824658 0.07824658 0.07824658 0.07824658 0.07824658 0.07824658
male 1 2019 1  0.00000000 0.00000000 0.00000000 0.00000000 0.00000000 0.00000000 0.00000000 0.00000000 0.00000000 0.00000000 0.00000000 0.00000000 0.00000000 0.00000000 0.00000000 0.00000000 0.00000000
male 1 2019 2  0.06875342 0.06875342 0.06875342 0.06875342 0.06875342 0.06875342 0.06875342 0.06875342 0.06875342 0.06875342 0.06875342 0.06875342 0.06875342 0.06875342 0.06875342 0.06875342 0.06875342
male 1 2019 3  0.00212247 0.00354529 0.00603125 0.01024777 0.01714634 0.02922960 0.06735579 0.20005626 0.32879869 0.39633853 0.43698933 0.46214266 0.47714435 0.48580081 0.49069176 0.49342143 0.49493437
male 1 2019 4  0.06300000 0.06300000 0.06300000 0.06300000 0.06300000 0.06300000 0.06300000 0.06300000 0.06300000 0.06300000 0.06300000 0.06300000 0.06300000 0.06300000 0.06300000 0.06300000 0.06300000
male 1 2019 5  0.00000000 0.00000000 0.00000000 0.00000000 0.00000000 0.00000000 0.00000000 0.00000000 0.00000000 0.00000000 0.00000000 0.00000000 0.00000000 0.00000000 0.00000000 0.00000000 0.00000000
male 1 2019 6  0.07824658 0.07824658 0.07824658 0.07824658 0.07824658 0.07824658 0.07824658 0.07824658 0.07824658 0.07824658 0.07824658 0.07824658 0.07824658 0.07824658 0.07824658 0.07824658 0.07824658
male 1 2020 1  0.00000000 0.00000000 0.00000000 0.00000000 0.00000000 0.00000000 0.00000000 0.00000000 0.00000000 0.00000000 0.00000000 0.00000000 0.00000000 0.00000000 0.00000000 0.00000000 0.00000000
male 1 2020 2  0.07680822 0.07680822 0.07680822 0.07680822 0.07680822 0.07680822 0.07680822 0.07680822 0.07680822 0.07680822 0.07680822 0.07680822 0.07680822 0.07680822 0.07680822 0.07680822 0.07680822
male 1 2020 3  0.00142411 0.00250385 0.00439036 0.00759014 0.01282525 0.02199486 0.05092760 0.15162976 0.24932830 0.30058213 0.33143073 0.35051879 0.36190309 0.36847221 0.37218379 0.37425526 0.37540337
male 1 2020 4  0.05494521 0.05494521 0.05494521 0.05494521 0.05494521 0.05494521 0.05494521 0.05494521 0.05494521 0.05494521 0.05494521 0.05494521 0.05494521 0.05494521 0.05494521 0.05494521 0.05494521
male 1 2020 5  0.00000000 0.00000000 0.00000000 0.00000000 0.00000000 0.00000000 0.00000000 0.00000000 0.00000000 0.00000000 0.00000000 0.00000000 0.00000000 0.00000000 0.00000000 0.00000000 0.00000000
male 1 2020 6  0.07824658 0.07824658 0.07824658 0.07824658 0.07824658 0.07824658 0.07824658 0.07824658 0.07824658 0.07824658 0.07824658 0.07824658 0.07824658 0.07824658 0.07824658 0.07824658 0.07824658
male 1 2021 1  0.00000000 0.00000000 0.00000000 0.00000000 0.00000000 0.00000000 0.00000000 0.00000000 0.00000000 0.00000000 0.00000000 0.00000000 0.00000000 0.00000000 0.00000000 0.00000000 0.00000000
male 1 2021 2  0.06184932 0.06184932 0.06184932 0.06184932 0.06184932 0.06184932 0.06184932 0.06184932 0.06184932 0.06184932 0.06184932 0.06184932 0.06184932 0.06184932 0.06184932 0.06184932 0.06184932
male 1 2021 3  0.00143578 0.00243912 0.00419217 0.00716557 0.01203030 0.02055117 0.04743697 0.14101459 0.23180110 0.27942880 0.30809490 0.32583251 0.33641139 0.34251575 0.34596474 0.34788965 0.34895654
male 1 2021 4  0.06990411 0.06990411 0.06990411 0.06990411 0.06990411 0.06990411 0.06990411 0.06990411 0.06990411 0.06990411 0.06990411 0.06990411 0.06990411 0.06990411 0.06990411 0.06990411 0.06990411
male 1 2021 5  0.00000000 0.00000000 0.00000000 0.00000000 0.00000000 0.00000000 0.00000000 0.00000000 0.00000000 0.00000000 0.00000000 0.00000000 0.00000000 0.00000000 0.00000000 0.00000000 0.00000000
male 1 2021 6  0.07824658 0.07824658 0.07824658 0.07824658 0.07824658 0.07824658 0.07824658 0.07824658 0.07824658 0.07824658 0.07824658 0.07824658 0.07824658 0.07824658 0.07824658 0.07824658 0.07824658

# Total mortality by size-class (discrete)
# Sex Maturity Year Season Total_mortality 1 2 3 4 5 6 7 8 9 10 11 12 13 14 15 16 17 
male 1 1960 1  0.00000000 0.00000000 0.00000000 0.00000000 0.00000000 0.00000000 0.00000000 0.00000000 0.00000000 0.00000000 0.00000000 0.00000000 0.00000000 0.00000000 0.00000000 0.00000000 0.00000000
male 1 1960 2  0.03500000 0.03500000 0.03500000 0.03500000 0.03500000 0.03500000 0.03500000 0.03500000 0.03500000 0.03500000 0.03500000 0.03500000 0.03500000 0.03500000 0.03500000 0.03500000 0.03500000
male 1 1960 3  0.00000000 0.00000000 0.00000000 0.00000000 0.00000000 0.00000000 0.00000000 0.00000000 0.00000000 0.00000000 0.00000000 0.00000000 0.00000000 0.00000000 0.00000000 0.00000000 0.00000000
male 1 1960 4  0.09675342 0.09675342 0.09675342 0.09675342 0.09675342 0.09675342 0.09675342 0.09675342 0.09675342 0.09675342 0.09675342 0.09675342 0.09675342 0.09675342 0.09675342 0.09675342 0.09675342
male 1 1960 5  0.00000000 0.00000000 0.00000000 0.00000000 0.00000000 0.00000000 0.00000000 0.00000000 0.00000000 0.00000000 0.00000000 0.00000000 0.00000000 0.00000000 0.00000000 0.00000000 0.00000000
male 1 1960 6  0.07824658 0.07824658 0.07824658 0.07824658 0.07824658 0.07824658 0.07824658 0.07824658 0.07824658 0.07824658 0.07824658 0.07824658 0.07824658 0.07824658 0.07824658 0.07824658 0.07824658
male 1 1961 1  0.00000000 0.00000000 0.00000000 0.00000000 0.00000000 0.00000000 0.00000000 0.00000000 0.00000000 0.00000000 0.00000000 0.00000000 0.00000000 0.00000000 0.00000000 0.00000000 0.00000000
male 1 1961 2  0.03500000 0.03500000 0.03500000 0.03500000 0.03500000 0.03500000 0.03500000 0.03500000 0.03500000 0.03500000 0.03500000 0.03500000 0.03500000 0.03500000 0.03500000 0.03500000 0.03500000
male 1 1961 3  0.00000000 0.00000000 0.00000000 0.00000000 0.00000000 0.00000000 0.00000000 0.00000000 0.00000000 0.00000000 0.00000000 0.00000000 0.00000000 0.00000000 0.00000000 0.00000000 0.00000000
male 1 1961 4  0.09675342 0.09675342 0.09675342 0.09675342 0.09675342 0.09675342 0.09675342 0.09675342 0.09675342 0.09675342 0.09675342 0.09675342 0.09675342 0.09675342 0.09675342 0.09675342 0.09675342
male 1 1961 5  0.00000000 0.00000000 0.00000000 0.00000000 0.00000000 0.00000000 0.00000000 0.00000000 0.00000000 0.00000000 0.00000000 0.00000000 0.00000000 0.00000000 0.00000000 0.00000000 0.00000000
male 1 1961 6  0.07824658 0.07824658 0.07824658 0.07824658 0.07824658 0.07824658 0.07824658 0.07824658 0.07824658 0.07824658 0.07824658 0.07824658 0.07824658 0.07824658 0.07824658 0.07824658 0.07824658
male 1 1962 1  0.00000000 0.00000000 0.00000000 0.00000000 0.00000000 0.00000000 0.00000000 0.00000000 0.00000000 0.00000000 0.00000000 0.00000000 0.00000000 0.00000000 0.00000000 0.00000000 0.00000000
male 1 1962 2  0.03500000 0.03500000 0.03500000 0.03500000 0.03500000 0.03500000 0.03500000 0.03500000 0.03500000 0.03500000 0.03500000 0.03500000 0.03500000 0.03500000 0.03500000 0.03500000 0.03500000
male 1 1962 3  0.00000000 0.00000000 0.00000000 0.00000000 0.00000000 0.00000000 0.00000000 0.00000000 0.00000000 0.00000000 0.00000000 0.00000000 0.00000000 0.00000000 0.00000000 0.00000000 0.00000000
male 1 1962 4  0.09675342 0.09675342 0.09675342 0.09675342 0.09675342 0.09675342 0.09675342 0.09675342 0.09675342 0.09675342 0.09675342 0.09675342 0.09675342 0.09675342 0.09675342 0.09675342 0.09675342
male 1 1962 5  0.00000000 0.00000000 0.00000000 0.00000000 0.00000000 0.00000000 0.00000000 0.00000000 0.00000000 0.00000000 0.00000000 0.00000000 0.00000000 0.00000000 0.00000000 0.00000000 0.00000000
male 1 1962 6  0.07824658 0.07824658 0.07824658 0.07824658 0.07824658 0.07824658 0.07824658 0.07824658 0.07824658 0.07824658 0.07824658 0.07824658 0.07824658 0.07824658 0.07824658 0.07824658 0.07824658
male 1 1963 1  0.00000000 0.00000000 0.00000000 0.00000000 0.00000000 0.00000000 0.00000000 0.00000000 0.00000000 0.00000000 0.00000000 0.00000000 0.00000000 0.00000000 0.00000000 0.00000000 0.00000000
male 1 1963 2  0.03500000 0.03500000 0.03500000 0.03500000 0.03500000 0.03500000 0.03500000 0.03500000 0.03500000 0.03500000 0.03500000 0.03500000 0.03500000 0.03500000 0.03500000 0.03500000 0.03500000
male 1 1963 3  0.00000000 0.00000000 0.00000000 0.00000000 0.00000000 0.00000000 0.00000000 0.00000000 0.00000000 0.00000000 0.00000000 0.00000000 0.00000000 0.00000000 0.00000000 0.00000000 0.00000000
male 1 1963 4  0.09675342 0.09675342 0.09675342 0.09675342 0.09675342 0.09675342 0.09675342 0.09675342 0.09675342 0.09675342 0.09675342 0.09675342 0.09675342 0.09675342 0.09675342 0.09675342 0.09675342
male 1 1963 5  0.00000000 0.00000000 0.00000000 0.00000000 0.00000000 0.00000000 0.00000000 0.00000000 0.00000000 0.00000000 0.00000000 0.00000000 0.00000000 0.00000000 0.00000000 0.00000000 0.00000000
male 1 1963 6  0.07824658 0.07824658 0.07824658 0.07824658 0.07824658 0.07824658 0.07824658 0.07824658 0.07824658 0.07824658 0.07824658 0.07824658 0.07824658 0.07824658 0.07824658 0.07824658 0.07824658
male 1 1964 1  0.00000000 0.00000000 0.00000000 0.00000000 0.00000000 0.00000000 0.00000000 0.00000000 0.00000000 0.00000000 0.00000000 0.00000000 0.00000000 0.00000000 0.00000000 0.00000000 0.00000000
male 1 1964 2  0.03500000 0.03500000 0.03500000 0.03500000 0.03500000 0.03500000 0.03500000 0.03500000 0.03500000 0.03500000 0.03500000 0.03500000 0.03500000 0.03500000 0.03500000 0.03500000 0.03500000
male 1 1964 3  0.00000000 0.00000000 0.00000000 0.00000000 0.00000000 0.00000000 0.00000000 0.00000000 0.00000000 0.00000000 0.00000000 0.00000000 0.00000000 0.00000000 0.00000000 0.00000000 0.00000000
male 1 1964 4  0.09675342 0.09675342 0.09675342 0.09675342 0.09675342 0.09675342 0.09675342 0.09675342 0.09675342 0.09675342 0.09675342 0.09675342 0.09675342 0.09675342 0.09675342 0.09675342 0.09675342
male 1 1964 5  0.00000000 0.00000000 0.00000000 0.00000000 0.00000000 0.00000000 0.00000000 0.00000000 0.00000000 0.00000000 0.00000000 0.00000000 0.00000000 0.00000000 0.00000000 0.00000000 0.00000000
male 1 1964 6  0.07824658 0.07824658 0.07824658 0.07824658 0.07824658 0.07824658 0.07824658 0.07824658 0.07824658 0.07824658 0.07824658 0.07824658 0.07824658 0.07824658 0.07824658 0.07824658 0.07824658
male 1 1965 1  0.00000000 0.00000000 0.00000000 0.00000000 0.00000000 0.00000000 0.00000000 0.00000000 0.00000000 0.00000000 0.00000000 0.00000000 0.00000000 0.00000000 0.00000000 0.00000000 0.00000000
male 1 1965 2  0.03500000 0.03500000 0.03500000 0.03500000 0.03500000 0.03500000 0.03500000 0.03500000 0.03500000 0.03500000 0.03500000 0.03500000 0.03500000 0.03500000 0.03500000 0.03500000 0.03500000
male 1 1965 3  0.00000000 0.00000000 0.00000000 0.00000000 0.00000000 0.00000000 0.00000000 0.00000000 0.00000000 0.00000000 0.00000000 0.00000000 0.00000000 0.00000000 0.00000000 0.00000000 0.00000000
male 1 1965 4  0.09675342 0.09675342 0.09675342 0.09675342 0.09675342 0.09675342 0.09675342 0.09675342 0.09675342 0.09675342 0.09675342 0.09675342 0.09675342 0.09675342 0.09675342 0.09675342 0.09675342
male 1 1965 5  0.00000000 0.00000000 0.00000000 0.00000000 0.00000000 0.00000000 0.00000000 0.00000000 0.00000000 0.00000000 0.00000000 0.00000000 0.00000000 0.00000000 0.00000000 0.00000000 0.00000000
male 1 1965 6  0.07824658 0.07824658 0.07824658 0.07824658 0.07824658 0.07824658 0.07824658 0.07824658 0.07824658 0.07824658 0.07824658 0.07824658 0.07824658 0.07824658 0.07824658 0.07824658 0.07824658
male 1 1966 1  0.00000000 0.00000000 0.00000000 0.00000000 0.00000000 0.00000000 0.00000000 0.00000000 0.00000000 0.00000000 0.00000000 0.00000000 0.00000000 0.00000000 0.00000000 0.00000000 0.00000000
male 1 1966 2  0.03500000 0.03500000 0.03500000 0.03500000 0.03500000 0.03500000 0.03500000 0.03500000 0.03500000 0.03500000 0.03500000 0.03500000 0.03500000 0.03500000 0.03500000 0.03500000 0.03500000
male 1 1966 3  0.00000000 0.00000000 0.00000000 0.00000000 0.00000000 0.00000000 0.00000000 0.00000000 0.00000000 0.00000000 0.00000000 0.00000000 0.00000000 0.00000000 0.00000000 0.00000000 0.00000000
male 1 1966 4  0.09675342 0.09675342 0.09675342 0.09675342 0.09675342 0.09675342 0.09675342 0.09675342 0.09675342 0.09675342 0.09675342 0.09675342 0.09675342 0.09675342 0.09675342 0.09675342 0.09675342
male 1 1966 5  0.00000000 0.00000000 0.00000000 0.00000000 0.00000000 0.00000000 0.00000000 0.00000000 0.00000000 0.00000000 0.00000000 0.00000000 0.00000000 0.00000000 0.00000000 0.00000000 0.00000000
male 1 1966 6  0.07824658 0.07824658 0.07824658 0.07824658 0.07824658 0.07824658 0.07824658 0.07824658 0.07824658 0.07824658 0.07824658 0.07824658 0.07824658 0.07824658 0.07824658 0.07824658 0.07824658
male 1 1967 1  0.00000000 0.00000000 0.00000000 0.00000000 0.00000000 0.00000000 0.00000000 0.00000000 0.00000000 0.00000000 0.00000000 0.00000000 0.00000000 0.00000000 0.00000000 0.00000000 0.00000000
male 1 1967 2  0.03500000 0.03500000 0.03500000 0.03500000 0.03500000 0.03500000 0.03500000 0.03500000 0.03500000 0.03500000 0.03500000 0.03500000 0.03500000 0.03500000 0.03500000 0.03500000 0.03500000
male 1 1967 3  0.00000000 0.00000000 0.00000000 0.00000000 0.00000000 0.00000000 0.00000000 0.00000000 0.00000000 0.00000000 0.00000000 0.00000000 0.00000000 0.00000000 0.00000000 0.00000000 0.00000000
male 1 1967 4  0.09675342 0.09675342 0.09675342 0.09675342 0.09675342 0.09675342 0.09675342 0.09675342 0.09675342 0.09675342 0.09675342 0.09675342 0.09675342 0.09675342 0.09675342 0.09675342 0.09675342
male 1 1967 5  0.00000000 0.00000000 0.00000000 0.00000000 0.00000000 0.00000000 0.00000000 0.00000000 0.00000000 0.00000000 0.00000000 0.00000000 0.00000000 0.00000000 0.00000000 0.00000000 0.00000000
male 1 1967 6  0.07824658 0.07824658 0.07824658 0.07824658 0.07824658 0.07824658 0.07824658 0.07824658 0.07824658 0.07824658 0.07824658 0.07824658 0.07824658 0.07824658 0.07824658 0.07824658 0.07824658
male 1 1968 1  0.00000000 0.00000000 0.00000000 0.00000000 0.00000000 0.00000000 0.00000000 0.00000000 0.00000000 0.00000000 0.00000000 0.00000000 0.00000000 0.00000000 0.00000000 0.00000000 0.00000000
male 1 1968 2  0.03500000 0.03500000 0.03500000 0.03500000 0.03500000 0.03500000 0.03500000 0.03500000 0.03500000 0.03500000 0.03500000 0.03500000 0.03500000 0.03500000 0.03500000 0.03500000 0.03500000
male 1 1968 3  0.00000000 0.00000000 0.00000000 0.00000000 0.00000000 0.00000000 0.00000000 0.00000000 0.00000000 0.00000000 0.00000000 0.00000000 0.00000000 0.00000000 0.00000000 0.00000000 0.00000000
male 1 1968 4  0.09675342 0.09675342 0.09675342 0.09675342 0.09675342 0.09675342 0.09675342 0.09675342 0.09675342 0.09675342 0.09675342 0.09675342 0.09675342 0.09675342 0.09675342 0.09675342 0.09675342
male 1 1968 5  0.00000000 0.00000000 0.00000000 0.00000000 0.00000000 0.00000000 0.00000000 0.00000000 0.00000000 0.00000000 0.00000000 0.00000000 0.00000000 0.00000000 0.00000000 0.00000000 0.00000000
male 1 1968 6  0.07824658 0.07824658 0.07824658 0.07824658 0.07824658 0.07824658 0.07824658 0.07824658 0.07824658 0.07824658 0.07824658 0.07824658 0.07824658 0.07824658 0.07824658 0.07824658 0.07824658
male 1 1969 1  0.00000000 0.00000000 0.00000000 0.00000000 0.00000000 0.00000000 0.00000000 0.00000000 0.00000000 0.00000000 0.00000000 0.00000000 0.00000000 0.00000000 0.00000000 0.00000000 0.00000000
male 1 1969 2  0.03500000 0.03500000 0.03500000 0.03500000 0.03500000 0.03500000 0.03500000 0.03500000 0.03500000 0.03500000 0.03500000 0.03500000 0.03500000 0.03500000 0.03500000 0.03500000 0.03500000
male 1 1969 3  0.00000000 0.00000000 0.00000000 0.00000000 0.00000000 0.00000000 0.00000000 0.00000000 0.00000000 0.00000000 0.00000000 0.00000000 0.00000000 0.00000000 0.00000000 0.00000000 0.00000000
male 1 1969 4  0.09675342 0.09675342 0.09675342 0.09675342 0.09675342 0.09675342 0.09675342 0.09675342 0.09675342 0.09675342 0.09675342 0.09675342 0.09675342 0.09675342 0.09675342 0.09675342 0.09675342
male 1 1969 5  0.00000000 0.00000000 0.00000000 0.00000000 0.00000000 0.00000000 0.00000000 0.00000000 0.00000000 0.00000000 0.00000000 0.00000000 0.00000000 0.00000000 0.00000000 0.00000000 0.00000000
male 1 1969 6  0.07824658 0.07824658 0.07824658 0.07824658 0.07824658 0.07824658 0.07824658 0.07824658 0.07824658 0.07824658 0.07824658 0.07824658 0.07824658 0.07824658 0.07824658 0.07824658 0.07824658
male 1 1970 1  0.00000000 0.00000000 0.00000000 0.00000000 0.00000000 0.00000000 0.00000000 0.00000000 0.00000000 0.00000000 0.00000000 0.00000000 0.00000000 0.00000000 0.00000000 0.00000000 0.00000000
male 1 1970 2  0.03500000 0.03500000 0.03500000 0.03500000 0.03500000 0.03500000 0.03500000 0.03500000 0.03500000 0.03500000 0.03500000 0.03500000 0.03500000 0.03500000 0.03500000 0.03500000 0.03500000
male 1 1970 3  0.00000000 0.00000000 0.00000000 0.00000000 0.00000000 0.00000000 0.00000000 0.00000000 0.00000000 0.00000000 0.00000000 0.00000000 0.00000000 0.00000000 0.00000000 0.00000000 0.00000000
male 1 1970 4  0.09675342 0.09675342 0.09675342 0.09675342 0.09675342 0.09675342 0.09675342 0.09675342 0.09675342 0.09675342 0.09675342 0.09675342 0.09675342 0.09675342 0.09675342 0.09675342 0.09675342
male 1 1970 5  0.00000000 0.00000000 0.00000000 0.00000000 0.00000000 0.00000000 0.00000000 0.00000000 0.00000000 0.00000000 0.00000000 0.00000000 0.00000000 0.00000000 0.00000000 0.00000000 0.00000000
male 1 1970 6  0.07824658 0.07824658 0.07824658 0.07824658 0.07824658 0.07824658 0.07824658 0.07824658 0.07824658 0.07824658 0.07824658 0.07824658 0.07824658 0.07824658 0.07824658 0.07824658 0.07824658
male 1 1971 1  0.00000000 0.00000000 0.00000000 0.00000000 0.00000000 0.00000000 0.00000000 0.00000000 0.00000000 0.00000000 0.00000000 0.00000000 0.00000000 0.00000000 0.00000000 0.00000000 0.00000000
male 1 1971 2  0.03500000 0.03500000 0.03500000 0.03500000 0.03500000 0.03500000 0.03500000 0.03500000 0.03500000 0.03500000 0.03500000 0.03500000 0.03500000 0.03500000 0.03500000 0.03500000 0.03500000
male 1 1971 3  0.00000000 0.00000000 0.00000000 0.00000000 0.00000000 0.00000000 0.00000000 0.00000000 0.00000000 0.00000000 0.00000000 0.00000000 0.00000000 0.00000000 0.00000000 0.00000000 0.00000000
male 1 1971 4  0.09675342 0.09675342 0.09675342 0.09675342 0.09675342 0.09675342 0.09675342 0.09675342 0.09675342 0.09675342 0.09675342 0.09675342 0.09675342 0.09675342 0.09675342 0.09675342 0.09675342
male 1 1971 5  0.00000000 0.00000000 0.00000000 0.00000000 0.00000000 0.00000000 0.00000000 0.00000000 0.00000000 0.00000000 0.00000000 0.00000000 0.00000000 0.00000000 0.00000000 0.00000000 0.00000000
male 1 1971 6  0.07824658 0.07824658 0.07824658 0.07824658 0.07824658 0.07824658 0.07824658 0.07824658 0.07824658 0.07824658 0.07824658 0.07824658 0.07824658 0.07824658 0.07824658 0.07824658 0.07824658
male 1 1972 1  0.00000000 0.00000000 0.00000000 0.00000000 0.00000000 0.00000000 0.00000000 0.00000000 0.00000000 0.00000000 0.00000000 0.00000000 0.00000000 0.00000000 0.00000000 0.00000000 0.00000000
male 1 1972 2  0.03500000 0.03500000 0.03500000 0.03500000 0.03500000 0.03500000 0.03500000 0.03500000 0.03500000 0.03500000 0.03500000 0.03500000 0.03500000 0.03500000 0.03500000 0.03500000 0.03500000
male 1 1972 3  0.00000000 0.00000000 0.00000000 0.00000000 0.00000000 0.00000000 0.00000000 0.00000000 0.00000000 0.00000000 0.00000000 0.00000000 0.00000000 0.00000000 0.00000000 0.00000000 0.00000000
male 1 1972 4  0.09675342 0.09675342 0.09675342 0.09675342 0.09675342 0.09675342 0.09675342 0.09675342 0.09675342 0.09675342 0.09675342 0.09675342 0.09675342 0.09675342 0.09675342 0.09675342 0.09675342
male 1 1972 5  0.00000000 0.00000000 0.00000000 0.00000000 0.00000000 0.00000000 0.00000000 0.00000000 0.00000000 0.00000000 0.00000000 0.00000000 0.00000000 0.00000000 0.00000000 0.00000000 0.00000000
male 1 1972 6  0.07824658 0.07824658 0.07824658 0.07824658 0.07824658 0.07824658 0.07824658 0.07824658 0.07824658 0.07824658 0.07824658 0.07824658 0.07824658 0.07824658 0.07824658 0.07824658 0.07824658
male 1 1973 1  0.00000000 0.00000000 0.00000000 0.00000000 0.00000000 0.00000000 0.00000000 0.00000000 0.00000000 0.00000000 0.00000000 0.00000000 0.00000000 0.00000000 0.00000000 0.00000000 0.00000000
male 1 1973 2  0.03500000 0.03500000 0.03500000 0.03500000 0.03500000 0.03500000 0.03500000 0.03500000 0.03500000 0.03500000 0.03500000 0.03500000 0.03500000 0.03500000 0.03500000 0.03500000 0.03500000
male 1 1973 3  0.00000000 0.00000000 0.00000000 0.00000000 0.00000000 0.00000000 0.00000000 0.00000000 0.00000000 0.00000000 0.00000000 0.00000000 0.00000000 0.00000000 0.00000000 0.00000000 0.00000000
male 1 1973 4  0.09675342 0.09675342 0.09675342 0.09675342 0.09675342 0.09675342 0.09675342 0.09675342 0.09675342 0.09675342 0.09675342 0.09675342 0.09675342 0.09675342 0.09675342 0.09675342 0.09675342
male 1 1973 5  0.00000000 0.00000000 0.00000000 0.00000000 0.00000000 0.00000000 0.00000000 0.00000000 0.00000000 0.00000000 0.00000000 0.00000000 0.00000000 0.00000000 0.00000000 0.00000000 0.00000000
male 1 1973 6  0.07824658 0.07824658 0.07824658 0.07824658 0.07824658 0.07824658 0.07824658 0.07824658 0.07824658 0.07824658 0.07824658 0.07824658 0.07824658 0.07824658 0.07824658 0.07824658 0.07824658
male 1 1974 1  0.00000000 0.00000000 0.00000000 0.00000000 0.00000000 0.00000000 0.00000000 0.00000000 0.00000000 0.00000000 0.00000000 0.00000000 0.00000000 0.00000000 0.00000000 0.00000000 0.00000000
male 1 1974 2  0.03500000 0.03500000 0.03500000 0.03500000 0.03500000 0.03500000 0.03500000 0.03500000 0.03500000 0.03500000 0.03500000 0.03500000 0.03500000 0.03500000 0.03500000 0.03500000 0.03500000
male 1 1974 3  0.00000000 0.00000000 0.00000000 0.00000000 0.00000000 0.00000000 0.00000000 0.00000000 0.00000000 0.00000000 0.00000000 0.00000000 0.00000000 0.00000000 0.00000000 0.00000000 0.00000000
male 1 1974 4  0.09675342 0.09675342 0.09675342 0.09675342 0.09675342 0.09675342 0.09675342 0.09675342 0.09675342 0.09675342 0.09675342 0.09675342 0.09675342 0.09675342 0.09675342 0.09675342 0.09675342
male 1 1974 5  0.00000000 0.00000000 0.00000000 0.00000000 0.00000000 0.00000000 0.00000000 0.00000000 0.00000000 0.00000000 0.00000000 0.00000000 0.00000000 0.00000000 0.00000000 0.00000000 0.00000000
male 1 1974 6  0.07824658 0.07824658 0.07824658 0.07824658 0.07824658 0.07824658 0.07824658 0.07824658 0.07824658 0.07824658 0.07824658 0.07824658 0.07824658 0.07824658 0.07824658 0.07824658 0.07824658
male 1 1975 1  0.00000000 0.00000000 0.00000000 0.00000000 0.00000000 0.00000000 0.00000000 0.00000000 0.00000000 0.00000000 0.00000000 0.00000000 0.00000000 0.00000000 0.00000000 0.00000000 0.00000000
male 1 1975 2  0.03500000 0.03500000 0.03500000 0.03500000 0.03500000 0.03500000 0.03500000 0.03500000 0.03500000 0.03500000 0.03500000 0.03500000 0.03500000 0.03500000 0.03500000 0.03500000 0.03500000
male 1 1975 3  0.00000000 0.00000000 0.00000000 0.00000000 0.00000000 0.00000000 0.00000000 0.00000000 0.00000000 0.00000000 0.00000000 0.00000000 0.00000000 0.00000000 0.00000000 0.00000000 0.00000000
male 1 1975 4  0.09675342 0.09675342 0.09675342 0.09675342 0.09675342 0.09675342 0.09675342 0.09675342 0.09675342 0.09675342 0.09675342 0.09675342 0.09675342 0.09675342 0.09675342 0.09675342 0.09675342
male 1 1975 5  0.00000000 0.00000000 0.00000000 0.00000000 0.00000000 0.00000000 0.00000000 0.00000000 0.00000000 0.00000000 0.00000000 0.00000000 0.00000000 0.00000000 0.00000000 0.00000000 0.00000000
male 1 1975 6  0.07824658 0.07824658 0.07824658 0.07824658 0.07824658 0.07824658 0.07824658 0.07824658 0.07824658 0.07824658 0.07824658 0.07824658 0.07824658 0.07824658 0.07824658 0.07824658 0.07824658
male 1 1976 1  0.00000000 0.00000000 0.00000000 0.00000000 0.00000000 0.00000000 0.00000000 0.00000000 0.00000000 0.00000000 0.00000000 0.00000000 0.00000000 0.00000000 0.00000000 0.00000000 0.00000000
male 1 1976 2  0.03500000 0.03500000 0.03500000 0.03500000 0.03500000 0.03500000 0.03500000 0.03500000 0.03500000 0.03500000 0.03500000 0.03500000 0.03500000 0.03500000 0.03500000 0.03500000 0.03500000
male 1 1976 3  0.00000000 0.00000000 0.00000000 0.00000000 0.00000000 0.00000000 0.00000000 0.00000000 0.00000000 0.00000000 0.00000000 0.00000000 0.00000000 0.00000000 0.00000000 0.00000000 0.00000000
male 1 1976 4  0.09675342 0.09675342 0.09675342 0.09675342 0.09675342 0.09675342 0.09675342 0.09675342 0.09675342 0.09675342 0.09675342 0.09675342 0.09675342 0.09675342 0.09675342 0.09675342 0.09675342
male 1 1976 5  0.00000000 0.00000000 0.00000000 0.00000000 0.00000000 0.00000000 0.00000000 0.00000000 0.00000000 0.00000000 0.00000000 0.00000000 0.00000000 0.00000000 0.00000000 0.00000000 0.00000000
male 1 1976 6  0.07824658 0.07824658 0.07824658 0.07824658 0.07824658 0.07824658 0.07824658 0.07824658 0.07824658 0.07824658 0.07824658 0.07824658 0.07824658 0.07824658 0.07824658 0.07824658 0.07824658
male 1 1977 1  0.00000000 0.00000000 0.00000000 0.00000000 0.00000000 0.00000000 0.00000000 0.00000000 0.00000000 0.00000000 0.00000000 0.00000000 0.00000000 0.00000000 0.00000000 0.00000000 0.00000000
male 1 1977 2  0.03500000 0.03500000 0.03500000 0.03500000 0.03500000 0.03500000 0.03500000 0.03500000 0.03500000 0.03500000 0.03500000 0.03500000 0.03500000 0.03500000 0.03500000 0.03500000 0.03500000
male 1 1977 3  0.00000000 0.00000000 0.00000000 0.00000000 0.00000000 0.00000000 0.00000000 0.00000000 0.00000000 0.00000000 0.00000000 0.00000000 0.00000000 0.00000000 0.00000000 0.00000000 0.00000000
male 1 1977 4  0.09675342 0.09675342 0.09675342 0.09675342 0.09675342 0.09675342 0.09675342 0.09675342 0.09675342 0.09675342 0.09675342 0.09675342 0.09675342 0.09675342 0.09675342 0.09675342 0.09675342
male 1 1977 5  0.00000000 0.00000000 0.00000000 0.00000000 0.00000000 0.00000000 0.00000000 0.00000000 0.00000000 0.00000000 0.00000000 0.00000000 0.00000000 0.00000000 0.00000000 0.00000000 0.00000000
male 1 1977 6  0.07824658 0.07824658 0.07824658 0.07824658 0.07824658 0.07824658 0.07824658 0.07824658 0.07824658 0.07824658 0.07824658 0.07824658 0.07824658 0.07824658 0.07824658 0.07824658 0.07824658
male 1 1978 1  0.00000000 0.00000000 0.00000000 0.00000000 0.00000000 0.00000000 0.00000000 0.00000000 0.00000000 0.00000000 0.00000000 0.00000000 0.00000000 0.00000000 0.00000000 0.00000000 0.00000000
male 1 1978 2  0.03500000 0.03500000 0.03500000 0.03500000 0.03500000 0.03500000 0.03500000 0.03500000 0.03500000 0.03500000 0.03500000 0.03500000 0.03500000 0.03500000 0.03500000 0.03500000 0.03500000
male 1 1978 3  0.00000000 0.00000000 0.00000000 0.00000000 0.00000000 0.00000000 0.00000000 0.00000000 0.00000000 0.00000000 0.00000000 0.00000000 0.00000000 0.00000000 0.00000000 0.00000000 0.00000000
male 1 1978 4  0.09675342 0.09675342 0.09675342 0.09675342 0.09675342 0.09675342 0.09675342 0.09675342 0.09675342 0.09675342 0.09675342 0.09675342 0.09675342 0.09675342 0.09675342 0.09675342 0.09675342
male 1 1978 5  0.00000000 0.00000000 0.00000000 0.00000000 0.00000000 0.00000000 0.00000000 0.00000000 0.00000000 0.00000000 0.00000000 0.00000000 0.00000000 0.00000000 0.00000000 0.00000000 0.00000000
male 1 1978 6  0.07824658 0.07824658 0.07824658 0.07824658 0.07824658 0.07824658 0.07824658 0.07824658 0.07824658 0.07824658 0.07824658 0.07824658 0.07824658 0.07824658 0.07824658 0.07824658 0.07824658
male 1 1979 1  0.00000000 0.00000000 0.00000000 0.00000000 0.00000000 0.00000000 0.00000000 0.00000000 0.00000000 0.00000000 0.00000000 0.00000000 0.00000000 0.00000000 0.00000000 0.00000000 0.00000000
male 1 1979 2  0.03500000 0.03500000 0.03500000 0.03500000 0.03500000 0.03500000 0.03500000 0.03500000 0.03500000 0.03500000 0.03500000 0.03500000 0.03500000 0.03500000 0.03500000 0.03500000 0.03500000
male 1 1979 3  0.00000000 0.00000000 0.00000000 0.00000000 0.00000000 0.00000000 0.00000000 0.00000000 0.00000000 0.00000000 0.00000000 0.00000000 0.00000000 0.00000000 0.00000000 0.00000000 0.00000000
male 1 1979 4  0.09675342 0.09675342 0.09675342 0.09675342 0.09675342 0.09675342 0.09675342 0.09675342 0.09675342 0.09675342 0.09675342 0.09675342 0.09675342 0.09675342 0.09675342 0.09675342 0.09675342
male 1 1979 5  0.00000000 0.00000000 0.00000000 0.00000000 0.00000000 0.00000000 0.00000000 0.00000000 0.00000000 0.00000000 0.00000000 0.00000000 0.00000000 0.00000000 0.00000000 0.00000000 0.00000000
male 1 1979 6  0.07824658 0.07824658 0.07824658 0.07824658 0.07824658 0.07824658 0.07824658 0.07824658 0.07824658 0.07824658 0.07824658 0.07824658 0.07824658 0.07824658 0.07824658 0.07824658 0.07824658
male 1 1980 1  0.00000000 0.00000000 0.00000000 0.00000000 0.00000000 0.00000000 0.00000000 0.00000000 0.00000000 0.00000000 0.00000000 0.00000000 0.00000000 0.00000000 0.00000000 0.00000000 0.00000000
male 1 1980 2  0.03500000 0.03500000 0.03500000 0.03500000 0.03500000 0.03500000 0.03500000 0.03500000 0.03500000 0.03500000 0.03500000 0.03500000 0.03500000 0.03500000 0.03500000 0.03500000 0.03500000
male 1 1980 3  0.00000000 0.00000000 0.00000000 0.00000000 0.00000000 0.00000000 0.00000000 0.00000000 0.00000000 0.00000000 0.00000000 0.00000000 0.00000000 0.00000000 0.00000000 0.00000000 0.00000000
male 1 1980 4  0.09675342 0.09675342 0.09675342 0.09675342 0.09675342 0.09675342 0.09675342 0.09675342 0.09675342 0.09675342 0.09675342 0.09675342 0.09675342 0.09675342 0.09675342 0.09675342 0.09675342
male 1 1980 5  0.00000000 0.00000000 0.00000000 0.00000000 0.00000000 0.00000000 0.00000000 0.00000000 0.00000000 0.00000000 0.00000000 0.00000000 0.00000000 0.00000000 0.00000000 0.00000000 0.00000000
male 1 1980 6  0.07824658 0.07824658 0.07824658 0.07824658 0.07824658 0.07824658 0.07824658 0.07824658 0.07824658 0.07824658 0.07824658 0.07824658 0.07824658 0.07824658 0.07824658 0.07824658 0.07824658
male 1 1981 1  0.00000000 0.00000000 0.00000000 0.00000000 0.00000000 0.00000000 0.00000000 0.00000000 0.00000000 0.00000000 0.00000000 0.00000000 0.00000000 0.00000000 0.00000000 0.00000000 0.00000000
male 1 1981 2  0.09263014 0.09263014 0.09263014 0.09263014 0.09263014 0.09263014 0.09263014 0.09263014 0.09263014 0.09263014 0.09263014 0.09263014 0.09263014 0.09263014 0.09263014 0.09263014 0.09263014
male 1 1981 3  0.01512752 0.01724193 0.01945793 0.02173392 0.02402352 0.02627925 0.02845635 0.03051625 0.03242897 0.03417426 0.03574159 0.03712907 0.03834182 0.03939015 0.04028768 0.04104979 0.04169241
male 1 1981 4  0.03912329 0.03912329 0.03912329 0.03912329 0.03912329 0.03912329 0.03912329 0.03912329 0.03912329 0.03912329 0.03912329 0.03912329 0.03912329 0.03912329 0.03912329 0.03912329 0.03912329
male 1 1981 5  0.00000000 0.00000000 0.00000000 0.00000000 0.00000000 0.00000000 0.00000000 0.00000000 0.00000000 0.00000000 0.00000000 0.00000000 0.00000000 0.00000000 0.00000000 0.00000000 0.00000000
male 1 1981 6  0.07824658 0.07824658 0.07824658 0.07824658 0.07824658 0.07824658 0.07824658 0.07824658 0.07824658 0.07824658 0.07824658 0.07824658 0.07824658 0.07824658 0.07824658 0.07824658 0.07824658
male 1 1982 1  0.00000000 0.00000000 0.00000000 0.00000000 0.00000000 0.00000000 0.00000000 0.00000000 0.00000000 0.00000000 0.00000000 0.00000000 0.00000000 0.00000000 0.00000000 0.00000000 0.00000000
male 1 1982 2  0.10154795 0.10154795 0.10154795 0.10154795 0.10154795 0.10154795 0.10154795 0.10154795 0.10154795 0.10154795 0.10154795 0.10154795 0.10154795 0.10154795 0.10154795 0.10154795 0.10154795
male 1 1982 3  0.04301321 0.04902527 0.05532617 0.06179767 0.06830788 0.07472174 0.08091206 0.08676913 0.09220771 0.09717024 0.10162674 0.10557184 0.10902016 0.11200096 0.11455296 0.11671994 0.11854715
male 1 1982 4  0.03020548 0.03020548 0.03020548 0.03020548 0.03020548 0.03020548 0.03020548 0.03020548 0.03020548 0.03020548 0.03020548 0.03020548 0.03020548 0.03020548 0.03020548 0.03020548 0.03020548
male 1 1982 5  0.00000000 0.00000000 0.00000000 0.00000000 0.00000000 0.00000000 0.00000000 0.00000000 0.00000000 0.00000000 0.00000000 0.00000000 0.00000000 0.00000000 0.00000000 0.00000000 0.00000000
male 1 1982 6  0.07824658 0.07824658 0.07824658 0.07824658 0.07824658 0.07824658 0.07824658 0.07824658 0.07824658 0.07824658 0.07824658 0.07824658 0.07824658 0.07824658 0.07824658 0.07824658 0.07824658
male 1 1983 1  0.00000000 0.00000000 0.00000000 0.00000000 0.00000000 0.00000000 0.00000000 0.00000000 0.00000000 0.00000000 0.00000000 0.00000000 0.00000000 0.00000000 0.00000000 0.00000000 0.00000000
male 1 1983 2  0.10154795 0.10154795 0.10154795 0.10154795 0.10154795 0.10154795 0.10154795 0.10154795 0.10154795 0.10154795 0.10154795 0.10154795 0.10154795 0.10154795 0.10154795 0.10154795 0.10154795
male 1 1983 3  0.06046972 0.06892173 0.07777979 0.08687769 0.09603000 0.10504688 0.11374948 0.12198359 0.12962936 0.13660589 0.14287102 0.14841721 0.15326500 0.15745552 0.16104323 0.16408965 0.16665843
male 1 1983 4  0.03020548 0.03020548 0.03020548 0.03020548 0.03020548 0.03020548 0.03020548 0.03020548 0.03020548 0.03020548 0.03020548 0.03020548 0.03020548 0.03020548 0.03020548 0.03020548 0.03020548
male 1 1983 5  0.00000000 0.00000000 0.00000000 0.00000000 0.00000000 0.00000000 0.00000000 0.00000000 0.00000000 0.00000000 0.00000000 0.00000000 0.00000000 0.00000000 0.00000000 0.00000000 0.00000000
male 1 1983 6  0.07824658 0.07824658 0.07824658 0.07824658 0.07824658 0.07824658 0.07824658 0.07824658 0.07824658 0.07824658 0.07824658 0.07824658 0.07824658 0.07824658 0.07824658 0.07824658 0.07824658
male 1 1984 1  0.00000000 0.00000000 0.00000000 0.00000000 0.00000000 0.00000000 0.00000000 0.00000000 0.00000000 0.00000000 0.00000000 0.00000000 0.00000000 0.00000000 0.00000000 0.00000000 0.00000000
male 1 1984 2  0.06616438 0.06616438 0.06616438 0.06616438 0.06616438 0.06616438 0.06616438 0.06616438 0.06616438 0.06616438 0.06616438 0.06616438 0.06616438 0.06616438 0.06616438 0.06616438 0.06616438
male 1 1984 3  0.08058433 0.09184780 0.10365240 0.11577661 0.12797335 0.13998960 0.15158702 0.16256013 0.17274918 0.18204637 0.19039553 0.19778660 0.20424696 0.20983141 0.21461253 0.21867232 0.22209556
male 1 1984 4  0.06558904 0.06558904 0.06558904 0.06558904 0.06558904 0.06558904 0.06558904 0.06558904 0.06558904 0.06558904 0.06558904 0.06558904 0.06558904 0.06558904 0.06558904 0.06558904 0.06558904
male 1 1984 5  0.00000000 0.00000000 0.00000000 0.00000000 0.00000000 0.00000000 0.00000000 0.00000000 0.00000000 0.00000000 0.00000000 0.00000000 0.00000000 0.00000000 0.00000000 0.00000000 0.00000000
male 1 1984 6  0.07824658 0.07824658 0.07824658 0.07824658 0.07824658 0.07824658 0.07824658 0.07824658 0.07824658 0.07824658 0.07824658 0.07824658 0.07824658 0.07824658 0.07824658 0.07824658 0.07824658
male 1 1985 1  0.00000000 0.00000000 0.00000000 0.00000000 0.00000000 0.00000000 0.00000000 0.00000000 0.00000000 0.00000000 0.00000000 0.00000000 0.00000000 0.00000000 0.00000000 0.00000000 0.00000000
male 1 1985 2  0.03538356 0.03538356 0.03538356 0.03538356 0.03538356 0.03538356 0.03538356 0.03538356 0.03538356 0.03538356 0.03538356 0.03538356 0.03538356 0.03538356 0.03538356 0.03538356 0.03538356
male 1 1985 3  0.13665635 0.15575716 0.17577562 0.19633607 0.21701953 0.23739689 0.25706400 0.27567240 0.29295117 0.30871752 0.32287617 0.33541009 0.34636568 0.35583589 0.36394380 0.37082846 0.37663366
male 1 1985 4  0.09636986 0.09636986 0.09636986 0.09636986 0.09636986 0.09636986 0.09636986 0.09636986 0.09636986 0.09636986 0.09636986 0.09636986 0.09636986 0.09636986 0.09636986 0.09636986 0.09636986
male 1 1985 5  0.00000000 0.00000000 0.00000000 0.00000000 0.00000000 0.00000000 0.00000000 0.00000000 0.00000000 0.00000000 0.00000000 0.00000000 0.00000000 0.00000000 0.00000000 0.00000000 0.00000000
male 1 1985 6  0.07824658 0.07824658 0.07824658 0.07824658 0.07824658 0.07824658 0.07824658 0.07824658 0.07824658 0.07824658 0.07824658 0.07824658 0.07824658 0.07824658 0.07824658 0.07824658 0.07824658
male 1 1986 1  0.00000000 0.00000000 0.00000000 0.00000000 0.00000000 0.00000000 0.00000000 0.00000000 0.00000000 0.00000000 0.00000000 0.00000000 0.00000000 0.00000000 0.00000000 0.00000000 0.00000000
male 1 1986 2  0.05293151 0.05293151 0.05293151 0.05293151 0.05293151 0.05293151 0.05293151 0.05293151 0.05293151 0.05293151 0.05293151 0.05293151 0.05293151 0.05293151 0.05293151 0.05293151 0.05293151
male 1 1986 3  0.18946370 0.21594552 0.24369959 0.27220511 0.30088115 0.32913283 0.35639979 0.38219892 0.40615464 0.42801349 0.44764339 0.46502072 0.48020982 0.49333954 0.50458055 0.51412561 0.52217408
male 1 1986 4  0.07882192 0.07882192 0.07882192 0.07882192 0.07882192 0.07882192 0.07882192 0.07882192 0.07882192 0.07882192 0.07882192 0.07882192 0.07882192 0.07882192 0.07882192 0.07882192 0.07882192
male 1 1986 5  0.00000000 0.00000000 0.00000000 0.00000000 0.00000000 0.00000000 0.00000000 0.00000000 0.00000000 0.00000000 0.00000000 0.00000000 0.00000000 0.00000000 0.00000000 0.00000000 0.00000000
male 1 1986 6  0.07824658 0.07824658 0.07824658 0.07824658 0.07824658 0.07824658 0.07824658 0.07824658 0.07824658 0.07824658 0.07824658 0.07824658 0.07824658 0.07824658 0.07824658 0.07824658 0.07824658
male 1 1987 1  0.00000000 0.00000000 0.00000000 0.00000000 0.00000000 0.00000000 0.00000000 0.00000000 0.00000000 0.00000000 0.00000000 0.00000000 0.00000000 0.00000000 0.00000000 0.00000000 0.00000000
male 1 1987 2  0.01841096 0.01841096 0.01841096 0.01841096 0.01841096 0.01841096 0.01841096 0.01841096 0.01841096 0.01841096 0.01841096 0.01841096 0.01841096 0.01841096 0.01841096 0.01841096 0.01841096
male 1 1987 3  0.15446828 0.17605871 0.19868639 0.22192672 0.24530607 0.26833944 0.29056999 0.31160382 0.33113473 0.34895608 0.36496018 0.37912779 0.39151134 0.40221590 0.41138061 0.41916262 0.42572448
male 1 1987 4  0.11334247 0.11334247 0.11334247 0.11334247 0.11334247 0.11334247 0.11334247 0.11334247 0.11334247 0.11334247 0.11334247 0.11334247 0.11334247 0.11334247 0.11334247 0.11334247 0.11334247
male 1 1987 5  0.00000000 0.00000000 0.00000000 0.00000000 0.00000000 0.00000000 0.00000000 0.00000000 0.00000000 0.00000000 0.00000000 0.00000000 0.00000000 0.00000000 0.00000000 0.00000000 0.00000000
male 1 1987 6  0.07824658 0.07824658 0.07824658 0.07824658 0.07824658 0.07824658 0.07824658 0.07824658 0.07824658 0.07824658 0.07824658 0.07824658 0.07824658 0.07824658 0.07824658 0.07824658 0.07824658
male 1 1988 1  0.00000000 0.00000000 0.00000000 0.00000000 0.00000000 0.00000000 0.00000000 0.00000000 0.00000000 0.00000000 0.00000000 0.00000000 0.00000000 0.00000000 0.00000000 0.00000000 0.00000000
male 1 1988 2  0.06300000 0.06300000 0.06300000 0.06300000 0.06300000 0.06300000 0.06300000 0.06300000 0.06300000 0.06300000 0.06300000 0.06300000 0.06300000 0.06300000 0.06300000 0.06300000 0.06300000
male 1 1988 3  0.27027649 0.30805372 0.34764586 0.38830996 0.42921733 0.46951931 0.50841657 0.54521992 0.57939358 0.61057598 0.63857871 0.66336806 0.68503584 0.70376584 0.71980153 0.73341788 0.74489931
male 1 1988 4  0.06875342 0.06875342 0.06875342 0.06875342 0.06875342 0.06875342 0.06875342 0.06875342 0.06875342 0.06875342 0.06875342 0.06875342 0.06875342 0.06875342 0.06875342 0.06875342 0.06875342
male 1 1988 5  0.00000000 0.00000000 0.00000000 0.00000000 0.00000000 0.00000000 0.00000000 0.00000000 0.00000000 0.00000000 0.00000000 0.00000000 0.00000000 0.00000000 0.00000000 0.00000000 0.00000000
male 1 1988 6  0.07824658 0.07824658 0.07824658 0.07824658 0.07824658 0.07824658 0.07824658 0.07824658 0.07824658 0.07824658 0.07824658 0.07824658 0.07824658 0.07824658 0.07824658 0.07824658 0.07824658
male 1 1989 1  0.00000000 0.00000000 0.00000000 0.00000000 0.00000000 0.00000000 0.00000000 0.00000000 0.00000000 0.00000000 0.00000000 0.00000000 0.00000000 0.00000000 0.00000000 0.00000000 0.00000000
male 1 1989 2  0.08400000 0.08400000 0.08400000 0.08400000 0.08400000 0.08400000 0.08400000 0.08400000 0.08400000 0.08400000 0.08400000 0.08400000 0.08400000 0.08400000 0.08400000 0.08400000 0.08400000
male 1 1989 3  0.43603717 0.49696117 0.56081211 0.62639182 0.69236383 0.75735955 0.82008984 0.87944325 0.93455570 0.98484409 1.03000458 1.06998281 1.10492680 1.13513301 1.16099404 1.18295338 1.20146967
male 1 1989 4  0.04775342 0.04775342 0.04775342 0.04775342 0.04775342 0.04775342 0.04775342 0.04775342 0.04775342 0.04775342 0.04775342 0.04775342 0.04775342 0.04775342 0.04775342 0.04775342 0.04775342
male 1 1989 5  0.00000000 0.00000000 0.00000000 0.00000000 0.00000000 0.00000000 0.00000000 0.00000000 0.00000000 0.00000000 0.00000000 0.00000000 0.00000000 0.00000000 0.00000000 0.00000000 0.00000000
male 1 1989 6  0.07824658 0.07824658 0.07824658 0.07824658 0.07824658 0.07824658 0.07824658 0.07824658 0.07824658 0.07824658 0.07824658 0.07824658 0.07824658 0.07824658 0.07824658 0.07824658 0.07824658
male 1 1990 1  0.00000000 0.00000000 0.00000000 0.00000000 0.00000000 0.00000000 0.00000000 0.00000000 0.00000000 0.00000000 0.00000000 0.00000000 0.00000000 0.00000000 0.00000000 0.00000000 0.00000000
male 1 1990 2  0.05580822 0.05580822 0.05580822 0.05580822 0.05580822 0.05580822 0.05580822 0.05580822 0.05580822 0.05580822 0.05580822 0.05580822 0.05580822 0.05580822 0.05580822 0.05580822 0.05580822
male 1 1990 3  0.23076695 0.26295460 0.29668862 0.33133600 0.36619064 0.40052947 0.43367143 0.46502930 0.49414656 0.52071516 0.54457456 0.56569604 0.58415782 0.60011650 0.61377952 0.62538118 0.63516379
male 1 1990 4  0.07594521 0.07594521 0.07594521 0.07594521 0.07594521 0.07594521 0.07594521 0.07594521 0.07594521 0.07594521 0.07594521 0.07594521 0.07594521 0.07594521 0.07594521 0.07594521 0.07594521
male 1 1990 5  0.00000000 0.00000000 0.00000000 0.00000000 0.00000000 0.00000000 0.00000000 0.00000000 0.00000000 0.00000000 0.00000000 0.00000000 0.00000000 0.00000000 0.00000000 0.00000000 0.00000000
male 1 1990 6  0.07824658 0.07824658 0.07824658 0.07824658 0.07824658 0.07824658 0.07824658 0.07824658 0.07824658 0.07824658 0.07824658 0.07824658 0.07824658 0.07824658 0.07824658 0.07824658 0.07824658
male 1 1991 1  0.00000000 0.00000000 0.00000000 0.00000000 0.00000000 0.00000000 0.00000000 0.00000000 0.00000000 0.00000000 0.00000000 0.00000000 0.00000000 0.00000000 0.00000000 0.00000000 0.00000000
male 1 1991 2  0.05753425 0.05753425 0.05753425 0.05753425 0.05753425 0.05753425 0.05753425 0.05753425 0.05753425 0.05753425 0.05753425 0.05753425 0.05753425 0.05753425 0.05753425 0.05753425 0.05753425
male 1 1991 3  0.27641872 0.31505446 0.35554637 0.39713459 0.43897160 0.48018948 0.51997071 0.55761045 0.59256072 0.62445176 0.65309088 0.67844359 0.70060378 0.71975944 0.73615955 0.75008534 0.76182769
male 1 1991 4  0.07421918 0.07421918 0.07421918 0.07421918 0.07421918 0.07421918 0.07421918 0.07421918 0.07421918 0.07421918 0.07421918 0.07421918 0.07421918 0.07421918 0.07421918 0.07421918 0.07421918
male 1 1991 5  0.00000000 0.00000000 0.00000000 0.00000000 0.00000000 0.00000000 0.00000000 0.00000000 0.00000000 0.00000000 0.00000000 0.00000000 0.00000000 0.00000000 0.00000000 0.00000000 0.00000000
male 1 1991 6  0.07824658 0.07824658 0.07824658 0.07824658 0.07824658 0.07824658 0.07824658 0.07824658 0.07824658 0.07824658 0.07824658 0.07824658 0.07824658 0.07824658 0.07824658 0.07824658 0.07824658
male 1 1992 1  0.00000000 0.00000000 0.00000000 0.00000000 0.00000000 0.00000000 0.00000000 0.00000000 0.00000000 0.00000000 0.00000000 0.00000000 0.00000000 0.00000000 0.00000000 0.00000000 0.00000000
male 1 1992 2  0.05810959 0.05810959 0.05810959 0.05810959 0.05810959 0.05810959 0.05810959 0.05810959 0.05810959 0.05810959 0.05810959 0.05810959 0.05810959 0.05810959 0.05810959 0.05810959 0.05810959
male 1 1992 3  0.29476690 0.33593617 0.37908330 0.42339864 0.46797909 0.51189980 0.55428966 0.59439759 0.63163971 0.66562199 0.69613909 0.72315429 0.74676762 0.76717940 0.78465493 0.79949390 0.81200625
male 1 1992 4  0.07364384 0.07364384 0.07364384 0.07364384 0.07364384 0.07364384 0.07364384 0.07364384 0.07364384 0.07364384 0.07364384 0.07364384 0.07364384 0.07364384 0.07364384 0.07364384 0.07364384
male 1 1992 5  0.00000000 0.00000000 0.00000000 0.00000000 0.00000000 0.00000000 0.00000000 0.00000000 0.00000000 0.00000000 0.00000000 0.00000000 0.00000000 0.00000000 0.00000000 0.00000000 0.00000000
male 1 1992 6  0.07824658 0.07824658 0.07824658 0.07824658 0.07824658 0.07824658 0.07824658 0.07824658 0.07824658 0.07824658 0.07824658 0.07824658 0.07824658 0.07824658 0.07824658 0.07824658 0.07824658
male 1 1993 1  0.00000000 0.00000000 0.00000000 0.00000000 0.00000000 0.00000000 0.00000000 0.00000000 0.00000000 0.00000000 0.00000000 0.00000000 0.00000000 0.00000000 0.00000000 0.00000000 0.00000000
male 1 1993 2  0.08802740 0.08802740 0.08802740 0.08802740 0.08802740 0.08802740 0.08802740 0.08802740 0.08802740 0.08802740 0.08802740 0.08802740 0.08802740 0.08802740 0.08802740 0.08802740 0.08802740
male 1 1993 3  0.18403061 0.20972260 0.23664889 0.26430421 0.29212497 0.31953402 0.34598772 0.37101738 0.39425860 0.41546549 0.43450991 0.45136895 0.46610502 0.47884315 0.48974888 0.49900926 0.50681768
male 1 1993 4  0.04372603 0.04372603 0.04372603 0.04372603 0.04372603 0.04372603 0.04372603 0.04372603 0.04372603 0.04372603 0.04372603 0.04372603 0.04372603 0.04372603 0.04372603 0.04372603 0.04372603
male 1 1993 5  0.00000000 0.00000000 0.00000000 0.00000000 0.00000000 0.00000000 0.00000000 0.00000000 0.00000000 0.00000000 0.00000000 0.00000000 0.00000000 0.00000000 0.00000000 0.00000000 0.00000000
male 1 1993 6  0.07824658 0.07824658 0.07824658 0.07824658 0.07824658 0.07824658 0.07824658 0.07824658 0.07824658 0.07824658 0.07824658 0.07824658 0.07824658 0.07824658 0.07824658 0.07824658 0.07824658
male 1 1994 1  0.00000000 0.00000000 0.00000000 0.00000000 0.00000000 0.00000000 0.00000000 0.00000000 0.00000000 0.00000000 0.00000000 0.00000000 0.00000000 0.00000000 0.00000000 0.00000000 0.00000000
male 1 1994 2  0.05235616 0.05235616 0.05235616 0.05235616 0.05235616 0.05235616 0.05235616 0.05235616 0.05235616 0.05235616 0.05235616 0.05235616 0.05235616 0.05235616 0.05235616 0.05235616 0.05235616
male 1 1994 3  0.24113493 0.27482976 0.31014338 0.34641312 0.38289983 0.41884658 0.45354041 0.48636661 0.51684729 0.54465996 0.56963658 0.59174707 0.61107332 0.62777927 0.64208205 0.65422696 0.66446764
male 1 1994 4  0.07939726 0.07939726 0.07939726 0.07939726 0.07939726 0.07939726 0.07939726 0.07939726 0.07939726 0.07939726 0.07939726 0.07939726 0.07939726 0.07939726 0.07939726 0.07939726 0.07939726
male 1 1994 5  0.00000000 0.00000000 0.00000000 0.00000000 0.00000000 0.00000000 0.00000000 0.00000000 0.00000000 0.00000000 0.00000000 0.00000000 0.00000000 0.00000000 0.00000000 0.00000000 0.00000000
male 1 1994 6  0.07824658 0.07824658 0.07824658 0.07824658 0.07824658 0.07824658 0.07824658 0.07824658 0.07824658 0.07824658 0.07824658 0.07824658 0.07824658 0.07824658 0.07824658 0.07824658 0.07824658
male 1 1995 1  0.00000000 0.00000000 0.00000000 0.00000000 0.00000000 0.00000000 0.00000000 0.00000000 0.00000000 0.00000000 0.00000000 0.00000000 0.00000000 0.00000000 0.00000000 0.00000000 0.00000000
male 1 1995 2  0.04689041 0.04689041 0.04689041 0.04689041 0.04689041 0.04689041 0.04689041 0.04689041 0.04689041 0.04689041 0.04689041 0.04689041 0.04689041 0.04689041 0.04689041 0.04689041 0.04689041
male 1 1995 3  0.29444665 0.33557460 0.37867844 0.42294931 0.46748502 0.51136166 0.55370899 0.59377667 0.63098142 0.66492959 0.69541607 0.72240417 0.74599380 0.76638509 0.78384309 0.79866717 0.81116696
male 1 1995 4  0.08486301 0.08486301 0.08486301 0.08486301 0.08486301 0.08486301 0.08486301 0.08486301 0.08486301 0.08486301 0.08486301 0.08486301 0.08486301 0.08486301 0.08486301 0.08486301 0.08486301
male 1 1995 5  0.00000000 0.00000000 0.00000000 0.00000000 0.00000000 0.00000000 0.00000000 0.00000000 0.00000000 0.00000000 0.00000000 0.00000000 0.00000000 0.00000000 0.00000000 0.00000000 0.00000000
male 1 1995 6  0.07824658 0.07824658 0.07824658 0.07824658 0.07824658 0.07824658 0.07824658 0.07824658 0.07824658 0.07824658 0.07824658 0.07824658 0.07824658 0.07824658 0.07824658 0.07824658 0.07824658
male 1 1996 1  0.00000000 0.00000000 0.00000000 0.00000000 0.00000000 0.00000000 0.00000000 0.00000000 0.00000000 0.00000000 0.00000000 0.00000000 0.00000000 0.00000000 0.00000000 0.00000000 0.00000000
male 1 1996 2  0.06904110 0.06904110 0.06904110 0.06904110 0.06904110 0.06904110 0.06904110 0.06904110 0.06904110 0.06904110 0.06904110 0.06904110 0.06904110 0.06904110 0.06904110 0.06904110 0.06904110
male 1 1996 3  0.22073776 0.25158284 0.28390979 0.31711199 0.35051281 0.38341935 0.41517893 0.44522883 0.47313159 0.49859199 0.52145619 0.54169668 0.55938839 0.57468143 0.58777455 0.59889229 0.60826686
male 1 1996 4  0.06271233 0.06271233 0.06271233 0.06271233 0.06271233 0.06271233 0.06271233 0.06271233 0.06271233 0.06271233 0.06271233 0.06271233 0.06271233 0.06271233 0.06271233 0.06271233 0.06271233
male 1 1996 5  0.00000000 0.00000000 0.00000000 0.00000000 0.00000000 0.00000000 0.00000000 0.00000000 0.00000000 0.00000000 0.00000000 0.00000000 0.00000000 0.00000000 0.00000000 0.00000000 0.00000000
male 1 1996 6  0.07824658 0.07824658 0.07824658 0.07824658 0.07824658 0.07824658 0.07824658 0.07824658 0.07824658 0.07824658 0.07824658 0.07824658 0.07824658 0.07824658 0.07824658 0.07824658 0.07824658
male 1 1997 1  0.00000000 0.00000000 0.00000000 0.00000000 0.00000000 0.00000000 0.00000000 0.00000000 0.00000000 0.00000000 0.00000000 0.00000000 0.00000000 0.00000000 0.00000000 0.00000000 0.00000000
male 1 1997 2  0.06012329 0.06012329 0.06012329 0.06012329 0.06012329 0.06012329 0.06012329 0.06012329 0.06012329 0.06012329 0.06012329 0.06012329 0.06012329 0.06012329 0.06012329 0.06012329 0.06012329
male 1 1997 3  0.20197027 0.23019721 0.25978025 0.29016424 0.32073000 0.35084343 0.37990725 0.40740652 0.43294089 0.45624020 0.47716369 0.49568617 0.51187621 0.52587117 0.53785294 0.54802701 0.55660587
male 1 1997 4  0.07163014 0.07163014 0.07163014 0.07163014 0.07163014 0.07163014 0.07163014 0.07163014 0.07163014 0.07163014 0.07163014 0.07163014 0.07163014 0.07163014 0.07163014 0.07163014 0.07163014
male 1 1997 5  0.00000000 0.00000000 0.00000000 0.00000000 0.00000000 0.00000000 0.00000000 0.00000000 0.00000000 0.00000000 0.00000000 0.00000000 0.00000000 0.00000000 0.00000000 0.00000000 0.00000000
male 1 1997 6  0.07824658 0.07824658 0.07824658 0.07824658 0.07824658 0.07824658 0.07824658 0.07824658 0.07824658 0.07824658 0.07824658 0.07824658 0.07824658 0.07824658 0.07824658 0.07824658 0.07824658
male 1 1998 1  0.00000000 0.00000000 0.00000000 0.00000000 0.00000000 0.00000000 0.00000000 0.00000000 0.00000000 0.00000000 0.00000000 0.00000000 0.00000000 0.00000000 0.00000000 0.00000000 0.00000000
male 1 1998 2  0.05523288 0.05523288 0.05523288 0.05523288 0.05523288 0.05523288 0.05523288 0.05523288 0.05523288 0.05523288 0.05523288 0.05523288 0.05523288 0.05523288 0.05523288 0.05523288 0.05523288
male 1 1998 3  0.18620480 0.21220428 0.23945284 0.26743916 0.29559289 0.32332999 0.35010031 0.37542954 0.39894892 0.42040963 0.43968199 0.45674281 0.47165525 0.48454583 0.49558209 0.50495330 0.51285518
male 1 1998 4  0.07652055 0.07652055 0.07652055 0.07652055 0.07652055 0.07652055 0.07652055 0.07652055 0.07652055 0.07652055 0.07652055 0.07652055 0.07652055 0.07652055 0.07652055 0.07652055 0.07652055
male 1 1998 5  0.00000000 0.00000000 0.00000000 0.00000000 0.00000000 0.00000000 0.00000000 0.00000000 0.00000000 0.00000000 0.00000000 0.00000000 0.00000000 0.00000000 0.00000000 0.00000000 0.00000000
male 1 1998 6  0.07824658 0.07824658 0.07824658 0.07824658 0.07824658 0.07824658 0.07824658 0.07824658 0.07824658 0.07824658 0.07824658 0.07824658 0.07824658 0.07824658 0.07824658 0.07824658 0.07824658
male 1 1999 1  0.00000000 0.00000000 0.00000000 0.00000000 0.00000000 0.00000000 0.00000000 0.00000000 0.00000000 0.00000000 0.00000000 0.00000000 0.00000000 0.00000000 0.00000000 0.00000000 0.00000000
male 1 1999 2  0.05149315 0.05149315 0.05149315 0.05149315 0.05149315 0.05149315 0.05149315 0.05149315 0.05149315 0.05149315 0.05149315 0.05149315 0.05149315 0.05149315 0.05149315 0.05149315 0.05149315
male 1 1999 3  0.15168630 0.17287286 0.19507726 0.21788285 0.24082487 0.26342738 0.28524207 0.30588245 0.32504801 0.34253599 0.35824072 0.37214330 0.38429521 0.39479953 0.40379280 0.41142924 0.41786835
male 1 1999 4  0.08026027 0.08026027 0.08026027 0.08026027 0.08026027 0.08026027 0.08026027 0.08026027 0.08026027 0.08026027 0.08026027 0.08026027 0.08026027 0.08026027 0.08026027 0.08026027 0.08026027
male 1 1999 5  0.00000000 0.00000000 0.00000000 0.00000000 0.00000000 0.00000000 0.00000000 0.00000000 0.00000000 0.00000000 0.00000000 0.00000000 0.00000000 0.00000000 0.00000000 0.00000000 0.00000000
male 1 1999 6  0.07824658 0.07824658 0.07824658 0.07824658 0.07824658 0.07824658 0.07824658 0.07824658 0.07824658 0.07824658 0.07824658 0.07824658 0.07824658 0.07824658 0.07824658 0.07824658 0.07824658
male 1 2000 1  0.00000000 0.00000000 0.00000000 0.00000000 0.00000000 0.00000000 0.00000000 0.00000000 0.00000000 0.00000000 0.00000000 0.00000000 0.00000000 0.00000000 0.00000000 0.00000000 0.00000000
male 1 2000 2  0.03768493 0.03768493 0.03768493 0.03768493 0.03768493 0.03768493 0.03768493 0.03768493 0.03768493 0.03768493 0.03768493 0.03768493 0.03768493 0.03768493 0.03768493 0.03768493 0.03768493
male 1 2000 3  0.13173688 0.15012639 0.16939939 0.18919420 0.20910743 0.22872597 0.24766070 0.26557614 0.28221148 0.29739071 0.31102211 0.32308928 0.33363690 0.34275445 0.35056044 0.35718872 0.36277774
male 1 2000 4  0.09406849 0.09406849 0.09406849 0.09406849 0.09406849 0.09406849 0.09406849 0.09406849 0.09406849 0.09406849 0.09406849 0.09406849 0.09406849 0.09406849 0.09406849 0.09406849 0.09406849
male 1 2000 5  0.00000000 0.00000000 0.00000000 0.00000000 0.00000000 0.00000000 0.00000000 0.00000000 0.00000000 0.00000000 0.00000000 0.00000000 0.00000000 0.00000000 0.00000000 0.00000000 0.00000000
male 1 2000 6  0.07824658 0.07824658 0.07824658 0.07824658 0.07824658 0.07824658 0.07824658 0.07824658 0.07824658 0.07824658 0.07824658 0.07824658 0.07824658 0.07824658 0.07824658 0.07824658 0.07824658
male 1 2001 1  0.00000000 0.00000000 0.00000000 0.00000000 0.00000000 0.00000000 0.00000000 0.00000000 0.00000000 0.00000000 0.00000000 0.00000000 0.00000000 0.00000000 0.00000000 0.00000000 0.00000000
male 1 2001 2  0.03365753 0.03365753 0.03365753 0.03365753 0.03365753 0.03365753 0.03365753 0.03365753 0.03365753 0.03365753 0.03365753 0.03365753 0.03365753 0.03365753 0.03365753 0.03365753 0.03365753
male 1 2001 3  0.11617600 0.13237938 0.14936122 0.16680284 0.18434879 0.20163510 0.21831888 0.23410455 0.24876229 0.26213702 0.27414793 0.28478057 0.29407429 0.30210795 0.30898597 0.31482629 0.31975089
male 1 2001 4  0.09809589 0.09809589 0.09809589 0.09809589 0.09809589 0.09809589 0.09809589 0.09809589 0.09809589 0.09809589 0.09809589 0.09809589 0.09809589 0.09809589 0.09809589 0.09809589 0.09809589
male 1 2001 5  0.00000000 0.00000000 0.00000000 0.00000000 0.00000000 0.00000000 0.00000000 0.00000000 0.00000000 0.00000000 0.00000000 0.00000000 0.00000000 0.00000000 0.00000000 0.00000000 0.00000000
male 1 2001 6  0.07824658 0.07824658 0.07824658 0.07824658 0.07824658 0.07824658 0.07824658 0.07824658 0.07824658 0.07824658 0.07824658 0.07824658 0.07824658 0.07824658 0.07824658 0.07824658 0.07824658
male 1 2002 1  0.00000000 0.00000000 0.00000000 0.00000000 0.00000000 0.00000000 0.00000000 0.00000000 0.00000000 0.00000000 0.00000000 0.00000000 0.00000000 0.00000000 0.00000000 0.00000000 0.00000000
male 1 2002 2  0.03279452 0.03279452 0.03279452 0.03279452 0.03279452 0.03279452 0.03279452 0.03279452 0.03279452 0.03279452 0.03279452 0.03279452 0.03279452 0.03279452 0.03279452 0.03279452 0.03279452
male 1 2002 3  0.09235622 0.10521681 0.11869524 0.13253861 0.14646478 0.16018487 0.17342675 0.18595579 0.19758960 0.20820509 0.21773812 0.22617721 0.23355361 0.23992991 0.24538897 0.25002441 0.25393306
male 1 2002 4  0.09895890 0.09895890 0.09895890 0.09895890 0.09895890 0.09895890 0.09895890 0.09895890 0.09895890 0.09895890 0.09895890 0.09895890 0.09895890 0.09895890 0.09895890 0.09895890 0.09895890
male 1 2002 5  0.00000000 0.00000000 0.00000000 0.00000000 0.00000000 0.00000000 0.00000000 0.00000000 0.00000000 0.00000000 0.00000000 0.00000000 0.00000000 0.00000000 0.00000000 0.00000000 0.00000000
male 1 2002 6  0.07824658 0.07824658 0.07824658 0.07824658 0.07824658 0.07824658 0.07824658 0.07824658 0.07824658 0.07824658 0.07824658 0.07824658 0.07824658 0.07824658 0.07824658 0.07824658 0.07824658
male 1 2003 1  0.00000000 0.00000000 0.00000000 0.00000000 0.00000000 0.00000000 0.00000000 0.00000000 0.00000000 0.00000000 0.00000000 0.00000000 0.00000000 0.00000000 0.00000000 0.00000000 0.00000000
male 1 2003 2  0.03308219 0.03308219 0.03308219 0.03308219 0.03308219 0.03308219 0.03308219 0.03308219 0.03308219 0.03308219 0.03308219 0.03308219 0.03308219 0.03308219 0.03308219 0.03308219 0.03308219
male 1 2003 3  0.09129190 0.10402509 0.11737001 0.13107625 0.14486448 0.15844866 0.17155937 0.18396430 0.19548287 0.20599320 0.21543180 0.22378730 0.23109063 0.23740377 0.24280875 0.24739828 0.25126821
male 1 2003 4  0.09867123 0.09867123 0.09867123 0.09867123 0.09867123 0.09867123 0.09867123 0.09867123 0.09867123 0.09867123 0.09867123 0.09867123 0.09867123 0.09867123 0.09867123 0.09867123 0.09867123
male 1 2003 5  0.00000000 0.00000000 0.00000000 0.00000000 0.00000000 0.00000000 0.00000000 0.00000000 0.00000000 0.00000000 0.00000000 0.00000000 0.00000000 0.00000000 0.00000000 0.00000000 0.00000000
male 1 2003 6  0.07824658 0.07824658 0.07824658 0.07824658 0.07824658 0.07824658 0.07824658 0.07824658 0.07824658 0.07824658 0.07824658 0.07824658 0.07824658 0.07824658 0.07824658 0.07824658 0.07824658
male 1 2004 1  0.00000000 0.00000000 0.00000000 0.00000000 0.00000000 0.00000000 0.00000000 0.00000000 0.00000000 0.00000000 0.00000000 0.00000000 0.00000000 0.00000000 0.00000000 0.00000000 0.00000000
male 1 2004 2  0.03020548 0.03020548 0.03020548 0.03020548 0.03020548 0.03020548 0.03020548 0.03020548 0.03020548 0.03020548 0.03020548 0.03020548 0.03020548 0.03020548 0.03020548 0.03020548 0.03020548
male 1 2004 3  0.08675131 0.09887036 0.11157163 0.12461680 0.13774000 0.15066900 0.16314735 0.17495398 0.18591699 0.19592039 0.20490375 0.21285625 0.21980733 0.22581598 0.23096027 0.23532844 0.23901171
male 1 2004 4  0.10154795 0.10154795 0.10154795 0.10154795 0.10154795 0.10154795 0.10154795 0.10154795 0.10154795 0.10154795 0.10154795 0.10154795 0.10154795 0.10154795 0.10154795 0.10154795 0.10154795
male 1 2004 5  0.00000000 0.00000000 0.00000000 0.00000000 0.00000000 0.00000000 0.00000000 0.00000000 0.00000000 0.00000000 0.00000000 0.00000000 0.00000000 0.00000000 0.00000000 0.00000000 0.00000000
male 1 2004 6  0.07824658 0.07824658 0.07824658 0.07824658 0.07824658 0.07824658 0.07824658 0.07824658 0.07824658 0.07824658 0.07824658 0.07824658 0.07824658 0.07824658 0.07824658 0.07824658 0.07824658
male 1 2005 1  0.00000000 0.00000000 0.00000000 0.00000000 0.00000000 0.00000000 0.00000000 0.00000000 0.00000000 0.00000000 0.00000000 0.00000000 0.00000000 0.00000000 0.00000000 0.00000000 0.00000000
male 1 2005 2  0.09090411 0.09090411 0.09090411 0.09090411 0.09090411 0.09090411 0.09090411 0.09090411 0.09090411 0.09090411 0.09090411 0.09090411 0.09090411 0.09090411 0.09090411 0.09090411 0.09090411
male 1 2005 3  0.00517416 0.00905506 0.01583454 0.02731249 0.04575245 0.07301895 0.10876536 0.14889983 0.18682231 0.21724365 0.23860028 0.25222812 0.26040171 0.26512299 0.26779104 0.26928016 0.27010551
male 1 2005 4  0.04084932 0.04084932 0.04084932 0.04084932 0.04084932 0.04084932 0.04084932 0.04084932 0.04084932 0.04084932 0.04084932 0.04084932 0.04084932 0.04084932 0.04084932 0.04084932 0.04084932
male 1 2005 5  0.00000000 0.00000000 0.00000000 0.00000000 0.00000000 0.00000000 0.00000000 0.00000000 0.00000000 0.00000000 0.00000000 0.00000000 0.00000000 0.00000000 0.00000000 0.00000000 0.00000000
male 1 2005 6  0.07824658 0.07824658 0.07824658 0.07824658 0.07824658 0.07824658 0.07824658 0.07824658 0.07824658 0.07824658 0.07824658 0.07824658 0.07824658 0.07824658 0.07824658 0.07824658 0.07824658
male 1 2006 1  0.00000000 0.00000000 0.00000000 0.00000000 0.00000000 0.00000000 0.00000000 0.00000000 0.00000000 0.00000000 0.00000000 0.00000000 0.00000000 0.00000000 0.00000000 0.00000000 0.00000000
male 1 2006 2  0.06961644 0.06961644 0.06961644 0.06961644 0.06961644 0.06961644 0.06961644 0.06961644 0.06961644 0.06961644 0.06961644 0.06961644 0.06961644 0.06961644 0.06961644 0.06961644 0.06961644
male 1 2006 3  0.00594114 0.01026727 0.01782449 0.03061920 0.05117459 0.08156913 0.12141639 0.16615511 0.20842808 0.24233938 0.26614605 0.28133728 0.29044855 0.29571146 0.29868559 0.30034554 0.30126558
male 1 2006 4  0.06213699 0.06213699 0.06213699 0.06213699 0.06213699 0.06213699 0.06213699 0.06213699 0.06213699 0.06213699 0.06213699 0.06213699 0.06213699 0.06213699 0.06213699 0.06213699 0.06213699
male 1 2006 5  0.00000000 0.00000000 0.00000000 0.00000000 0.00000000 0.00000000 0.00000000 0.00000000 0.00000000 0.00000000 0.00000000 0.00000000 0.00000000 0.00000000 0.00000000 0.00000000 0.00000000
male 1 2006 6  0.07824658 0.07824658 0.07824658 0.07824658 0.07824658 0.07824658 0.07824658 0.07824658 0.07824658 0.07824658 0.07824658 0.07824658 0.07824658 0.07824658 0.07824658 0.07824658 0.07824658
male 1 2007 1  0.00000000 0.00000000 0.00000000 0.00000000 0.00000000 0.00000000 0.00000000 0.00000000 0.00000000 0.00000000 0.00000000 0.00000000 0.00000000 0.00000000 0.00000000 0.00000000 0.00000000
male 1 2007 2  0.07738356 0.07738356 0.07738356 0.07738356 0.07738356 0.07738356 0.07738356 0.07738356 0.07738356 0.07738356 0.07738356 0.07738356 0.07738356 0.07738356 0.07738356 0.07738356 0.07738356
male 1 2007 3  0.00549276 0.00962017 0.01683028 0.02903730 0.04864854 0.07764699 0.11566398 0.15834776 0.19867904 0.23103272 0.25374590 0.26823937 0.27693213 0.28195330 0.28479083 0.28637454 0.28725231
male 1 2007 4  0.05436986 0.05436986 0.05436986 0.05436986 0.05436986 0.05436986 0.05436986 0.05436986 0.05436986 0.05436986 0.05436986 0.05436986 0.05436986 0.05436986 0.05436986 0.05436986 0.05436986
male 1 2007 5  0.00000000 0.00000000 0.00000000 0.00000000 0.00000000 0.00000000 0.00000000 0.00000000 0.00000000 0.00000000 0.00000000 0.00000000 0.00000000 0.00000000 0.00000000 0.00000000 0.00000000
male 1 2007 6  0.07824658 0.07824658 0.07824658 0.07824658 0.07824658 0.07824658 0.07824658 0.07824658 0.07824658 0.07824658 0.07824658 0.07824658 0.07824658 0.07824658 0.07824658 0.07824658 0.07824658
male 1 2008 1  0.00000000 0.00000000 0.00000000 0.00000000 0.00000000 0.00000000 0.00000000 0.00000000 0.00000000 0.00000000 0.00000000 0.00000000 0.00000000 0.00000000 0.00000000 0.00000000 0.00000000
male 1 2008 2  0.06357534 0.06357534 0.06357534 0.06357534 0.06357534 0.06357534 0.06357534 0.06357534 0.06357534 0.06357534 0.06357534 0.06357534 0.06357534 0.06357534 0.06357534 0.06357534 0.06357534
male 1 2008 3  0.00594114 0.01016478 0.01754296 0.03003455 0.05010297 0.07977743 0.11868067 0.16235949 0.20363097 0.23673888 0.25998155 0.27481289 0.28370830 0.28884653 0.29175020 0.29337083 0.29426907
male 1 2008 4  0.06817808 0.06817808 0.06817808 0.06817808 0.06817808 0.06817808 0.06817808 0.06817808 0.06817808 0.06817808 0.06817808 0.06817808 0.06817808 0.06817808 0.06817808 0.06817808 0.06817808
male 1 2008 5  0.00000000 0.00000000 0.00000000 0.00000000 0.00000000 0.00000000 0.00000000 0.00000000 0.00000000 0.00000000 0.00000000 0.00000000 0.00000000 0.00000000 0.00000000 0.00000000 0.00000000
male 1 2008 6  0.07824658 0.07824658 0.07824658 0.07824658 0.07824658 0.07824658 0.07824658 0.07824658 0.07824658 0.07824658 0.07824658 0.07824658 0.07824658 0.07824658 0.07824658 0.07824658 0.07824658
male 1 2009 1  0.00000000 0.00000000 0.00000000 0.00000000 0.00000000 0.00000000 0.00000000 0.00000000 0.00000000 0.00000000 0.00000000 0.00000000 0.00000000 0.00000000 0.00000000 0.00000000 0.00000000
male 1 2009 2  0.06875342 0.06875342 0.06875342 0.06875342 0.06875342 0.06875342 0.06875342 0.06875342 0.06875342 0.06875342 0.06875342 0.06875342 0.06875342 0.06875342 0.06875342 0.06875342 0.06875342
male 1 2009 3  0.00573502 0.01004968 0.01758686 0.03034765 0.05084855 0.08116249 0.12090410 0.16552421 0.20768510 0.24150648 0.26525004 0.28040099 0.28948810 0.29473706 0.29770331 0.29935886 0.30027646
male 1 2009 4  0.06300000 0.06300000 0.06300000 0.06300000 0.06300000 0.06300000 0.06300000 0.06300000 0.06300000 0.06300000 0.06300000 0.06300000 0.06300000 0.06300000 0.06300000 0.06300000 0.06300000
male 1 2009 5  0.00000000 0.00000000 0.00000000 0.00000000 0.00000000 0.00000000 0.00000000 0.00000000 0.00000000 0.00000000 0.00000000 0.00000000 0.00000000 0.00000000 0.00000000 0.00000000 0.00000000
male 1 2009 6  0.07824658 0.07824658 0.07824658 0.07824658 0.07824658 0.07824658 0.07824658 0.07824658 0.07824658 0.07824658 0.07824658 0.07824658 0.07824658 0.07824658 0.07824658 0.07824658 0.07824658
male 1 2010 1  0.00000000 0.00000000 0.00000000 0.00000000 0.00000000 0.00000000 0.00000000 0.00000000 0.00000000 0.00000000 0.00000000 0.00000000 0.00000000 0.00000000 0.00000000 0.00000000 0.00000000
male 1 2010 2  0.06156164 0.06156164 0.06156164 0.06156164 0.06156164 0.06156164 0.06156164 0.06156164 0.06156164 0.06156164 0.06156164 0.06156164 0.06156164 0.06156164 0.06156164 0.06156164 0.06156164
male 1 2010 3  0.00608774 0.01020473 0.01739662 0.02957281 0.04913452 0.07805972 0.11598069 0.15855666 0.19878607 0.23105803 0.25371384 0.26817070 0.27684151 0.28185000 0.28468036 0.28626006 0.28713562
male 1 2010 4  0.07019178 0.07019178 0.07019178 0.07019178 0.07019178 0.07019178 0.07019178 0.07019178 0.07019178 0.07019178 0.07019178 0.07019178 0.07019178 0.07019178 0.07019178 0.07019178 0.07019178
male 1 2010 5  0.00000000 0.00000000 0.00000000 0.00000000 0.00000000 0.00000000 0.00000000 0.00000000 0.00000000 0.00000000 0.00000000 0.00000000 0.00000000 0.00000000 0.00000000 0.00000000 0.00000000
male 1 2010 6  0.07824658 0.07824658 0.07824658 0.07824658 0.07824658 0.07824658 0.07824658 0.07824658 0.07824658 0.07824658 0.07824658 0.07824658 0.07824658 0.07824658 0.07824658 0.07824658 0.07824658
male 1 2011 1  0.00000000 0.00000000 0.00000000 0.00000000 0.00000000 0.00000000 0.00000000 0.00000000 0.00000000 0.00000000 0.00000000 0.00000000 0.00000000 0.00000000 0.00000000 0.00000000 0.00000000
male 1 2011 2  0.05523288 0.05523288 0.05523288 0.05523288 0.05523288 0.05523288 0.05523288 0.05523288 0.05523288 0.05523288 0.05523288 0.05523288 0.05523288 0.05523288 0.05523288 0.05523288 0.05523288
male 1 2011 3  0.00597007 0.01009418 0.01729850 0.02949574 0.04909126 0.07806647 0.11605298 0.15870255 0.19900150 0.23132924 0.25402422 0.26850607 0.27719187 0.28220901 0.28504427 0.28662670 0.28750378
male 1 2011 4  0.07652055 0.07652055 0.07652055 0.07652055 0.07652055 0.07652055 0.07652055 0.07652055 0.07652055 0.07652055 0.07652055 0.07652055 0.07652055 0.07652055 0.07652055 0.07652055 0.07652055
male 1 2011 5  0.00000000 0.00000000 0.00000000 0.00000000 0.00000000 0.00000000 0.00000000 0.00000000 0.00000000 0.00000000 0.00000000 0.00000000 0.00000000 0.00000000 0.00000000 0.00000000 0.00000000
male 1 2011 6  0.07824658 0.07824658 0.07824658 0.07824658 0.07824658 0.07824658 0.07824658 0.07824658 0.07824658 0.07824658 0.07824658 0.07824658 0.07824658 0.07824658 0.07824658 0.07824658 0.07824658
male 1 2012 1  0.00000000 0.00000000 0.00000000 0.00000000 0.00000000 0.00000000 0.00000000 0.00000000 0.00000000 0.00000000 0.00000000 0.00000000 0.00000000 0.00000000 0.00000000 0.00000000 0.00000000
male 1 2012 2  0.05782192 0.05782192 0.05782192 0.05782192 0.05782192 0.05782192 0.05782192 0.05782192 0.05782192 0.05782192 0.05782192 0.05782192 0.05782192 0.05782192 0.05782192 0.05782192 0.05782192
male 1 2012 3  0.00645520 0.01083076 0.01847434 0.03141527 0.05220557 0.08294744 0.12325006 0.16850005 0.21125610 0.24555493 0.26963366 0.28499849 0.29421388 0.29953693 0.30254505 0.30422397 0.30515452
male 1 2012 4  0.07393151 0.07393151 0.07393151 0.07393151 0.07393151 0.07393151 0.07393151 0.07393151 0.07393151 0.07393151 0.07393151 0.07393151 0.07393151 0.07393151 0.07393151 0.07393151 0.07393151
male 1 2012 5  0.00000000 0.00000000 0.00000000 0.00000000 0.00000000 0.00000000 0.00000000 0.00000000 0.00000000 0.00000000 0.00000000 0.00000000 0.00000000 0.00000000 0.00000000 0.00000000 0.00000000
male 1 2012 6  0.07824658 0.07824658 0.07824658 0.07824658 0.07824658 0.07824658 0.07824658 0.07824658 0.07824658 0.07824658 0.07824658 0.07824658 0.07824658 0.07824658 0.07824658 0.07824658 0.07824658
male 1 2013 1  0.00000000 0.00000000 0.00000000 0.00000000 0.00000000 0.00000000 0.00000000 0.00000000 0.00000000 0.00000000 0.00000000 0.00000000 0.00000000 0.00000000 0.00000000 0.00000000 0.00000000
male 1 2013 2  0.05724658 0.05724658 0.05724658 0.05724658 0.05724658 0.05724658 0.05724658 0.05724658 0.05724658 0.05724658 0.05724658 0.05724658 0.05724658 0.05724658 0.05724658 0.05724658 0.05724658
male 1 2013 3  0.00647259 0.01120700 0.01947745 0.03347970 0.05597506 0.08923816 0.13284610 0.18180715 0.22806974 0.26518149 0.29123498 0.30785993 0.31783109 0.32359070 0.32684553 0.32866214 0.32966901
male 1 2013 4  0.07450685 0.07450685 0.07450685 0.07450685 0.07450685 0.07450685 0.07450685 0.07450685 0.07450685 0.07450685 0.07450685 0.07450685 0.07450685 0.07450685 0.07450685 0.07450685 0.07450685
male 1 2013 5  0.00000000 0.00000000 0.00000000 0.00000000 0.00000000 0.00000000 0.00000000 0.00000000 0.00000000 0.00000000 0.00000000 0.00000000 0.00000000 0.00000000 0.00000000 0.00000000 0.00000000
male 1 2013 6  0.07824658 0.07824658 0.07824658 0.07824658 0.07824658 0.07824658 0.07824658 0.07824658 0.07824658 0.07824658 0.07824658 0.07824658 0.07824658 0.07824658 0.07824658 0.07824658 0.07824658
male 1 2014 1  0.00000000 0.00000000 0.00000000 0.00000000 0.00000000 0.00000000 0.00000000 0.00000000 0.00000000 0.00000000 0.00000000 0.00000000 0.00000000 0.00000000 0.00000000 0.00000000 0.00000000
male 1 2014 2  0.05206849 0.05206849 0.05206849 0.05206849 0.05206849 0.05206849 0.05206849 0.05206849 0.05206849 0.05206849 0.05206849 0.05206849 0.05206849 0.05206849 0.05206849 0.05206849 0.05206849
male 1 2014 3  0.00687228 0.01195055 0.02082168 0.03584090 0.05997008 0.09564906 0.14242422 0.19494128 0.24456389 0.28437105 0.31231679 0.33014919 0.34084455 0.34702248 0.35051370 0.35246225 0.35354225
male 1 2014 4  0.07968493 0.07968493 0.07968493 0.07968493 0.07968493 0.07968493 0.07968493 0.07968493 0.07968493 0.07968493 0.07968493 0.07968493 0.07968493 0.07968493 0.07968493 0.07968493 0.07968493
male 1 2014 5  0.00000000 0.00000000 0.00000000 0.00000000 0.00000000 0.00000000 0.00000000 0.00000000 0.00000000 0.00000000 0.00000000 0.00000000 0.00000000 0.00000000 0.00000000 0.00000000 0.00000000
male 1 2014 6  0.07824658 0.07824658 0.07824658 0.07824658 0.07824658 0.07824658 0.07824658 0.07824658 0.07824658 0.07824658 0.07824658 0.07824658 0.07824658 0.07824658 0.07824658 0.07824658 0.07824658
male 1 2015 1  0.00000000 0.00000000 0.00000000 0.00000000 0.00000000 0.00000000 0.00000000 0.00000000 0.00000000 0.00000000 0.00000000 0.00000000 0.00000000 0.00000000 0.00000000 0.00000000 0.00000000
male 1 2015 2  0.04804110 0.04804110 0.04804110 0.04804110 0.04804110 0.04804110 0.04804110 0.04804110 0.04804110 0.04804110 0.04804110 0.04804110 0.04804110 0.04804110 0.04804110 0.04804110 0.04804110
male 1 2015 3  0.00780970 0.01384334 0.02438338 0.04222813 0.07089670 0.11328790 0.16886278 0.23125979 0.29021781 0.33751383 0.37071694 0.39190413 0.40461159 0.41195176 0.41609978 0.41841491 0.41969808
male 1 2015 4  0.08371233 0.08371233 0.08371233 0.08371233 0.08371233 0.08371233 0.08371233 0.08371233 0.08371233 0.08371233 0.08371233 0.08371233 0.08371233 0.08371233 0.08371233 0.08371233 0.08371233
male 1 2015 5  0.00000000 0.00000000 0.00000000 0.00000000 0.00000000 0.00000000 0.00000000 0.00000000 0.00000000 0.00000000 0.00000000 0.00000000 0.00000000 0.00000000 0.00000000 0.00000000 0.00000000
male 1 2015 6  0.07824658 0.07824658 0.07824658 0.07824658 0.07824658 0.07824658 0.07824658 0.07824658 0.07824658 0.07824658 0.07824658 0.07824658 0.07824658 0.07824658 0.07824658 0.07824658 0.07824658
male 1 2016 1  0.00000000 0.00000000 0.00000000 0.00000000 0.00000000 0.00000000 0.00000000 0.00000000 0.00000000 0.00000000 0.00000000 0.00000000 0.00000000 0.00000000 0.00000000 0.00000000 0.00000000
male 1 2016 2  0.08831507 0.08831507 0.08831507 0.08831507 0.08831507 0.08831507 0.08831507 0.08831507 0.08831507 0.08831507 0.08831507 0.08831507 0.08831507 0.08831507 0.08831507 0.08831507 0.08831507
male 1 2016 3  0.00848296 0.01508843 0.02662740 0.04616338 0.07754899 0.12395777 0.18479972 0.25311036 0.31765608 0.36943453 0.40578445 0.42897963 0.44289143 0.45092726 0.45546841 0.45800295 0.45940773
male 1 2016 4  0.04343836 0.04343836 0.04343836 0.04343836 0.04343836 0.04343836 0.04343836 0.04343836 0.04343836 0.04343836 0.04343836 0.04343836 0.04343836 0.04343836 0.04343836 0.04343836 0.04343836
male 1 2016 5  0.00000000 0.00000000 0.00000000 0.00000000 0.00000000 0.00000000 0.00000000 0.00000000 0.00000000 0.00000000 0.00000000 0.00000000 0.00000000 0.00000000 0.00000000 0.00000000 0.00000000
male 1 2016 6  0.07824658 0.07824658 0.07824658 0.07824658 0.07824658 0.07824658 0.07824658 0.07824658 0.07824658 0.07824658 0.07824658 0.07824658 0.07824658 0.07824658 0.07824658 0.07824658 0.07824658
male 1 2017 1  0.00000000 0.00000000 0.00000000 0.00000000 0.00000000 0.00000000 0.00000000 0.00000000 0.00000000 0.00000000 0.00000000 0.00000000 0.00000000 0.00000000 0.00000000 0.00000000 0.00000000
male 1 2017 2  0.08601370 0.08601370 0.08601370 0.08601370 0.08601370 0.08601370 0.08601370 0.08601370 0.08601370 0.08601370 0.08601370 0.08601370 0.08601370 0.08601370 0.08601370 0.08601370 0.08601370
male 1 2017 3  0.00824291 0.01459562 0.02569304 0.04448147 0.07466609 0.11929902 0.17781283 0.24350952 0.30558536 0.35538249 0.39034146 0.41264906 0.42602852 0.43375686 0.43812423 0.44056179 0.44191282
male 1 2017 4  0.04573973 0.04573973 0.04573973 0.04573973 0.04573973 0.04573973 0.04573973 0.04573973 0.04573973 0.04573973 0.04573973 0.04573973 0.04573973 0.04573973 0.04573973 0.04573973 0.04573973
male 1 2017 5  0.00000000 0.00000000 0.00000000 0.00000000 0.00000000 0.00000000 0.00000000 0.00000000 0.00000000 0.00000000 0.00000000 0.00000000 0.00000000 0.00000000 0.00000000 0.00000000 0.00000000
male 1 2017 6  0.07824658 0.07824658 0.07824658 0.07824658 0.07824658 0.07824658 0.07824658 0.07824658 0.07824658 0.07824658 0.07824658 0.07824658 0.07824658 0.07824658 0.07824658 0.07824658 0.07824658
male 1 2018 1  0.00000000 0.00000000 0.00000000 0.00000000 0.00000000 0.00000000 0.00000000 0.00000000 0.00000000 0.00000000 0.00000000 0.00000000 0.00000000 0.00000000 0.00000000 0.00000000 0.00000000
male 1 2018 2  0.07335616 0.07335616 0.07335616 0.07335616 0.07335616 0.07335616 0.07335616 0.07335616 0.07335616 0.07335616 0.07335616 0.07335616 0.07335616 0.07335616 0.07335616 0.07335616 0.07335616
male 1 2018 3  0.00885776 0.01569985 0.02765217 0.04788797 0.08039789 0.12846914 0.19149059 0.26224828 0.32910617 0.38273945 0.42039150 0.44441759 0.45882775 0.46715144 0.47185526 0.47448059 0.47593570
male 1 2018 4  0.05839726 0.05839726 0.05839726 0.05839726 0.05839726 0.05839726 0.05839726 0.05839726 0.05839726 0.05839726 0.05839726 0.05839726 0.05839726 0.05839726 0.05839726 0.05839726 0.05839726
male 1 2018 5  0.00000000 0.00000000 0.00000000 0.00000000 0.00000000 0.00000000 0.00000000 0.00000000 0.00000000 0.00000000 0.00000000 0.00000000 0.00000000 0.00000000 0.00000000 0.00000000 0.00000000
male 1 2018 6  0.07824658 0.07824658 0.07824658 0.07824658 0.07824658 0.07824658 0.07824658 0.07824658 0.07824658 0.07824658 0.07824658 0.07824658 0.07824658 0.07824658 0.07824658 0.07824658 0.07824658
male 1 2019 1  0.00000000 0.00000000 0.00000000 0.00000000 0.00000000 0.00000000 0.00000000 0.00000000 0.00000000 0.00000000 0.00000000 0.00000000 0.00000000 0.00000000 0.00000000 0.00000000 0.00000000
male 1 2019 2  0.06875342 0.06875342 0.06875342 0.06875342 0.06875342 0.06875342 0.06875342 0.06875342 0.06875342 0.06875342 0.06875342 0.06875342 0.06875342 0.06875342 0.06875342 0.06875342 0.06875342
male 1 2019 3  0.00947387 0.01658784 0.02901509 0.05005497 0.08385669 0.13383809 0.19936374 0.27293303 0.34244756 0.39821199 0.43736018 0.46234096 0.47732371 0.48597815 0.49086888 0.49359853 0.49511146
male 1 2019 4  0.06300000 0.06300000 0.06300000 0.06300000 0.06300000 0.06300000 0.06300000 0.06300000 0.06300000 0.06300000 0.06300000 0.06300000 0.06300000 0.06300000 0.06300000 0.06300000 0.06300000
male 1 2019 5  0.00000000 0.00000000 0.00000000 0.00000000 0.00000000 0.00000000 0.00000000 0.00000000 0.00000000 0.00000000 0.00000000 0.00000000 0.00000000 0.00000000 0.00000000 0.00000000 0.00000000
male 1 2019 6  0.07824658 0.07824658 0.07824658 0.07824658 0.07824658 0.07824658 0.07824658 0.07824658 0.07824658 0.07824658 0.07824658 0.07824658 0.07824658 0.07824658 0.07824658 0.07824658 0.07824658
male 1 2020 1  0.00000000 0.00000000 0.00000000 0.00000000 0.00000000 0.00000000 0.00000000 0.00000000 0.00000000 0.00000000 0.00000000 0.00000000 0.00000000 0.00000000 0.00000000 0.00000000 0.00000000
male 1 2020 2  0.07680822 0.07680822 0.07680822 0.07680822 0.07680822 0.07680822 0.07680822 0.07680822 0.07680822 0.07680822 0.07680822 0.07680822 0.07680822 0.07680822 0.07680822 0.07680822 0.07680822
male 1 2020 3  0.00690240 0.01230097 0.02173161 0.03769811 0.06334916 0.10127845 0.15100378 0.20683317 0.25958554 0.30190339 0.33161170 0.35056882 0.36193875 0.36850632 0.37221774 0.37428919 0.37543731
male 1 2020 4  0.05494521 0.05494521 0.05494521 0.05494521 0.05494521 0.05494521 0.05494521 0.05494521 0.05494521 0.05494521 0.05494521 0.05494521 0.05494521 0.05494521 0.05494521 0.05494521 0.05494521
male 1 2020 5  0.00000000 0.00000000 0.00000000 0.00000000 0.00000000 0.00000000 0.00000000 0.00000000 0.00000000 0.00000000 0.00000000 0.00000000 0.00000000 0.00000000 0.00000000 0.00000000 0.00000000
male 1 2020 6  0.07824658 0.07824658 0.07824658 0.07824658 0.07824658 0.07824658 0.07824658 0.07824658 0.07824658 0.07824658 0.07824658 0.07824658 0.07824658 0.07824658 0.07824658 0.07824658 0.07824658
male 1 2021 1  0.00000000 0.00000000 0.00000000 0.00000000 0.00000000 0.00000000 0.00000000 0.00000000 0.00000000 0.00000000 0.00000000 0.00000000 0.00000000 0.00000000 0.00000000 0.00000000 0.00000000
male 1 2021 2  0.06184932 0.06184932 0.06184932 0.06184932 0.06184932 0.06184932 0.06184932 0.06184932 0.06184932 0.06184932 0.06184932 0.06184932 0.06184932 0.06184932 0.06184932 0.06184932 0.06184932
male 1 2021 3  0.00658702 0.01160364 0.02036708 0.03520397 0.05904025 0.09428609 0.14049343 0.19237297 0.24139318 0.28071711 0.30832360 0.32593953 0.33650505 0.34260798 0.34605683 0.34798172 0.34904861
male 1 2021 4  0.06990411 0.06990411 0.06990411 0.06990411 0.06990411 0.06990411 0.06990411 0.06990411 0.06990411 0.06990411 0.06990411 0.06990411 0.06990411 0.06990411 0.06990411 0.06990411 0.06990411
male 1 2021 5  0.00000000 0.00000000 0.00000000 0.00000000 0.00000000 0.00000000 0.00000000 0.00000000 0.00000000 0.00000000 0.00000000 0.00000000 0.00000000 0.00000000 0.00000000 0.00000000 0.00000000
male 1 2021 6  0.07824658 0.07824658 0.07824658 0.07824658 0.07824658 0.07824658 0.07824658 0.07824658 0.07824658 0.07824658 0.07824658 0.07824658 0.07824658 0.07824658 0.07824658 0.07824658 0.07824658

#--------------------------------------------------------------------------------------------
# Numbers-at-size

# N(total)
#Year 1 2 3 4 5 6 7 8 9 10 11 12 13 14 15 16 17 
1960  582.36510082 643.03854404 705.99600236 901.93471700 1025.82923584 747.44739261 922.20762308 997.19865806 974.47743975 1051.82974303 1087.51716801 1044.35368760 951.15397761 778.00036018 558.73491848 347.36424106 303.86533796
1961  519.11957414 574.92194353 641.62665528 847.96728578 985.29240146 747.44739261 922.20762308 997.19865806 974.47743975 1051.82974303 1087.51716801 1044.35368760 951.15397761 778.00036018 558.73491848 347.36424106 303.86533796
1962  517.01492121 571.02399496 628.10706804 807.26937791 927.13676468 697.41714180 882.92637585 975.41916403 969.33528110 1051.51719609 1087.51343345 1044.35367977 951.15397761 778.00036018 558.73491848 347.36424106 303.86533796
1963  516.96210442 570.83029267 626.81868459 801.41146599 913.52459104 672.58896155 842.86271576 931.82407484 937.32365996 1032.79975697 1079.57278690 1042.42225217 950.92294723 777.98825217 558.73465281 347.36423878 303.86533795
1964  516.80432546 570.65207688 626.55616057 800.59176080 910.98948450 665.61271963 826.34190714 905.13431801 905.49420223 1002.12203927 1057.81386050 1031.43350825 946.73053365 776.81443955 558.52079435 347.34127874 303.86392475
1965  516.38422024 570.19512725 626.09260791 800.06111661 910.18330120 663.84045369 820.81983768 892.95208307 885.33347333 975.80936422 1032.58434165 1013.44240533 936.77600357 772.67208450 557.26095161 347.05660617 303.81030585
1966  515.58858426 569.32715033 625.20455970 799.10441114 909.20518784 663.08758003 818.83422224 887.81986614 874.53380420 957.92446433 1010.96153397 993.89404184 923.13914908 765.49403827 554.41833259 346.19494361 303.57321046
1967  514.27761488 567.89413170 623.72127743 797.46423457 907.55824156 662.21161415 817.57602999 885.34530203 868.97144910 946.90683394 994.85849156 976.34586035 908.53345592 756.34452330 550.07254318 344.60721061 303.01835545
1968  512.28083574 565.70868515 621.44197222 794.89360607 904.93838649 660.82246738 816.02904837 883.47676730 865.78428031 940.22850067 983.61999293 962.10071868 894.83062702 746.46379239 544.66826671 342.33646442 302.06821860
1969  509.40081479 562.55358463 618.13298478 791.10751271 901.02910478 658.67164884 813.72147750 881.25032506 863.32019755 935.84014580 975.84593985 951.10486362 882.91864713 736.80158747 538.73325619 339.54414831 300.71454005
1970  505.42184932 558.19119010 613.53680203 785.78698373 895.47718902 655.51352062 810.31175815 878.11790727 860.63096091 932.32157170 970.16296246 942.70801949 872.98048971 727.91600647 532.71611670 336.43099319 299.00311704
1971  500.12965947 552.38488550 607.39367678 778.60089770 887.90872079 651.08256484 805.47035353 873.66461546 857.10799365 928.70593837 965.43791230 936.08774396 864.79030899 720.03022216 526.92656165 333.18351317 297.01050341
1972  493.34409610 544.93482514 599.47857820 769.24659081 877.96866372 645.10592686 798.86181458 867.51015754 852.28810206 924.29531198 960.77445777 930.43687201 857.92152961 713.12788448 521.53317197 329.94667782 294.82292823
1973  484.96166334 535.72460119 589.65062930 757.50773208 865.38131043 637.33605448 790.16926255 859.29541769 845.77125841 918.53874747 955.45320325 925.02518073 851.86888005 707.03858920 516.58535505 326.81480822 292.52093779
1974  475.01203170 524.78325001 577.91873710 743.33120153 850.03139312 627.59816147 779.14346690 848.71353845 837.20622103 910.97393871 948.87859849 919.20781820 846.11197124 701.50084266 512.04117401 323.83284333 290.16984926
1975  463.71587663 512.34906067 564.51123548 726.91452019 832.06090979 615.85412383 765.67281526 835.56993377 826.31854398 901.21927697 940.55328485 912.42064041 840.14694651 696.20478475 507.79308103 321.00249985 287.81484754
1976  451.53818625 498.92855677 549.94135543 708.79131885 811.96720952 602.27390480 749.86691063 819.86299139 812.96855772 889.00508644 930.08409805 904.18257314 833.50557956 690.82151216 503.68945890 318.29020622 285.47938377
1977  439.23774568 485.35124620 535.06802189 689.91097322 790.69530587 587.30555158 732.14282791 801.87400088 797.22793381 874.23370321 917.21768383 894.11428634 825.77457600 685.02616120 499.55274651 315.63542363 283.16580299
1978  427.92284234 472.83096670 521.16223527 671.72089556 769.73002805 571.74101860 713.30799660 782.25734155 779.46398050 857.05711555 901.89933865 881.97542358 816.62241747 678.52064026 495.19607391 312.95907282 280.85751566
1979  419.17345642 463.09899217 510.04218262 656.30907803 751.23554228 556.78518239 694.64404647 762.13023929 760.42543863 837.96271639 884.34704871 867.71803764 805.83660152 671.05992878 490.44044111 310.17237846 278.52238433
1980  415.35467227 458.74481027 504.41500786 646.75111009 738.37816055 544.17927725 678.03464231 743.18798829 741.33600010 817.86406233 865.13491028 851.55223472 793.37108598 662.48385948 485.13400065 307.18664287 276.11725224
1981  420.00111476 463.63841407 508.32617447 647.64021598 735.87888637 536.50044872 666.25396453 727.93182065 724.03910146 798.21601248 845.29160568 834.02310841 779.40296513 652.75494719 479.17437072 303.92441431 273.59368116
1982  436.54885620 481.53053592 525.66124343 663.25809886 747.82697784 535.28999984 659.56575145 712.05365458 698.59934897 762.01896695 801.05150977 787.88795811 736.44548249 617.68734097 454.14785886 288.39033278 259.91827087
1983  463.10346351 510.47460846 555.15684524 694.32587705 776.62557125 544.26751255 661.71426161 698.23469512 665.39742976 706.15000960 724.81604285 701.78121468 651.12746968 544.44081765 399.81062457 253.74663218 228.66945744
1984  491.27451792 541.45425092 588.39069262 734.24980596 818.50354814 566.80357189 679.89062767 700.84141707 645.56046968 659.81653060 652.13519690 612.45938139 557.67676983 461.39948942 336.94351348 213.23035647 191.83290350
1985  465.21399573 514.06606690 566.77546592 729.39004976 828.81878984 595.03979525 707.86281530 715.99166411 638.81199078 625.79078816 588.73511563 527.94494155 464.83319575 376.22604681 271.14333375 170.32897825 152.49404755
1986  320.10163396 356.97506904 413.71093894 587.72327792 710.95948403 576.81012300 696.92353953 701.98039972 613.97202908 572.70426220 502.38229154 420.23530740 350.19992568 272.26410661 190.95734397 117.95424634 104.30194935
1987  481.61340107 527.15888367 551.64258907 634.20102616 678.28222926 449.71335521 583.21031554 613.20442065 553.73134013 505.39006148 414.43476995 319.55060934 246.59795677 179.78257032 120.28284887 72.04665243 62.19400134
1988  1226.76477814 1333.59521146 1336.67613962 1357.71366589 1272.51044148 523.58017507 595.63444093 574.75598575 494.76854078 456.70243145 377.59766940 282.96181961 204.89335320 138.56796112 86.92894834 49.76689716 41.38849614
1989  377.08637873 436.21485957 597.60139967 1065.84795642 1364.78141206 1098.10177245 1057.41535446 819.75036396 514.29684718 380.14942012 281.44091845 195.73354919 133.72380101 84.55171567 49.20055545 26.34138414 20.52969833
1990  703.93759634 768.21664931 792.30021383 887.44726757 956.18208248 675.76858040 904.57227356 886.42997782 673.53115287 445.12513026 238.67498237 119.44587505 66.24182253 36.95639227 19.42164140 9.51431677 6.73112090
1991  717.30238001 790.12883239 855.60223835 1054.22779029 1148.44137460 739.74138155 837.09069981 784.70023718 641.61664576 516.86986523 335.49695975 178.52122983 85.55412939 37.30586567 15.70323782 6.62758616 4.11908554
1992  625.22943615 691.43947572 766.37104822 995.83805611 1131.15004986 800.72529292 907.87148583 827.48100904 632.05507640 487.51957041 321.52978328 182.23548551 93.37023985 40.71414539 15.31640338 5.31710512 2.56163997
1993  521.20023804 577.13395188 644.75357768 854.13347291 990.83416300 746.03435251 881.25879451 826.98892269 645.63861091 492.54621695 315.56279510 174.81959994 89.55861140 39.49780966 14.74919289 4.80968422 1.89655901
1994  553.30155663 609.49732509 661.26726790 824.75427147 925.92310034 664.11942391 815.59285831 809.95215865 679.22209193 556.27995795 380.17244020 220.21072089 114.56210925 50.60358531 18.82446658 6.03473419 2.17631260
1995  570.18680151 628.15734453 681.51574314 847.19073093 939.76128573 644.49321930 762.60816001 736.90772377 613.39009809 513.66347492 363.36869363 219.52604168 118.90238430 54.20343752 20.54148279 6.58856442 2.28171271
1996  419.09286038 465.65946968 529.56674090 724.50631173 850.61477097 646.18628697 748.19439237 698.14732798 554.58751741 445.58755244 306.64960872 184.47625301 101.81158526 47.69903168 18.56933238 6.07317364 2.10389245
1997  678.91512542 742.09918223 770.02567333 864.61906888 900.76392630 548.98665558 681.25459894 675.39390617 563.50684347 459.68085983 316.66800093 189.73971638 104.42760084 49.20141843 19.46163936 6.50796107 2.30704475
1998  661.19448932 729.26197265 795.27625169 994.61559812 1091.37839214 703.16312661 767.85056537 695.42780396 544.50208761 450.82371575 324.73186648 201.01187383 112.12826284 53.12685916 21.15468261 7.14720825 2.57728879
1999  612.64863168 676.91354781 746.34606382 960.25822171 1087.59193222 768.10813007 879.16784542 814.57834405 625.70741642 492.67755091 343.66361491 210.99331220 119.48046283 57.97973534 23.55821568 8.06973486 2.95030707
2000  683.95786487 752.66132277 811.49074882 996.41860531 1101.33682236 753.18691693 898.18638206 873.65280462 710.66625361 580.05737383 409.68164418 249.98640774 139.98569416 67.83417981 27.80871701 9.67582367 3.61670077
2001  419.91691882 470.09214515 555.19211957 812.81885633 990.90038251 801.18263148 936.42382029 909.76009019 754.74966658 642.98958034 476.17235832 301.63254089 172.15439208 84.03556065 34.55746504 12.07862833 4.57192911
2002  529.94973222 582.15236619 622.27219820 754.73629871 845.38931681 624.76645416 821.42868613 876.46834083 788.70549969 700.35344935 535.23758059 351.97970263 208.19467329 104.63577096 43.93997338 15.56372706 5.96161636
2003  414.73574856 460.58527354 521.54523747 707.17755740 827.64393852 629.98449158 761.13125185 790.93771641 732.38966326 701.34153884 579.80480294 407.23630973 252.25804885 131.31494287 56.86274521 20.66137667 8.10888020
2004  344.84304353 382.53723903 431.35580106 584.02716642 694.42280231 558.92634209 707.15844911 750.95780405 698.52358603 673.95550801 575.89846670 427.08663926 280.61872670 154.08109942 69.78930225 26.26072619 10.65847523
2005  662.18780420 722.43700968 740.69615241 805.74618593 818.82185011 470.83468169 608.55801494 665.44772422 642.86540921 640.13777594 563.14340973 432.50228393 296.03092979 170.13409715 80.78929333 31.74812973 13.49924558
2006  528.68995689 586.90693746 661.95986699 885.23138160 1009.09788475 695.88097692 753.08103397 706.84490231 599.73593128 581.05812657 521.01587225 410.32031352 289.21751986 172.21931870 85.16519411 34.89565606 15.63003218
2007  439.68262254 488.02132088 551.65292299 749.55947002 888.97665322 699.39745166 843.80683084 835.56731138 692.67003047 608.47381704 501.38412993 378.68573483 267.64855088 163.48290500 83.56189612 35.47453208 16.67252749
2008  574.42325864 630.70177449 671.35507738 802.99141362 881.02347507 610.13441012 776.98039133 821.38345495 735.40177894 667.70371881 538.54899982 387.07102516 262.38229642 157.82595598 81.29354591 35.31030466 17.29771107
2009  523.04215004 578.70087341 641.91108776 834.66323045 949.71666558 677.93570871 797.16254427 803.36462755 710.48758733 665.02397760 553.02349592 400.81198732 267.51254128 157.28336915 79.83526088 34.69283446 17.37455823
2010  447.70427208 496.41028144 557.74419363 747.66172942 876.91397390 676.19358987 822.32835372 837.02040967 730.91870351 669.58036303 552.41463179 401.83749415 269.31564831 157.82022383 79.42540979 34.29361526 17.25866015
2011  434.54146432 480.23537601 530.23833665 687.44471636 795.21588231 608.77096821 768.69119705 812.40121549 737.00719049 686.68625977 567.20574559 411.11879156 274.41194654 160.25036956 80.35194260 34.57763768 17.40813928
2012  416.44282001 460.30450299 508.40584090 658.30541035 757.08108917 568.75159065 711.10967534 754.87288131 699.50040589 670.70635762 567.02952940 417.36280614 280.03225506 163.33892228 81.61105730 34.99129918 17.58476056
2013  403.89063013 446.29505746 492.10841830 634.86297326 727.77656279 541.73867552 672.59039144 708.67945232 654.09147668 631.16762268 541.26459862 405.69475213 276.27083318 162.52309467 81.45820787 34.90364715 17.50249905
2014  479.33479242 527.20295969 566.38520964 690.10036775 760.73803134 522.09278078 644.22880049 672.55974760 613.81501549 588.16284261 503.93060970 380.00632080 261.50976036 155.50325572 78.60412082 33.84104430 16.99940268
2015  632.85368567 694.46444986 735.96587551 866.27880445 923.52375745 574.29825806 675.45929059 673.88817806 588.00777146 550.11751538 465.85946593 349.28225900 240.66065147 143.92829966 73.29840876 31.76899238 16.05106401
2016  652.21208878 719.34753933 784.16887786 982.02861449 1086.07844394 719.72676685 807.64723148 758.12840011 608.68104193 531.92673969 429.11302422 310.43035208 210.19159291 125.06342022 63.75369789 27.73955695 14.10117928
2017  708.52400195 780.69107008 847.05300960 1053.22278481 1169.22396911 795.95512498 923.97528398 879.40031627 695.37135898 573.41019153 428.66767175 287.83769361 185.20391573 107.10081264 53.81253027 23.30213339 11.86537617
2018  844.28654469 928.39286543 995.75069172 1206.24405562 1315.23028483 863.14645643 1009.27873198 972.52742279 782.40686842 647.05047878 472.02474834 300.89831502 181.75967320 99.41329726 47.95608548 20.28716269 10.21203230
2019  642.37297363 714.48169354 815.33895302 1121.29587899 1318.43685817 994.85723844 1140.69788973 1080.69927898 857.86324141 706.44042461 511.75313162 319.55105534 185.83708941 96.64739900 44.21120393 17.90519640 8.70128425
2020  517.32101383 574.78846125 653.70581736 900.69438568 1083.99022340 890.40639872 1112.33328060 1124.30519761 940.28009371 780.54776472 557.07302927 341.30420419 193.83366078 97.52071712 42.71180249 16.51027608 7.61242659
2021  437.16451638 485.01690774 547.26328443 742.99874085 889.85121642 736.03780423 957.21709110 1027.35065321 935.76908226 839.50452998 634.56807701 403.68058663 230.96898645 114.40611444 48.66721684 18.12509084 7.92090363
2022  511.12483569 562.44186058 606.30421327 746.74014226 837.62803348 613.12857936 801.85223936 881.60489360 842.86213168 805.66860390 652.01748431 443.90282498 266.71149918 135.48523237 57.87684105 21.22271157 8.89510591

# N(males)
#Year 1 2 3 4 5 6 7 8 9 10 11 12 13 14 15 16 17 
1960  582.36510082 643.03854404 705.99600236 901.93471700 1025.82923584 747.44739261 922.20762308 997.19865806 974.47743975 1051.82974303 1087.51716801 1044.35368760 951.15397761 778.00036018 558.73491848 347.36424106 303.86533796
1961  519.11957414 574.92194353 641.62665528 847.96728578 985.29240146 747.44739261 922.20762308 997.19865806 974.47743975 1051.82974303 1087.51716801 1044.35368760 951.15397761 778.00036018 558.73491848 347.36424106 303.86533796
1962  517.01492121 571.02399496 628.10706804 807.26937791 927.13676468 697.41714180 882.92637585 975.41916403 969.33528110 1051.51719609 1087.51343345 1044.35367977 951.15397761 778.00036018 558.73491848 347.36424106 303.86533796
1963  516.96210442 570.83029267 626.81868459 801.41146599 913.52459104 672.58896155 842.86271576 931.82407484 937.32365996 1032.79975697 1079.57278690 1042.42225217 950.92294723 777.98825217 558.73465281 347.36423878 303.86533795
1964  516.80432546 570.65207688 626.55616057 800.59176080 910.98948450 665.61271963 826.34190714 905.13431801 905.49420223 1002.12203927 1057.81386050 1031.43350825 946.73053365 776.81443955 558.52079435 347.34127874 303.86392475
1965  516.38422024 570.19512725 626.09260791 800.06111661 910.18330120 663.84045369 820.81983768 892.95208307 885.33347333 975.80936422 1032.58434165 1013.44240533 936.77600357 772.67208450 557.26095161 347.05660617 303.81030585
1966  515.58858426 569.32715033 625.20455970 799.10441114 909.20518784 663.08758003 818.83422224 887.81986614 874.53380420 957.92446433 1010.96153397 993.89404184 923.13914908 765.49403827 554.41833259 346.19494361 303.57321046
1967  514.27761488 567.89413170 623.72127743 797.46423457 907.55824156 662.21161415 817.57602999 885.34530203 868.97144910 946.90683394 994.85849156 976.34586035 908.53345592 756.34452330 550.07254318 344.60721061 303.01835545
1968  512.28083574 565.70868515 621.44197222 794.89360607 904.93838649 660.82246738 816.02904837 883.47676730 865.78428031 940.22850067 983.61999293 962.10071868 894.83062702 746.46379239 544.66826671 342.33646442 302.06821860
1969  509.40081479 562.55358463 618.13298478 791.10751271 901.02910478 658.67164884 813.72147750 881.25032506 863.32019755 935.84014580 975.84593985 951.10486362 882.91864713 736.80158747 538.73325619 339.54414831 300.71454005
1970  505.42184932 558.19119010 613.53680203 785.78698373 895.47718902 655.51352062 810.31175815 878.11790727 860.63096091 932.32157170 970.16296246 942.70801949 872.98048971 727.91600647 532.71611670 336.43099319 299.00311704
1971  500.12965947 552.38488550 607.39367678 778.60089770 887.90872079 651.08256484 805.47035353 873.66461546 857.10799365 928.70593837 965.43791230 936.08774396 864.79030899 720.03022216 526.92656165 333.18351317 297.01050341
1972  493.34409610 544.93482514 599.47857820 769.24659081 877.96866372 645.10592686 798.86181458 867.51015754 852.28810206 924.29531198 960.77445777 930.43687201 857.92152961 713.12788448 521.53317197 329.94667782 294.82292823
1973  484.96166334 535.72460119 589.65062930 757.50773208 865.38131043 637.33605448 790.16926255 859.29541769 845.77125841 918.53874747 955.45320325 925.02518073 851.86888005 707.03858920 516.58535505 326.81480822 292.52093779
1974  475.01203170 524.78325001 577.91873710 743.33120153 850.03139312 627.59816147 779.14346690 848.71353845 837.20622103 910.97393871 948.87859849 919.20781820 846.11197124 701.50084266 512.04117401 323.83284333 290.16984926
1975  463.71587663 512.34906067 564.51123548 726.91452019 832.06090979 615.85412383 765.67281526 835.56993377 826.31854398 901.21927697 940.55328485 912.42064041 840.14694651 696.20478475 507.79308103 321.00249985 287.81484754
1976  451.53818625 498.92855677 549.94135543 708.79131885 811.96720952 602.27390480 749.86691063 819.86299139 812.96855772 889.00508644 930.08409805 904.18257314 833.50557956 690.82151216 503.68945890 318.29020622 285.47938377
1977  439.23774568 485.35124620 535.06802189 689.91097322 790.69530587 587.30555158 732.14282791 801.87400088 797.22793381 874.23370321 917.21768383 894.11428634 825.77457600 685.02616120 499.55274651 315.63542363 283.16580299
1978  427.92284234 472.83096670 521.16223527 671.72089556 769.73002805 571.74101860 713.30799660 782.25734155 779.46398050 857.05711555 901.89933865 881.97542358 816.62241747 678.52064026 495.19607391 312.95907282 280.85751566
1979  419.17345642 463.09899217 510.04218262 656.30907803 751.23554228 556.78518239 694.64404647 762.13023929 760.42543863 837.96271639 884.34704871 867.71803764 805.83660152 671.05992878 490.44044111 310.17237846 278.52238433
1980  415.35467227 458.74481027 504.41500786 646.75111009 738.37816055 544.17927725 678.03464231 743.18798829 741.33600010 817.86406233 865.13491028 851.55223472 793.37108598 662.48385948 485.13400065 307.18664287 276.11725224
1981  420.00111476 463.63841407 508.32617447 647.64021598 735.87888637 536.50044872 666.25396453 727.93182065 724.03910146 798.21601248 845.29160568 834.02310841 779.40296513 652.75494719 479.17437072 303.92441431 273.59368116
1982  436.54885620 481.53053592 525.66124343 663.25809886 747.82697784 535.28999984 659.56575145 712.05365458 698.59934897 762.01896695 801.05150977 787.88795811 736.44548249 617.68734097 454.14785886 288.39033278 259.91827087
1983  463.10346351 510.47460846 555.15684524 694.32587705 776.62557125 544.26751255 661.71426161 698.23469512 665.39742976 706.15000960 724.81604285 701.78121468 651.12746968 544.44081765 399.81062457 253.74663218 228.66945744
1984  491.27451792 541.45425092 588.39069262 734.24980596 818.50354814 566.80357189 679.89062767 700.84141707 645.56046968 659.81653060 652.13519690 612.45938139 557.67676983 461.39948942 336.94351348 213.23035647 191.83290350
1985  465.21399573 514.06606690 566.77546592 729.39004976 828.81878984 595.03979525 707.86281530 715.99166411 638.81199078 625.79078816 588.73511563 527.94494155 464.83319575 376.22604681 271.14333375 170.32897825 152.49404755
1986  320.10163396 356.97506904 413.71093894 587.72327792 710.95948403 576.81012300 696.92353953 701.98039972 613.97202908 572.70426220 502.38229154 420.23530740 350.19992568 272.26410661 190.95734397 117.95424634 104.30194935
1987  481.61340107 527.15888367 551.64258907 634.20102616 678.28222926 449.71335521 583.21031554 613.20442065 553.73134013 505.39006148 414.43476995 319.55060934 246.59795677 179.78257032 120.28284887 72.04665243 62.19400134
1988  1226.76477814 1333.59521146 1336.67613962 1357.71366589 1272.51044148 523.58017507 595.63444093 574.75598575 494.76854078 456.70243145 377.59766940 282.96181961 204.89335320 138.56796112 86.92894834 49.76689716 41.38849614
1989  377.08637873 436.21485957 597.60139967 1065.84795642 1364.78141206 1098.10177245 1057.41535446 819.75036396 514.29684718 380.14942012 281.44091845 195.73354919 133.72380101 84.55171567 49.20055545 26.34138414 20.52969833
1990  703.93759634 768.21664931 792.30021383 887.44726757 956.18208248 675.76858040 904.57227356 886.42997782 673.53115287 445.12513026 238.67498237 119.44587505 66.24182253 36.95639227 19.42164140 9.51431677 6.73112090
1991  717.30238001 790.12883239 855.60223835 1054.22779029 1148.44137460 739.74138155 837.09069981 784.70023718 641.61664576 516.86986523 335.49695975 178.52122983 85.55412939 37.30586567 15.70323782 6.62758616 4.11908554
1992  625.22943615 691.43947572 766.37104822 995.83805611 1131.15004986 800.72529292 907.87148583 827.48100904 632.05507640 487.51957041 321.52978328 182.23548551 93.37023985 40.71414539 15.31640338 5.31710512 2.56163997
1993  521.20023804 577.13395188 644.75357768 854.13347291 990.83416300 746.03435251 881.25879451 826.98892269 645.63861091 492.54621695 315.56279510 174.81959994 89.55861140 39.49780966 14.74919289 4.80968422 1.89655901
1994  553.30155663 609.49732509 661.26726790 824.75427147 925.92310034 664.11942391 815.59285831 809.95215865 679.22209193 556.27995795 380.17244020 220.21072089 114.56210925 50.60358531 18.82446658 6.03473419 2.17631260
1995  570.18680151 628.15734453 681.51574314 847.19073093 939.76128573 644.49321930 762.60816001 736.90772377 613.39009809 513.66347492 363.36869363 219.52604168 118.90238430 54.20343752 20.54148279 6.58856442 2.28171271
1996  419.09286038 465.65946968 529.56674090 724.50631173 850.61477097 646.18628697 748.19439237 698.14732798 554.58751741 445.58755244 306.64960872 184.47625301 101.81158526 47.69903168 18.56933238 6.07317364 2.10389245
1997  678.91512542 742.09918223 770.02567333 864.61906888 900.76392630 548.98665558 681.25459894 675.39390617 563.50684347 459.68085983 316.66800093 189.73971638 104.42760084 49.20141843 19.46163936 6.50796107 2.30704475
1998  661.19448932 729.26197265 795.27625169 994.61559812 1091.37839214 703.16312661 767.85056537 695.42780396 544.50208761 450.82371575 324.73186648 201.01187383 112.12826284 53.12685916 21.15468261 7.14720825 2.57728879
1999  612.64863168 676.91354781 746.34606382 960.25822171 1087.59193222 768.10813007 879.16784542 814.57834405 625.70741642 492.67755091 343.66361491 210.99331220 119.48046283 57.97973534 23.55821568 8.06973486 2.95030707
2000  683.95786487 752.66132277 811.49074882 996.41860531 1101.33682236 753.18691693 898.18638206 873.65280462 710.66625361 580.05737383 409.68164418 249.98640774 139.98569416 67.83417981 27.80871701 9.67582367 3.61670077
2001  419.91691882 470.09214515 555.19211957 812.81885633 990.90038251 801.18263148 936.42382029 909.76009019 754.74966658 642.98958034 476.17235832 301.63254089 172.15439208 84.03556065 34.55746504 12.07862833 4.57192911
2002  529.94973222 582.15236619 622.27219820 754.73629871 845.38931681 624.76645416 821.42868613 876.46834083 788.70549969 700.35344935 535.23758059 351.97970263 208.19467329 104.63577096 43.93997338 15.56372706 5.96161636
2003  414.73574856 460.58527354 521.54523747 707.17755740 827.64393852 629.98449158 761.13125185 790.93771641 732.38966326 701.34153884 579.80480294 407.23630973 252.25804885 131.31494287 56.86274521 20.66137667 8.10888020
2004  344.84304353 382.53723903 431.35580106 584.02716642 694.42280231 558.92634209 707.15844911 750.95780405 698.52358603 673.95550801 575.89846670 427.08663926 280.61872670 154.08109942 69.78930225 26.26072619 10.65847523
2005  662.18780420 722.43700968 740.69615241 805.74618593 818.82185011 470.83468169 608.55801494 665.44772422 642.86540921 640.13777594 563.14340973 432.50228393 296.03092979 170.13409715 80.78929333 31.74812973 13.49924558
2006  528.68995689 586.90693746 661.95986699 885.23138160 1009.09788475 695.88097692 753.08103397 706.84490231 599.73593128 581.05812657 521.01587225 410.32031352 289.21751986 172.21931870 85.16519411 34.89565606 15.63003218
2007  439.68262254 488.02132088 551.65292299 749.55947002 888.97665322 699.39745166 843.80683084 835.56731138 692.67003047 608.47381704 501.38412993 378.68573483 267.64855088 163.48290500 83.56189612 35.47453208 16.67252749
2008  574.42325864 630.70177449 671.35507738 802.99141362 881.02347507 610.13441012 776.98039133 821.38345495 735.40177894 667.70371881 538.54899982 387.07102516 262.38229642 157.82595598 81.29354591 35.31030466 17.29771107
2009  523.04215004 578.70087341 641.91108776 834.66323045 949.71666558 677.93570871 797.16254427 803.36462755 710.48758733 665.02397760 553.02349592 400.81198732 267.51254128 157.28336915 79.83526088 34.69283446 17.37455823
2010  447.70427208 496.41028144 557.74419363 747.66172942 876.91397390 676.19358987 822.32835372 837.02040967 730.91870351 669.58036303 552.41463179 401.83749415 269.31564831 157.82022383 79.42540979 34.29361526 17.25866015
2011  434.54146432 480.23537601 530.23833665 687.44471636 795.21588231 608.77096821 768.69119705 812.40121549 737.00719049 686.68625977 567.20574559 411.11879156 274.41194654 160.25036956 80.35194260 34.57763768 17.40813928
2012  416.44282001 460.30450299 508.40584090 658.30541035 757.08108917 568.75159065 711.10967534 754.87288131 699.50040589 670.70635762 567.02952940 417.36280614 280.03225506 163.33892228 81.61105730 34.99129918 17.58476056
2013  403.89063013 446.29505746 492.10841830 634.86297326 727.77656279 541.73867552 672.59039144 708.67945232 654.09147668 631.16762268 541.26459862 405.69475213 276.27083318 162.52309467 81.45820787 34.90364715 17.50249905
2014  479.33479242 527.20295969 566.38520964 690.10036775 760.73803134 522.09278078 644.22880049 672.55974760 613.81501549 588.16284261 503.93060970 380.00632080 261.50976036 155.50325572 78.60412082 33.84104430 16.99940268
2015  632.85368567 694.46444986 735.96587551 866.27880445 923.52375745 574.29825806 675.45929059 673.88817806 588.00777146 550.11751538 465.85946593 349.28225900 240.66065147 143.92829966 73.29840876 31.76899238 16.05106401
2016  652.21208878 719.34753933 784.16887786 982.02861449 1086.07844394 719.72676685 807.64723148 758.12840011 608.68104193 531.92673969 429.11302422 310.43035208 210.19159291 125.06342022 63.75369789 27.73955695 14.10117928
2017  708.52400195 780.69107008 847.05300960 1053.22278481 1169.22396911 795.95512498 923.97528398 879.40031627 695.37135898 573.41019153 428.66767175 287.83769361 185.20391573 107.10081264 53.81253027 23.30213339 11.86537617
2018  844.28654469 928.39286543 995.75069172 1206.24405562 1315.23028483 863.14645643 1009.27873198 972.52742279 782.40686842 647.05047878 472.02474834 300.89831502 181.75967320 99.41329726 47.95608548 20.28716269 10.21203230
2019  642.37297363 714.48169354 815.33895302 1121.29587899 1318.43685817 994.85723844 1140.69788973 1080.69927898 857.86324141 706.44042461 511.75313162 319.55105534 185.83708941 96.64739900 44.21120393 17.90519640 8.70128425
2020  517.32101383 574.78846125 653.70581736 900.69438568 1083.99022340 890.40639872 1112.33328060 1124.30519761 940.28009371 780.54776472 557.07302927 341.30420419 193.83366078 97.52071712 42.71180249 16.51027608 7.61242659
2021  437.16451638 485.01690774 547.26328443 742.99874085 889.85121642 736.03780423 957.21709110 1027.35065321 935.76908226 839.50452998 634.56807701 403.68058663 230.96898645 114.40611444 48.66721684 18.12509084 7.92090363
2022  511.12483569 562.44186058 606.30421327 746.74014226 837.62803348 613.12857936 801.85223936 881.60489360 842.86213168 805.66860390 652.01748431 443.90282498 266.71149918 135.48523237 57.87684105 21.22271157 8.89510591

# N(males_new)
#Year 1 2 3 4 5 6 7 8 9 10 11 12 13 14 15 16 17 
1960  582.36510082 643.03854404 705.99600236 901.93471700 1025.82923584 747.44739261 922.20762308 997.19865806 974.47743975 1051.82974303 1087.51716801 1044.35368760 951.15397761 778.00036018 558.73491848 347.36424106 303.86533796
1961  519.11957414 574.92194353 641.62665528 847.96728578 985.29240146 747.44739261 922.20762308 997.19865806 974.47743975 1051.82974303 1087.51716801 1044.35368760 951.15397761 778.00036018 558.73491848 347.36424106 303.86533796
1962  517.01492121 571.02399496 628.10706804 807.26937791 927.13676468 697.41714180 882.92637585 975.41916403 969.33528110 1051.51719609 1087.51343345 1044.35367977 951.15397761 778.00036018 558.73491848 347.36424106 303.86533796
1963  516.96210442 570.83029267 626.81868459 801.41146599 913.52459104 672.58896155 842.86271576 931.82407484 937.32365996 1032.79975697 1079.57278690 1042.42225217 950.92294723 777.98825217 558.73465281 347.36423878 303.86533795
1964  516.80432546 570.65207688 626.55616057 800.59176080 910.98948450 665.61271963 826.34190714 905.13431801 905.49420223 1002.12203927 1057.81386050 1031.43350825 946.73053365 776.81443955 558.52079435 347.34127874 303.86392475
1965  516.38422024 570.19512725 626.09260791 800.06111661 910.18330120 663.84045369 820.81983768 892.95208307 885.33347333 975.80936422 1032.58434165 1013.44240533 936.77600357 772.67208450 557.26095161 347.05660617 303.81030585
1966  515.58858426 569.32715033 625.20455970 799.10441114 909.20518784 663.08758003 818.83422224 887.81986614 874.53380420 957.92446433 1010.96153397 993.89404184 923.13914908 765.49403827 554.41833259 346.19494361 303.57321046
1967  514.27761488 567.89413170 623.72127743 797.46423457 907.55824156 662.21161415 817.57602999 885.34530203 868.97144910 946.90683394 994.85849156 976.34586035 908.53345592 756.34452330 550.07254318 344.60721061 303.01835545
1968  512.28083574 565.70868515 621.44197222 794.89360607 904.93838649 660.82246738 816.02904837 883.47676730 865.78428031 940.22850067 983.61999293 962.10071868 894.83062702 746.46379239 544.66826671 342.33646442 302.06821860
1969  509.40081479 562.55358463 618.13298478 791.10751271 901.02910478 658.67164884 813.72147750 881.25032506 863.32019755 935.84014580 975.84593985 951.10486362 882.91864713 736.80158747 538.73325619 339.54414831 300.71454005
1970  505.42184932 558.19119010 613.53680203 785.78698373 895.47718902 655.51352062 810.31175815 878.11790727 860.63096091 932.32157170 970.16296246 942.70801949 872.98048971 727.91600647 532.71611670 336.43099319 299.00311704
1971  500.12965947 552.38488550 607.39367678 778.60089770 887.90872079 651.08256484 805.47035353 873.66461546 857.10799365 928.70593837 965.43791230 936.08774396 864.79030899 720.03022216 526.92656165 333.18351317 297.01050341
1972  493.34409610 544.93482514 599.47857820 769.24659081 877.96866372 645.10592686 798.86181458 867.51015754 852.28810206 924.29531198 960.77445777 930.43687201 857.92152961 713.12788448 521.53317197 329.94667782 294.82292823
1973  484.96166334 535.72460119 589.65062930 757.50773208 865.38131043 637.33605448 790.16926255 859.29541769 845.77125841 918.53874747 955.45320325 925.02518073 851.86888005 707.03858920 516.58535505 326.81480822 292.52093779
1974  475.01203170 524.78325001 577.91873710 743.33120153 850.03139312 627.59816147 779.14346690 848.71353845 837.20622103 910.97393871 948.87859849 919.20781820 846.11197124 701.50084266 512.04117401 323.83284333 290.16984926
1975  463.71587663 512.34906067 564.51123548 726.91452019 832.06090979 615.85412383 765.67281526 835.56993377 826.31854398 901.21927697 940.55328485 912.42064041 840.14694651 696.20478475 507.79308103 321.00249985 287.81484754
1976  451.53818625 498.92855677 549.94135543 708.79131885 811.96720952 602.27390480 749.86691063 819.86299139 812.96855772 889.00508644 930.08409805 904.18257314 833.50557956 690.82151216 503.68945890 318.29020622 285.47938377
1977  439.23774568 485.35124620 535.06802189 689.91097322 790.69530587 587.30555158 732.14282791 801.87400088 797.22793381 874.23370321 917.21768383 894.11428634 825.77457600 685.02616120 499.55274651 315.63542363 283.16580299
1978  427.92284234 472.83096670 521.16223527 671.72089556 769.73002805 571.74101860 713.30799660 782.25734155 779.46398050 857.05711555 901.89933865 881.97542358 816.62241747 678.52064026 495.19607391 312.95907282 280.85751566
1979  419.17345642 463.09899217 510.04218262 656.30907803 751.23554228 556.78518239 694.64404647 762.13023929 760.42543863 837.96271639 884.34704871 867.71803764 805.83660152 671.05992878 490.44044111 310.17237846 278.52238433
1980  415.35467227 458.74481027 504.41500786 646.75111009 738.37816055 544.17927725 678.03464231 743.18798829 741.33600010 817.86406233 865.13491028 851.55223472 793.37108598 662.48385948 485.13400065 307.18664287 276.11725224
1981  420.00111476 463.63841407 508.32617447 647.64021598 735.87888637 536.50044872 666.25396453 727.93182065 724.03910146 798.21601248 845.29160568 834.02310841 779.40296513 652.75494719 479.17437072 303.92441431 273.59368116
1982  436.54885620 481.53053592 525.66124343 663.25809886 747.82697784 535.28999984 659.56575145 712.05365458 698.59934897 762.01896695 801.05150977 787.88795811 736.44548249 617.68734097 454.14785886 288.39033278 259.91827087
1983  463.10346351 510.47460846 555.15684524 694.32587705 776.62557125 544.26751255 661.71426161 698.23469512 665.39742976 706.15000960 724.81604285 701.78121468 651.12746968 544.44081765 399.81062457 253.74663218 228.66945744
1984  491.27451792 541.45425092 588.39069262 734.24980596 818.50354814 566.80357189 679.89062767 700.84141707 645.56046968 659.81653060 652.13519690 612.45938139 557.67676983 461.39948942 336.94351348 213.23035647 191.83290350
1985  465.21399573 514.06606690 566.77546592 729.39004976 828.81878984 595.03979525 707.86281530 715.99166411 638.81199078 625.79078816 588.73511563 527.94494155 464.83319575 376.22604681 271.14333375 170.32897825 152.49404755
1986  320.10163396 356.97506904 413.71093894 587.72327792 710.95948403 576.81012300 696.92353953 701.98039972 613.97202908 572.70426220 502.38229154 420.23530740 350.19992568 272.26410661 190.95734397 117.95424634 104.30194935
1987  481.61340107 527.15888367 551.64258907 634.20102616 678.28222926 449.71335521 583.21031554 613.20442065 553.73134013 505.39006148 414.43476995 319.55060934 246.59795677 179.78257032 120.28284887 72.04665243 62.19400134
1988  1226.76477814 1333.59521146 1336.67613962 1357.71366589 1272.51044148 523.58017507 595.63444093 574.75598575 494.76854078 456.70243145 377.59766940 282.96181961 204.89335320 138.56796112 86.92894834 49.76689716 41.38849614
1989  377.08637873 436.21485957 597.60139967 1065.84795642 1364.78141206 1098.10177245 1057.41535446 819.75036396 514.29684718 380.14942012 281.44091845 195.73354919 133.72380101 84.55171567 49.20055545 26.34138414 20.52969833
1990  703.93759634 768.21664931 792.30021383 887.44726757 956.18208248 675.76858040 904.57227356 886.42997782 673.53115287 445.12513026 238.67498237 119.44587505 66.24182253 36.95639227 19.42164140 9.51431677 6.73112090
1991  717.30238001 790.12883239 855.60223835 1054.22779029 1148.44137460 739.74138155 837.09069981 784.70023718 641.61664576 516.86986523 335.49695975 178.52122983 85.55412939 37.30586567 15.70323782 6.62758616 4.11908554
1992  625.22943615 691.43947572 766.37104822 995.83805611 1131.15004986 800.72529292 907.87148583 827.48100904 632.05507640 487.51957041 321.52978328 182.23548551 93.37023985 40.71414539 15.31640338 5.31710512 2.56163997
1993  521.20023804 577.13395188 644.75357768 854.13347291 990.83416300 746.03435251 881.25879451 826.98892269 645.63861091 492.54621695 315.56279510 174.81959994 89.55861140 39.49780966 14.74919289 4.80968422 1.89655901
1994  553.30155663 609.49732509 661.26726790 824.75427147 925.92310034 664.11942391 815.59285831 809.95215865 679.22209193 556.27995795 380.17244020 220.21072089 114.56210925 50.60358531 18.82446658 6.03473419 2.17631260
1995  570.18680151 628.15734453 681.51574314 847.19073093 939.76128573 644.49321930 762.60816001 736.90772377 613.39009809 513.66347492 363.36869363 219.52604168 118.90238430 54.20343752 20.54148279 6.58856442 2.28171271
1996  419.09286038 465.65946968 529.56674090 724.50631173 850.61477097 646.18628697 748.19439237 698.14732798 554.58751741 445.58755244 306.64960872 184.47625301 101.81158526 47.69903168 18.56933238 6.07317364 2.10389245
1997  678.91512542 742.09918223 770.02567333 864.61906888 900.76392630 548.98665558 681.25459894 675.39390617 563.50684347 459.68085983 316.66800093 189.73971638 104.42760084 49.20141843 19.46163936 6.50796107 2.30704475
1998  661.19448932 729.26197265 795.27625169 994.61559812 1091.37839214 703.16312661 767.85056537 695.42780396 544.50208761 450.82371575 324.73186648 201.01187383 112.12826284 53.12685916 21.15468261 7.14720825 2.57728879
1999  612.64863168 676.91354781 746.34606382 960.25822171 1087.59193222 768.10813007 879.16784542 814.57834405 625.70741642 492.67755091 343.66361491 210.99331220 119.48046283 57.97973534 23.55821568 8.06973486 2.95030707
2000  683.95786487 752.66132277 811.49074882 996.41860531 1101.33682236 753.18691693 898.18638206 873.65280462 710.66625361 580.05737383 409.68164418 249.98640774 139.98569416 67.83417981 27.80871701 9.67582367 3.61670077
2001  419.91691882 470.09214515 555.19211957 812.81885633 990.90038251 801.18263148 936.42382029 909.76009019 754.74966658 642.98958034 476.17235832 301.63254089 172.15439208 84.03556065 34.55746504 12.07862833 4.57192911
2002  529.94973222 582.15236619 622.27219820 754.73629871 845.38931681 624.76645416 821.42868613 876.46834083 788.70549969 700.35344935 535.23758059 351.97970263 208.19467329 104.63577096 43.93997338 15.56372706 5.96161636
2003  414.73574856 460.58527354 521.54523747 707.17755740 827.64393852 629.98449158 761.13125185 790.93771641 732.38966326 701.34153884 579.80480294 407.23630973 252.25804885 131.31494287 56.86274521 20.66137667 8.10888020
2004  344.84304353 382.53723903 431.35580106 584.02716642 694.42280231 558.92634209 707.15844911 750.95780405 698.52358603 673.95550801 575.89846670 427.08663926 280.61872670 154.08109942 69.78930225 26.26072619 10.65847523
2005  662.18780420 722.43700968 740.69615241 805.74618593 818.82185011 470.83468169 608.55801494 665.44772422 642.86540921 640.13777594 563.14340973 432.50228393 296.03092979 170.13409715 80.78929333 31.74812973 13.49924558
2006  528.68995689 586.90693746 661.95986699 885.23138160 1009.09788475 695.88097692 753.08103397 706.84490231 599.73593128 581.05812657 521.01587225 410.32031352 289.21751986 172.21931870 85.16519411 34.89565606 15.63003218
2007  439.68262254 488.02132088 551.65292299 749.55947002 888.97665322 699.39745166 843.80683084 835.56731138 692.67003047 608.47381704 501.38412993 378.68573483 267.64855088 163.48290500 83.56189612 35.47453208 16.67252749
2008  574.42325864 630.70177449 671.35507738 802.99141362 881.02347507 610.13441012 776.98039133 821.38345495 735.40177894 667.70371881 538.54899982 387.07102516 262.38229642 157.82595598 81.29354591 35.31030466 17.29771107
2009  523.04215004 578.70087341 641.91108776 834.66323045 949.71666558 677.93570871 797.16254427 803.36462755 710.48758733 665.02397760 553.02349592 400.81198732 267.51254128 157.28336915 79.83526088 34.69283446 17.37455823
2010  447.70427208 496.41028144 557.74419363 747.66172942 876.91397390 676.19358987 822.32835372 837.02040967 730.91870351 669.58036303 552.41463179 401.83749415 269.31564831 157.82022383 79.42540979 34.29361526 17.25866015
2011  434.54146432 480.23537601 530.23833665 687.44471636 795.21588231 608.77096821 768.69119705 812.40121549 737.00719049 686.68625977 567.20574559 411.11879156 274.41194654 160.25036956 80.35194260 34.57763768 17.40813928
2012  416.44282001 460.30450299 508.40584090 658.30541035 757.08108917 568.75159065 711.10967534 754.87288131 699.50040589 670.70635762 567.02952940 417.36280614 280.03225506 163.33892228 81.61105730 34.99129918 17.58476056
2013  403.89063013 446.29505746 492.10841830 634.86297326 727.77656279 541.73867552 672.59039144 708.67945232 654.09147668 631.16762268 541.26459862 405.69475213 276.27083318 162.52309467 81.45820787 34.90364715 17.50249905
2014  479.33479242 527.20295969 566.38520964 690.10036775 760.73803134 522.09278078 644.22880049 672.55974760 613.81501549 588.16284261 503.93060970 380.00632080 261.50976036 155.50325572 78.60412082 33.84104430 16.99940268
2015  632.85368567 694.46444986 735.96587551 866.27880445 923.52375745 574.29825806 675.45929059 673.88817806 588.00777146 550.11751538 465.85946593 349.28225900 240.66065147 143.92829966 73.29840876 31.76899238 16.05106401
2016  652.21208878 719.34753933 784.16887786 982.02861449 1086.07844394 719.72676685 807.64723148 758.12840011 608.68104193 531.92673969 429.11302422 310.43035208 210.19159291 125.06342022 63.75369789 27.73955695 14.10117928
2017  708.52400195 780.69107008 847.05300960 1053.22278481 1169.22396911 795.95512498 923.97528398 879.40031627 695.37135898 573.41019153 428.66767175 287.83769361 185.20391573 107.10081264 53.81253027 23.30213339 11.86537617
2018  844.28654469 928.39286543 995.75069172 1206.24405562 1315.23028483 863.14645643 1009.27873198 972.52742279 782.40686842 647.05047878 472.02474834 300.89831502 181.75967320 99.41329726 47.95608548 20.28716269 10.21203230
2019  642.37297363 714.48169354 815.33895302 1121.29587899 1318.43685817 994.85723844 1140.69788973 1080.69927898 857.86324141 706.44042461 511.75313162 319.55105534 185.83708941 96.64739900 44.21120393 17.90519640 8.70128425
2020  517.32101383 574.78846125 653.70581736 900.69438568 1083.99022340 890.40639872 1112.33328060 1124.30519761 940.28009371 780.54776472 557.07302927 341.30420419 193.83366078 97.52071712 42.71180249 16.51027608 7.61242659
2021  437.16451638 485.01690774 547.26328443 742.99874085 889.85121642 736.03780423 957.21709110 1027.35065321 935.76908226 839.50452998 634.56807701 403.68058663 230.96898645 114.40611444 48.66721684 18.12509084 7.92090363
2022  511.12483569 562.44186058 606.30421327 746.74014226 837.62803348 613.12857936 801.85223936 881.60489360 842.86213168 805.66860390 652.01748431 443.90282498 266.71149918 135.48523237 57.87684105 21.22271157 8.89510591

# N(males_old)
#Year 1 2 3 4 5 6 7 8 9 10 11 12 13 14 15 16 17 
1960  0.00000000 0.00000000 0.00000000 0.00000000 0.00000000 0.00000000 0.00000000 0.00000000 0.00000000 0.00000000 0.00000000 0.00000000 0.00000000 0.00000000 0.00000000 0.00000000 0.00000000
1961  0.00000000 0.00000000 0.00000000 0.00000000 0.00000000 0.00000000 0.00000000 0.00000000 0.00000000 0.00000000 0.00000000 0.00000000 0.00000000 0.00000000 0.00000000 0.00000000 0.00000000
1962  0.00000000 0.00000000 0.00000000 0.00000000 0.00000000 0.00000000 0.00000000 0.00000000 0.00000000 0.00000000 0.00000000 0.00000000 0.00000000 0.00000000 0.00000000 0.00000000 0.00000000
1963  0.00000000 0.00000000 0.00000000 0.00000000 0.00000000 0.00000000 0.00000000 0.00000000 0.00000000 0.00000000 0.00000000 0.00000000 0.00000000 0.00000000 0.00000000 0.00000000 0.00000000
1964  0.00000000 0.00000000 0.00000000 0.00000000 0.00000000 0.00000000 0.00000000 0.00000000 0.00000000 0.00000000 0.00000000 0.00000000 0.00000000 0.00000000 0.00000000 0.00000000 0.00000000
1965  0.00000000 0.00000000 0.00000000 0.00000000 0.00000000 0.00000000 0.00000000 0.00000000 0.00000000 0.00000000 0.00000000 0.00000000 0.00000000 0.00000000 0.00000000 0.00000000 0.00000000
1966  0.00000000 0.00000000 0.00000000 0.00000000 0.00000000 0.00000000 0.00000000 0.00000000 0.00000000 0.00000000 0.00000000 0.00000000 0.00000000 0.00000000 0.00000000 0.00000000 0.00000000
1967  0.00000000 0.00000000 0.00000000 0.00000000 0.00000000 0.00000000 0.00000000 0.00000000 0.00000000 0.00000000 0.00000000 0.00000000 0.00000000 0.00000000 0.00000000 0.00000000 0.00000000
1968  0.00000000 0.00000000 0.00000000 0.00000000 0.00000000 0.00000000 0.00000000 0.00000000 0.00000000 0.00000000 0.00000000 0.00000000 0.00000000 0.00000000 0.00000000 0.00000000 0.00000000
1969  0.00000000 0.00000000 0.00000000 0.00000000 0.00000000 0.00000000 0.00000000 0.00000000 0.00000000 0.00000000 0.00000000 0.00000000 0.00000000 0.00000000 0.00000000 0.00000000 0.00000000
1970  0.00000000 0.00000000 0.00000000 0.00000000 0.00000000 0.00000000 0.00000000 0.00000000 0.00000000 0.00000000 0.00000000 0.00000000 0.00000000 0.00000000 0.00000000 0.00000000 0.00000000
1971  0.00000000 0.00000000 0.00000000 0.00000000 0.00000000 0.00000000 0.00000000 0.00000000 0.00000000 0.00000000 0.00000000 0.00000000 0.00000000 0.00000000 0.00000000 0.00000000 0.00000000
1972  0.00000000 0.00000000 0.00000000 0.00000000 0.00000000 0.00000000 0.00000000 0.00000000 0.00000000 0.00000000 0.00000000 0.00000000 0.00000000 0.00000000 0.00000000 0.00000000 0.00000000
1973  0.00000000 0.00000000 0.00000000 0.00000000 0.00000000 0.00000000 0.00000000 0.00000000 0.00000000 0.00000000 0.00000000 0.00000000 0.00000000 0.00000000 0.00000000 0.00000000 0.00000000
1974  0.00000000 0.00000000 0.00000000 0.00000000 0.00000000 0.00000000 0.00000000 0.00000000 0.00000000 0.00000000 0.00000000 0.00000000 0.00000000 0.00000000 0.00000000 0.00000000 0.00000000
1975  0.00000000 0.00000000 0.00000000 0.00000000 0.00000000 0.00000000 0.00000000 0.00000000 0.00000000 0.00000000 0.00000000 0.00000000 0.00000000 0.00000000 0.00000000 0.00000000 0.00000000
1976  0.00000000 0.00000000 0.00000000 0.00000000 0.00000000 0.00000000 0.00000000 0.00000000 0.00000000 0.00000000 0.00000000 0.00000000 0.00000000 0.00000000 0.00000000 0.00000000 0.00000000
1977  0.00000000 0.00000000 0.00000000 0.00000000 0.00000000 0.00000000 0.00000000 0.00000000 0.00000000 0.00000000 0.00000000 0.00000000 0.00000000 0.00000000 0.00000000 0.00000000 0.00000000
1978  0.00000000 0.00000000 0.00000000 0.00000000 0.00000000 0.00000000 0.00000000 0.00000000 0.00000000 0.00000000 0.00000000 0.00000000 0.00000000 0.00000000 0.00000000 0.00000000 0.00000000
1979  0.00000000 0.00000000 0.00000000 0.00000000 0.00000000 0.00000000 0.00000000 0.00000000 0.00000000 0.00000000 0.00000000 0.00000000 0.00000000 0.00000000 0.00000000 0.00000000 0.00000000
1980  0.00000000 0.00000000 0.00000000 0.00000000 0.00000000 0.00000000 0.00000000 0.00000000 0.00000000 0.00000000 0.00000000 0.00000000 0.00000000 0.00000000 0.00000000 0.00000000 0.00000000
1981  0.00000000 0.00000000 0.00000000 0.00000000 0.00000000 0.00000000 0.00000000 0.00000000 0.00000000 0.00000000 0.00000000 0.00000000 0.00000000 0.00000000 0.00000000 0.00000000 0.00000000
1982  0.00000000 0.00000000 0.00000000 0.00000000 0.00000000 0.00000000 0.00000000 0.00000000 0.00000000 0.00000000 0.00000000 0.00000000 0.00000000 0.00000000 0.00000000 0.00000000 0.00000000
1983  0.00000000 0.00000000 0.00000000 0.00000000 0.00000000 0.00000000 0.00000000 0.00000000 0.00000000 0.00000000 0.00000000 0.00000000 0.00000000 0.00000000 0.00000000 0.00000000 0.00000000
1984  0.00000000 0.00000000 0.00000000 0.00000000 0.00000000 0.00000000 0.00000000 0.00000000 0.00000000 0.00000000 0.00000000 0.00000000 0.00000000 0.00000000 0.00000000 0.00000000 0.00000000
1985  0.00000000 0.00000000 0.00000000 0.00000000 0.00000000 0.00000000 0.00000000 0.00000000 0.00000000 0.00000000 0.00000000 0.00000000 0.00000000 0.00000000 0.00000000 0.00000000 0.00000000
1986  0.00000000 0.00000000 0.00000000 0.00000000 0.00000000 0.00000000 0.00000000 0.00000000 0.00000000 0.00000000 0.00000000 0.00000000 0.00000000 0.00000000 0.00000000 0.00000000 0.00000000
1987  0.00000000 0.00000000 0.00000000 0.00000000 0.00000000 0.00000000 0.00000000 0.00000000 0.00000000 0.00000000 0.00000000 0.00000000 0.00000000 0.00000000 0.00000000 0.00000000 0.00000000
1988  0.00000000 0.00000000 0.00000000 0.00000000 0.00000000 0.00000000 0.00000000 0.00000000 0.00000000 0.00000000 0.00000000 0.00000000 0.00000000 0.00000000 0.00000000 0.00000000 0.00000000
1989  0.00000000 0.00000000 0.00000000 0.00000000 0.00000000 0.00000000 0.00000000 0.00000000 0.00000000 0.00000000 0.00000000 0.00000000 0.00000000 0.00000000 0.00000000 0.00000000 0.00000000
1990  0.00000000 0.00000000 0.00000000 0.00000000 0.00000000 0.00000000 0.00000000 0.00000000 0.00000000 0.00000000 0.00000000 0.00000000 0.00000000 0.00000000 0.00000000 0.00000000 0.00000000
1991  0.00000000 0.00000000 0.00000000 0.00000000 0.00000000 0.00000000 0.00000000 0.00000000 0.00000000 0.00000000 0.00000000 0.00000000 0.00000000 0.00000000 0.00000000 0.00000000 0.00000000
1992  0.00000000 0.00000000 0.00000000 0.00000000 0.00000000 0.00000000 0.00000000 0.00000000 0.00000000 0.00000000 0.00000000 0.00000000 0.00000000 0.00000000 0.00000000 0.00000000 0.00000000
1993  0.00000000 0.00000000 0.00000000 0.00000000 0.00000000 0.00000000 0.00000000 0.00000000 0.00000000 0.00000000 0.00000000 0.00000000 0.00000000 0.00000000 0.00000000 0.00000000 0.00000000
1994  0.00000000 0.00000000 0.00000000 0.00000000 0.00000000 0.00000000 0.00000000 0.00000000 0.00000000 0.00000000 0.00000000 0.00000000 0.00000000 0.00000000 0.00000000 0.00000000 0.00000000
1995  0.00000000 0.00000000 0.00000000 0.00000000 0.00000000 0.00000000 0.00000000 0.00000000 0.00000000 0.00000000 0.00000000 0.00000000 0.00000000 0.00000000 0.00000000 0.00000000 0.00000000
1996  0.00000000 0.00000000 0.00000000 0.00000000 0.00000000 0.00000000 0.00000000 0.00000000 0.00000000 0.00000000 0.00000000 0.00000000 0.00000000 0.00000000 0.00000000 0.00000000 0.00000000
1997  0.00000000 0.00000000 0.00000000 0.00000000 0.00000000 0.00000000 0.00000000 0.00000000 0.00000000 0.00000000 0.00000000 0.00000000 0.00000000 0.00000000 0.00000000 0.00000000 0.00000000
1998  0.00000000 0.00000000 0.00000000 0.00000000 0.00000000 0.00000000 0.00000000 0.00000000 0.00000000 0.00000000 0.00000000 0.00000000 0.00000000 0.00000000 0.00000000 0.00000000 0.00000000
1999  0.00000000 0.00000000 0.00000000 0.00000000 0.00000000 0.00000000 0.00000000 0.00000000 0.00000000 0.00000000 0.00000000 0.00000000 0.00000000 0.00000000 0.00000000 0.00000000 0.00000000
2000  0.00000000 0.00000000 0.00000000 0.00000000 0.00000000 0.00000000 0.00000000 0.00000000 0.00000000 0.00000000 0.00000000 0.00000000 0.00000000 0.00000000 0.00000000 0.00000000 0.00000000
2001  0.00000000 0.00000000 0.00000000 0.00000000 0.00000000 0.00000000 0.00000000 0.00000000 0.00000000 0.00000000 0.00000000 0.00000000 0.00000000 0.00000000 0.00000000 0.00000000 0.00000000
2002  0.00000000 0.00000000 0.00000000 0.00000000 0.00000000 0.00000000 0.00000000 0.00000000 0.00000000 0.00000000 0.00000000 0.00000000 0.00000000 0.00000000 0.00000000 0.00000000 0.00000000
2003  0.00000000 0.00000000 0.00000000 0.00000000 0.00000000 0.00000000 0.00000000 0.00000000 0.00000000 0.00000000 0.00000000 0.00000000 0.00000000 0.00000000 0.00000000 0.00000000 0.00000000
2004  0.00000000 0.00000000 0.00000000 0.00000000 0.00000000 0.00000000 0.00000000 0.00000000 0.00000000 0.00000000 0.00000000 0.00000000 0.00000000 0.00000000 0.00000000 0.00000000 0.00000000
2005  0.00000000 0.00000000 0.00000000 0.00000000 0.00000000 0.00000000 0.00000000 0.00000000 0.00000000 0.00000000 0.00000000 0.00000000 0.00000000 0.00000000 0.00000000 0.00000000 0.00000000
2006  0.00000000 0.00000000 0.00000000 0.00000000 0.00000000 0.00000000 0.00000000 0.00000000 0.00000000 0.00000000 0.00000000 0.00000000 0.00000000 0.00000000 0.00000000 0.00000000 0.00000000
2007  0.00000000 0.00000000 0.00000000 0.00000000 0.00000000 0.00000000 0.00000000 0.00000000 0.00000000 0.00000000 0.00000000 0.00000000 0.00000000 0.00000000 0.00000000 0.00000000 0.00000000
2008  0.00000000 0.00000000 0.00000000 0.00000000 0.00000000 0.00000000 0.00000000 0.00000000 0.00000000 0.00000000 0.00000000 0.00000000 0.00000000 0.00000000 0.00000000 0.00000000 0.00000000
2009  0.00000000 0.00000000 0.00000000 0.00000000 0.00000000 0.00000000 0.00000000 0.00000000 0.00000000 0.00000000 0.00000000 0.00000000 0.00000000 0.00000000 0.00000000 0.00000000 0.00000000
2010  0.00000000 0.00000000 0.00000000 0.00000000 0.00000000 0.00000000 0.00000000 0.00000000 0.00000000 0.00000000 0.00000000 0.00000000 0.00000000 0.00000000 0.00000000 0.00000000 0.00000000
2011  0.00000000 0.00000000 0.00000000 0.00000000 0.00000000 0.00000000 0.00000000 0.00000000 0.00000000 0.00000000 0.00000000 0.00000000 0.00000000 0.00000000 0.00000000 0.00000000 0.00000000
2012  0.00000000 0.00000000 0.00000000 0.00000000 0.00000000 0.00000000 0.00000000 0.00000000 0.00000000 0.00000000 0.00000000 0.00000000 0.00000000 0.00000000 0.00000000 0.00000000 0.00000000
2013  0.00000000 0.00000000 0.00000000 0.00000000 0.00000000 0.00000000 0.00000000 0.00000000 0.00000000 0.00000000 0.00000000 0.00000000 0.00000000 0.00000000 0.00000000 0.00000000 0.00000000
2014  0.00000000 0.00000000 0.00000000 0.00000000 0.00000000 0.00000000 0.00000000 0.00000000 0.00000000 0.00000000 0.00000000 0.00000000 0.00000000 0.00000000 0.00000000 0.00000000 0.00000000
2015  0.00000000 0.00000000 0.00000000 0.00000000 0.00000000 0.00000000 0.00000000 0.00000000 0.00000000 0.00000000 0.00000000 0.00000000 0.00000000 0.00000000 0.00000000 0.00000000 0.00000000
2016  0.00000000 0.00000000 0.00000000 0.00000000 0.00000000 0.00000000 0.00000000 0.00000000 0.00000000 0.00000000 0.00000000 0.00000000 0.00000000 0.00000000 0.00000000 0.00000000 0.00000000
2017  0.00000000 0.00000000 0.00000000 0.00000000 0.00000000 0.00000000 0.00000000 0.00000000 0.00000000 0.00000000 0.00000000 0.00000000 0.00000000 0.00000000 0.00000000 0.00000000 0.00000000
2018  0.00000000 0.00000000 0.00000000 0.00000000 0.00000000 0.00000000 0.00000000 0.00000000 0.00000000 0.00000000 0.00000000 0.00000000 0.00000000 0.00000000 0.00000000 0.00000000 0.00000000
2019  0.00000000 0.00000000 0.00000000 0.00000000 0.00000000 0.00000000 0.00000000 0.00000000 0.00000000 0.00000000 0.00000000 0.00000000 0.00000000 0.00000000 0.00000000 0.00000000 0.00000000
2020  0.00000000 0.00000000 0.00000000 0.00000000 0.00000000 0.00000000 0.00000000 0.00000000 0.00000000 0.00000000 0.00000000 0.00000000 0.00000000 0.00000000 0.00000000 0.00000000 0.00000000
2021  0.00000000 0.00000000 0.00000000 0.00000000 0.00000000 0.00000000 0.00000000 0.00000000 0.00000000 0.00000000 0.00000000 0.00000000 0.00000000 0.00000000 0.00000000 0.00000000 0.00000000
2022  0.00000000 0.00000000 0.00000000 0.00000000 0.00000000 0.00000000 0.00000000 0.00000000 0.00000000 0.00000000 0.00000000 0.00000000 0.00000000 0.00000000 0.00000000 0.00000000 0.00000000

# N(males_mature)
#Year 1 2 3 4 5 6 7 8 9 10 11 12 13 14 15 16 17 
1960  582.36510082 643.03854404 705.99600236 901.93471700 1025.82923584 747.44739261 922.20762308 997.19865806 974.47743975 1051.82974303 1087.51716801 1044.35368760 951.15397761 778.00036018 558.73491848 347.36424106 303.86533796
1961  519.11957414 574.92194353 641.62665528 847.96728578 985.29240146 747.44739261 922.20762308 997.19865806 974.47743975 1051.82974303 1087.51716801 1044.35368760 951.15397761 778.00036018 558.73491848 347.36424106 303.86533796
1962  517.01492121 571.02399496 628.10706804 807.26937791 927.13676468 697.41714180 882.92637585 975.41916403 969.33528110 1051.51719609 1087.51343345 1044.35367977 951.15397761 778.00036018 558.73491848 347.36424106 303.86533796
1963  516.96210442 570.83029267 626.81868459 801.41146599 913.52459104 672.58896155 842.86271576 931.82407484 937.32365996 1032.79975697 1079.57278690 1042.42225217 950.92294723 777.98825217 558.73465281 347.36423878 303.86533795
1964  516.80432546 570.65207688 626.55616057 800.59176080 910.98948450 665.61271963 826.34190714 905.13431801 905.49420223 1002.12203927 1057.81386050 1031.43350825 946.73053365 776.81443955 558.52079435 347.34127874 303.86392475
1965  516.38422024 570.19512725 626.09260791 800.06111661 910.18330120 663.84045369 820.81983768 892.95208307 885.33347333 975.80936422 1032.58434165 1013.44240533 936.77600357 772.67208450 557.26095161 347.05660617 303.81030585
1966  515.58858426 569.32715033 625.20455970 799.10441114 909.20518784 663.08758003 818.83422224 887.81986614 874.53380420 957.92446433 1010.96153397 993.89404184 923.13914908 765.49403827 554.41833259 346.19494361 303.57321046
1967  514.27761488 567.89413170 623.72127743 797.46423457 907.55824156 662.21161415 817.57602999 885.34530203 868.97144910 946.90683394 994.85849156 976.34586035 908.53345592 756.34452330 550.07254318 344.60721061 303.01835545
1968  512.28083574 565.70868515 621.44197222 794.89360607 904.93838649 660.82246738 816.02904837 883.47676730 865.78428031 940.22850067 983.61999293 962.10071868 894.83062702 746.46379239 544.66826671 342.33646442 302.06821860
1969  509.40081479 562.55358463 618.13298478 791.10751271 901.02910478 658.67164884 813.72147750 881.25032506 863.32019755 935.84014580 975.84593985 951.10486362 882.91864713 736.80158747 538.73325619 339.54414831 300.71454005
1970  505.42184932 558.19119010 613.53680203 785.78698373 895.47718902 655.51352062 810.31175815 878.11790727 860.63096091 932.32157170 970.16296246 942.70801949 872.98048971 727.91600647 532.71611670 336.43099319 299.00311704
1971  500.12965947 552.38488550 607.39367678 778.60089770 887.90872079 651.08256484 805.47035353 873.66461546 857.10799365 928.70593837 965.43791230 936.08774396 864.79030899 720.03022216 526.92656165 333.18351317 297.01050341
1972  493.34409610 544.93482514 599.47857820 769.24659081 877.96866372 645.10592686 798.86181458 867.51015754 852.28810206 924.29531198 960.77445777 930.43687201 857.92152961 713.12788448 521.53317197 329.94667782 294.82292823
1973  484.96166334 535.72460119 589.65062930 757.50773208 865.38131043 637.33605448 790.16926255 859.29541769 845.77125841 918.53874747 955.45320325 925.02518073 851.86888005 707.03858920 516.58535505 326.81480822 292.52093779
1974  475.01203170 524.78325001 577.91873710 743.33120153 850.03139312 627.59816147 779.14346690 848.71353845 837.20622103 910.97393871 948.87859849 919.20781820 846.11197124 701.50084266 512.04117401 323.83284333 290.16984926
1975  463.71587663 512.34906067 564.51123548 726.91452019 832.06090979 615.85412383 765.67281526 835.56993377 826.31854398 901.21927697 940.55328485 912.42064041 840.14694651 696.20478475 507.79308103 321.00249985 287.81484754
1976  451.53818625 498.92855677 549.94135543 708.79131885 811.96720952 602.27390480 749.86691063 819.86299139 812.96855772 889.00508644 930.08409805 904.18257314 833.50557956 690.82151216 503.68945890 318.29020622 285.47938377
1977  439.23774568 485.35124620 535.06802189 689.91097322 790.69530587 587.30555158 732.14282791 801.87400088 797.22793381 874.23370321 917.21768383 894.11428634 825.77457600 685.02616120 499.55274651 315.63542363 283.16580299
1978  427.92284234 472.83096670 521.16223527 671.72089556 769.73002805 571.74101860 713.30799660 782.25734155 779.46398050 857.05711555 901.89933865 881.97542358 816.62241747 678.52064026 495.19607391 312.95907282 280.85751566
1979  419.17345642 463.09899217 510.04218262 656.30907803 751.23554228 556.78518239 694.64404647 762.13023929 760.42543863 837.96271639 884.34704871 867.71803764 805.83660152 671.05992878 490.44044111 310.17237846 278.52238433
1980  415.35467227 458.74481027 504.41500786 646.75111009 738.37816055 544.17927725 678.03464231 743.18798829 741.33600010 817.86406233 865.13491028 851.55223472 793.37108598 662.48385948 485.13400065 307.18664287 276.11725224
1981  420.00111476 463.63841407 508.32617447 647.64021598 735.87888637 536.50044872 666.25396453 727.93182065 724.03910146 798.21601248 845.29160568 834.02310841 779.40296513 652.75494719 479.17437072 303.92441431 273.59368116
1982  436.54885620 481.53053592 525.66124343 663.25809886 747.82697784 535.28999984 659.56575145 712.05365458 698.59934897 762.01896695 801.05150977 787.88795811 736.44548249 617.68734097 454.14785886 288.39033278 259.91827087
1983  463.10346351 510.47460846 555.15684524 694.32587705 776.62557125 544.26751255 661.71426161 698.23469512 665.39742976 706.15000960 724.81604285 701.78121468 651.12746968 544.44081765 399.81062457 253.74663218 228.66945744
1984  491.27451792 541.45425092 588.39069262 734.24980596 818.50354814 566.80357189 679.89062767 700.84141707 645.56046968 659.81653060 652.13519690 612.45938139 557.67676983 461.39948942 336.94351348 213.23035647 191.83290350
1985  465.21399573 514.06606690 566.77546592 729.39004976 828.81878984 595.03979525 707.86281530 715.99166411 638.81199078 625.79078816 588.73511563 527.94494155 464.83319575 376.22604681 271.14333375 170.32897825 152.49404755
1986  320.10163396 356.97506904 413.71093894 587.72327792 710.95948403 576.81012300 696.92353953 701.98039972 613.97202908 572.70426220 502.38229154 420.23530740 350.19992568 272.26410661 190.95734397 117.95424634 104.30194935
1987  481.61340107 527.15888367 551.64258907 634.20102616 678.28222926 449.71335521 583.21031554 613.20442065 553.73134013 505.39006148 414.43476995 319.55060934 246.59795677 179.78257032 120.28284887 72.04665243 62.19400134
1988  1226.76477814 1333.59521146 1336.67613962 1357.71366589 1272.51044148 523.58017507 595.63444093 574.75598575 494.76854078 456.70243145 377.59766940 282.96181961 204.89335320 138.56796112 86.92894834 49.76689716 41.38849614
1989  377.08637873 436.21485957 597.60139967 1065.84795642 1364.78141206 1098.10177245 1057.41535446 819.75036396 514.29684718 380.14942012 281.44091845 195.73354919 133.72380101 84.55171567 49.20055545 26.34138414 20.52969833
1990  703.93759634 768.21664931 792.30021383 887.44726757 956.18208248 675.76858040 904.57227356 886.42997782 673.53115287 445.12513026 238.67498237 119.44587505 66.24182253 36.95639227 19.42164140 9.51431677 6.73112090
1991  717.30238001 790.12883239 855.60223835 1054.22779029 1148.44137460 739.74138155 837.09069981 784.70023718 641.61664576 516.86986523 335.49695975 178.52122983 85.55412939 37.30586567 15.70323782 6.62758616 4.11908554
1992  625.22943615 691.43947572 766.37104822 995.83805611 1131.15004986 800.72529292 907.87148583 827.48100904 632.05507640 487.51957041 321.52978328 182.23548551 93.37023985 40.71414539 15.31640338 5.31710512 2.56163997
1993  521.20023804 577.13395188 644.75357768 854.13347291 990.83416300 746.03435251 881.25879451 826.98892269 645.63861091 492.54621695 315.56279510 174.81959994 89.55861140 39.49780966 14.74919289 4.80968422 1.89655901
1994  553.30155663 609.49732509 661.26726790 824.75427147 925.92310034 664.11942391 815.59285831 809.95215865 679.22209193 556.27995795 380.17244020 220.21072089 114.56210925 50.60358531 18.82446658 6.03473419 2.17631260
1995  570.18680151 628.15734453 681.51574314 847.19073093 939.76128573 644.49321930 762.60816001 736.90772377 613.39009809 513.66347492 363.36869363 219.52604168 118.90238430 54.20343752 20.54148279 6.58856442 2.28171271
1996  419.09286038 465.65946968 529.56674090 724.50631173 850.61477097 646.18628697 748.19439237 698.14732798 554.58751741 445.58755244 306.64960872 184.47625301 101.81158526 47.69903168 18.56933238 6.07317364 2.10389245
1997  678.91512542 742.09918223 770.02567333 864.61906888 900.76392630 548.98665558 681.25459894 675.39390617 563.50684347 459.68085983 316.66800093 189.73971638 104.42760084 49.20141843 19.46163936 6.50796107 2.30704475
1998  661.19448932 729.26197265 795.27625169 994.61559812 1091.37839214 703.16312661 767.85056537 695.42780396 544.50208761 450.82371575 324.73186648 201.01187383 112.12826284 53.12685916 21.15468261 7.14720825 2.57728879
1999  612.64863168 676.91354781 746.34606382 960.25822171 1087.59193222 768.10813007 879.16784542 814.57834405 625.70741642 492.67755091 343.66361491 210.99331220 119.48046283 57.97973534 23.55821568 8.06973486 2.95030707
2000  683.95786487 752.66132277 811.49074882 996.41860531 1101.33682236 753.18691693 898.18638206 873.65280462 710.66625361 580.05737383 409.68164418 249.98640774 139.98569416 67.83417981 27.80871701 9.67582367 3.61670077
2001  419.91691882 470.09214515 555.19211957 812.81885633 990.90038251 801.18263148 936.42382029 909.76009019 754.74966658 642.98958034 476.17235832 301.63254089 172.15439208 84.03556065 34.55746504 12.07862833 4.57192911
2002  529.94973222 582.15236619 622.27219820 754.73629871 845.38931681 624.76645416 821.42868613 876.46834083 788.70549969 700.35344935 535.23758059 351.97970263 208.19467329 104.63577096 43.93997338 15.56372706 5.96161636
2003  414.73574856 460.58527354 521.54523747 707.17755740 827.64393852 629.98449158 761.13125185 790.93771641 732.38966326 701.34153884 579.80480294 407.23630973 252.25804885 131.31494287 56.86274521 20.66137667 8.10888020
2004  344.84304353 382.53723903 431.35580106 584.02716642 694.42280231 558.92634209 707.15844911 750.95780405 698.52358603 673.95550801 575.89846670 427.08663926 280.61872670 154.08109942 69.78930225 26.26072619 10.65847523
2005  662.18780420 722.43700968 740.69615241 805.74618593 818.82185011 470.83468169 608.55801494 665.44772422 642.86540921 640.13777594 563.14340973 432.50228393 296.03092979 170.13409715 80.78929333 31.74812973 13.49924558
2006  528.68995689 586.90693746 661.95986699 885.23138160 1009.09788475 695.88097692 753.08103397 706.84490231 599.73593128 581.05812657 521.01587225 410.32031352 289.21751986 172.21931870 85.16519411 34.89565606 15.63003218
2007  439.68262254 488.02132088 551.65292299 749.55947002 888.97665322 699.39745166 843.80683084 835.56731138 692.67003047 608.47381704 501.38412993 378.68573483 267.64855088 163.48290500 83.56189612 35.47453208 16.67252749
2008  574.42325864 630.70177449 671.35507738 802.99141362 881.02347507 610.13441012 776.98039133 821.38345495 735.40177894 667.70371881 538.54899982 387.07102516 262.38229642 157.82595598 81.29354591 35.31030466 17.29771107
2009  523.04215004 578.70087341 641.91108776 834.66323045 949.71666558 677.93570871 797.16254427 803.36462755 710.48758733 665.02397760 553.02349592 400.81198732 267.51254128 157.28336915 79.83526088 34.69283446 17.37455823
2010  447.70427208 496.41028144 557.74419363 747.66172942 876.91397390 676.19358987 822.32835372 837.02040967 730.91870351 669.58036303 552.41463179 401.83749415 269.31564831 157.82022383 79.42540979 34.29361526 17.25866015
2011  434.54146432 480.23537601 530.23833665 687.44471636 795.21588231 608.77096821 768.69119705 812.40121549 737.00719049 686.68625977 567.20574559 411.11879156 274.41194654 160.25036956 80.35194260 34.57763768 17.40813928
2012  416.44282001 460.30450299 508.40584090 658.30541035 757.08108917 568.75159065 711.10967534 754.87288131 699.50040589 670.70635762 567.02952940 417.36280614 280.03225506 163.33892228 81.61105730 34.99129918 17.58476056
2013  403.89063013 446.29505746 492.10841830 634.86297326 727.77656279 541.73867552 672.59039144 708.67945232 654.09147668 631.16762268 541.26459862 405.69475213 276.27083318 162.52309467 81.45820787 34.90364715 17.50249905
2014  479.33479242 527.20295969 566.38520964 690.10036775 760.73803134 522.09278078 644.22880049 672.55974760 613.81501549 588.16284261 503.93060970 380.00632080 261.50976036 155.50325572 78.60412082 33.84104430 16.99940268
2015  632.85368567 694.46444986 735.96587551 866.27880445 923.52375745 574.29825806 675.45929059 673.88817806 588.00777146 550.11751538 465.85946593 349.28225900 240.66065147 143.92829966 73.29840876 31.76899238 16.05106401
2016  652.21208878 719.34753933 784.16887786 982.02861449 1086.07844394 719.72676685 807.64723148 758.12840011 608.68104193 531.92673969 429.11302422 310.43035208 210.19159291 125.06342022 63.75369789 27.73955695 14.10117928
2017  708.52400195 780.69107008 847.05300960 1053.22278481 1169.22396911 795.95512498 923.97528398 879.40031627 695.37135898 573.41019153 428.66767175 287.83769361 185.20391573 107.10081264 53.81253027 23.30213339 11.86537617
2018  844.28654469 928.39286543 995.75069172 1206.24405562 1315.23028483 863.14645643 1009.27873198 972.52742279 782.40686842 647.05047878 472.02474834 300.89831502 181.75967320 99.41329726 47.95608548 20.28716269 10.21203230
2019  642.37297363 714.48169354 815.33895302 1121.29587899 1318.43685817 994.85723844 1140.69788973 1080.69927898 857.86324141 706.44042461 511.75313162 319.55105534 185.83708941 96.64739900 44.21120393 17.90519640 8.70128425
2020  517.32101383 574.78846125 653.70581736 900.69438568 1083.99022340 890.40639872 1112.33328060 1124.30519761 940.28009371 780.54776472 557.07302927 341.30420419 193.83366078 97.52071712 42.71180249 16.51027608 7.61242659
2021  437.16451638 485.01690774 547.26328443 742.99874085 889.85121642 736.03780423 957.21709110 1027.35065321 935.76908226 839.50452998 634.56807701 403.68058663 230.96898645 114.40611444 48.66721684 18.12509084 7.92090363
2022  511.12483569 562.44186058 606.30421327 746.74014226 837.62803348 613.12857936 801.85223936 881.60489360 842.86213168 805.66860390 652.01748431 443.90282498 266.71149918 135.48523237 57.87684105 21.22271157 8.89510591

# N(males_imature)
#Year 1 2 3 4 5 6 7 8 9 10 11 12 13 14 15 16 17 
1960  0.00000000 0.00000000 0.00000000 0.00000000 0.00000000 0.00000000 0.00000000 0.00000000 0.00000000 0.00000000 0.00000000 0.00000000 0.00000000 0.00000000 0.00000000 0.00000000 0.00000000
1961  0.00000000 0.00000000 0.00000000 0.00000000 0.00000000 0.00000000 0.00000000 0.00000000 0.00000000 0.00000000 0.00000000 0.00000000 0.00000000 0.00000000 0.00000000 0.00000000 0.00000000
1962  0.00000000 0.00000000 0.00000000 0.00000000 0.00000000 0.00000000 0.00000000 0.00000000 0.00000000 0.00000000 0.00000000 0.00000000 0.00000000 0.00000000 0.00000000 0.00000000 0.00000000
1963  0.00000000 0.00000000 0.00000000 0.00000000 0.00000000 0.00000000 0.00000000 0.00000000 0.00000000 0.00000000 0.00000000 0.00000000 0.00000000 0.00000000 0.00000000 0.00000000 0.00000000
1964  0.00000000 0.00000000 0.00000000 0.00000000 0.00000000 0.00000000 0.00000000 0.00000000 0.00000000 0.00000000 0.00000000 0.00000000 0.00000000 0.00000000 0.00000000 0.00000000 0.00000000
1965  0.00000000 0.00000000 0.00000000 0.00000000 0.00000000 0.00000000 0.00000000 0.00000000 0.00000000 0.00000000 0.00000000 0.00000000 0.00000000 0.00000000 0.00000000 0.00000000 0.00000000
1966  0.00000000 0.00000000 0.00000000 0.00000000 0.00000000 0.00000000 0.00000000 0.00000000 0.00000000 0.00000000 0.00000000 0.00000000 0.00000000 0.00000000 0.00000000 0.00000000 0.00000000
1967  0.00000000 0.00000000 0.00000000 0.00000000 0.00000000 0.00000000 0.00000000 0.00000000 0.00000000 0.00000000 0.00000000 0.00000000 0.00000000 0.00000000 0.00000000 0.00000000 0.00000000
1968  0.00000000 0.00000000 0.00000000 0.00000000 0.00000000 0.00000000 0.00000000 0.00000000 0.00000000 0.00000000 0.00000000 0.00000000 0.00000000 0.00000000 0.00000000 0.00000000 0.00000000
1969  0.00000000 0.00000000 0.00000000 0.00000000 0.00000000 0.00000000 0.00000000 0.00000000 0.00000000 0.00000000 0.00000000 0.00000000 0.00000000 0.00000000 0.00000000 0.00000000 0.00000000
1970  0.00000000 0.00000000 0.00000000 0.00000000 0.00000000 0.00000000 0.00000000 0.00000000 0.00000000 0.00000000 0.00000000 0.00000000 0.00000000 0.00000000 0.00000000 0.00000000 0.00000000
1971  0.00000000 0.00000000 0.00000000 0.00000000 0.00000000 0.00000000 0.00000000 0.00000000 0.00000000 0.00000000 0.00000000 0.00000000 0.00000000 0.00000000 0.00000000 0.00000000 0.00000000
1972  0.00000000 0.00000000 0.00000000 0.00000000 0.00000000 0.00000000 0.00000000 0.00000000 0.00000000 0.00000000 0.00000000 0.00000000 0.00000000 0.00000000 0.00000000 0.00000000 0.00000000
1973  0.00000000 0.00000000 0.00000000 0.00000000 0.00000000 0.00000000 0.00000000 0.00000000 0.00000000 0.00000000 0.00000000 0.00000000 0.00000000 0.00000000 0.00000000 0.00000000 0.00000000
1974  0.00000000 0.00000000 0.00000000 0.00000000 0.00000000 0.00000000 0.00000000 0.00000000 0.00000000 0.00000000 0.00000000 0.00000000 0.00000000 0.00000000 0.00000000 0.00000000 0.00000000
1975  0.00000000 0.00000000 0.00000000 0.00000000 0.00000000 0.00000000 0.00000000 0.00000000 0.00000000 0.00000000 0.00000000 0.00000000 0.00000000 0.00000000 0.00000000 0.00000000 0.00000000
1976  0.00000000 0.00000000 0.00000000 0.00000000 0.00000000 0.00000000 0.00000000 0.00000000 0.00000000 0.00000000 0.00000000 0.00000000 0.00000000 0.00000000 0.00000000 0.00000000 0.00000000
1977  0.00000000 0.00000000 0.00000000 0.00000000 0.00000000 0.00000000 0.00000000 0.00000000 0.00000000 0.00000000 0.00000000 0.00000000 0.00000000 0.00000000 0.00000000 0.00000000 0.00000000
1978  0.00000000 0.00000000 0.00000000 0.00000000 0.00000000 0.00000000 0.00000000 0.00000000 0.00000000 0.00000000 0.00000000 0.00000000 0.00000000 0.00000000 0.00000000 0.00000000 0.00000000
1979  0.00000000 0.00000000 0.00000000 0.00000000 0.00000000 0.00000000 0.00000000 0.00000000 0.00000000 0.00000000 0.00000000 0.00000000 0.00000000 0.00000000 0.00000000 0.00000000 0.00000000
1980  0.00000000 0.00000000 0.00000000 0.00000000 0.00000000 0.00000000 0.00000000 0.00000000 0.00000000 0.00000000 0.00000000 0.00000000 0.00000000 0.00000000 0.00000000 0.00000000 0.00000000
1981  0.00000000 0.00000000 0.00000000 0.00000000 0.00000000 0.00000000 0.00000000 0.00000000 0.00000000 0.00000000 0.00000000 0.00000000 0.00000000 0.00000000 0.00000000 0.00000000 0.00000000
1982  0.00000000 0.00000000 0.00000000 0.00000000 0.00000000 0.00000000 0.00000000 0.00000000 0.00000000 0.00000000 0.00000000 0.00000000 0.00000000 0.00000000 0.00000000 0.00000000 0.00000000
1983  0.00000000 0.00000000 0.00000000 0.00000000 0.00000000 0.00000000 0.00000000 0.00000000 0.00000000 0.00000000 0.00000000 0.00000000 0.00000000 0.00000000 0.00000000 0.00000000 0.00000000
1984  0.00000000 0.00000000 0.00000000 0.00000000 0.00000000 0.00000000 0.00000000 0.00000000 0.00000000 0.00000000 0.00000000 0.00000000 0.00000000 0.00000000 0.00000000 0.00000000 0.00000000
1985  0.00000000 0.00000000 0.00000000 0.00000000 0.00000000 0.00000000 0.00000000 0.00000000 0.00000000 0.00000000 0.00000000 0.00000000 0.00000000 0.00000000 0.00000000 0.00000000 0.00000000
1986  0.00000000 0.00000000 0.00000000 0.00000000 0.00000000 0.00000000 0.00000000 0.00000000 0.00000000 0.00000000 0.00000000 0.00000000 0.00000000 0.00000000 0.00000000 0.00000000 0.00000000
1987  0.00000000 0.00000000 0.00000000 0.00000000 0.00000000 0.00000000 0.00000000 0.00000000 0.00000000 0.00000000 0.00000000 0.00000000 0.00000000 0.00000000 0.00000000 0.00000000 0.00000000
1988  0.00000000 0.00000000 0.00000000 0.00000000 0.00000000 0.00000000 0.00000000 0.00000000 0.00000000 0.00000000 0.00000000 0.00000000 0.00000000 0.00000000 0.00000000 0.00000000 0.00000000
1989  0.00000000 0.00000000 0.00000000 0.00000000 0.00000000 0.00000000 0.00000000 0.00000000 0.00000000 0.00000000 0.00000000 0.00000000 0.00000000 0.00000000 0.00000000 0.00000000 0.00000000
1990  0.00000000 0.00000000 0.00000000 0.00000000 0.00000000 0.00000000 0.00000000 0.00000000 0.00000000 0.00000000 0.00000000 0.00000000 0.00000000 0.00000000 0.00000000 0.00000000 0.00000000
1991  0.00000000 0.00000000 0.00000000 0.00000000 0.00000000 0.00000000 0.00000000 0.00000000 0.00000000 0.00000000 0.00000000 0.00000000 0.00000000 0.00000000 0.00000000 0.00000000 0.00000000
1992  0.00000000 0.00000000 0.00000000 0.00000000 0.00000000 0.00000000 0.00000000 0.00000000 0.00000000 0.00000000 0.00000000 0.00000000 0.00000000 0.00000000 0.00000000 0.00000000 0.00000000
1993  0.00000000 0.00000000 0.00000000 0.00000000 0.00000000 0.00000000 0.00000000 0.00000000 0.00000000 0.00000000 0.00000000 0.00000000 0.00000000 0.00000000 0.00000000 0.00000000 0.00000000
1994  0.00000000 0.00000000 0.00000000 0.00000000 0.00000000 0.00000000 0.00000000 0.00000000 0.00000000 0.00000000 0.00000000 0.00000000 0.00000000 0.00000000 0.00000000 0.00000000 0.00000000
1995  0.00000000 0.00000000 0.00000000 0.00000000 0.00000000 0.00000000 0.00000000 0.00000000 0.00000000 0.00000000 0.00000000 0.00000000 0.00000000 0.00000000 0.00000000 0.00000000 0.00000000
1996  0.00000000 0.00000000 0.00000000 0.00000000 0.00000000 0.00000000 0.00000000 0.00000000 0.00000000 0.00000000 0.00000000 0.00000000 0.00000000 0.00000000 0.00000000 0.00000000 0.00000000
1997  0.00000000 0.00000000 0.00000000 0.00000000 0.00000000 0.00000000 0.00000000 0.00000000 0.00000000 0.00000000 0.00000000 0.00000000 0.00000000 0.00000000 0.00000000 0.00000000 0.00000000
1998  0.00000000 0.00000000 0.00000000 0.00000000 0.00000000 0.00000000 0.00000000 0.00000000 0.00000000 0.00000000 0.00000000 0.00000000 0.00000000 0.00000000 0.00000000 0.00000000 0.00000000
1999  0.00000000 0.00000000 0.00000000 0.00000000 0.00000000 0.00000000 0.00000000 0.00000000 0.00000000 0.00000000 0.00000000 0.00000000 0.00000000 0.00000000 0.00000000 0.00000000 0.00000000
2000  0.00000000 0.00000000 0.00000000 0.00000000 0.00000000 0.00000000 0.00000000 0.00000000 0.00000000 0.00000000 0.00000000 0.00000000 0.00000000 0.00000000 0.00000000 0.00000000 0.00000000
2001  0.00000000 0.00000000 0.00000000 0.00000000 0.00000000 0.00000000 0.00000000 0.00000000 0.00000000 0.00000000 0.00000000 0.00000000 0.00000000 0.00000000 0.00000000 0.00000000 0.00000000
2002  0.00000000 0.00000000 0.00000000 0.00000000 0.00000000 0.00000000 0.00000000 0.00000000 0.00000000 0.00000000 0.00000000 0.00000000 0.00000000 0.00000000 0.00000000 0.00000000 0.00000000
2003  0.00000000 0.00000000 0.00000000 0.00000000 0.00000000 0.00000000 0.00000000 0.00000000 0.00000000 0.00000000 0.00000000 0.00000000 0.00000000 0.00000000 0.00000000 0.00000000 0.00000000
2004  0.00000000 0.00000000 0.00000000 0.00000000 0.00000000 0.00000000 0.00000000 0.00000000 0.00000000 0.00000000 0.00000000 0.00000000 0.00000000 0.00000000 0.00000000 0.00000000 0.00000000
2005  0.00000000 0.00000000 0.00000000 0.00000000 0.00000000 0.00000000 0.00000000 0.00000000 0.00000000 0.00000000 0.00000000 0.00000000 0.00000000 0.00000000 0.00000000 0.00000000 0.00000000
2006  0.00000000 0.00000000 0.00000000 0.00000000 0.00000000 0.00000000 0.00000000 0.00000000 0.00000000 0.00000000 0.00000000 0.00000000 0.00000000 0.00000000 0.00000000 0.00000000 0.00000000
2007  0.00000000 0.00000000 0.00000000 0.00000000 0.00000000 0.00000000 0.00000000 0.00000000 0.00000000 0.00000000 0.00000000 0.00000000 0.00000000 0.00000000 0.00000000 0.00000000 0.00000000
2008  0.00000000 0.00000000 0.00000000 0.00000000 0.00000000 0.00000000 0.00000000 0.00000000 0.00000000 0.00000000 0.00000000 0.00000000 0.00000000 0.00000000 0.00000000 0.00000000 0.00000000
2009  0.00000000 0.00000000 0.00000000 0.00000000 0.00000000 0.00000000 0.00000000 0.00000000 0.00000000 0.00000000 0.00000000 0.00000000 0.00000000 0.00000000 0.00000000 0.00000000 0.00000000
2010  0.00000000 0.00000000 0.00000000 0.00000000 0.00000000 0.00000000 0.00000000 0.00000000 0.00000000 0.00000000 0.00000000 0.00000000 0.00000000 0.00000000 0.00000000 0.00000000 0.00000000
2011  0.00000000 0.00000000 0.00000000 0.00000000 0.00000000 0.00000000 0.00000000 0.00000000 0.00000000 0.00000000 0.00000000 0.00000000 0.00000000 0.00000000 0.00000000 0.00000000 0.00000000
2012  0.00000000 0.00000000 0.00000000 0.00000000 0.00000000 0.00000000 0.00000000 0.00000000 0.00000000 0.00000000 0.00000000 0.00000000 0.00000000 0.00000000 0.00000000 0.00000000 0.00000000
2013  0.00000000 0.00000000 0.00000000 0.00000000 0.00000000 0.00000000 0.00000000 0.00000000 0.00000000 0.00000000 0.00000000 0.00000000 0.00000000 0.00000000 0.00000000 0.00000000 0.00000000
2014  0.00000000 0.00000000 0.00000000 0.00000000 0.00000000 0.00000000 0.00000000 0.00000000 0.00000000 0.00000000 0.00000000 0.00000000 0.00000000 0.00000000 0.00000000 0.00000000 0.00000000
2015  0.00000000 0.00000000 0.00000000 0.00000000 0.00000000 0.00000000 0.00000000 0.00000000 0.00000000 0.00000000 0.00000000 0.00000000 0.00000000 0.00000000 0.00000000 0.00000000 0.00000000
2016  0.00000000 0.00000000 0.00000000 0.00000000 0.00000000 0.00000000 0.00000000 0.00000000 0.00000000 0.00000000 0.00000000 0.00000000 0.00000000 0.00000000 0.00000000 0.00000000 0.00000000
2017  0.00000000 0.00000000 0.00000000 0.00000000 0.00000000 0.00000000 0.00000000 0.00000000 0.00000000 0.00000000 0.00000000 0.00000000 0.00000000 0.00000000 0.00000000 0.00000000 0.00000000
2018  0.00000000 0.00000000 0.00000000 0.00000000 0.00000000 0.00000000 0.00000000 0.00000000 0.00000000 0.00000000 0.00000000 0.00000000 0.00000000 0.00000000 0.00000000 0.00000000 0.00000000
2019  0.00000000 0.00000000 0.00000000 0.00000000 0.00000000 0.00000000 0.00000000 0.00000000 0.00000000 0.00000000 0.00000000 0.00000000 0.00000000 0.00000000 0.00000000 0.00000000 0.00000000
2020  0.00000000 0.00000000 0.00000000 0.00000000 0.00000000 0.00000000 0.00000000 0.00000000 0.00000000 0.00000000 0.00000000 0.00000000 0.00000000 0.00000000 0.00000000 0.00000000 0.00000000
2021  0.00000000 0.00000000 0.00000000 0.00000000 0.00000000 0.00000000 0.00000000 0.00000000 0.00000000 0.00000000 0.00000000 0.00000000 0.00000000 0.00000000 0.00000000 0.00000000 0.00000000
2022  0.00000000 0.00000000 0.00000000 0.00000000 0.00000000 0.00000000 0.00000000 0.00000000 0.00000000 0.00000000 0.00000000 0.00000000 0.00000000 0.00000000 0.00000000 0.00000000 0.00000000

# N(males_mature_new)
#Year 1 2 3 4 5 6 7 8 9 10 11 12 13 14 15 16 17 
1960  582.36510082 643.03854404 705.99600236 901.93471700 1025.82923584 747.44739261 922.20762308 997.19865806 974.47743975 1051.82974303 1087.51716801 1044.35368760 951.15397761 778.00036018 558.73491848 347.36424106 303.86533796
1961  519.11957414 574.92194353 641.62665528 847.96728578 985.29240146 747.44739261 922.20762308 997.19865806 974.47743975 1051.82974303 1087.51716801 1044.35368760 951.15397761 778.00036018 558.73491848 347.36424106 303.86533796
1962  517.01492121 571.02399496 628.10706804 807.26937791 927.13676468 697.41714180 882.92637585 975.41916403 969.33528110 1051.51719609 1087.51343345 1044.35367977 951.15397761 778.00036018 558.73491848 347.36424106 303.86533796
1963  516.96210442 570.83029267 626.81868459 801.41146599 913.52459104 672.58896155 842.86271576 931.82407484 937.32365996 1032.79975697 1079.57278690 1042.42225217 950.92294723 777.98825217 558.73465281 347.36423878 303.86533795
1964  516.80432546 570.65207688 626.55616057 800.59176080 910.98948450 665.61271963 826.34190714 905.13431801 905.49420223 1002.12203927 1057.81386050 1031.43350825 946.73053365 776.81443955 558.52079435 347.34127874 303.86392475
1965  516.38422024 570.19512725 626.09260791 800.06111661 910.18330120 663.84045369 820.81983768 892.95208307 885.33347333 975.80936422 1032.58434165 1013.44240533 936.77600357 772.67208450 557.26095161 347.05660617 303.81030585
1966  515.58858426 569.32715033 625.20455970 799.10441114 909.20518784 663.08758003 818.83422224 887.81986614 874.53380420 957.92446433 1010.96153397 993.89404184 923.13914908 765.49403827 554.41833259 346.19494361 303.57321046
1967  514.27761488 567.89413170 623.72127743 797.46423457 907.55824156 662.21161415 817.57602999 885.34530203 868.97144910 946.90683394 994.85849156 976.34586035 908.53345592 756.34452330 550.07254318 344.60721061 303.01835545
1968  512.28083574 565.70868515 621.44197222 794.89360607 904.93838649 660.82246738 816.02904837 883.47676730 865.78428031 940.22850067 983.61999293 962.10071868 894.83062702 746.46379239 544.66826671 342.33646442 302.06821860
1969  509.40081479 562.55358463 618.13298478 791.10751271 901.02910478 658.67164884 813.72147750 881.25032506 863.32019755 935.84014580 975.84593985 951.10486362 882.91864713 736.80158747 538.73325619 339.54414831 300.71454005
1970  505.42184932 558.19119010 613.53680203 785.78698373 895.47718902 655.51352062 810.31175815 878.11790727 860.63096091 932.32157170 970.16296246 942.70801949 872.98048971 727.91600647 532.71611670 336.43099319 299.00311704
1971  500.12965947 552.38488550 607.39367678 778.60089770 887.90872079 651.08256484 805.47035353 873.66461546 857.10799365 928.70593837 965.43791230 936.08774396 864.79030899 720.03022216 526.92656165 333.18351317 297.01050341
1972  493.34409610 544.93482514 599.47857820 769.24659081 877.96866372 645.10592686 798.86181458 867.51015754 852.28810206 924.29531198 960.77445777 930.43687201 857.92152961 713.12788448 521.53317197 329.94667782 294.82292823
1973  484.96166334 535.72460119 589.65062930 757.50773208 865.38131043 637.33605448 790.16926255 859.29541769 845.77125841 918.53874747 955.45320325 925.02518073 851.86888005 707.03858920 516.58535505 326.81480822 292.52093779
1974  475.01203170 524.78325001 577.91873710 743.33120153 850.03139312 627.59816147 779.14346690 848.71353845 837.20622103 910.97393871 948.87859849 919.20781820 846.11197124 701.50084266 512.04117401 323.83284333 290.16984926
1975  463.71587663 512.34906067 564.51123548 726.91452019 832.06090979 615.85412383 765.67281526 835.56993377 826.31854398 901.21927697 940.55328485 912.42064041 840.14694651 696.20478475 507.79308103 321.00249985 287.81484754
1976  451.53818625 498.92855677 549.94135543 708.79131885 811.96720952 602.27390480 749.86691063 819.86299139 812.96855772 889.00508644 930.08409805 904.18257314 833.50557956 690.82151216 503.68945890 318.29020622 285.47938377
1977  439.23774568 485.35124620 535.06802189 689.91097322 790.69530587 587.30555158 732.14282791 801.87400088 797.22793381 874.23370321 917.21768383 894.11428634 825.77457600 685.02616120 499.55274651 315.63542363 283.16580299
1978  427.92284234 472.83096670 521.16223527 671.72089556 769.73002805 571.74101860 713.30799660 782.25734155 779.46398050 857.05711555 901.89933865 881.97542358 816.62241747 678.52064026 495.19607391 312.95907282 280.85751566
1979  419.17345642 463.09899217 510.04218262 656.30907803 751.23554228 556.78518239 694.64404647 762.13023929 760.42543863 837.96271639 884.34704871 867.71803764 805.83660152 671.05992878 490.44044111 310.17237846 278.52238433
1980  415.35467227 458.74481027 504.41500786 646.75111009 738.37816055 544.17927725 678.03464231 743.18798829 741.33600010 817.86406233 865.13491028 851.55223472 793.37108598 662.48385948 485.13400065 307.18664287 276.11725224
1981  420.00111476 463.63841407 508.32617447 647.64021598 735.87888637 536.50044872 666.25396453 727.93182065 724.03910146 798.21601248 845.29160568 834.02310841 779.40296513 652.75494719 479.17437072 303.92441431 273.59368116
1982  436.54885620 481.53053592 525.66124343 663.25809886 747.82697784 535.28999984 659.56575145 712.05365458 698.59934897 762.01896695 801.05150977 787.88795811 736.44548249 617.68734097 454.14785886 288.39033278 259.91827087
1983  463.10346351 510.47460846 555.15684524 694.32587705 776.62557125 544.26751255 661.71426161 698.23469512 665.39742976 706.15000960 724.81604285 701.78121468 651.12746968 544.44081765 399.81062457 253.74663218 228.66945744
1984  491.27451792 541.45425092 588.39069262 734.24980596 818.50354814 566.80357189 679.89062767 700.84141707 645.56046968 659.81653060 652.13519690 612.45938139 557.67676983 461.39948942 336.94351348 213.23035647 191.83290350
1985  465.21399573 514.06606690 566.77546592 729.39004976 828.81878984 595.03979525 707.86281530 715.99166411 638.81199078 625.79078816 588.73511563 527.94494155 464.83319575 376.22604681 271.14333375 170.32897825 152.49404755
1986  320.10163396 356.97506904 413.71093894 587.72327792 710.95948403 576.81012300 696.92353953 701.98039972 613.97202908 572.70426220 502.38229154 420.23530740 350.19992568 272.26410661 190.95734397 117.95424634 104.30194935
1987  481.61340107 527.15888367 551.64258907 634.20102616 678.28222926 449.71335521 583.21031554 613.20442065 553.73134013 505.39006148 414.43476995 319.55060934 246.59795677 179.78257032 120.28284887 72.04665243 62.19400134
1988  1226.76477814 1333.59521146 1336.67613962 1357.71366589 1272.51044148 523.58017507 595.63444093 574.75598575 494.76854078 456.70243145 377.59766940 282.96181961 204.89335320 138.56796112 86.92894834 49.76689716 41.38849614
1989  377.08637873 436.21485957 597.60139967 1065.84795642 1364.78141206 1098.10177245 1057.41535446 819.75036396 514.29684718 380.14942012 281.44091845 195.73354919 133.72380101 84.55171567 49.20055545 26.34138414 20.52969833
1990  703.93759634 768.21664931 792.30021383 887.44726757 956.18208248 675.76858040 904.57227356 886.42997782 673.53115287 445.12513026 238.67498237 119.44587505 66.24182253 36.95639227 19.42164140 9.51431677 6.73112090
1991  717.30238001 790.12883239 855.60223835 1054.22779029 1148.44137460 739.74138155 837.09069981 784.70023718 641.61664576 516.86986523 335.49695975 178.52122983 85.55412939 37.30586567 15.70323782 6.62758616 4.11908554
1992  625.22943615 691.43947572 766.37104822 995.83805611 1131.15004986 800.72529292 907.87148583 827.48100904 632.05507640 487.51957041 321.52978328 182.23548551 93.37023985 40.71414539 15.31640338 5.31710512 2.56163997
1993  521.20023804 577.13395188 644.75357768 854.13347291 990.83416300 746.03435251 881.25879451 826.98892269 645.63861091 492.54621695 315.56279510 174.81959994 89.55861140 39.49780966 14.74919289 4.80968422 1.89655901
1994  553.30155663 609.49732509 661.26726790 824.75427147 925.92310034 664.11942391 815.59285831 809.95215865 679.22209193 556.27995795 380.17244020 220.21072089 114.56210925 50.60358531 18.82446658 6.03473419 2.17631260
1995  570.18680151 628.15734453 681.51574314 847.19073093 939.76128573 644.49321930 762.60816001 736.90772377 613.39009809 513.66347492 363.36869363 219.52604168 118.90238430 54.20343752 20.54148279 6.58856442 2.28171271
1996  419.09286038 465.65946968 529.56674090 724.50631173 850.61477097 646.18628697 748.19439237 698.14732798 554.58751741 445.58755244 306.64960872 184.47625301 101.81158526 47.69903168 18.56933238 6.07317364 2.10389245
1997  678.91512542 742.09918223 770.02567333 864.61906888 900.76392630 548.98665558 681.25459894 675.39390617 563.50684347 459.68085983 316.66800093 189.73971638 104.42760084 49.20141843 19.46163936 6.50796107 2.30704475
1998  661.19448932 729.26197265 795.27625169 994.61559812 1091.37839214 703.16312661 767.85056537 695.42780396 544.50208761 450.82371575 324.73186648 201.01187383 112.12826284 53.12685916 21.15468261 7.14720825 2.57728879
1999  612.64863168 676.91354781 746.34606382 960.25822171 1087.59193222 768.10813007 879.16784542 814.57834405 625.70741642 492.67755091 343.66361491 210.99331220 119.48046283 57.97973534 23.55821568 8.06973486 2.95030707
2000  683.95786487 752.66132277 811.49074882 996.41860531 1101.33682236 753.18691693 898.18638206 873.65280462 710.66625361 580.05737383 409.68164418 249.98640774 139.98569416 67.83417981 27.80871701 9.67582367 3.61670077
2001  419.91691882 470.09214515 555.19211957 812.81885633 990.90038251 801.18263148 936.42382029 909.76009019 754.74966658 642.98958034 476.17235832 301.63254089 172.15439208 84.03556065 34.55746504 12.07862833 4.57192911
2002  529.94973222 582.15236619 622.27219820 754.73629871 845.38931681 624.76645416 821.42868613 876.46834083 788.70549969 700.35344935 535.23758059 351.97970263 208.19467329 104.63577096 43.93997338 15.56372706 5.96161636
2003  414.73574856 460.58527354 521.54523747 707.17755740 827.64393852 629.98449158 761.13125185 790.93771641 732.38966326 701.34153884 579.80480294 407.23630973 252.25804885 131.31494287 56.86274521 20.66137667 8.10888020
2004  344.84304353 382.53723903 431.35580106 584.02716642 694.42280231 558.92634209 707.15844911 750.95780405 698.52358603 673.95550801 575.89846670 427.08663926 280.61872670 154.08109942 69.78930225 26.26072619 10.65847523
2005  662.18780420 722.43700968 740.69615241 805.74618593 818.82185011 470.83468169 608.55801494 665.44772422 642.86540921 640.13777594 563.14340973 432.50228393 296.03092979 170.13409715 80.78929333 31.74812973 13.49924558
2006  528.68995689 586.90693746 661.95986699 885.23138160 1009.09788475 695.88097692 753.08103397 706.84490231 599.73593128 581.05812657 521.01587225 410.32031352 289.21751986 172.21931870 85.16519411 34.89565606 15.63003218
2007  439.68262254 488.02132088 551.65292299 749.55947002 888.97665322 699.39745166 843.80683084 835.56731138 692.67003047 608.47381704 501.38412993 378.68573483 267.64855088 163.48290500 83.56189612 35.47453208 16.67252749
2008  574.42325864 630.70177449 671.35507738 802.99141362 881.02347507 610.13441012 776.98039133 821.38345495 735.40177894 667.70371881 538.54899982 387.07102516 262.38229642 157.82595598 81.29354591 35.31030466 17.29771107
2009  523.04215004 578.70087341 641.91108776 834.66323045 949.71666558 677.93570871 797.16254427 803.36462755 710.48758733 665.02397760 553.02349592 400.81198732 267.51254128 157.28336915 79.83526088 34.69283446 17.37455823
2010  447.70427208 496.41028144 557.74419363 747.66172942 876.91397390 676.19358987 822.32835372 837.02040967 730.91870351 669.58036303 552.41463179 401.83749415 269.31564831 157.82022383 79.42540979 34.29361526 17.25866015
2011  434.54146432 480.23537601 530.23833665 687.44471636 795.21588231 608.77096821 768.69119705 812.40121549 737.00719049 686.68625977 567.20574559 411.11879156 274.41194654 160.25036956 80.35194260 34.57763768 17.40813928
2012  416.44282001 460.30450299 508.40584090 658.30541035 757.08108917 568.75159065 711.10967534 754.87288131 699.50040589 670.70635762 567.02952940 417.36280614 280.03225506 163.33892228 81.61105730 34.99129918 17.58476056
2013  403.89063013 446.29505746 492.10841830 634.86297326 727.77656279 541.73867552 672.59039144 708.67945232 654.09147668 631.16762268 541.26459862 405.69475213 276.27083318 162.52309467 81.45820787 34.90364715 17.50249905
2014  479.33479242 527.20295969 566.38520964 690.10036775 760.73803134 522.09278078 644.22880049 672.55974760 613.81501549 588.16284261 503.93060970 380.00632080 261.50976036 155.50325572 78.60412082 33.84104430 16.99940268
2015  632.85368567 694.46444986 735.96587551 866.27880445 923.52375745 574.29825806 675.45929059 673.88817806 588.00777146 550.11751538 465.85946593 349.28225900 240.66065147 143.92829966 73.29840876 31.76899238 16.05106401
2016  652.21208878 719.34753933 784.16887786 982.02861449 1086.07844394 719.72676685 807.64723148 758.12840011 608.68104193 531.92673969 429.11302422 310.43035208 210.19159291 125.06342022 63.75369789 27.73955695 14.10117928
2017  708.52400195 780.69107008 847.05300960 1053.22278481 1169.22396911 795.95512498 923.97528398 879.40031627 695.37135898 573.41019153 428.66767175 287.83769361 185.20391573 107.10081264 53.81253027 23.30213339 11.86537617
2018  844.28654469 928.39286543 995.75069172 1206.24405562 1315.23028483 863.14645643 1009.27873198 972.52742279 782.40686842 647.05047878 472.02474834 300.89831502 181.75967320 99.41329726 47.95608548 20.28716269 10.21203230
2019  642.37297363 714.48169354 815.33895302 1121.29587899 1318.43685817 994.85723844 1140.69788973 1080.69927898 857.86324141 706.44042461 511.75313162 319.55105534 185.83708941 96.64739900 44.21120393 17.90519640 8.70128425
2020  517.32101383 574.78846125 653.70581736 900.69438568 1083.99022340 890.40639872 1112.33328060 1124.30519761 940.28009371 780.54776472 557.07302927 341.30420419 193.83366078 97.52071712 42.71180249 16.51027608 7.61242659
2021  437.16451638 485.01690774 547.26328443 742.99874085 889.85121642 736.03780423 957.21709110 1027.35065321 935.76908226 839.50452998 634.56807701 403.68058663 230.96898645 114.40611444 48.66721684 18.12509084 7.92090363
2022  511.12483569 562.44186058 606.30421327 746.74014226 837.62803348 613.12857936 801.85223936 881.60489360 842.86213168 805.66860390 652.01748431 443.90282498 266.71149918 135.48523237 57.87684105 21.22271157 8.89510591
#--------------------------------------------------------------------------------------------
#Molting and growth

# Molt probability
#Sex Year 1 2 3 4 5 6 7 8 9 10 11 12 13 14 15 16 17 
male 1960  0.95764444 0.93777084 0.90945404 0.87003768 0.81691686 0.74836326 0.66467701 0.56918139 0.46824705 0.36984590 0.28118869 0.20680907 0.14805187 0.10380369 0.07166748 0.04893694 0.03315826
male 1961  0.95764444 0.93777084 0.90945404 0.87003768 0.81691686 0.74836326 0.66467701 0.56918139 0.46824705 0.36984590 0.28118869 0.20680907 0.14805187 0.10380369 0.07166748 0.04893694 0.03315826
male 1962  0.95764444 0.93777084 0.90945404 0.87003768 0.81691686 0.74836326 0.66467701 0.56918139 0.46824705 0.36984590 0.28118869 0.20680907 0.14805187 0.10380369 0.07166748 0.04893694 0.03315826
male 1963  0.95764444 0.93777084 0.90945404 0.87003768 0.81691686 0.74836326 0.66467701 0.56918139 0.46824705 0.36984590 0.28118869 0.20680907 0.14805187 0.10380369 0.07166748 0.04893694 0.03315826
male 1964  0.95764444 0.93777084 0.90945404 0.87003768 0.81691686 0.74836326 0.66467701 0.56918139 0.46824705 0.36984590 0.28118869 0.20680907 0.14805187 0.10380369 0.07166748 0.04893694 0.03315826
male 1965  0.95764444 0.93777084 0.90945404 0.87003768 0.81691686 0.74836326 0.66467701 0.56918139 0.46824705 0.36984590 0.28118869 0.20680907 0.14805187 0.10380369 0.07166748 0.04893694 0.03315826
male 1966  0.95764444 0.93777084 0.90945404 0.87003768 0.81691686 0.74836326 0.66467701 0.56918139 0.46824705 0.36984590 0.28118869 0.20680907 0.14805187 0.10380369 0.07166748 0.04893694 0.03315826
male 1967  0.95764444 0.93777084 0.90945404 0.87003768 0.81691686 0.74836326 0.66467701 0.56918139 0.46824705 0.36984590 0.28118869 0.20680907 0.14805187 0.10380369 0.07166748 0.04893694 0.03315826
male 1968  0.95764444 0.93777084 0.90945404 0.87003768 0.81691686 0.74836326 0.66467701 0.56918139 0.46824705 0.36984590 0.28118869 0.20680907 0.14805187 0.10380369 0.07166748 0.04893694 0.03315826
male 1969  0.95764444 0.93777084 0.90945404 0.87003768 0.81691686 0.74836326 0.66467701 0.56918139 0.46824705 0.36984590 0.28118869 0.20680907 0.14805187 0.10380369 0.07166748 0.04893694 0.03315826
male 1970  0.95764444 0.93777084 0.90945404 0.87003768 0.81691686 0.74836326 0.66467701 0.56918139 0.46824705 0.36984590 0.28118869 0.20680907 0.14805187 0.10380369 0.07166748 0.04893694 0.03315826
male 1971  0.95764444 0.93777084 0.90945404 0.87003768 0.81691686 0.74836326 0.66467701 0.56918139 0.46824705 0.36984590 0.28118869 0.20680907 0.14805187 0.10380369 0.07166748 0.04893694 0.03315826
male 1972  0.95764444 0.93777084 0.90945404 0.87003768 0.81691686 0.74836326 0.66467701 0.56918139 0.46824705 0.36984590 0.28118869 0.20680907 0.14805187 0.10380369 0.07166748 0.04893694 0.03315826
male 1973  0.95764444 0.93777084 0.90945404 0.87003768 0.81691686 0.74836326 0.66467701 0.56918139 0.46824705 0.36984590 0.28118869 0.20680907 0.14805187 0.10380369 0.07166748 0.04893694 0.03315826
male 1974  0.95764444 0.93777084 0.90945404 0.87003768 0.81691686 0.74836326 0.66467701 0.56918139 0.46824705 0.36984590 0.28118869 0.20680907 0.14805187 0.10380369 0.07166748 0.04893694 0.03315826
male 1975  0.95764444 0.93777084 0.90945404 0.87003768 0.81691686 0.74836326 0.66467701 0.56918139 0.46824705 0.36984590 0.28118869 0.20680907 0.14805187 0.10380369 0.07166748 0.04893694 0.03315826
male 1976  0.95764444 0.93777084 0.90945404 0.87003768 0.81691686 0.74836326 0.66467701 0.56918139 0.46824705 0.36984590 0.28118869 0.20680907 0.14805187 0.10380369 0.07166748 0.04893694 0.03315826
male 1977  0.95764444 0.93777084 0.90945404 0.87003768 0.81691686 0.74836326 0.66467701 0.56918139 0.46824705 0.36984590 0.28118869 0.20680907 0.14805187 0.10380369 0.07166748 0.04893694 0.03315826
male 1978  0.95764444 0.93777084 0.90945404 0.87003768 0.81691686 0.74836326 0.66467701 0.56918139 0.46824705 0.36984590 0.28118869 0.20680907 0.14805187 0.10380369 0.07166748 0.04893694 0.03315826
male 1979  0.95764444 0.93777084 0.90945404 0.87003768 0.81691686 0.74836326 0.66467701 0.56918139 0.46824705 0.36984590 0.28118869 0.20680907 0.14805187 0.10380369 0.07166748 0.04893694 0.03315826
male 1980  0.95764444 0.93777084 0.90945404 0.87003768 0.81691686 0.74836326 0.66467701 0.56918139 0.46824705 0.36984590 0.28118869 0.20680907 0.14805187 0.10380369 0.07166748 0.04893694 0.03315826
male 1981  0.95764444 0.93777084 0.90945404 0.87003768 0.81691686 0.74836326 0.66467701 0.56918139 0.46824705 0.36984590 0.28118869 0.20680907 0.14805187 0.10380369 0.07166748 0.04893694 0.03315826
male 1982  0.95764444 0.93777084 0.90945404 0.87003768 0.81691686 0.74836326 0.66467701 0.56918139 0.46824705 0.36984590 0.28118869 0.20680907 0.14805187 0.10380369 0.07166748 0.04893694 0.03315826
male 1983  0.95764444 0.93777084 0.90945404 0.87003768 0.81691686 0.74836326 0.66467701 0.56918139 0.46824705 0.36984590 0.28118869 0.20680907 0.14805187 0.10380369 0.07166748 0.04893694 0.03315826
male 1984  0.95764444 0.93777084 0.90945404 0.87003768 0.81691686 0.74836326 0.66467701 0.56918139 0.46824705 0.36984590 0.28118869 0.20680907 0.14805187 0.10380369 0.07166748 0.04893694 0.03315826
male 1985  0.95764444 0.93777084 0.90945404 0.87003768 0.81691686 0.74836326 0.66467701 0.56918139 0.46824705 0.36984590 0.28118869 0.20680907 0.14805187 0.10380369 0.07166748 0.04893694 0.03315826
male 1986  0.95764444 0.93777084 0.90945404 0.87003768 0.81691686 0.74836326 0.66467701 0.56918139 0.46824705 0.36984590 0.28118869 0.20680907 0.14805187 0.10380369 0.07166748 0.04893694 0.03315826
male 1987  0.95764444 0.93777084 0.90945404 0.87003768 0.81691686 0.74836326 0.66467701 0.56918139 0.46824705 0.36984590 0.28118869 0.20680907 0.14805187 0.10380369 0.07166748 0.04893694 0.03315826
male 1988  0.95764444 0.93777084 0.90945404 0.87003768 0.81691686 0.74836326 0.66467701 0.56918139 0.46824705 0.36984590 0.28118869 0.20680907 0.14805187 0.10380369 0.07166748 0.04893694 0.03315826
male 1989  0.95764444 0.93777084 0.90945404 0.87003768 0.81691686 0.74836326 0.66467701 0.56918139 0.46824705 0.36984590 0.28118869 0.20680907 0.14805187 0.10380369 0.07166748 0.04893694 0.03315826
male 1990  0.95764444 0.93777084 0.90945404 0.87003768 0.81691686 0.74836326 0.66467701 0.56918139 0.46824705 0.36984590 0.28118869 0.20680907 0.14805187 0.10380369 0.07166748 0.04893694 0.03315826
male 1991  0.95764444 0.93777084 0.90945404 0.87003768 0.81691686 0.74836326 0.66467701 0.56918139 0.46824705 0.36984590 0.28118869 0.20680907 0.14805187 0.10380369 0.07166748 0.04893694 0.03315826
male 1992  0.95764444 0.93777084 0.90945404 0.87003768 0.81691686 0.74836326 0.66467701 0.56918139 0.46824705 0.36984590 0.28118869 0.20680907 0.14805187 0.10380369 0.07166748 0.04893694 0.03315826
male 1993  0.95764444 0.93777084 0.90945404 0.87003768 0.81691686 0.74836326 0.66467701 0.56918139 0.46824705 0.36984590 0.28118869 0.20680907 0.14805187 0.10380369 0.07166748 0.04893694 0.03315826
male 1994  0.95764444 0.93777084 0.90945404 0.87003768 0.81691686 0.74836326 0.66467701 0.56918139 0.46824705 0.36984590 0.28118869 0.20680907 0.14805187 0.10380369 0.07166748 0.04893694 0.03315826
male 1995  0.95764444 0.93777084 0.90945404 0.87003768 0.81691686 0.74836326 0.66467701 0.56918139 0.46824705 0.36984590 0.28118869 0.20680907 0.14805187 0.10380369 0.07166748 0.04893694 0.03315826
male 1996  0.95764444 0.93777084 0.90945404 0.87003768 0.81691686 0.74836326 0.66467701 0.56918139 0.46824705 0.36984590 0.28118869 0.20680907 0.14805187 0.10380369 0.07166748 0.04893694 0.03315826
male 1997  0.95764444 0.93777084 0.90945404 0.87003768 0.81691686 0.74836326 0.66467701 0.56918139 0.46824705 0.36984590 0.28118869 0.20680907 0.14805187 0.10380369 0.07166748 0.04893694 0.03315826
male 1998  0.95764444 0.93777084 0.90945404 0.87003768 0.81691686 0.74836326 0.66467701 0.56918139 0.46824705 0.36984590 0.28118869 0.20680907 0.14805187 0.10380369 0.07166748 0.04893694 0.03315826
male 1999  0.95764444 0.93777084 0.90945404 0.87003768 0.81691686 0.74836326 0.66467701 0.56918139 0.46824705 0.36984590 0.28118869 0.20680907 0.14805187 0.10380369 0.07166748 0.04893694 0.03315826
male 2000  0.95764444 0.93777084 0.90945404 0.87003768 0.81691686 0.74836326 0.66467701 0.56918139 0.46824705 0.36984590 0.28118869 0.20680907 0.14805187 0.10380369 0.07166748 0.04893694 0.03315826
male 2001  0.95764444 0.93777084 0.90945404 0.87003768 0.81691686 0.74836326 0.66467701 0.56918139 0.46824705 0.36984590 0.28118869 0.20680907 0.14805187 0.10380369 0.07166748 0.04893694 0.03315826
male 2002  0.95764444 0.93777084 0.90945404 0.87003768 0.81691686 0.74836326 0.66467701 0.56918139 0.46824705 0.36984590 0.28118869 0.20680907 0.14805187 0.10380369 0.07166748 0.04893694 0.03315826
male 2003  0.95764444 0.93777084 0.90945404 0.87003768 0.81691686 0.74836326 0.66467701 0.56918139 0.46824705 0.36984590 0.28118869 0.20680907 0.14805187 0.10380369 0.07166748 0.04893694 0.03315826
male 2004  0.95764444 0.93777084 0.90945404 0.87003768 0.81691686 0.74836326 0.66467701 0.56918139 0.46824705 0.36984590 0.28118869 0.20680907 0.14805187 0.10380369 0.07166748 0.04893694 0.03315826
male 2005  0.95764444 0.93777084 0.90945404 0.87003768 0.81691686 0.74836326 0.66467701 0.56918139 0.46824705 0.36984590 0.28118869 0.20680907 0.14805187 0.10380369 0.07166748 0.04893694 0.03315826
male 2006  0.95764444 0.93777084 0.90945404 0.87003768 0.81691686 0.74836326 0.66467701 0.56918139 0.46824705 0.36984590 0.28118869 0.20680907 0.14805187 0.10380369 0.07166748 0.04893694 0.03315826
male 2007  0.95764444 0.93777084 0.90945404 0.87003768 0.81691686 0.74836326 0.66467701 0.56918139 0.46824705 0.36984590 0.28118869 0.20680907 0.14805187 0.10380369 0.07166748 0.04893694 0.03315826
male 2008  0.95764444 0.93777084 0.90945404 0.87003768 0.81691686 0.74836326 0.66467701 0.56918139 0.46824705 0.36984590 0.28118869 0.20680907 0.14805187 0.10380369 0.07166748 0.04893694 0.03315826
male 2009  0.95764444 0.93777084 0.90945404 0.87003768 0.81691686 0.74836326 0.66467701 0.56918139 0.46824705 0.36984590 0.28118869 0.20680907 0.14805187 0.10380369 0.07166748 0.04893694 0.03315826
male 2010  0.95764444 0.93777084 0.90945404 0.87003768 0.81691686 0.74836326 0.66467701 0.56918139 0.46824705 0.36984590 0.28118869 0.20680907 0.14805187 0.10380369 0.07166748 0.04893694 0.03315826
male 2011  0.95764444 0.93777084 0.90945404 0.87003768 0.81691686 0.74836326 0.66467701 0.56918139 0.46824705 0.36984590 0.28118869 0.20680907 0.14805187 0.10380369 0.07166748 0.04893694 0.03315826
male 2012  0.95764444 0.93777084 0.90945404 0.87003768 0.81691686 0.74836326 0.66467701 0.56918139 0.46824705 0.36984590 0.28118869 0.20680907 0.14805187 0.10380369 0.07166748 0.04893694 0.03315826
male 2013  0.95764444 0.93777084 0.90945404 0.87003768 0.81691686 0.74836326 0.66467701 0.56918139 0.46824705 0.36984590 0.28118869 0.20680907 0.14805187 0.10380369 0.07166748 0.04893694 0.03315826
male 2014  0.95764444 0.93777084 0.90945404 0.87003768 0.81691686 0.74836326 0.66467701 0.56918139 0.46824705 0.36984590 0.28118869 0.20680907 0.14805187 0.10380369 0.07166748 0.04893694 0.03315826
male 2015  0.95764444 0.93777084 0.90945404 0.87003768 0.81691686 0.74836326 0.66467701 0.56918139 0.46824705 0.36984590 0.28118869 0.20680907 0.14805187 0.10380369 0.07166748 0.04893694 0.03315826
male 2016  0.95764444 0.93777084 0.90945404 0.87003768 0.81691686 0.74836326 0.66467701 0.56918139 0.46824705 0.36984590 0.28118869 0.20680907 0.14805187 0.10380369 0.07166748 0.04893694 0.03315826
male 2017  0.95764444 0.93777084 0.90945404 0.87003768 0.81691686 0.74836326 0.66467701 0.56918139 0.46824705 0.36984590 0.28118869 0.20680907 0.14805187 0.10380369 0.07166748 0.04893694 0.03315826
male 2018  0.95764444 0.93777084 0.90945404 0.87003768 0.81691686 0.74836326 0.66467701 0.56918139 0.46824705 0.36984590 0.28118869 0.20680907 0.14805187 0.10380369 0.07166748 0.04893694 0.03315826
male 2019  0.95764444 0.93777084 0.90945404 0.87003768 0.81691686 0.74836326 0.66467701 0.56918139 0.46824705 0.36984590 0.28118869 0.20680907 0.14805187 0.10380369 0.07166748 0.04893694 0.03315826
male 2020  0.95764444 0.93777084 0.90945404 0.87003768 0.81691686 0.74836326 0.66467701 0.56918139 0.46824705 0.36984590 0.28118869 0.20680907 0.14805187 0.10380369 0.07166748 0.04893694 0.03315826
male 2021  0.95764444 0.93777084 0.90945404 0.87003768 0.81691686 0.74836326 0.66467701 0.56918139 0.46824705 0.36984590 0.28118869 0.20680907 0.14805187 0.10380369 0.07166748 0.04893694 0.03315826

# Growth_transition_matrix
#growth_matrix for (sex, increment_no): male 1
 0.00012905 0.00000000 0.00000000 0.00000000 0.00000000 0.00000000 0.00000000 0.00000000 0.00000000 0.00000000 0.00000000 0.00000000 0.00000000 0.00000000 0.00000000 0.00000000 0.00000000
 0.01079728 0.00020529 0.00000000 0.00000000 0.00000000 0.00000000 0.00000000 0.00000000 0.00000000 0.00000000 0.00000000 0.00000000 0.00000000 0.00000000 0.00000000 0.00000000 0.00000000
 0.16482482 0.01472236 0.00032210 0.00000000 0.00000000 0.00000000 0.00000000 0.00000000 0.00000000 0.00000000 0.00000000 0.00000000 0.00000000 0.00000000 0.00000000 0.00000000 0.00000000
 0.49049083 0.19382271 0.01980697 0.00049849 0.00000000 0.00000000 0.00000000 0.00000000 0.00000000 0.00000000 0.00000000 0.00000000 0.00000000 0.00000000 0.00000000 0.00000000 0.00000000
 0.29709525 0.50025259 0.22501507 0.02629406 0.00076095 0.00000000 0.00000000 0.00000000 0.00000000 0.00000000 0.00000000 0.00000000 0.00000000 0.00000000 0.00000000 0.00000000 0.00000000
 0.03585202 0.26304062 0.50386946 0.25790733 0.03444430 0.00114586 0.00000000 0.00000000 0.00000000 0.00000000 0.00000000 0.00000000 0.00000000 0.00000000 0.00000000 0.00000000 0.00000000
 0.00080755 0.02742422 0.22994138 0.50120825 0.29186374 0.04452658 0.00170215 0.00000000 0.00000000 0.00000000 0.00000000 0.00000000 0.00000000 0.00000000 0.00000000 0.00000000 0.00000000
 0.00000319 0.00053042 0.02070040 0.19845389 0.49236701 0.32612126 0.05680486 0.00249447 0.00000000 0.00000000 0.00000000 0.00000000 0.00000000 0.00000000 0.00000000 0.00000000 0.00000000
 0.00000000 0.00000179 0.00034363 0.01541789 0.16909475 0.47766912 0.35981346 0.07152178 0.00360661 0.00000000 0.00000000 0.00000000 0.00000000 0.00000000 0.00000000 0.00000000 0.00000000
 0.00000000 0.00000000 0.00000099 0.00021956 0.01133059 0.14223542 0.45764385 0.39200405 0.08887925 0.00514506 0.00000000 0.00000000 0.00000000 0.00000000 0.00000000 0.00000000 0.00000000
 0.00000000 0.00000000 0.00000000 0.00000054 0.00013836 0.00821563 0.11810572 0.43299504 0.42172828 0.10901700 0.00724237 0.00000000 0.00000000 0.00000000 0.00000000 0.00000000 0.00000000
 0.00000000 0.00000000 0.00000000 0.00000000 0.00000029 0.00008599 0.00587719 0.09680495 0.40456035 0.44803877 0.13199042 0.01006012 0.00000000 0.00000000 0.00000000 0.00000000 0.00000000
 0.00000000 0.00000000 0.00000000 0.00000000 0.00000000 0.00000015 0.00005270 0.00414782 0.07831867 0.37326551 0.47005598 0.15774918 0.01379089 0.00000000 0.00000000 0.00000000 0.00000000
 0.00000000 0.00000000 0.00000000 0.00000000 0.00000000 0.00000000 0.00000008 0.00003185 0.00288784 0.06253908 0.34007386 0.48701579 0.18611875 0.01865893 0.00000000 0.00000000 0.00000000
 0.00000000 0.00000000 0.00000000 0.00000000 0.00000000 0.00000000 0.00000000 0.00000004 0.00001899 0.00198340 0.04928714 0.30593877 0.49831286 0.21678674 0.02491882 0.00000000 0.00000000
 0.00000000 0.00000000 0.00000000 0.00000000 0.00000000 0.00000000 0.00000000 0.00000000 0.00000002 0.00001116 0.00134374 0.03833445 0.27175989 0.50353621 0.24929599 0.03285184 0.00000000
 0.00000000 0.00000000 0.00000000 0.00000000 0.00000000 0.00000000 0.00000000 0.00000000 0.00000000 0.00000001 0.00000647 0.00090169 0.03001761 0.26101813 0.72578519 0.96714816 1.00000000

# Size_transition_matrix
#size_matrix for (sex, increment_no): male 1
0.04247914 0.01033996 0.15784357 0.46971582 0.28451162 0.03433349 0.00077334 0.00000306 0.00000000 0.00000000 0.00000000 0.00000000 0.00000000 0.00000000 0.00000000 0.00000000 0.00000000 
0 0.06242167 0.01380620 0.18176128 0.46912229 0.24667182 0.02571764 0.00049741 0.00000168 0.00000000 0.00000000 0.00000000 0.00000000 0.00000000 0.00000000 0.00000000 0.00000000 
0 0 0.09083889 0.01801353 0.20464086 0.45824612 0.20912112 0.01882606 0.00031251 0.00000090 0.00000000 0.00000000 0.00000000 0.00000000 0.00000000 0.00000000 0.00000000 
0 0 0 0.13039602 0.02287682 0.22438909 0.43607006 0.17266236 0.01341415 0.00019103 0.00000047 0.00000000 0.00000000 0.00000000 0.00000000 0.00000000 0.00000000 
0 0 0 0 0.18370477 0.02813813 0.23842841 0.40222291 0.13813635 0.00925615 0.00011303 0.00000024 0.00000000 0.00000000 0.00000000 0.00000000 0.00000000 
0 0 0 0 0 0.25249426 0.03332206 0.24405717 0.35747002 0.10644376 0.00614827 0.00006435 0.00000012 0.00000000 0.00000000 0.00000000 0.00000000 
0 0 0 0 0 0 0.33645437 0.03775688 0.23915973 0.30418534 0.07850216 0.00390643 0.00003503 0.00000005 0.00000000 0.00000000 0.00000000 
0 0 0 0 0 0 0 0.43223842 0.04070887 0.22312141 0.24645271 0.05509958 0.00236086 0.00001813 0.00000002 0.00000000 0.00000000 
0 0 0 0 0 0 0 0 0.53344174 0.04161744 0.19747302 0.18943419 0.03667248 0.00135222 0.00000889 0.00000001 0.00000000 
0 0 0 0 0 0 0 0 0 0.63205698 0.04031949 0.16570530 0.13805072 0.02312982 0.00073355 0.00000413 0.00000000 
0 0 0 0 0 0 0 0 0 0 0.72084778 0.03711421 0.13217443 0.09562492 0.01385899 0.00037785 0.00000182 
0 0 0 0 0 0 0 0 0 0 0 0.79527145 0.03262396 0.10071928 0.06327091 0.00792791 0.00018648 
0 0 0 0 0 0 0 0 0 0 0 0 0.85398989 0.02755523 0.07377615 0.04023456 0.00444416 
0 0 0 0 0 0 0 0 0 0 0 0 0 0.89813317 0.02250326 0.05226892 0.02709465 
0 0 0 0 0 0 0 0 0 0 0 0 0 0 0.93011839 0.01786642 0.05201520 
0 0 0 0 0 0 0 0 0 0 0 0 0 0 0 0.95267073 0.04732927 
0 0 0 0 0 0 0 0 0 0 0 0 0 0 0 0 1.00000000 

#--------------------------------------------------------------------------------------------
# Reference points
# Which combinations of season (rows) and fleet (column) have F>0 in the forecast
 1 0.00000000 0.00000000 
 2 0.00000000 0.00000000 
 3 1.00000000 1.00000000 
 4 0.00000000 0.00000000 
 5 0.00000000 0.00000000 
 6 0.00000000 0.00000000 

#----------------------------
#- Reference points and OFL -
#----------------------------
spr_syr
    1986
spr_nyr
    2016
spr_rbar
 2497.8725   0.0000
proj_rbar
 2497.8725   0.0000
spr_sexr
  1.0000
SR_alpha_prj
     0.00000000
SR_beta_prj
     0.00000000
spr_fofl
  1.00000000
spr_cofl_ret
2759.8434
#--------------------------------------------------------------------------------------------
#Simple likelihood
nloglike
 -102.9809 -20.6687  29.4060
 -12.3821 -16.5190 -15.7774
 316.3570 501.4957
  20.2412   0.0000   0.0000
 2700.1082
nlogPenalty
   0.0000   0.0000   0.0000   0.0000   0.0000  58.6976   0.0000   0.0000   0.0000  14.7030   0.0363   0.0000   0.0000
priorDensity
   3.4012   1.5892   2.9957   2.3026   1.0986   6.9068   0.6931   4.3175   3.6886   4.3175   2.9952   4.3175   2.9957   0.0000   0.0000   0.0000   0.0000   0.0000   0.0000   0.0000   0.0000   0.0000   0.0000   0.0000   0.0000   0.0000   0.0000   0.0000   0.0000   0.0000   0.0000   0.0000   0.0000   0.0000   0.0000   0.0000   0.0000   0.0000   0.0000   0.0000   0.0000   0.0000   0.0000   0.0000   0.0000   0.0000   0.0000   0.0000   0.0000   0.0000   0.0000   0.0000   0.0000   0.0000   0.0000   0.0000   0.0000   0.0000   0.0000   0.0000   0.0000   0.0000   0.0000   0.0000   0.0000   0.0000   0.0000   0.0000   0.0000   0.0000   0.0000   0.0000   0.0000   0.0000   0.0000   0.0000   0.0000   0.0000   0.0000   0.0000   0.0000   0.0000   0.0000   0.0000   0.0000   0.0000   0.0000   0.0000   0.0000   0.0000   0.0000   0.0000   0.0000   0.0000   0.0000   0.0000   0.0000   0.0000   0.0000   0.0000   0.0000   0.0000   0.0000   0.0000   0.0000   0.0000   0.0000   0.0000   0.0000   0.0000   0.0000   0.0000   0.0000   0.0000   0.0000   0.0000   0.0000   0.0000   0.0000   0.0000   0.0000   0.0000   0.0000   0.0000   0.0000   0.0000   0.0000   0.0000   0.0000   0.0000   0.0000   0.0000   0.0000   0.0000   0.0000   0.0000   0.0000   0.0000   0.0000   0.0000   0.0000   0.0000   0.0000   0.0000   0.0000   0.0000   0.0000   0.0000   0.0000   0.0000  -4.6052  -4.6052  -4.6052  -0.6931  -0.6931  -0.6931   0.0000   0.0000   0.0000   0.0000   0.0000   0.0000   0.0000   0.0000   0.0000   0.0000   0.0000   0.0000

