## GMACS DEVELOPMENT VERSION 2.10.05; ** AEP & MV **; Initialized 2024-11-01 06:14:24; Last compilation on:  2025-02-06 05:28:34

--Start time: Tue Feb 11 06:14:25 2025

--Finish time: Tue Feb 11 06:15:12 2025

--Runtime: 0 hours, 0 minutes, 47 seconds
--Number of function evaluations: 1640
*******************************************

#Stock being assessed: St_Matthew_Island_blue_king_crab

#General information
Year_range:                 	 1978 2020; actual data file end year is 2020
Number of seasons:          	 5
Number_of_fleets:           	 5
Fleets:                     	 Pot_Fishery Trawl_Bycatch Fixed_bycatch NMFS_Trawl ADFG_Pot 
Number of sexes:             	 1
Number of shell conditions: 	 1
Number of maturity states:  	 1
Weight unit is:             	 1000_mt
Numbers unit is:            	 Thousands

#Likelihoods_by_type (raw and weighted)
Catch_data: -78.27536550 -78.27536550
Index_data: 91.71499116 91.71499116
Size_data: -455.89530725 -455.89530725
Stock_recruitment: 61.85956343 61.85956343
Tagging_data: 0.00000000 0.00000000
Penalties: 6.44304750
Priors: 16.94858326
Initial_size_structure: 0.00000000
Total: -357.20448739

#Likelihoods_by_type_and_fleet
Catches
Raw_likelihood:  -68.45934937 6.66977325 -8.26069933 -8.22509004
Emphasis      :  1.00000000 1.00000000 1.00000000 1.00000000
Net_likelihood:  -68.45934937 6.66977325 -8.26069933 -8.22509004
Index
Raw_likelihood:  6.56108458 85.15390658
Emphasis      :  1.00000000 1.00000000
Net_likelihood:  6.56108458 85.15390658
Size_composition
Raw_likelihood:  -104.66569294 -260.00695901 -91.22265530
Emphasis      :  1.00000000 1.00000000 1.00000000
Net_likelihood:  -104.66569294 -260.00695901 -91.22265530
Recruitment_penalities
Penalities    :  61.85956343 0.00000000 0.00000000
Tagging
Raw_likelihood:  0.00000000
Emphasis      : 0.00000000
Net_likelihood:  0.00000000
Growth_likelihood
Raw_likelihood    :  0.00000000

#Penalties
1. Mean_Fbar=0: 0.00000000 10000.00000000 0.00000000
2. Mean_Fdev: 9.66310238 0.00000000 0.00000000
3. Mdevs: 6.44304750 1.00000000 6.44304750
6. Rec_dev: 47.18977830 0.00000000 0.00000000
7. Sex_ratio: 0.00000000 1.00000000 0.00000000
8. Molt_prob: 0.00000000 0.00000000 0.00000000
9. Smooth_select: 8.10910263 0.00000000 0.00000000
10. Init_numbers: 1.95310230 0.00000000 0.00000000
11. Fdevs_(flt): 0.00000000 0.00000000 0.00000000
12. Fdovs_(flt): 0.00000000 0.00000000 0.00000000
13. SelDevs: 0.00000000 0.00000000 0.00000000

Maximum gradient: -0.00027518

#Parameter_count Parameter_type Estimate Phase Lower_bound Upper_bound Penalty Gradient Standard_error Estimated_parameter_count
1 M-base : 0.18000000 -4 
2 Log(R0) : 14.30000000 -2 
3 Log(Rinitial) : 10.00000000 -1 
4 Log(Rbar) : 13.86765359 1 -7.00000000 20.00000000 3.29583687 -0.00027518 0.19639599 1
5 Recruitment_ra-males : 80.00000000 -2 
6 Recruitment_rb-males : 0.25000000 -4 
7 log(SigmaR) : 0.20000000 -4 
8 Steepness : 0.75000000 -2 
9 Rho : 0.01000000 -3 
10 Initial_logN_for_sex_male_mature_1_shell_1_class_1 : 14.95428437 1 5.00000000 20.00000000 2.70805020 -0.00000530 0.17436944 2
11 Initial_logN_for_sex_male_mature_1_shell_1_class_2 : 14.51091470 1 5.00000000 20.00000000 2.70805020 0.00001143 0.21062473 3
12 Initial_logN_for_sex_male_mature_1_shell_1_class_3 : 14.32686632 1 5.00000000 20.00000000 2.70805020 0.00000445 0.20725529 4
13 Molt_probability_mu_male_period_1 : 121.50000000 -4 
14 Molt_probability_CV_male_period_1 : 0.06000000 -3 
15 MPar1 : 0.18000000 -4 
16 MPar2 : 1.58057446 3 0.00000000 2.00000000 3.23401470 0.00000082 0.13669073 5
17 MPar3 : 0.00000000 -3 
18 Sel_Pot_Fishery_male_period_1_par_1 : -0.91958961 3 -6.90775528 0.00000000 -0.00100050 0.00000007 0.18004248 6
19 Sel_Pot_Fishery_male_period_1_par_2 : -0.56056401 3 -6.90775528 0.00000000 -0.00100050 0.00000969 0.13154102 7
20 Sel_Pot_Fishery_male_period_1_par_3 : 0.00000000 -2 
21 Sel_Pot_Fishery_male_period_2_par_1 : -0.54236681 3 -6.90775528 0.00000000 -0.00100050 -0.00000298 0.16344563 8
22 Sel_Pot_Fishery_male_period_2_par_2 : -0.00000000 3 -6.90775528 0.00000000 * -0.00100050 0.00000345 0.00001264 9
23 Sel_Pot_Fishery_male_period_2_par_3 : 0.00000000 -2 
24 Sel_Trawl_Bycatch_male_period_1_par_1 : 3.68887945 -3 
25 Sel_Trawl_Bycatch_male_period_1_par_2 : 4.09434456 -3 
26 Sel_Fixed_bycatch_male_period_1_par_1 : 3.68887945 -3 
27 Sel_Fixed_bycatch_male_period_1_par_2 : 4.09434456 -3 
28 Sel_NMFS_Trawl_male_period_1_par_1 : -0.31580909 4 -6.90775528 0.00000000 -0.00100050 -0.00000171 0.06571478 10
29 Sel_NMFS_Trawl_male_period_1_par_2 : -0.00000000 4 -6.90775528 0.00000000 * -0.00100050 0.00000341 0.00001006 11
30 Sel_NMFS_Trawl_male_period_1_par_3 : -0.10536052 -5 
31 Sel_ADFG_Pot_male_period_1_par_1 : -0.71978452 4 -6.90775528 0.00000000 -0.00100050 -0.00000071 0.12538427 12
32 Sel_ADFG_Pot_male_period_1_par_2 : -0.00000001 4 -6.90775528 0.00000000 * -0.00100050 -0.00002834 0.00003887 13
33 Sel_ADFG_Pot_male_period_1_par_3 : 0.00000000 -2 
34 Ret_Pot_Fishery_male_period_1_par_1 : 4.78749174 -7 
35 Ret_Pot_Fishery_male_period_1_par_2 : 4.81218436 -7 
36 Ret_Trawl_Bycatch_male_period_1_par_1 : 6.38856141 -3 
37 Ret_Fixed_bycatch_male_period_1_par_1 : 6.38856141 -3 
38 Ret_NMFS_Trawl_male_period_1_par_1 : 6.38856141 -3 
39 Ret_ADFG_Pot_male_period_1_par_1 : 6.38856141 -3 
40 AsympRet_fleet_Pot_Fishery_sex_male_year_1978 : 0.00000100 -3 
41 Dummy_sel_env_par : 0.00000000 -1 
42 Dummy_sel_dev_par : 0.00000000 -1 
43 Log_fbar_Pot_Fishery : -2.13002390 1 -1000.00000000 1000.00000000 0.00000000 -0.00003272 0.05180646 14
44 Log_fbar_Trawl_Bycatch : -9.63638773 1 -1000.00000000 1000.00000000 0.00000000 -0.00000053 0.07259478 15
45 Log_fbar_Fixed_bycatch : -8.08199854 1 -1000.00000000 1000.00000000 0.00000000 -0.00000114 0.07266305 16
46 Log_fbar_NMFS_Trawl : -4.00000000 -1 
47 Log_fbar_ADFG_Pot : -4.00000000 -1 
48 Log_fdev_Pot_Fishery_year_1978_season_3 : 0.95074945 1 -1000.00000000 1000.00000000 0.00000000 -0.00000159 0.23126009 17
49 Log_fdev_Pot_Fishery_year_1979_season_3 : -1.61503389 1 -1000.00000000 1000.00000000 0.00000000 0.00000031 0.13463444 18
50 Log_fdev_Pot_Fishery_year_1980_season_3 : -2.50208444 1 -1000.00000000 1000.00000000 0.00000000 0.00000147 0.09593021 19
51 Log_fdev_Pot_Fishery_year_1981_season_3 : 0.72725376 1 -1000.00000000 1000.00000000 0.00000000 0.00000328 0.07664680 20
52 Log_fdev_Pot_Fishery_year_1982_season_3 : 1.46533932 1 -1000.00000000 1000.00000000 0.00000000 0.00001087 0.07042660 21
53 Log_fdev_Pot_Fishery_year_1983_season_3 : 1.96144619 1 -1000.00000000 1000.00000000 0.00000000 0.00002780 0.08547257 22
54 Log_fdev_Pot_Fishery_year_1984_season_3 : 1.56363307 1 -1000.00000000 1000.00000000 0.00000000 0.00002486 0.10244498 23
55 Log_fdev_Pot_Fishery_year_1985_season_3 : 1.17357727 1 -1000.00000000 1000.00000000 0.00000000 -0.00000475 0.11809699 24
56 Log_fdev_Pot_Fishery_year_1986_season_3 : 0.57410503 1 -1000.00000000 1000.00000000 0.00000000 -0.00002342 0.12022290 25
57 Log_fdev_Pot_Fishery_year_1987_season_3 : 0.52949162 1 -1000.00000000 1000.00000000 0.00000000 -0.00002106 0.11143938 26
58 Log_fdev_Pot_Fishery_year_1988_season_3 : 0.59451947 1 -1000.00000000 1000.00000000 0.00000000 -0.00001202 0.10727128 27
59 Log_fdev_Pot_Fishery_year_1989_season_3 : 0.34941632 1 -1000.00000000 1000.00000000 0.00000000 -0.00000628 0.10583306 28
60 Log_fdev_Pot_Fishery_year_1990_season_3 : 0.66479376 1 -1000.00000000 1000.00000000 0.00000000 -0.00000156 0.09374173 29
61 Log_fdev_Pot_Fishery_year_1991_season_3 : 1.13087746 1 -1000.00000000 1000.00000000 0.00000000 0.00000042 0.08919250 30
62 Log_fdev_Pot_Fishery_year_1992_season_3 : 0.80931934 1 -1000.00000000 1000.00000000 0.00000000 0.00000406 0.08761284 31
63 Log_fdev_Pot_Fishery_year_1993_season_3 : 0.93199780 1 -1000.00000000 1000.00000000 0.00000000 0.00000227 0.08197159 32
64 Log_fdev_Pot_Fishery_year_1994_season_3 : 1.21507233 1 -1000.00000000 1000.00000000 0.00000000 0.00000259 0.07693735 33
65 Log_fdev_Pot_Fishery_year_1995_season_3 : 0.99426232 1 -1000.00000000 1000.00000000 0.00000000 0.00000435 0.07387264 34
66 Log_fdev_Pot_Fishery_year_1996_season_3 : 1.03412788 1 -1000.00000000 1000.00000000 0.00000000 0.00000051 0.07466614 35
67 Log_fdev_Pot_Fishery_year_1997_season_3 : 1.52559446 1 -1000.00000000 1000.00000000 0.00000000 -0.00000314 0.08306715 36
68 Log_fdev_Pot_Fishery_year_1998_season_3 : 1.45653380 1 -1000.00000000 1000.00000000 0.00000000 -0.00000454 0.09636880 37
69 Log_fdev_Pot_Fishery_year_2009_season_3 : -0.18095177 1 -1000.00000000 1000.00000000 0.00000000 -0.00001458 0.06606346 38
70 Log_fdev_Pot_Fishery_year_2010_season_3 : 0.92347017 1 -1000.00000000 1000.00000000 0.00000000 -0.00000849 0.06505345 39
71 Log_fdev_Pot_Fishery_year_2011_season_3 : 1.56256230 1 -1000.00000000 1000.00000000 0.00000000 -0.00000330 0.06844925 40
72 Log_fdev_Pot_Fishery_year_2012_season_3 : 1.82162517 1 -1000.00000000 1000.00000000 0.00000000 -0.00000212 0.08463135 41
73 Log_fdev_Pot_Fishery_year_2014_season_3 : 0.16284565 1 -1000.00000000 1000.00000000 0.00000000 -0.00000320 0.08981372 42
74 Log_fdev_Pot_Fishery_year_2015_season_3 : -0.86474912 1 -1000.00000000 1000.00000000 0.00000000 -0.00000519 0.09216470 43
75 Log_fdev_Pot_Fishery_year_2016_season_3 : -7.19296079 1 -1000.00000000 1000.00000000 0.00000000 -0.00003097 0.22112597 44
76 Log_fdev_Pot_Fishery_year_2017_season_3 : -7.09333349 1 -1000.00000000 1000.00000000 0.00000000 -0.00000027 0.22673711 45
77 Log_fdev_Pot_Fishery_year_2018_season_3 : -4.67350045 1 -1000.00000000 1000.00000000 0.00000000 0.00000596 0.23699042 46
78 Log_fdev_Trawl_Bycatch_year_1991_season_2 : 1.90900376 1 -1000.00000000 1000.00000000 0.00000000 0.00000638 0.30492551 47
79 Log_fdev_Trawl_Bycatch_year_1992_season_2 : 1.35077132 1 -1000.00000000 1000.00000000 0.00000000 0.00002498 0.30389253 48
80 Log_fdev_Trawl_Bycatch_year_1993_season_2 : 1.00592836 1 -1000.00000000 1000.00000000 0.00000000 -0.00004744 0.30230559 49
81 Log_fdev_Trawl_Bycatch_year_1994_season_2 : -0.52281419 1 -1000.00000000 1000.00000000 0.00000000 0.00005954 0.30167498 50
82 Log_fdev_Trawl_Bycatch_year_1995_season_2 : 0.20694962 1 -1000.00000000 1000.00000000 0.00000000 -0.00001900 0.30129895 51
83 Log_fdev_Trawl_Bycatch_year_1996_season_2 : 0.00933535 1 -1000.00000000 1000.00000000 0.00000000 0.00002423 0.30089657 52
84 Log_fdev_Trawl_Bycatch_year_1997_season_2 : 0.08394852 1 -1000.00000000 1000.00000000 0.00000000 0.00003585 0.30125265 53
85 Log_fdev_Trawl_Bycatch_year_1998_season_2 : 0.45387128 1 -1000.00000000 1000.00000000 0.00000000 0.00005796 0.30262123 54
86 Log_fdev_Trawl_Bycatch_year_1999_season_2 : 1.34213851 1 -1000.00000000 1000.00000000 0.00000000 0.00006354 0.30527505 55
87 Log_fdev_Trawl_Bycatch_year_2000_season_2 : 1.25855163 1 -1000.00000000 1000.00000000 0.00000000 -0.00007351 0.30320724 56
88 Log_fdev_Trawl_Bycatch_year_2001_season_2 : 1.20226744 1 -1000.00000000 1000.00000000 0.00000000 -0.00001992 0.30198415 57
89 Log_fdev_Trawl_Bycatch_year_2002_season_2 : 1.60777079 1 -1000.00000000 1000.00000000 0.00000000 -0.00001463 0.30195322 58
90 Log_fdev_Trawl_Bycatch_year_2003_season_2 : 1.92564743 1 -1000.00000000 1000.00000000 0.00000000 -0.00002453 0.30192197 59
91 Log_fdev_Trawl_Bycatch_year_2004_season_2 : -0.42759359 1 -1000.00000000 1000.00000000 0.00000000 0.00000939 0.30180108 60
92 Log_fdev_Trawl_Bycatch_year_2005_season_2 : 1.21810043 1 -1000.00000000 1000.00000000 0.00000000 -0.00006567 0.30192646 61
93 Log_fdev_Trawl_Bycatch_year_2006_season_2 : 2.81213322 1 -1000.00000000 1000.00000000 0.00000000 0.00006491 0.30165601 62
94 Log_fdev_Trawl_Bycatch_year_2007_season_2 : -1.37700314 1 -1000.00000000 1000.00000000 0.00000000 -0.00002480 0.30076169 63
95 Log_fdev_Trawl_Bycatch_year_2008_season_2 : 0.27152174 1 -1000.00000000 1000.00000000 0.00000000 -0.00003593 0.30022928 64
96 Log_fdev_Trawl_Bycatch_year_2009_season_2 : 1.06403810 1 -1000.00000000 1000.00000000 0.00000000 -0.00004295 0.29989413 65
97 Log_fdev_Trawl_Bycatch_year_2010_season_2 : 0.51207440 1 -1000.00000000 1000.00000000 0.00000000 0.00002137 0.29958976 66
98 Log_fdev_Trawl_Bycatch_year_2011_season_2 : -0.10544681 1 -1000.00000000 1000.00000000 0.00000000 -0.00003807 0.29928964 67
99 Log_fdev_Trawl_Bycatch_year_2012_season_2 : -2.48618657 1 -1000.00000000 1000.00000000 0.00000000 -0.00000251 0.29956348 68
100 Log_fdev_Trawl_Bycatch_year_2013_season_2 : 0.56996738 1 -1000.00000000 1000.00000000 0.00000000 0.00001658 0.30254624 69
101 Log_fdev_Trawl_Bycatch_year_2014_season_2 : -2.24978175 1 -1000.00000000 1000.00000000 0.00000000 0.00002467 0.30219168 70
102 Log_fdev_Trawl_Bycatch_year_2015_season_2 : -2.14428815 1 -1000.00000000 1000.00000000 0.00000000 0.00005025 0.30327326 71
103 Log_fdev_Trawl_Bycatch_year_2016_season_2 : 0.98391034 1 -1000.00000000 1000.00000000 0.00000000 -0.00008476 0.30366459 72
104 Log_fdev_Trawl_Bycatch_year_2017_season_2 : -0.55867520 1 -1000.00000000 1000.00000000 0.00000000 0.00000671 0.30347658 73
105 Log_fdev_Trawl_Bycatch_year_2018_season_2 : -4.41053398 1 -1000.00000000 1000.00000000 0.00000000 -0.00000300 0.30380490 74
106 Log_fdev_Trawl_Bycatch_year_2019_season_2 : -1.04647696 1 -1000.00000000 1000.00000000 0.00000000 0.00004894 0.30585908 75
107 Log_fdev_Trawl_Bycatch_year_2020_season_2 : -4.45912929 1 -1000.00000000 1000.00000000 0.00000000 -0.00002162 0.30928596 76
108 Log_fdev_Fixed_bycatch_year_1991_season_2 : -4.00912963 1 -1000.00000000 1000.00000000 0.00000000 -0.00002195 0.30510446 77
109 Log_fdev_Fixed_bycatch_year_1992_season_2 : -0.07572293 1 -1000.00000000 1000.00000000 0.00000000 0.00003655 0.30393481 78
110 Log_fdev_Fixed_bycatch_year_1993_season_2 : -1.67447217 1 -1000.00000000 1000.00000000 0.00000000 0.00002826 0.30236477 79
111 Log_fdev_Fixed_bycatch_year_1994_season_2 : -3.32833433 1 -1000.00000000 1000.00000000 0.00000000 -0.00004605 0.30170542 80
112 Log_fdev_Fixed_bycatch_year_1995_season_2 : -2.88812038 1 -1000.00000000 1000.00000000 0.00000000 -0.00000576 0.30136906 81
113 Log_fdev_Fixed_bycatch_year_1996_season_2 : -3.95279893 1 -1000.00000000 1000.00000000 0.00000000 -0.00001019 0.30095791 82
114 Log_fdev_Fixed_bycatch_year_1997_season_2 : -2.48642371 1 -1000.00000000 1000.00000000 0.00000000 -0.00005106 0.30130773 83
115 Log_fdev_Fixed_bycatch_year_1998_season_2 : -0.50498337 1 -1000.00000000 1000.00000000 0.00000000 -0.00001270 0.30266275 84
116 Log_fdev_Fixed_bycatch_year_1999_season_2 : 0.78902463 1 -1000.00000000 1000.00000000 0.00000000 -0.00000047 0.30528595 85
117 Log_fdev_Fixed_bycatch_year_2000_season_2 : -0.29579060 1 -1000.00000000 1000.00000000 0.00000000 0.00000631 0.30326207 86
118 Log_fdev_Fixed_bycatch_year_2001_season_2 : 0.19261447 1 -1000.00000000 1000.00000000 0.00000000 0.00004122 0.30204238 87
119 Log_fdev_Fixed_bycatch_year_2002_season_2 : -0.52398966 1 -1000.00000000 1000.00000000 0.00000000 0.00006356 0.30183290 88
120 Log_fdev_Fixed_bycatch_year_2003_season_2 : 0.49837125 1 -1000.00000000 1000.00000000 0.00000000 -0.00004826 0.30187636 89
121 Log_fdev_Fixed_bycatch_year_2004_season_2 : -0.03903278 1 -1000.00000000 1000.00000000 0.00000000 -0.00001027 0.30188933 90
122 Log_fdev_Fixed_bycatch_year_2005_season_2 : -0.17083844 1 -1000.00000000 1000.00000000 0.00000000 -0.00000419 0.30198229 91
123 Log_fdev_Fixed_bycatch_year_2006_season_2 : 0.59507964 1 -1000.00000000 1000.00000000 0.00000000 0.00004043 0.30159457 92
124 Log_fdev_Fixed_bycatch_year_2007_season_2 : 4.49252916 1 -1000.00000000 1000.00000000 0.00000000 -0.00001243 0.31285198 93
125 Log_fdev_Fixed_bycatch_year_2008_season_2 : 1.91543652 1 -1000.00000000 1000.00000000 0.00000000 0.00006014 0.30104746 94
126 Log_fdev_Fixed_bycatch_year_2009_season_2 : 1.98361237 1 -1000.00000000 1000.00000000 0.00000000 -0.00003767 0.30080823 95
127 Log_fdev_Fixed_bycatch_year_2010_season_2 : 2.24851535 1 -1000.00000000 1000.00000000 0.00000000 -0.00006627 0.30112715 96
128 Log_fdev_Fixed_bycatch_year_2011_season_2 : -0.11541232 1 -1000.00000000 1000.00000000 0.00000000 0.00002688 0.29937442 97
129 Log_fdev_Fixed_bycatch_year_2012_season_2 : 0.16778454 1 -1000.00000000 1000.00000000 0.00000000 0.00003967 0.29968797 98
130 Log_fdev_Fixed_bycatch_year_2013_season_2 : -0.24613203 1 -1000.00000000 1000.00000000 0.00000000 -0.00001502 0.30256957 99
131 Log_fdev_Fixed_bycatch_year_2014_season_2 : 0.08867879 1 -1000.00000000 1000.00000000 0.00000000 -0.00000311 0.30234587 100
132 Log_fdev_Fixed_bycatch_year_2015_season_2 : 0.56692607 1 -1000.00000000 1000.00000000 0.00000000 -0.00004458 0.30350848 101
133 Log_fdev_Fixed_bycatch_year_2016_season_2 : 1.39480609 1 -1000.00000000 1000.00000000 0.00000000 0.00001532 0.30409387 102
134 Log_fdev_Fixed_bycatch_year_2017_season_2 : 2.71560424 1 -1000.00000000 1000.00000000 0.00000000 -0.00001396 0.30530501 103
135 Log_fdev_Fixed_bycatch_year_2018_season_2 : 1.14447840 1 -1000.00000000 1000.00000000 0.00000000 0.00001550 0.30376924 104
136 Log_fdev_Fixed_bycatch_year_2019_season_2 : 1.02250130 1 -1000.00000000 1000.00000000 0.00000000 0.00003464 0.30588464 105
137 Log_fdev_Fixed_bycatch_year_2020_season_2 : 0.49521845 1 -1000.00000000 1000.00000000 0.00000000 -0.00001639 0.30930086 106
138 Log_foff_Pot_Fishery : 0.00000000 -1 
139 Log_foff_Trawl_Bycatch : 0.00000000 -1 
140 Log_foff_Fixed_bycatch : 0.00000000 -1 
141 Log_foff_NMFS_Trawl : 0.00000000 -1 
142 Log_foff_ADFG_Pot : 0.00000000 -1 
148 Rec_dev_est_1978 : 1.25847953 3 -8.00000000 8.00000000 0.00000000 -0.00001425 0.27022267 107
149 Rec_dev_est_1979 : 1.07007375 3 -8.00000000 8.00000000 0.00000000 -0.00002172 0.30131277 108
150 Rec_dev_est_1980 : -0.29383594 3 -8.00000000 8.00000000 0.00000000 -0.00000925 0.63924413 109
151 Rec_dev_est_1981 : 0.25782498 3 -8.00000000 8.00000000 0.00000000 -0.00002695 0.37526021 110
152 Rec_dev_est_1982 : -0.67722499 3 -8.00000000 8.00000000 0.00000000 -0.00001052 0.54852495 111
153 Rec_dev_est_1983 : -0.69233553 3 -8.00000000 8.00000000 0.00000000 -0.00001091 0.41398162 112
154 Rec_dev_est_1984 : -0.25877032 3 -8.00000000 8.00000000 0.00000000 -0.00001449 0.33527921 113
155 Rec_dev_est_1985 : 0.13294124 3 -8.00000000 8.00000000 0.00000000 -0.00002580 0.34641385 114
156 Rec_dev_est_1986 : 0.03661264 3 -8.00000000 8.00000000 0.00000000 -0.00000044 0.34607119 115
157 Rec_dev_est_1987 : -0.04130517 3 -8.00000000 8.00000000 0.00000000 -0.00001176 0.35438631 116
158 Rec_dev_est_1988 : 0.94173278 3 -8.00000000 8.00000000 0.00000000 -0.00000601 0.26498414 117
159 Rec_dev_est_1989 : 0.26215961 3 -8.00000000 8.00000000 0.00000000 -0.00000327 0.33130452 118
160 Rec_dev_est_1990 : 0.41828503 3 -8.00000000 8.00000000 0.00000000 -0.00000335 0.28777563 119
161 Rec_dev_est_1991 : 0.52258129 3 -8.00000000 8.00000000 0.00000000 -0.00000855 0.27636861 120
162 Rec_dev_est_1992 : 0.65077534 3 -8.00000000 8.00000000 0.00000000 -0.00000585 0.26783617 121
163 Rec_dev_est_1993 : 0.14608481 3 -8.00000000 8.00000000 0.00000000 -0.00000995 0.30310855 122
164 Rec_dev_est_1994 : 0.34122555 3 -8.00000000 8.00000000 0.00000000 -0.00000932 0.26117005 123
165 Rec_dev_est_1995 : 0.32851603 3 -8.00000000 8.00000000 0.00000000 -0.00001087 0.28023926 124
166 Rec_dev_est_1996 : -0.52906404 3 -8.00000000 8.00000000 0.00000000 0.00000020 0.36747999 125
167 Rec_dev_est_1997 : -0.82923447 3 -8.00000000 8.00000000 0.00000000 -0.00000689 0.35757265 126
168 Rec_dev_est_1998 : -1.18058909 3 -8.00000000 8.00000000 0.00000000 0.00000748 0.38432436 127
169 Rec_dev_est_1999 : -1.10389683 3 -8.00000000 8.00000000 0.00000000 -0.00000214 0.31227237 128
170 Rec_dev_est_2000 : -1.23551947 3 -8.00000000 8.00000000 0.00000000 -0.00000440 0.30713290 129
171 Rec_dev_est_2001 : -2.76400002 3 -8.00000000 8.00000000 0.00000000 -0.00000041 0.66739670 130
172 Rec_dev_est_2002 : -1.34887752 3 -8.00000000 8.00000000 0.00000000 -0.00000075 0.35013120 131
173 Rec_dev_est_2003 : -2.03143976 3 -8.00000000 8.00000000 0.00000000 0.00000784 0.46837483 132
174 Rec_dev_est_2004 : -0.85793075 3 -8.00000000 8.00000000 0.00000000 -0.00000518 0.33322919 133
175 Rec_dev_est_2005 : -0.50963504 3 -8.00000000 8.00000000 0.00000000 -0.00000988 0.26171477 134
176 Rec_dev_est_2006 : -1.28395311 3 -8.00000000 8.00000000 0.00000000 -0.00002356 0.48441934 135
177 Rec_dev_est_2007 : -0.29333954 3 -8.00000000 8.00000000 0.00000000 -0.00000344 0.25823017 136
178 Rec_dev_est_2008 : -0.65102790 3 -8.00000000 8.00000000 0.00000000 -0.00000124 0.27753807 137
179 Rec_dev_est_2009 : -0.75719866 3 -8.00000000 8.00000000 0.00000000 -0.00000737 0.28026250 138
180 Rec_dev_est_2010 : -1.05247877 3 -8.00000000 8.00000000 0.00000000 -0.00000058 0.28849673 139
181 Rec_dev_est_2011 : -1.90966976 3 -8.00000000 8.00000000 0.00000000 -0.00000031 0.37417095 140
182 Rec_dev_est_2012 : -1.57315884 3 -8.00000000 8.00000000 0.00000000 -0.00000441 0.27411640 141
183 Rec_dev_est_2013 : -1.84263504 3 -8.00000000 8.00000000 0.00000000 0.00000078 0.29687157 142
184 Rec_dev_est_2014 : -2.08593700 3 -8.00000000 8.00000000 0.00000000 0.00000822 0.29803606 143
185 Rec_dev_est_2015 : -1.98583641 3 -8.00000000 8.00000000 0.00000000 0.00000256 0.29596609 144
186 Rec_dev_est_2016 : -2.30793268 3 -8.00000000 8.00000000 0.00000000 -0.00001551 0.35209194 145
187 Rec_dev_est_2017 : -2.15344972 3 -8.00000000 8.00000000 0.00000000 -0.00000890 0.35611141 146
188 Rec_dev_est_2018 : -1.54695620 3 -8.00000000 8.00000000 0.00000000 -0.00000550 0.36281425 147
189 Rec_dev_est_2019 : -2.01444364 3 -8.00000000 8.00000000 0.00000000 -0.00001064 0.60329444 148
190 Rec_dev_est_2020 : -0.91989890 3 -8.00000000 8.00000000 0.00000000 0.00000148 0.33950625 149
191 Logit_rec_prop_est_1978 : -0.00000000 -1 
192 Logit_rec_prop_est_1979 : -0.00000000 -1 
193 Logit_rec_prop_est_1980 : -0.00000000 -1 
194 Logit_rec_prop_est_1981 : -0.00000000 -1 
195 Logit_rec_prop_est_1982 : -0.00000000 -1 
196 Logit_rec_prop_est_1983 : -0.00000000 -1 
197 Logit_rec_prop_est_1984 : -0.00000000 -1 
198 Logit_rec_prop_est_1985 : -0.00000000 -1 
199 Logit_rec_prop_est_1986 : -0.00000000 -1 
200 Logit_rec_prop_est_1987 : -0.00000000 -1 
201 Logit_rec_prop_est_1988 : -0.00000000 -1 
202 Logit_rec_prop_est_1989 : -0.00000000 -1 
203 Logit_rec_prop_est_1990 : -0.00000000 -1 
204 Logit_rec_prop_est_1991 : -0.00000000 -1 
205 Logit_rec_prop_est_1992 : -0.00000000 -1 
206 Logit_rec_prop_est_1993 : -0.00000000 -1 
207 Logit_rec_prop_est_1994 : -0.00000000 -1 
208 Logit_rec_prop_est_1995 : -0.00000000 -1 
209 Logit_rec_prop_est_1996 : -0.00000000 -1 
210 Logit_rec_prop_est_1997 : -0.00000000 -1 
211 Logit_rec_prop_est_1998 : -0.00000000 -1 
212 Logit_rec_prop_est_1999 : -0.00000000 -1 
213 Logit_rec_prop_est_2000 : -0.00000000 -1 
214 Logit_rec_prop_est_2001 : -0.00000000 -1 
215 Logit_rec_prop_est_2002 : -0.00000000 -1 
216 Logit_rec_prop_est_2003 : -0.00000000 -1 
217 Logit_rec_prop_est_2004 : -0.00000000 -1 
218 Logit_rec_prop_est_2005 : -0.00000000 -1 
219 Logit_rec_prop_est_2006 : -0.00000000 -1 
220 Logit_rec_prop_est_2007 : -0.00000000 -1 
221 Logit_rec_prop_est_2008 : -0.00000000 -1 
222 Logit_rec_prop_est_2009 : -0.00000000 -1 
223 Logit_rec_prop_est_2010 : -0.00000000 -1 
224 Logit_rec_prop_est_2011 : -0.00000000 -1 
225 Logit_rec_prop_est_2012 : -0.00000000 -1 
226 Logit_rec_prop_est_2013 : -0.00000000 -1 
227 Logit_rec_prop_est_2014 : -0.00000000 -1 
228 Logit_rec_prop_est_2015 : -0.00000000 -1 
229 Logit_rec_prop_est_2016 : -0.00000000 -1 
230 Logit_rec_prop_est_2017 : -0.00000000 -1 
231 Logit_rec_prop_est_2018 : -0.00000000 -1 
232 Logit_rec_prop_est_2019 : -0.00000000 -1 
233 Logit_rec_prop_est_2020 : -0.00000000 -1 
234 M_dev_est_par_1 : 0.00705749 3 0.00000000 2.00000000 * 0.69314718 -0.00000000 7.06450794 150
235 M_dev_est_par_2 : 0.00000000 -99 
236 Log_vn_comp_1 :  0.00000000 -4 
237 Log_vn_comp_2 :  0.00000000 -4 
238 Log_vn_comp_3 :  0.00000000 -4 
239 Survey_q_survey_1 : 1.00000000 -4 
240 Survey_q_survey_2 : 0.00378585 3 0.00000000 5.00000000 * 1.60943791 -0.00004341 0.00024609 151
241 Log_add_cvt_survey_1 : -16.11809565 -4 
242 Log_add_cvt_survey_2 : -16.11809565 -4 
243 Dummy_dev_par : 0.00000000 -1 

#--------------------------------------------------------------------------------------------
#Parameter_name Estimate Standard_error Estimated_quantity_count
Male Spr_rbar : 829732.95825414 24068.43131011 152
Female Spr_rbar : 0.00000000 0.00000000 153
SSSB/R(F=0) : 6597.09308665 191.36480017 154
BMSY : 3298.39128614 134.51970641 155
Bcurr/BMSY : 0.33848883 0.03685616 156
OFL(tot) : 49.28904419 11.97242063 157
Fmsy (1) : 0.18000000 0.00000000 158
Fmsy (2) : 0.00004731 0.00001175 159
Fmsy (3) : 0.00165094 0.00034210 160
Fmsy (4) : 0.00000000 0.00000000 161
Fmsy (5) : 0.00000000 0.00000000 162
Fofl (1) : 0.04769777 0.00737123 163
Fofl (2) : 0.00004731 0.00001175 164
Fofl (3) : 0.00165094 0.00034210 165
Fofl (4) : 0.00000000 0.00000000 166
Fofl (5) : 0.00000000 0.00000000 167
Ofl (1) : 47.96366526 11.90966433 168
Ofl (2) : 0.05810041 0.01457958 169
Ofl (3) : 1.26727851 0.26260066 170
Ofl (4) : 0.00000000 0.00000000 171
Ofl (5) : 0.00000000 0.00000000 172
SigmaR : 1.22140276; Weight : 0.33516002

#--------------------------------------------------------------------------------------------
#Overall_summary
#Year SSB log(SSB) SD(log(SSB) SSA Dynamic_B0 log(DynB0) SD(log(DynB0)) Recruit_male log(Recruits) SD(log(Recruits)) log(f)  SD(log(f)) Retained_mortality  Total_mortality Pot_Fishery Trawl_Bycatch Fixed_bycatch NMFS_Trawl ADFG_Pot Rec_dev logit_rec_prop res_recruit 
1978 4565.06225228 8.42618743 0.16319039 3121726.10619910 5486.38697733 8.61002521 0.13464956 3708481.74222762 15.12613312 0.18214987 0.02448131 0.00598522 841.75266921 969.26720893 969.26720893 0.00000000 0.00000000 0.00000000 0.00000000 1.25847953 -0.00000000 1.57204547
1979 6465.84186887 8.77428850 0.11636495 4553107.16788696 7325.16819419 8.89907140 0.10257703 3071655.85540338 14.93772734 0.22802376 0.00188161 0.00027897 89.43958812 102.64109995 102.64109995 0.00000000 0.00000000 0.00000000 0.00000000 1.07007375 -0.00000000 1.80340131
1980 10172.62330147 9.22745540 0.08063944 6527117.83939190 11091.04028462 9.31389288 0.07405820 785297.29919920 13.57381765 0.61965206 0.00077498 0.00008220 63.73427015 69.96482652 69.96482652 0.00000000 0.00000000 0.00000000 0.00000000 -0.29383594 -0.00000000 0.44137568
1981 10634.01024847 9.27181266 0.06094861 6834343.03243262 13469.85883208 9.50820979 0.04844083 1363381.49248849 14.12547856 0.31651428 0.01957817 0.00163321 1960.82149665 2077.71407857 2077.71407857 0.00000000 0.00000000 0.00000000 0.00000000 0.25782498 -0.00000000 1.00667569
1982 7553.94340492 8.92982501 0.06966626 4576583.74119736 13916.58588589 9.54083664 0.03913208 535217.56027929 13.19042860 0.51834214 0.04095609 0.00315782 3744.22236742 3895.50204536 3895.50204536 0.00000000 0.00000000 0.00000000 0.00000000 -0.67722499 -0.00000000 0.06610911
1983 4507.39809623 8.41347535 0.09482377 2734517.72843097 14413.86115217 9.57594560 0.03224152 527190.92825291 13.17531805 0.36871566 0.06726280 0.00659753 3995.30306059 4155.05007919 4155.05007919 0.00000000 0.00000000 0.00000000 0.00000000 -0.69233553 -0.00000000 0.06034907
1984 3006.11169749 8.00840273 0.11694499 1888232.70647325 12409.32517823 9.42620350 0.03160104 813322.72693175 13.60888327 0.27643505 0.04518631 0.00541998 1592.32654874 1666.27604320 1666.27604320 0.00000000 0.00000000 0.00000000 0.00000000 -0.25877032 -0.00000000 0.49406539
1985 2643.62130805 7.87990496 0.13484520 1509886.39610002 12378.55553977 9.42372086 0.03220624 1203319.83323774 14.00059482 0.28589806 0.03059200 0.00422359 921.45402079 968.40213258 968.40213258 0.00000000 0.00000000 0.00000000 0.00000000 0.13294124 -0.00000000 0.88144129
1986 2590.48767809 7.85960143 0.13111487 1603479.31384107 10558.89069613 9.26472350 0.03562138 1092813.61947256 13.90426623 0.28845060 0.01679811 0.00236015 424.97922290 459.11754377 459.11754377 0.00000000 0.00000000 0.00000000 0.00000000 0.03661264 -0.00000000 0.78119558
1987 3062.96651147 8.02713917 0.12095598 1953648.75290749 10238.41847489 9.23390244 0.03953836 1010896.79653758 13.82634841 0.29988951 0.01606516 0.00209463 440.23542528 479.50737941 479.50737941 0.00000000 0.00000000 0.00000000 0.00000000 -0.04130517 -0.00000000 0.70424105
1988 3348.63890074 8.11630924 0.11836167 2168932.49748041 9726.93607241 9.18265423 0.04421513 2701685.42529071 14.80938637 0.17508315 0.01714456 0.00211937 522.93910658 565.55420100 565.55420100 0.00000000 0.00000000 0.00000000 0.00000000 0.94173278 -0.00000000 1.68805818
1989 3836.53024407 8.25232365 0.11402927 2330579.37728782 10084.38848099 9.21874381 0.04705184 1369304.07798802 14.12981320 0.26971265 0.01341774 0.00159449 493.40924265 542.48968916 542.48968916 0.00000000 0.00000000 0.00000000 0.00000000 0.26215961 -0.00000000 0.99865463
1990 4978.57685393 8.51289936 0.08853806 3364879.78574840 10707.62700587 9.27871157 0.04515990 1600679.23109621 14.28593862 0.21248904 0.01839272 0.00188837 728.64256961 807.73236387 807.73236387 0.00000000 0.00000000 0.00000000 0.00000000 0.41828503 -0.00000000 1.16157578
1991 5004.81527874 8.51815578 0.08958505 3174309.25857067 11576.45444218 9.35672852 0.04257543 1776640.66575215 14.39023487 0.19670295 0.02938427 0.00271945 1423.04644351 1535.23466139 1532.38448645 2.82767613 0.02249882 0.00000000 0.00000000 0.52258129 -0.00000000 1.26431079
1992 5179.53495163 8.55247055 0.08190842 3280352.25820251 11796.34902385 9.37554536 0.03952928 2019638.16953026 14.51842893 0.18387582 0.02132161 0.00190869 1050.14222960 1134.66100716 1131.93164417 1.59586579 1.13349719 0.00000000 0.00000000 0.65077534 -0.00000000 1.39146188
1993 5437.63518997 8.60109954 0.07432556 3352477.17351956 12625.05250467 9.44343841 0.03520881 1219240.15277620 14.01373840 0.23725386 0.02406090 0.00200802 1273.00780199 1373.19160123 1371.70839657 1.23322636 0.24997830 0.00000000 0.00000000 0.14608481 -0.00000000 0.88548941
1994 5224.15406596 8.56104816 0.06792059 3383063.39747257 12753.32754059 9.45354750 0.03089202 1481964.51340979 14.20887914 0.17920661 0.03189542 0.00250158 1591.47239275 1711.64217879 1711.34230037 0.25437934 0.04549908 0.00000000 0.00000000 0.34122555 -0.00000000 1.08567705
1995 5116.38080579 8.54020259 0.06946371 3119430.22736092 13179.57277481 9.48642339 0.02999086 1463248.63895907 14.19616962 0.20470315 0.02558467 0.00192447 1330.66029040 1417.43460032 1416.85878009 0.50782410 0.06799612 0.00000000 0.00000000 0.32851603 -0.00000000 1.07101612
1996 4830.86134663 8.48278006 0.07097578 2993501.56950929 12904.87835353 9.46536069 0.02921726 620691.55200772 13.33858954 0.32139309 0.02662119 0.00205949 1296.93539232 1385.51130189 1385.08889057 0.39991178 0.02249955 0.00000000 0.00000000 -0.52906404 -0.00000000 0.21356314
1997 4207.51386384 8.34462722 0.08853456 2582454.76325311 13521.40831379 9.51202951 0.02957037 459741.25464774 13.03841912 0.31068423 0.04351370 0.00386853 1957.29327623 2070.13228634 2069.64186274 0.39992825 0.09049535 0.00000000 0.00000000 -0.82923447 -0.00000000 -0.07803148
1998 2783.50733305 7.93146704 0.10275714 1716649.47600667 10684.22516561 9.27652365 0.02611849 323535.61954191 12.68706449 0.33941720 0.04063213 0.00422758 1263.30430148 1325.84345673 1324.98999984 0.39997975 0.45347713 0.00000000 0.00000000 -1.18058909 -0.00000000 -0.42638440
1999 1696.76686149 7.43647987 0.09663652 998706.39270426 5375.07835459 8.58952843 0.10007194 349324.56632808 12.76375676 0.24834736 0.00010801 0.00002545 0.00000000 1.08008796 0.00000000 0.39987053 0.68021743 0.00000000 0.00000000 -1.10389683 -0.00000000 -0.34617859
2000 1839.72462212 7.51737118 0.07997501 1073834.25525358 4926.99072066 8.50248368 0.08836873 306242.97985608 12.63213412 0.24315493 0.00005977 0.00001384 0.00000000 0.64987887 0.00000000 0.39991823 0.24996063 0.00000000 0.00000000 -1.23551947 -0.00000000 -0.47856815
2001 1992.64441585 7.59721789 0.07267136 1162050.58143131 4577.19187400 8.42884096 0.07941836 66413.36301121 11.10365357 0.65242534 0.00007224 0.00001624 0.00000000 0.83189318 0.00000000 0.40041143 0.43148174 0.00000000 0.00000000 -2.76400002 -0.00000000 -2.00573248
2002 2099.41915726 7.64941599 0.06751628 1212436.17866994 4260.86083998 8.35722649 0.07130057 273423.20296479 12.51877607 0.29085513 0.00007046 0.00001741 0.00000000 0.78583395 0.00000000 0.58172968 0.20410427 0.00000000 0.00000000 -1.34887752 -0.00000000 -0.57532517
2003 1981.74384789 7.59173247 0.06838142 1096277.18095647 3789.07830351 8.23987808 0.06807569 138166.37110852 11.83621383 0.43531801 0.00012254 0.00002787 0.00000000 1.36781616 0.00000000 0.80002544 0.56779072 0.00000000 0.00000000 -2.03143976 -0.00000000 -1.27203864
2004 1965.47767680 7.58349059 0.06840609 1105473.96791126 3475.88919081 8.15360561 0.06441614 446735.88645359 13.00972284 0.27095970 0.00003653 0.00000955 0.00000000 0.39034954 0.00000000 0.07279831 0.31755123 0.00000000 0.00000000 -0.85793075 -0.00000000 -0.09170400
2005 1881.26548692 7.53969996 0.06884441 1044411.01565169 3143.65013933 8.05313987 0.06219550 632868.88246897 13.35801854 0.17837001 0.00006137 0.00001389 0.00000000 0.69509125 0.00000000 0.40006341 0.29502784 0.00000000 0.00000000 -0.50963504 -0.00000000 0.24485661
2006 2029.95780946 7.61577029 0.06918253 1178725.27092435 3086.94062364 8.03493579 0.05891456 291763.98233496 12.58370047 0.44723054 0.00022995 0.00005723 0.00000000 2.97810833 0.00000000 2.25243546 0.72567287 0.00000000 0.00000000 -1.28395311 -0.00000000 -0.53294441
2007 2372.13461160 7.77154551 0.06607359 1423598.57822752 3288.91076779 8.09831172 0.05448722 785687.21777067 13.57431405 0.16617420 0.00276372 0.00088449 0.00000000 37.48223729 0.00000000 0.03575715 37.44648014 0.00000000 0.00000000 -0.29333954 -0.00000000 0.46541234
2008 2503.59543270 7.82548315 0.05685525 1450043.38966536 3279.82352642 8.09554490 0.04766352 549423.97044176 13.21662568 0.19942324 0.00022354 0.00006474 0.00000000 3.54796481 0.00000000 0.21757514 3.33038967 0.00000000 0.00000000 -0.65102790 -0.00000000 0.09781784
2009 2548.88892640 7.84341283 0.05122647 1561944.96778533 3373.18580171 8.12361292 0.04121088 494081.08824541 13.11045493 0.20401347 0.00896011 0.00051303 197.83146391 220.05884956 215.76007810 0.51064157 3.78812989 0.00000000 0.00000000 -0.75719866 -0.00000000 -0.00477603
2010 2167.13647827 7.68116198 0.05314688 1386841.74589301 3421.84416456 8.13793491 0.03541852 367755.95081068 12.81517482 0.21750628 0.02657797 0.00151170 547.39795308 598.84548780 593.72188796 0.28799279 4.83560705 0.00000000 0.00000000 -1.05247877 -0.00000000 -0.29899443
2011 1574.89224482 7.36194213 0.06541517 1018153.40109910 3551.82999545 8.17521824 0.03068172 156058.12702005 11.95798383 0.32989541 0.04980805 0.00328245 821.06629475 888.15860566 887.62422466 0.13603385 0.39834714 0.00000000 0.00000000 -1.90966976 -0.00000000 -1.15323262
2012 1022.25757838 6.92976877 0.09941688 679561.15738667 3474.08201762 8.15308556 0.03054954 218489.83011899 12.29449475 0.20411379 0.06452661 0.00586146 703.05410228 759.65260751 759.27397900 0.00879941 0.36982910 0.00000000 0.00000000 -1.57315884 -0.00000000 -0.80814979
2013 1180.67293740 7.07383984 0.09016758 697723.03284508 3418.44928149 8.13694230 0.03189087 166878.04360071 12.02501855 0.23419743 0.00004264 0.00000993 0.00000000 0.30105975 0.00000000 0.13045759 0.17060216 0.00000000 0.00000000 -1.84263504 -0.00000000 -1.08099110
2014 1111.53927574 7.01350107 0.09590629 663656.38755884 3104.73066139 8.04068225 0.03454257 130838.18166770 11.78171658 0.23858355 0.01231175 0.00121475 131.85366123 140.63884114 140.38560124 0.00799961 0.24524029 0.00000000 0.00000000 -2.08593700 -0.00000000 -1.32159830
2015 1093.02439830 6.99670381 0.09752900 654712.40435209 2778.87675158 7.92980208 0.03805174 144613.09987232 11.88181718 0.23537683 0.00444919 0.00045100 45.74238268 48.75561425 48.39161127 0.00799920 0.35600378 0.00000000 0.00000000 -1.98583641 -0.00000000 -1.21906469
2016 1140.52033893 7.03923987 0.09498698 647720.27284316 2616.04298005 7.86941814 0.04083297 104790.76255767 11.55972090 0.30504749 0.00016046 0.00004158 0.08691782 1.09198439 0.09115721 0.18328184 0.81754534 0.00000000 0.00000000 -2.30793268 -0.00000000 -1.54216197
2017 1140.63365881 7.03933923 0.09326936 645420.76880519 2378.09385593 7.77405454 0.04399157 122296.51947163 11.71420386 0.31147205 0.00048170 0.00014924 0.09671921 3.13735668 0.10095855 0.03836126 2.99803687 0.00000000 0.00000000 -2.15344972 -0.00000000 -1.38445805
2018 1109.29307555 7.01147822 0.09277130 620455.80756485 2145.69643530 7.67121946 0.04712521 224290.50350744 12.32069738 0.32097696 0.00019462 0.00004119 1.08176904 1.73707510 1.12471457 0.00079981 0.61156072 0.00000000 0.00000000 -1.54695620 -0.00000000 -0.77950936
2019 1084.44593059 6.98882447 0.09373711 607013.90834845 1951.11764294 7.57615764 0.05122024 140534.73320483 11.85320995 0.58825161 0.00008958 0.00002753 0.00000000 0.58582516 0.00000000 0.02399478 0.56183038 0.00000000 0.00000000 -2.01444364 -0.00000000 -1.25306173
2020 1144.57533688 7.04278896 0.10383781 659565.41568041 1869.05912228 7.53319044 0.06272724 419892.78708183 12.94775469 0.29820565 0.00005083 0.00001633 0.00000000 0.33624703 0.00000000 0.00079990 0.33544713 0.00000000 0.00000000 -0.91989890 -0.00000000 -0.15384211

#--------------------------------------------------------------------------------------------

#Sex Maturity Year 1 2 3 
midpoints     97.50000000 112.50000000 127.50000000
male 1 1978  0.00074843 0.00116573 0.00193051
male 1 1979  0.00074843 0.00116573 0.00168889
male 1 1980  0.00074843 0.00116573 0.00192225
male 1 1981  0.00074843 0.00116573 0.00187796
male 1 1982  0.00074843 0.00116573 0.00193863
male 1 1983  0.00074843 0.00116573 0.00207641
male 1 1984  0.00074843 0.00116573 0.00189933
male 1 1985  0.00074843 0.00116573 0.00211669
male 1 1986  0.00074843 0.00116573 0.00193878
male 1 1987  0.00074843 0.00116573 0.00193976
male 1 1988  0.00074843 0.00116573 0.00187107
male 1 1989  0.00074843 0.00116573 0.00199830
male 1 1990  0.00074843 0.00116573 0.00187042
male 1 1991  0.00074843 0.00116573 0.00196941
male 1 1992  0.00074843 0.00116573 0.00192686
male 1 1993  0.00074843 0.00116573 0.00202149
male 1 1994  0.00074843 0.00116573 0.00193132
male 1 1995  0.00074843 0.00116573 0.00201441
male 1 1996  0.00074843 0.00116573 0.00197747
male 1 1997  0.00074843 0.00116573 0.00209925
male 1 1998  0.00074843 0.00116573 0.00198248
male 1 1999  0.00074843 0.00116573 0.00193093
male 1 2000  0.00074843 0.00116573 0.00193093
male 1 2001  0.00074843 0.00116573 0.00193093
male 1 2002  0.00074843 0.00116573 0.00193093
male 1 2003  0.00074843 0.00116573 0.00193093
male 1 2004  0.00074843 0.00116573 0.00193093
male 1 2005  0.00074843 0.00116573 0.00193093
male 1 2006  0.00074843 0.00116573 0.00193093
male 1 2007  0.00074843 0.00116573 0.00193093
male 1 2008  0.00074843 0.00116573 0.00193093
male 1 2009  0.00074843 0.00116573 0.00189163
male 1 2010  0.00074843 0.00116573 0.00179572
male 1 2011  0.00074843 0.00116573 0.00182311
male 1 2012  0.00074843 0.00116573 0.00180743
male 1 2013  0.00074843 0.00116573 0.00193093
male 1 2014  0.00074843 0.00116573 0.00189463
male 1 2015  0.00074843 0.00116573 0.00185061
male 1 2016  0.00074843 0.00116573 0.00193093
male 1 2017  0.00074843 0.00116573 0.00193093
male 1 2018  0.00074843 0.00116573 0.00193093
male 1 2019  0.00074843 0.00116573 0.00193093
male 1 2020  0.00074843 0.00116573 0.00193093
#maturity
0.00000000
1.00000000
1.00000000


#--------------------------------------------------------------------------------------------
#Catch_fit_summary
#Series Year Fleet Season Sex Catch CV Type Units Mult Effort Discard_mortality Predicted Residual
1 1978 Pot_Fishery 3 Male 436126.00000000 0.03000000  Retained  Numbers 1.00000000 0.00000000 0.20000000 436120.79948975 0.00001192
1 1979 Pot_Fishery 3 Male 52966.00000000 0.03000000  Retained  Numbers 1.00000000 0.00000000 0.20000000 52964.03776772 0.00003705
1 1980 Pot_Fishery 3 Male 33162.00000000 0.03000000  Retained  Numbers 1.00000000 0.00000000 0.20000000 33160.52564872 0.00004446
1 1981 Pot_Fishery 3 Male 1045619.00000000 0.03000000  Retained  Numbers 1.00000000 0.00000000 0.20000000 1044240.18287763 0.00131953
1 1982 Pot_Fishery 3 Male 1935886.00000000 0.03000000  Retained  Numbers 1.00000000 0.00000000 0.20000000 1931523.42499743 0.00225607
1 1983 Pot_Fishery 3 Male 1931990.00000000 0.03000000  Retained  Numbers 1.00000000 0.00000000 0.20000000 1924357.36211143 0.00395849
1 1984 Pot_Fishery 3 Male 841017.00000000 0.03000000  Retained  Numbers 1.00000000 0.00000000 0.20000000 838439.40133293 0.00306957
1 1985 Pot_Fishery 3 Male 436021.00000000 0.03000000  Retained  Numbers 1.00000000 0.00000000 0.20000000 435369.36278961 0.00149563
1 1986 Pot_Fishery 3 Male 219548.00000000 0.03000000  Retained  Numbers 1.00000000 0.00000000 0.20000000 219221.01460016 0.00149047
1 1987 Pot_Fishery 3 Male 227447.00000000 0.03000000  Retained  Numbers 1.00000000 0.00000000 0.20000000 226982.68882050 0.00204349
1 1988 Pot_Fishery 3 Male 280401.00000000 0.03000000  Retained  Numbers 1.00000000 0.00000000 0.20000000 279519.45517712 0.00314882
1 1989 Pot_Fishery 3 Male 247641.00000000 0.03000000  Retained  Numbers 1.00000000 0.00000000 0.20000000 246941.79780878 0.00282744
1 1990 Pot_Fishery 3 Male 391405.00000000 0.03000000  Retained  Numbers 1.00000000 0.00000000 0.20000000 389626.08266877 0.00455531
1 1991 Pot_Fishery 3 Male 726519.00000000 0.03000000  Retained  Numbers 1.00000000 0.00000000 0.20000000 722669.43351545 0.00531273
1 1992 Pot_Fishery 3 Male 545222.00000000 0.03000000  Retained  Numbers 1.00000000 0.00000000 0.20000000 545065.55576185 0.00028698
1 1993 Pot_Fishery 3 Male 630353.00000000 0.03000000  Retained  Numbers 1.00000000 0.00000000 0.20000000 629817.14124479 0.00085045
1 1994 Pot_Fishery 3 Male 827015.00000000 0.03000000  Retained  Numbers 1.00000000 0.00000000 0.20000000 824148.30914157 0.00347233
1 1995 Pot_Fishery 3 Male 666905.00000000 0.03000000  Retained  Numbers 1.00000000 0.00000000 0.20000000 660647.06214799 0.00942786
1 1996 Pot_Fishery 3 Male 660665.00000000 0.03000000  Retained  Numbers 1.00000000 0.00000000 0.20000000 655930.68157055 0.00719179
1 1997 Pot_Fishery 3 Male 939822.00000000 0.03000000  Retained  Numbers 1.00000000 0.00000000 0.20000000 932514.25819103 0.00780605
1 1998 Pot_Fishery 3 Male 635370.00000000 0.03000000  Retained  Numbers 1.00000000 0.00000000 0.20000000 637303.59818301 -0.00303864
1 2009 Pot_Fishery 3 Male 103376.00000000 0.03000000  Retained  Numbers 1.00000000 0.00000000 0.20000000 104597.14313297 -0.01174341
1 2010 Pot_Fishery 3 Male 298669.00000000 0.03000000  Retained  Numbers 1.00000000 0.00000000 0.20000000 304877.06311732 -0.02057269
1 2011 Pot_Fishery 3 Male 437862.00000000 0.03000000  Retained  Numbers 1.00000000 0.00000000 0.20000000 450443.98531243 -0.02832994
1 2012 Pot_Fishery 3 Male 379386.00000000 0.03000000  Retained  Numbers 1.00000000 0.00000000 0.20000000 389061.48812962 -0.02518324
1 2014 Pot_Fishery 3 Male 69109.00000000 0.03000000  Retained  Numbers 1.00000000 0.00000000 0.20000000 69601.00005610 -0.00709397
1 2015 Pot_Fishery 3 Male 24407.00000000 0.03000000  Retained  Numbers 1.00000000 0.00000000 0.20000000 24719.56600950 -0.01272510
2 1990 Pot_Fishery 3 Male 254.97878610 0.60000000  Discarded  Mass 1.00000000 0.00000000 0.20000000 414.62674757 -0.48619836
2 1991 Pot_Fishery 3 Male 531.44832520 0.60000000  Discarded  Mass 1.00000000 0.00000000 0.20000000 588.60568366 -0.10215052
2 1992 Pot_Fishery 3 Male 1050.38702600 0.60000000  Discarded  Mass 1.00000000 0.00000000 0.20000000 431.32744953 0.89004643
2 1993 Pot_Fishery 3 Male 951.46261280 0.60000000  Discarded  Mass 1.00000000 0.00000000 0.20000000 523.90676999 0.59668664
2 1994 Pot_Fishery 3 Male 1210.76458800 0.60000000  Discarded  Mass 1.00000000 0.00000000 0.20000000 650.40758227 0.62140811
2 1995 Pot_Fishery 3 Male 363.11203200 0.60000000  Discarded  Mass 1.00000000 0.00000000 0.20000000 459.67884820 -0.23581667
2 1996 Pot_Fishery 3 Male 528.52446870 0.60000000  Discarded  Mass 1.00000000 0.00000000 0.20000000 471.25006464 0.11470023
2 1997 Pot_Fishery 3 Male 1382.82532800 0.60000000  Discarded  Mass 1.00000000 0.00000000 0.20000000 628.75910764 0.78813582
2 1998 Pot_Fishery 3 Male 781.10329770 0.60000000  Discarded  Mass 1.00000000 0.00000000 0.20000000 342.68818659 0.82388645
2 2009 Pot_Fishery 3 Male 123.37122790 0.20000000  Discarded  Mass 1.00000000 0.00000000 0.20000000 92.77781095 0.28499042
2 2010 Pot_Fishery 3 Male 304.65622250 0.20000000  Discarded  Mass 1.00000000 0.00000000 0.20000000 256.59035603 0.17170313
2 2011 Pot_Fishery 3 Male 481.35721260 0.20000000  Discarded  Mass 1.00000000 0.00000000 0.20000000 402.80059277 0.17816801
2 2012 Pot_Fishery 3 Male 437.33607310 0.20000000  Discarded  Mass 1.00000000 0.00000000 0.20000000 361.51692713 0.19039308
2 2014 Pot_Fishery 3 Male 45.48397490 0.20000000  Discarded  Mass 1.00000000 0.00000000 0.20000000 44.80559132 0.01502713
2 2015 Pot_Fishery 3 Male 21.19378597 0.20000000  Discarded  Mass 1.00000000 0.00000000 0.20000000 13.48464335 0.45215652
2 2016 Pot_Fishery 3 Male 0.02119379 0.20000000  Discarded  Mass 1.00000000 0.00000000 0.20000000 0.02119764 -0.00018191
2 2017 Pot_Fishery 3 Male 0.02119379 0.20000000  Discarded  Mass 1.00000000 0.00000000 0.20000000 0.02119748 -0.00017431
2 2018 Pot_Fishery 3 Male 0.21486802 0.20000000  Discarded  Mass 1.00000000 0.00000000 0.20000000 0.21481094 0.00026568
3 1991 Trawl_Bycatch 2 Male 3.53800000 0.31000000  Discarded  Mass 1.00000000 0.00000000 0.80000000 3.53475496 0.00091762
3 1992 Trawl_Bycatch 2 Male 1.99600000 0.31000000  Discarded  Mass 1.00000000 0.00000000 0.80000000 1.99502459 0.00048880
3 1993 Trawl_Bycatch 2 Male 1.54200000 0.31000000  Discarded  Mass 1.00000000 0.00000000 0.80000000 1.54158253 0.00027077
3 1994 Trawl_Bycatch 2 Male 0.31800000 0.31000000  Discarded  Mass 1.00000000 0.00000000 0.80000000 0.31797628 0.00007461
3 1995 Trawl_Bycatch 2 Male 0.63500000 0.31000000  Discarded  Mass 1.00000000 0.00000000 0.80000000 0.63478792 0.00033404
3 1996 Trawl_Bycatch 2 Male 0.50000000 0.31000000  Discarded  Mass 1.00000000 0.00000000 0.80000000 0.49989374 0.00021255
3 1997 Trawl_Bycatch 2 Male 0.50000000 0.31000000  Discarded  Mass 1.00000000 0.00000000 0.80000000 0.49991704 0.00016593
3 1998 Trawl_Bycatch 2 Male 0.50000000 0.31000000  Discarded  Mass 1.00000000 0.00000000 0.80000000 0.50000240 -0.00000480
3 1999 Trawl_Bycatch 2 Male 0.50000000 0.31000000  Discarded  Mass 1.00000000 0.00000000 0.80000000 0.49993513 0.00012974
3 2000 Trawl_Bycatch 2 Male 0.50000000 0.31000000  Discarded  Mass 1.00000000 0.00000000 0.80000000 0.49993780 0.00012441
3 2001 Trawl_Bycatch 2 Male 0.50000000 0.31000000  Discarded  Mass 1.00000000 0.00000000 0.80000000 0.50057174 -0.00114283
3 2002 Trawl_Bycatch 2 Male 0.72600000 0.31000000  Discarded  Mass 1.00000000 0.00000000 0.80000000 0.72721877 -0.00167734
3 2003 Trawl_Bycatch 2 Male 0.99800000 0.31000000  Discarded  Mass 1.00000000 0.00000000 0.80000000 1.00020284 -0.00220482
3 2004 Trawl_Bycatch 2 Male 0.09100000 0.31000000  Discarded  Mass 1.00000000 0.00000000 0.80000000 0.09100500 -0.00005497
3 2005 Trawl_Bycatch 2 Male 0.50000000 0.31000000  Discarded  Mass 1.00000000 0.00000000 0.80000000 0.50012263 -0.00024523
3 2006 Trawl_Bycatch 2 Male 2.81200000 0.31000000  Discarded  Mass 1.00000000 0.00000000 0.80000000 2.81624095 -0.00150702
3 2007 Trawl_Bycatch 2 Male 0.04500000 0.31000000  Discarded  Mass 1.00000000 0.00000000 0.80000000 0.04500336 -0.00007477
3 2008 Trawl_Bycatch 2 Male 0.27200000 0.31000000  Discarded  Mass 1.00000000 0.00000000 0.80000000 0.27211314 -0.00041587
3 2009 Trawl_Bycatch 2 Male 0.63800000 0.31000000  Discarded  Mass 1.00000000 0.00000000 0.80000000 0.63866761 -0.00104587
3 2010 Trawl_Bycatch 2 Male 0.36000000 0.31000000  Discarded  Mass 1.00000000 0.00000000 0.80000000 0.36025487 -0.00070772
3 2011 Trawl_Bycatch 2 Male 0.17000000 0.31000000  Discarded  Mass 1.00000000 0.00000000 0.80000000 0.17005486 -0.00032263
3 2012 Trawl_Bycatch 2 Male 0.01100000 0.31000000  Discarded  Mass 1.00000000 0.00000000 0.80000000 0.01100026 -0.00002332
3 2013 Trawl_Bycatch 2 Male 0.16300000 0.31000000  Discarded  Mass 1.00000000 0.00000000 0.80000000 0.16308356 -0.00051252
3 2014 Trawl_Bycatch 2 Male 0.01000000 0.31000000  Discarded  Mass 1.00000000 0.00000000 0.80000000 0.01000035 -0.00003487
3 2015 Trawl_Bycatch 2 Male 0.01000000 0.31000000  Discarded  Mass 1.00000000 0.00000000 0.80000000 0.01000035 -0.00003516
3 2016 Trawl_Bycatch 2 Male 0.22900000 0.31000000  Discarded  Mass 1.00000000 0.00000000 0.80000000 0.22917671 -0.00077135
3 2017 Trawl_Bycatch 2 Male 0.04800000 0.31000000  Discarded  Mass 1.00000000 0.00000000 0.80000000 0.04800700 -0.00014582
3 2018 Trawl_Bycatch 2 Male 0.00100000 0.31000000  Discarded  Mass 1.00000000 0.00000000 0.80000000 0.00100000 0.00000064
3 2019 Trawl_Bycatch 2 Male 0.03000000 0.31000000  Discarded  Mass 1.00000000 0.00000000 0.80000000 0.02999990 0.00000346
3 2020 Trawl_Bycatch 2 Male 0.00100000 0.31000000  Discarded  Mass 1.00000000 0.00000000 0.80000000 0.00100000 0.00000022
4 1991 Fixed_bycatch 2 Male 0.04500000 0.31000000  Discarded  Mass 1.00000000 0.00000000 0.50000000 0.04499967 0.00000744
4 1992 Fixed_bycatch 2 Male 2.26800000 0.31000000  Discarded  Mass 1.00000000 0.00000000 0.50000000 2.26721299 0.00034707
4 1993 Fixed_bycatch 2 Male 0.50000000 0.31000000  Discarded  Mass 1.00000000 0.00000000 0.50000000 0.49997267 0.00005466
4 1994 Fixed_bycatch 2 Male 0.09100000 0.31000000  Discarded  Mass 1.00000000 0.00000000 0.50000000 0.09099875 0.00001369
4 1995 Fixed_bycatch 2 Male 0.13600000 0.31000000  Discarded  Mass 1.00000000 0.00000000 0.50000000 0.13599392 0.00004474
4 1996 Fixed_bycatch 2 Male 0.04500000 0.31000000  Discarded  Mass 1.00000000 0.00000000 0.50000000 0.04499946 0.00001203
4 1997 Fixed_bycatch 2 Male 0.18100000 0.31000000  Discarded  Mass 1.00000000 0.00000000 0.50000000 0.18099314 0.00003790
4 1998 Fixed_bycatch 2 Male 0.90700000 0.31000000  Discarded  Mass 1.00000000 0.00000000 0.50000000 0.90700452 -0.00000499
4 1999 Fixed_bycatch 2 Male 1.36100000 0.31000000  Discarded  Mass 1.00000000 0.00000000 0.50000000 1.36069880 0.00022133
4 2000 Fixed_bycatch 2 Male 0.50000000 0.31000000  Discarded  Mass 1.00000000 0.00000000 0.50000000 0.49996128 0.00007745
4 2001 Fixed_bycatch 2 Male 0.86200000 0.31000000  Discarded  Mass 1.00000000 0.00000000 0.50000000 0.86306253 -0.00123188
4 2002 Fixed_bycatch 2 Male 0.40800000 0.31000000  Discarded  Mass 1.00000000 0.00000000 0.50000000 0.40824035 -0.00058891
4 2003 Fixed_bycatch 2 Male 1.13400000 0.31000000  Discarded  Mass 1.00000000 0.00000000 0.50000000 1.13577567 -0.00156462
4 2004 Fixed_bycatch 2 Male 0.63500000 0.31000000  Discarded  Mass 1.00000000 0.00000000 0.50000000 0.63515209 -0.00023948
4 2005 Fixed_bycatch 2 Male 0.59000000 0.31000000  Discarded  Mass 1.00000000 0.00000000 0.50000000 0.59010686 -0.00018111
4 2006 Fixed_bycatch 2 Male 1.45100000 0.31000000  Discarded  Mass 1.00000000 0.00000000 0.50000000 1.45170483 -0.00048563
4 2007 Fixed_bycatch 2 Male 69.71700000 0.31000000  Discarded  Mass 1.00000000 0.00000000 0.50000000 75.40725338 -0.07845928
4 2008 Fixed_bycatch 2 Male 6.62200000 0.31000000  Discarded  Mass 1.00000000 0.00000000 0.50000000 6.66431135 -0.00636919
4 2009 Fixed_bycatch 2 Male 7.52200000 0.31000000  Discarded  Mass 1.00000000 0.00000000 0.50000000 7.58059985 -0.00776027
4 2010 Fixed_bycatch 2 Male 9.56400000 0.31000000  Discarded  Mass 1.00000000 0.00000000 0.50000000 9.67830330 -0.01188056
4 2011 Fixed_bycatch 2 Male 0.79600000 0.31000000  Discarded  Mass 1.00000000 0.00000000 0.50000000 0.79675302 -0.00094556
4 2012 Fixed_bycatch 2 Male 0.73900000 0.31000000  Discarded  Mass 1.00000000 0.00000000 0.50000000 0.73972529 -0.00098097
4 2013 Fixed_bycatch 2 Male 0.34100000 0.31000000  Discarded  Mass 1.00000000 0.00000000 0.50000000 0.34122856 -0.00067003
4 2014 Fixed_bycatch 2 Male 0.49000000 0.31000000  Discarded  Mass 1.00000000 0.00000000 0.50000000 0.49052178 -0.00106430
4 2015 Fixed_bycatch 2 Male 0.71100000 0.31000000  Discarded  Mass 1.00000000 0.00000000 0.50000000 0.71210379 -0.00155124
4 2016 Fixed_bycatch 2 Male 1.63000000 0.31000000  Discarded  Mass 1.00000000 0.00000000 0.50000000 1.63562177 -0.00344300
4 2017 Fixed_bycatch 2 Male 5.93500000 0.31000000  Discarded  Mass 1.00000000 0.00000000 0.50000000 6.00300500 -0.01139315
4 2018 Fixed_bycatch 2 Male 1.22400000 0.31000000  Discarded  Mass 1.00000000 0.00000000 0.50000000 1.22341442 0.00047853
4 2019 Fixed_bycatch 2 Male 1.12400000 0.31000000  Discarded  Mass 1.00000000 0.00000000 0.50000000 1.12390147 0.00008766
4 2020 Fixed_bycatch 2 Male 0.67100000 0.31000000  Discarded  Mass 1.00000000 0.00000000 0.50000000 0.67097824 0.00003242
log_q_catch
   0.0000   0.0000   0.0000   0.0000
#--------------------------------------------------------------------------------------------
#Index_fit_summary
#Series Year Fleet Season Sex Maturity Index base_CV actual_CV Units q  Time Predicted
1 1978 NMFS_Trawl 1 Male  All 6832.8190 0.3940 0.3940  Biomass 1.0000 0.0000 7709.3104
1 1979 NMFS_Trawl 1 Male  All 7989.8810 0.4630 0.4630  Biomass 1.0000 0.0000 9507.2004
1 1980 NMFS_Trawl 1 Male  All 9986.8300 0.5070 0.5070  Biomass 1.0000 0.0000 13084.9096
1 1981 NMFS_Trawl 1 Male  All 6551.1320 0.4020 0.4020  Biomass 1.0000 0.0000 14098.8576
1 1982 NMFS_Trawl 1 Male  All 16221.9330 0.3440 0.3440  Biomass 1.0000 0.0000 12774.0241
1 1983 NMFS_Trawl 1 Male  All 9634.2500 0.2980 0.2980  Biomass 1.0000 0.0000 9515.8586
1 1984 NMFS_Trawl 1 Male  All 4071.2180 0.1790 0.1790  Biomass 1.0000 0.0000 5253.6820
1 1985 NMFS_Trawl 1 Male  All 3110.5410 0.2100 0.2100  Biomass 1.0000 0.0000 4326.2635
1 1986 NMFS_Trawl 1 Male  All 1416.8490 0.3880 0.3880  Biomass 1.0000 0.0000 4025.9005
1 1987 NMFS_Trawl 1 Male  All 2278.9170 0.2910 0.2910  Biomass 1.0000 0.0000 4547.9832
1 1988 NMFS_Trawl 1 Male  All 3158.1690 0.2520 0.2520  Biomass 1.0000 0.0000 4885.7546
1 1989 NMFS_Trawl 1 Male  All 6338.6220 0.2710 0.2710  Biomass 1.0000 0.0000 6361.4515
1 1990 NMFS_Trawl 1 Male  All 6730.1300 0.2740 0.2740  Biomass 1.0000 0.0000 7296.3992
1 1991 NMFS_Trawl 1 Male  All 6948.1840 0.2480 0.2480  Biomass 1.0000 0.0000 8099.7238
1 1992 NMFS_Trawl 1 Male  All 7093.2720 0.2010 0.2010  Biomass 1.0000 0.0000 7922.6765
1 1993 NMFS_Trawl 1 Male  All 9548.4590 0.1690 0.1690  Biomass 1.0000 0.0000 8653.9801
1 1994 NMFS_Trawl 1 Male  All 6539.1330 0.1760 0.1760  Biomass 1.0000 0.0000 8356.7537
1 1995 NMFS_Trawl 1 Male  All 5703.5910 0.1780 0.1780  Biomass 1.0000 0.0000 7974.3776
1 1996 NMFS_Trawl 1 Male  All 9410.4030 0.2410 0.2410  Biomass 1.0000 0.0000 7644.2317
1 1997 NMFS_Trawl 1 Male  All 10924.1070 0.3370 0.3370  Biomass 1.0000 0.0000 7208.6977
1 1998 NMFS_Trawl 1 Male  All 7976.8390 0.3550 0.3550  Biomass 1.0000 0.0000 5291.4157
1 1999 NMFS_Trawl 1 Male  All 1594.5460 0.1820 0.1820  Biomass 1.0000 0.0000 2020.7675
1 2000 NMFS_Trawl 1 Male  All 2096.7950 0.3100 0.3100  Biomass 1.0000 0.0000 2192.4974
1 2001 NMFS_Trawl 1 Male  All 2831.4400 0.2450 0.2450  Biomass 1.0000 0.0000 2331.6983
1 2002 NMFS_Trawl 1 Male  All 1732.5990 0.3200 0.3200  Biomass 1.0000 0.0000 2291.1437
1 2003 NMFS_Trawl 1 Male  All 1566.6750 0.3360 0.3360  Biomass 1.0000 0.0000 2251.3527
1 2004 NMFS_Trawl 1 Male  All 1523.8690 0.3050 0.3050  Biomass 1.0000 0.0000 2174.7347
1 2005 NMFS_Trawl 1 Male  All 1642.0170 0.3710 0.3710  Biomass 1.0000 0.0000 2258.0721
1 2006 NMFS_Trawl 1 Male  All 3893.8750 0.3340 0.3340  Biomass 1.0000 0.0000 2575.9517
1 2007 NMFS_Trawl 1 Male  All 6470.7730 0.3850 0.3850  Biomass 1.0000 0.0000 2802.4548
1 2008 NMFS_Trawl 1 Male  All 4654.4730 0.2840 0.2840  Biomass 1.0000 0.0000 3159.8109
1 2009 NMFS_Trawl 1 Male  All 6301.4700 0.2560 0.2560  Biomass 1.0000 0.0000 3493.2855
1 2010 NMFS_Trawl 1 Male  All 11130.8980 0.4660 0.4660  Biomass 1.0000 0.0000 3430.5152
1 2011 NMFS_Trawl 1 Male  All 10931.2320 0.5580 0.5580  Biomass 1.0000 0.0000 3010.4866
1 2012 NMFS_Trawl 1 Male  All 6200.2190 0.3390 0.3390  Biomass 1.0000 0.0000 2124.5339
1 2013 NMFS_Trawl 1 Male  All 2287.5570 0.2170 0.2170  Biomass 1.0000 0.0000 1463.4068
1 2014 NMFS_Trawl 1 Male  All 6029.2200 0.4490 0.4490  Biomass 1.0000 0.0000 1509.8685
1 2015 NMFS_Trawl 1 Male  All 5877.4330 0.7700 0.7700  Biomass 1.0000 0.0000 1360.6168
1 2016 NMFS_Trawl 1 Male  All 3485.9090 0.3930 0.3930  Biomass 1.0000 0.0000 1360.6873
1 2017 NMFS_Trawl 1 Male  All 1793.7600 0.5990 0.5990  Biomass 1.0000 0.0000 1338.6287
1 2018 NMFS_Trawl 1 Male  All 1730.7420 0.2810 0.2810  Biomass 1.0000 0.0000 1306.9178
1 2019 NMFS_Trawl 1 Male  All 3170.4670 0.3370 0.3370  Biomass 1.0000 0.0000 1341.5563
1 2021 NMFS_Trawl 1 Male  All 1929.2980 0.4270 0.4270  Biomass 1.0000 0.0000 1555.4211
2 1995 ADFG_Pot 1 Male  All 12042.0000 0.1300 0.1300  Numbers 0.0038 0.0000 18211.2070
2 1998 ADFG_Pot 1 Male  All 12531.0000 0.0600 0.0600  Numbers 0.0038 0.0000 11758.5415
2 2001 ADFG_Pot 1 Male  All 8477.0000 0.0800 0.0800  Numbers 0.0038 0.0000 5241.1749
2 2004 ADFG_Pot 1 Male  All 1667.0000 0.1500 0.1500  Numbers 0.0038 0.0000 4672.0577
2 2007 ADFG_Pot 1 Male  All 8643.0000 0.0900 0.0900  Numbers 0.0038 0.0000 6408.3777
2 2010 ADFG_Pot 1 Male  All 10209.0000 0.1300 0.1300  Numbers 0.0038 0.0000 8201.3067
2 2013 ADFG_Pot 1 Male  All 5643.0000 0.1900 0.1900  Numbers 0.0038 0.0000 3329.7749
2 2015 ADFG_Pot 1 Male  All 2805.0000 0.1800 0.1800  Numbers 0.0038 0.0000 3098.9005
2 2016 ADFG_Pot 1 Male  All 2378.0000 0.1860 0.1860  Numbers 0.0038 0.0000 2975.4131
2 2017 ADFG_Pot 1 Male  All 1689.0000 0.2500 0.2500  Numbers 0.0038 0.0000 2899.2151
2 2018 ADFG_Pot 1 Male  All 745.0000 0.1400 0.1400  Numbers 0.0038 0.0000 2814.0766
# CPUE: standard deviation and median
sdnr_MAR_cpue
   0.0000   0.0000
   0.0000   0.0000

#--------------------------------------------------------------------------------------------
Size_fit_summary
#Original_series Modified_series Year Fleet  Season Sex  Type Shell  Maturity  Nsamp  DataVec_(obs) DataVec_(pred)
1 1 1990 Pot_Fishery 3 Male  All  All  All 15.0000    0.1133 0.3933 0.4933    0.2060 0.3100 0.4840
1 1 1991 Pot_Fishery 3 Male  All  All  All 25.0000    0.1329 0.1768 0.6903    0.2025 0.2516 0.5458
1 1 1992 Pot_Fishery 3 Male  All  All  All 25.0000    0.1905 0.2677 0.5418    0.2169 0.2339 0.5493
1 1 1993 Pot_Fishery 3 Male  All  All  All 25.0000    0.2807 0.2097 0.5096    0.2319 0.2331 0.5350
1 1 1994 Pot_Fishery 3 Male  All  All  All 25.0000    0.2942 0.2714 0.4344    0.1673 0.2723 0.5604
1 1 1995 Pot_Fishery 3 Male  All  All  All 25.0000    0.1478 0.2127 0.6395    0.1894 0.2270 0.5836
1 1 1996 Pot_Fishery 3 Male  All  All  All 25.0000    0.1595 0.2229 0.6176    0.1961 0.2288 0.5751
1 1 1997 Pot_Fishery 3 Male  All  All  All 25.0000    0.1818 0.2053 0.6129    0.1226 0.2719 0.6056
1 1 1998 Pot_Fishery 3 Male  All  All  All 25.0000    0.1927 0.2162 0.5911    0.1072 0.2349 0.6579
1 1 2009 Pot_Fishery 3 Male  All  All  All 50.0000    0.1413 0.3235 0.5352    0.1866 0.2836 0.5298
1 1 2010 Pot_Fishery 3 Male  All  All  All 50.0000    0.1314 0.3152 0.5534    0.1725 0.2828 0.5447
1 1 2011 Pot_Fishery 3 Male  All  All  All 50.0000    0.1314 0.3051 0.5635    0.1635 0.3039 0.5326
1 1 2012 Pot_Fishery 3 Male  All  All  All 50.0000    0.1417 0.3178 0.5405    0.1198 0.3478 0.5324
1 1 2014 Pot_Fishery 3 Male  All  All  All 50.0000    0.0939 0.2275 0.6786    0.1381 0.2497 0.6122
1 1 2015 Pot_Fishery 3 Male  All  All  All 50.0000    0.1148 0.2518 0.6334    0.1177 0.2299 0.6524
2 2 1978 NMFS_Trawl 1 Male  All  All  All 50.0000    0.3865 0.3478 0.2657    0.3938 0.3466 0.2595
2 2 1979 NMFS_Trawl 1 Male  All  All  All 50.0000    0.4281 0.3190 0.2529    0.4104 0.3153 0.2743
2 2 1980 NMFS_Trawl 1 Male  All  All  All 50.0000    0.3588 0.3220 0.3192    0.3053 0.3508 0.3439
2 2 1981 NMFS_Trawl 1 Male  All  All  All 50.0000    0.1219 0.3065 0.5716    0.1218 0.3727 0.5055
2 2 1982 NMFS_Trawl 1 Male  All  All  All 50.0000    0.1671 0.2435 0.5894    0.1586 0.2483 0.5931
2 2 1983 NMFS_Trawl 1 Male  All  All  All 50.0000    0.1752 0.2726 0.5522    0.1136 0.2819 0.6044
2 2 1984 NMFS_Trawl 1 Male  All  All  All 50.0000    0.1823 0.2085 0.6092    0.1537 0.2762 0.5701
2 2 1985 NMFS_Trawl 1 Male  All  All  All 46.5000    0.2023 0.2010 0.5967    0.2630 0.2438 0.4932
2 2 1986 NMFS_Trawl 1 Male  All  All  All 23.0000    0.1984 0.4364 0.3652    0.3588 0.2555 0.3857
2 2 1987 NMFS_Trawl 1 Male  All  All  All 35.5000    0.1944 0.3779 0.4277    0.3114 0.3183 0.3703
2 2 1988 NMFS_Trawl 1 Male  All  All  All 40.5000    0.1879 0.3737 0.4384    0.2737 0.3215 0.4048
2 2 1989 NMFS_Trawl 1 Male  All  All  All 50.0000    0.4246 0.2259 0.3496    0.4591 0.2230 0.3179
2 2 1990 NMFS_Trawl 1 Male  All  All  All 50.0000    0.2380 0.2332 0.5288    0.2681 0.3879 0.3440
2 2 1991 NMFS_Trawl 1 Male  All  All  All 50.0000    0.2274 0.3300 0.4426    0.2660 0.3185 0.4155
2 2 1992 NMFS_Trawl 1 Male  All  All  All 50.0000    0.2263 0.2911 0.4826    0.2905 0.3014 0.4081
2 2 1993 NMFS_Trawl 1 Male  All  All  All 50.0000    0.2296 0.2759 0.4945    0.3061 0.2962 0.3977
2 2 1994 NMFS_Trawl 1 Male  All  All  All 50.0000    0.1989 0.2926 0.5085    0.2204 0.3458 0.4338
2 2 1995 NMFS_Trawl 1 Male  All  All  All 50.0000    0.2593 0.3005 0.4403    0.2561 0.2956 0.4483
2 2 1996 NMFS_Trawl 1 Male  All  All  All 50.0000    0.1998 0.3054 0.4948    0.2632 0.2958 0.4410
2 2 1997 NMFS_Trawl 1 Male  All  All  All 50.0000    0.1622 0.3102 0.5276    0.1605 0.3441 0.4955
2 2 1998 NMFS_Trawl 1 Male  All  All  All 50.0000    0.1276 0.3212 0.5512    0.1451 0.3070 0.5479
2 2 1999 NMFS_Trawl 1 Male  All  All  All 26.0000    0.2224 0.2214 0.5562    0.2211 0.2538 0.5251
2 2 2000 NMFS_Trawl 1 Male  All  All  All 30.5000    0.2154 0.2180 0.5666    0.2264 0.2370 0.5365
2 2 2001 NMFS_Trawl 1 Male  All  All  All 45.5000    0.2253 0.2699 0.5048    0.1979 0.2441 0.5580
2 2 2002 NMFS_Trawl 1 Male  All  All  All 19.0000    0.1127 0.2346 0.6527    0.0762 0.2599 0.6639
2 2 2003 NMFS_Trawl 1 Male  All  All  All 32.5000    0.3762 0.2345 0.3893    0.1721 0.1455 0.6823
2 2 2004 NMFS_Trawl 1 Male  All  All  All 24.0000    0.2488 0.1848 0.5664    0.1159 0.1921 0.6919
2 2 2005 NMFS_Trawl 1 Male  All  All  All 21.0000    0.2825 0.2744 0.4431    0.2610 0.1366 0.6025
2 2 2006 NMFS_Trawl 1 Male  All  All  All 50.0000    0.3276 0.2293 0.4431    0.3157 0.2013 0.4830
2 2 2007 NMFS_Trawl 1 Male  All  All  All 50.0000    0.4394 0.3525 0.2081    0.1782 0.3041 0.5177
2 2 2008 NMFS_Trawl 1 Male  All  All  All 50.0000    0.3745 0.2219 0.4036    0.3099 0.1989 0.4912
2 2 2009 NMFS_Trawl 1 Male  All  All  All 50.0000    0.3057 0.4202 0.2741    0.2302 0.2801 0.4897
2 2 2010 NMFS_Trawl 1 Male  All  All  All 50.0000    0.4081 0.3371 0.2548    0.2041 0.2701 0.5258
2 2 2011 NMFS_Trawl 1 Male  All  All  All 50.0000    0.2179 0.3940 0.3881    0.1825 0.2768 0.5407
2 2 2012 NMFS_Trawl 1 Male  All  All  All 50.0000    0.1573 0.4393 0.4034    0.1299 0.3098 0.5603
2 2 2013 NMFS_Trawl 1 Male  All  All  All 37.0000    0.2100 0.2834 0.5066    0.2091 0.2650 0.5259
2 2 2014 NMFS_Trawl 1 Male  All  All  All 50.0000    0.1738 0.3912 0.4350    0.1715 0.2487 0.5799
2 2 2015 NMFS_Trawl 1 Male  All  All  All 50.0000    0.2340 0.2994 0.4666    0.1509 0.2355 0.6135
2 2 2016 NMFS_Trawl 1 Male  All  All  All 50.0000    0.2255 0.2780 0.4965    0.1632 0.2017 0.6351
2 2 2017 NMFS_Trawl 1 Male  All  All  All 21.0000    0.0849 0.2994 0.6157    0.1319 0.2015 0.6666
2 2 2018 NMFS_Trawl 1 Male  All  All  All 31.0000    0.1475 0.2219 0.6306    0.1464 0.1736 0.6800
2 2 2019 NMFS_Trawl 1 Male  All  All  All 50.0000    0.1961 0.2346 0.5693    0.2313 0.1579 0.6108
2 2 2021 NMFS_Trawl 1 Male  All  All  All 50.0000    0.3323 0.1320 0.5357    0.3319 0.1659 0.5023
3 3 1995 ADFG_Pot 1 Male  All  All  All 100.0000    0.1594 0.2656 0.5750    0.1772 0.3065 0.5163
3 3 1998 ADFG_Pot 1 Male  All  All  All 100.0000    0.0769 0.2205 0.7026    0.0956 0.3032 0.6012
3 3 2001 ADFG_Pot 1 Male  All  All  All 100.0000    0.1493 0.2049 0.6458    0.1327 0.2450 0.6223
3 3 2004 ADFG_Pot 1 Male  All  All  All 100.0000    0.0672 0.2484 0.6844    0.0745 0.1850 0.7404
3 3 2007 ADFG_Pot 1 Male  All  All  All 100.0000    0.1257 0.3148 0.5595    0.1192 0.3046 0.5762
3 3 2010 ADFG_Pot 1 Male  All  All  All 100.0000    0.1299 0.3209 0.5492    0.1376 0.2726 0.5898
3 3 2013 ADFG_Pot 1 Male  All  All  All 100.0000    0.1556 0.2477 0.5967    0.1411 0.2680 0.5909
3 3 2015 ADFG_Pot 1 Male  All  All  All 100.0000    0.0706 0.2432 0.6862    0.0990 0.2314 0.6697
3 3 2016 ADFG_Pot 1 Male  All  All  All 100.0000    0.0832 0.1917 0.7251    0.1072 0.1985 0.6943
3 3 2017 ADFG_Pot 1 Male  All  All  All 100.0000    0.1048 0.2540 0.6412    0.0855 0.1956 0.7189
3 3 2018 ADFG_Pot 1 Male  All  All  All 100.0000    0.1020 0.2161 0.6819    0.0952 0.1690 0.7358
#Size data: standard deviation and median
sdnr_MAR_lf
   0.6710   0.4564
   1.2928   0.6071
   0.9470   0.6888
#Size data: Francis multipliers
Francis_weights
   1.8085   0.4488   1.2634

#--------------------------------------------------------------------------------------------
Selectivity
#slx_capture
#Year Sex Fleet Selectivity
1978 male Pot_Fishery    0.39868262   0.57088699   1.00000000
1978 male Trawl_Bycatch    0.99979193   0.99997940   1.00000000
1978 male Fixed_bycatch    0.99979193   0.99997940   1.00000000
1978 male NMFS_Trawl    0.81022072   1.11111111   1.00000000
1978 male ADFG_Pot    0.48685715   0.99999999   1.00000000
1979 male Pot_Fishery    0.39868262   0.57088699   1.00000000
1979 male Trawl_Bycatch    0.99979193   0.99997940   1.00000000
1979 male Fixed_bycatch    0.99979193   0.99997940   1.00000000
1979 male NMFS_Trawl    0.81022072   1.11111111   1.00000000
1979 male ADFG_Pot    0.48685715   0.99999999   1.00000000
1980 male Pot_Fishery    0.39868262   0.57088699   1.00000000
1980 male Trawl_Bycatch    0.99979193   0.99997940   1.00000000
1980 male Fixed_bycatch    0.99979193   0.99997940   1.00000000
1980 male NMFS_Trawl    0.81022072   1.11111111   1.00000000
1980 male ADFG_Pot    0.48685715   0.99999999   1.00000000
1981 male Pot_Fishery    0.39868262   0.57088699   1.00000000
1981 male Trawl_Bycatch    0.99979193   0.99997940   1.00000000
1981 male Fixed_bycatch    0.99979193   0.99997940   1.00000000
1981 male NMFS_Trawl    0.81022072   1.11111111   1.00000000
1981 male ADFG_Pot    0.48685715   0.99999999   1.00000000
1982 male Pot_Fishery    0.39868262   0.57088699   1.00000000
1982 male Trawl_Bycatch    0.99979193   0.99997940   1.00000000
1982 male Fixed_bycatch    0.99979193   0.99997940   1.00000000
1982 male NMFS_Trawl    0.81022072   1.11111111   1.00000000
1982 male ADFG_Pot    0.48685715   0.99999999   1.00000000
1983 male Pot_Fishery    0.39868262   0.57088699   1.00000000
1983 male Trawl_Bycatch    0.99979193   0.99997940   1.00000000
1983 male Fixed_bycatch    0.99979193   0.99997940   1.00000000
1983 male NMFS_Trawl    0.81022072   1.11111111   1.00000000
1983 male ADFG_Pot    0.48685715   0.99999999   1.00000000
1984 male Pot_Fishery    0.39868262   0.57088699   1.00000000
1984 male Trawl_Bycatch    0.99979193   0.99997940   1.00000000
1984 male Fixed_bycatch    0.99979193   0.99997940   1.00000000
1984 male NMFS_Trawl    0.81022072   1.11111111   1.00000000
1984 male ADFG_Pot    0.48685715   0.99999999   1.00000000
1985 male Pot_Fishery    0.39868262   0.57088699   1.00000000
1985 male Trawl_Bycatch    0.99979193   0.99997940   1.00000000
1985 male Fixed_bycatch    0.99979193   0.99997940   1.00000000
1985 male NMFS_Trawl    0.81022072   1.11111111   1.00000000
1985 male ADFG_Pot    0.48685715   0.99999999   1.00000000
1986 male Pot_Fishery    0.39868262   0.57088699   1.00000000
1986 male Trawl_Bycatch    0.99979193   0.99997940   1.00000000
1986 male Fixed_bycatch    0.99979193   0.99997940   1.00000000
1986 male NMFS_Trawl    0.81022072   1.11111111   1.00000000
1986 male ADFG_Pot    0.48685715   0.99999999   1.00000000
1987 male Pot_Fishery    0.39868262   0.57088699   1.00000000
1987 male Trawl_Bycatch    0.99979193   0.99997940   1.00000000
1987 male Fixed_bycatch    0.99979193   0.99997940   1.00000000
1987 male NMFS_Trawl    0.81022072   1.11111111   1.00000000
1987 male ADFG_Pot    0.48685715   0.99999999   1.00000000
1988 male Pot_Fishery    0.39868262   0.57088699   1.00000000
1988 male Trawl_Bycatch    0.99979193   0.99997940   1.00000000
1988 male Fixed_bycatch    0.99979193   0.99997940   1.00000000
1988 male NMFS_Trawl    0.81022072   1.11111111   1.00000000
1988 male ADFG_Pot    0.48685715   0.99999999   1.00000000
1989 male Pot_Fishery    0.39868262   0.57088699   1.00000000
1989 male Trawl_Bycatch    0.99979193   0.99997940   1.00000000
1989 male Fixed_bycatch    0.99979193   0.99997940   1.00000000
1989 male NMFS_Trawl    0.81022072   1.11111111   1.00000000
1989 male ADFG_Pot    0.48685715   0.99999999   1.00000000
1990 male Pot_Fishery    0.39868262   0.57088699   1.00000000
1990 male Trawl_Bycatch    0.99979193   0.99997940   1.00000000
1990 male Fixed_bycatch    0.99979193   0.99997940   1.00000000
1990 male NMFS_Trawl    0.81022072   1.11111111   1.00000000
1990 male ADFG_Pot    0.48685715   0.99999999   1.00000000
1991 male Pot_Fishery    0.39868262   0.57088699   1.00000000
1991 male Trawl_Bycatch    0.99979193   0.99997940   1.00000000
1991 male Fixed_bycatch    0.99979193   0.99997940   1.00000000
1991 male NMFS_Trawl    0.81022072   1.11111111   1.00000000
1991 male ADFG_Pot    0.48685715   0.99999999   1.00000000
1992 male Pot_Fishery    0.39868262   0.57088699   1.00000000
1992 male Trawl_Bycatch    0.99979193   0.99997940   1.00000000
1992 male Fixed_bycatch    0.99979193   0.99997940   1.00000000
1992 male NMFS_Trawl    0.81022072   1.11111111   1.00000000
1992 male ADFG_Pot    0.48685715   0.99999999   1.00000000
1993 male Pot_Fishery    0.39868262   0.57088699   1.00000000
1993 male Trawl_Bycatch    0.99979193   0.99997940   1.00000000
1993 male Fixed_bycatch    0.99979193   0.99997940   1.00000000
1993 male NMFS_Trawl    0.81022072   1.11111111   1.00000000
1993 male ADFG_Pot    0.48685715   0.99999999   1.00000000
1994 male Pot_Fishery    0.39868262   0.57088699   1.00000000
1994 male Trawl_Bycatch    0.99979193   0.99997940   1.00000000
1994 male Fixed_bycatch    0.99979193   0.99997940   1.00000000
1994 male NMFS_Trawl    0.81022072   1.11111111   1.00000000
1994 male ADFG_Pot    0.48685715   0.99999999   1.00000000
1995 male Pot_Fishery    0.39868262   0.57088699   1.00000000
1995 male Trawl_Bycatch    0.99979193   0.99997940   1.00000000
1995 male Fixed_bycatch    0.99979193   0.99997940   1.00000000
1995 male NMFS_Trawl    0.81022072   1.11111111   1.00000000
1995 male ADFG_Pot    0.48685715   0.99999999   1.00000000
1996 male Pot_Fishery    0.39868262   0.57088699   1.00000000
1996 male Trawl_Bycatch    0.99979193   0.99997940   1.00000000
1996 male Fixed_bycatch    0.99979193   0.99997940   1.00000000
1996 male NMFS_Trawl    0.81022072   1.11111111   1.00000000
1996 male ADFG_Pot    0.48685715   0.99999999   1.00000000
1997 male Pot_Fishery    0.39868262   0.57088699   1.00000000
1997 male Trawl_Bycatch    0.99979193   0.99997940   1.00000000
1997 male Fixed_bycatch    0.99979193   0.99997940   1.00000000
1997 male NMFS_Trawl    0.81022072   1.11111111   1.00000000
1997 male ADFG_Pot    0.48685715   0.99999999   1.00000000
1998 male Pot_Fishery    0.39868262   0.57088699   1.00000000
1998 male Trawl_Bycatch    0.99979193   0.99997940   1.00000000
1998 male Fixed_bycatch    0.99979193   0.99997940   1.00000000
1998 male NMFS_Trawl    0.81022072   1.11111111   1.00000000
1998 male ADFG_Pot    0.48685715   0.99999999   1.00000000
1999 male Pot_Fishery    0.39868262   0.57088699   1.00000000
1999 male Trawl_Bycatch    0.99979193   0.99997940   1.00000000
1999 male Fixed_bycatch    0.99979193   0.99997940   1.00000000
1999 male NMFS_Trawl    0.81022072   1.11111111   1.00000000
1999 male ADFG_Pot    0.48685715   0.99999999   1.00000000
2000 male Pot_Fishery    0.39868262   0.57088699   1.00000000
2000 male Trawl_Bycatch    0.99979193   0.99997940   1.00000000
2000 male Fixed_bycatch    0.99979193   0.99997940   1.00000000
2000 male NMFS_Trawl    0.81022072   1.11111111   1.00000000
2000 male ADFG_Pot    0.48685715   0.99999999   1.00000000
2001 male Pot_Fishery    0.39868262   0.57088699   1.00000000
2001 male Trawl_Bycatch    0.99979193   0.99997940   1.00000000
2001 male Fixed_bycatch    0.99979193   0.99997940   1.00000000
2001 male NMFS_Trawl    0.81022072   1.11111111   1.00000000
2001 male ADFG_Pot    0.48685715   0.99999999   1.00000000
2002 male Pot_Fishery    0.39868262   0.57088699   1.00000000
2002 male Trawl_Bycatch    0.99979193   0.99997940   1.00000000
2002 male Fixed_bycatch    0.99979193   0.99997940   1.00000000
2002 male NMFS_Trawl    0.81022072   1.11111111   1.00000000
2002 male ADFG_Pot    0.48685715   0.99999999   1.00000000
2003 male Pot_Fishery    0.39868262   0.57088699   1.00000000
2003 male Trawl_Bycatch    0.99979193   0.99997940   1.00000000
2003 male Fixed_bycatch    0.99979193   0.99997940   1.00000000
2003 male NMFS_Trawl    0.81022072   1.11111111   1.00000000
2003 male ADFG_Pot    0.48685715   0.99999999   1.00000000
2004 male Pot_Fishery    0.39868262   0.57088699   1.00000000
2004 male Trawl_Bycatch    0.99979193   0.99997940   1.00000000
2004 male Fixed_bycatch    0.99979193   0.99997940   1.00000000
2004 male NMFS_Trawl    0.81022072   1.11111111   1.00000000
2004 male ADFG_Pot    0.48685715   0.99999999   1.00000000
2005 male Pot_Fishery    0.39868262   0.57088699   1.00000000
2005 male Trawl_Bycatch    0.99979193   0.99997940   1.00000000
2005 male Fixed_bycatch    0.99979193   0.99997940   1.00000000
2005 male NMFS_Trawl    0.81022072   1.11111111   1.00000000
2005 male ADFG_Pot    0.48685715   0.99999999   1.00000000
2006 male Pot_Fishery    0.39868262   0.57088699   1.00000000
2006 male Trawl_Bycatch    0.99979193   0.99997940   1.00000000
2006 male Fixed_bycatch    0.99979193   0.99997940   1.00000000
2006 male NMFS_Trawl    0.81022072   1.11111111   1.00000000
2006 male ADFG_Pot    0.48685715   0.99999999   1.00000000
2007 male Pot_Fishery    0.39868262   0.57088699   1.00000000
2007 male Trawl_Bycatch    0.99979193   0.99997940   1.00000000
2007 male Fixed_bycatch    0.99979193   0.99997940   1.00000000
2007 male NMFS_Trawl    0.81022072   1.11111111   1.00000000
2007 male ADFG_Pot    0.48685715   0.99999999   1.00000000
2008 male Pot_Fishery    0.39868262   0.57088699   1.00000000
2008 male Trawl_Bycatch    0.99979193   0.99997940   1.00000000
2008 male Fixed_bycatch    0.99979193   0.99997940   1.00000000
2008 male NMFS_Trawl    0.81022072   1.11111111   1.00000000
2008 male ADFG_Pot    0.48685715   0.99999999   1.00000000
2009 male Pot_Fishery    0.58137063   1.00000000   1.00000000
2009 male Trawl_Bycatch    0.99979193   0.99997940   1.00000000
2009 male Fixed_bycatch    0.99979193   0.99997940   1.00000000
2009 male NMFS_Trawl    0.81022072   1.11111111   1.00000000
2009 male ADFG_Pot    0.48685715   0.99999999   1.00000000
2010 male Pot_Fishery    0.58137063   1.00000000   1.00000000
2010 male Trawl_Bycatch    0.99979193   0.99997940   1.00000000
2010 male Fixed_bycatch    0.99979193   0.99997940   1.00000000
2010 male NMFS_Trawl    0.81022072   1.11111111   1.00000000
2010 male ADFG_Pot    0.48685715   0.99999999   1.00000000
2011 male Pot_Fishery    0.58137063   1.00000000   1.00000000
2011 male Trawl_Bycatch    0.99979193   0.99997940   1.00000000
2011 male Fixed_bycatch    0.99979193   0.99997940   1.00000000
2011 male NMFS_Trawl    0.81022072   1.11111111   1.00000000
2011 male ADFG_Pot    0.48685715   0.99999999   1.00000000
2012 male Pot_Fishery    0.58137063   1.00000000   1.00000000
2012 male Trawl_Bycatch    0.99979193   0.99997940   1.00000000
2012 male Fixed_bycatch    0.99979193   0.99997940   1.00000000
2012 male NMFS_Trawl    0.81022072   1.11111111   1.00000000
2012 male ADFG_Pot    0.48685715   0.99999999   1.00000000
2013 male Pot_Fishery    0.58137063   1.00000000   1.00000000
2013 male Trawl_Bycatch    0.99979193   0.99997940   1.00000000
2013 male Fixed_bycatch    0.99979193   0.99997940   1.00000000
2013 male NMFS_Trawl    0.81022072   1.11111111   1.00000000
2013 male ADFG_Pot    0.48685715   0.99999999   1.00000000
2014 male Pot_Fishery    0.58137063   1.00000000   1.00000000
2014 male Trawl_Bycatch    0.99979193   0.99997940   1.00000000
2014 male Fixed_bycatch    0.99979193   0.99997940   1.00000000
2014 male NMFS_Trawl    0.81022072   1.11111111   1.00000000
2014 male ADFG_Pot    0.48685715   0.99999999   1.00000000
2015 male Pot_Fishery    0.58137063   1.00000000   1.00000000
2015 male Trawl_Bycatch    0.99979193   0.99997940   1.00000000
2015 male Fixed_bycatch    0.99979193   0.99997940   1.00000000
2015 male NMFS_Trawl    0.81022072   1.11111111   1.00000000
2015 male ADFG_Pot    0.48685715   0.99999999   1.00000000
2016 male Pot_Fishery    0.58137063   1.00000000   1.00000000
2016 male Trawl_Bycatch    0.99979193   0.99997940   1.00000000
2016 male Fixed_bycatch    0.99979193   0.99997940   1.00000000
2016 male NMFS_Trawl    0.81022072   1.11111111   1.00000000
2016 male ADFG_Pot    0.48685715   0.99999999   1.00000000
2017 male Pot_Fishery    0.58137063   1.00000000   1.00000000
2017 male Trawl_Bycatch    0.99979193   0.99997940   1.00000000
2017 male Fixed_bycatch    0.99979193   0.99997940   1.00000000
2017 male NMFS_Trawl    0.81022072   1.11111111   1.00000000
2017 male ADFG_Pot    0.48685715   0.99999999   1.00000000
2018 male Pot_Fishery    0.58137063   1.00000000   1.00000000
2018 male Trawl_Bycatch    0.99979193   0.99997940   1.00000000
2018 male Fixed_bycatch    0.99979193   0.99997940   1.00000000
2018 male NMFS_Trawl    0.81022072   1.11111111   1.00000000
2018 male ADFG_Pot    0.48685715   0.99999999   1.00000000
2019 male Pot_Fishery    0.58137063   1.00000000   1.00000000
2019 male Trawl_Bycatch    0.99979193   0.99997940   1.00000000
2019 male Fixed_bycatch    0.99979193   0.99997940   1.00000000
2019 male NMFS_Trawl    0.81022072   1.11111111   1.00000000
2019 male ADFG_Pot    0.48685715   0.99999999   1.00000000
2020 male Pot_Fishery    0.58137063   1.00000000   1.00000000
2020 male Trawl_Bycatch    0.99979193   0.99997940   1.00000000
2020 male Fixed_bycatch    0.99979193   0.99997940   1.00000000
2020 male NMFS_Trawl    0.81022072   1.11111111   1.00000000
2020 male ADFG_Pot    0.48685715   0.99999999   1.00000000
2021 male Pot_Fishery    1.00000000   1.00000000   1.00000000
2021 male Trawl_Bycatch    1.00000000   1.00000000   1.00000000
2021 male Fixed_bycatch    1.00000000   1.00000000   1.00000000
2021 male NMFS_Trawl    0.81022072   1.11111111   1.00000000
2021 male ADFG_Pot    0.48685715   0.99999999   1.00000000
#slx_retaind
#Year Sex Fleet Retention
1978 male Pot_Fishery    0.00000000   0.00063550   0.99999900
1978 male Trawl_Bycatch    0.00000000   0.00000000   0.00000000
1978 male Fixed_bycatch    0.00000000   0.00000000   0.00000000
1978 male NMFS_Trawl    0.00000000   0.00000000   0.00000000
1978 male ADFG_Pot    0.00000000   0.00000000   0.00000000
1979 male Pot_Fishery    0.00000000   0.00063550   1.00000000
1979 male Trawl_Bycatch    0.00000000   0.00000000   0.00000000
1979 male Fixed_bycatch    0.00000000   0.00000000   0.00000000
1979 male NMFS_Trawl    0.00000000   0.00000000   0.00000000
1979 male ADFG_Pot    0.00000000   0.00000000   0.00000000
1980 male Pot_Fishery    0.00000000   0.00063550   1.00000000
1980 male Trawl_Bycatch    0.00000000   0.00000000   0.00000000
1980 male Fixed_bycatch    0.00000000   0.00000000   0.00000000
1980 male NMFS_Trawl    0.00000000   0.00000000   0.00000000
1980 male ADFG_Pot    0.00000000   0.00000000   0.00000000
1981 male Pot_Fishery    0.00000000   0.00063550   1.00000000
1981 male Trawl_Bycatch    0.00000000   0.00000000   0.00000000
1981 male Fixed_bycatch    0.00000000   0.00000000   0.00000000
1981 male NMFS_Trawl    0.00000000   0.00000000   0.00000000
1981 male ADFG_Pot    0.00000000   0.00000000   0.00000000
1982 male Pot_Fishery    0.00000000   0.00063550   1.00000000
1982 male Trawl_Bycatch    0.00000000   0.00000000   0.00000000
1982 male Fixed_bycatch    0.00000000   0.00000000   0.00000000
1982 male NMFS_Trawl    0.00000000   0.00000000   0.00000000
1982 male ADFG_Pot    0.00000000   0.00000000   0.00000000
1983 male Pot_Fishery    0.00000000   0.00063550   1.00000000
1983 male Trawl_Bycatch    0.00000000   0.00000000   0.00000000
1983 male Fixed_bycatch    0.00000000   0.00000000   0.00000000
1983 male NMFS_Trawl    0.00000000   0.00000000   0.00000000
1983 male ADFG_Pot    0.00000000   0.00000000   0.00000000
1984 male Pot_Fishery    0.00000000   0.00063550   1.00000000
1984 male Trawl_Bycatch    0.00000000   0.00000000   0.00000000
1984 male Fixed_bycatch    0.00000000   0.00000000   0.00000000
1984 male NMFS_Trawl    0.00000000   0.00000000   0.00000000
1984 male ADFG_Pot    0.00000000   0.00000000   0.00000000
1985 male Pot_Fishery    0.00000000   0.00063550   1.00000000
1985 male Trawl_Bycatch    0.00000000   0.00000000   0.00000000
1985 male Fixed_bycatch    0.00000000   0.00000000   0.00000000
1985 male NMFS_Trawl    0.00000000   0.00000000   0.00000000
1985 male ADFG_Pot    0.00000000   0.00000000   0.00000000
1986 male Pot_Fishery    0.00000000   0.00063550   1.00000000
1986 male Trawl_Bycatch    0.00000000   0.00000000   0.00000000
1986 male Fixed_bycatch    0.00000000   0.00000000   0.00000000
1986 male NMFS_Trawl    0.00000000   0.00000000   0.00000000
1986 male ADFG_Pot    0.00000000   0.00000000   0.00000000
1987 male Pot_Fishery    0.00000000   0.00063550   1.00000000
1987 male Trawl_Bycatch    0.00000000   0.00000000   0.00000000
1987 male Fixed_bycatch    0.00000000   0.00000000   0.00000000
1987 male NMFS_Trawl    0.00000000   0.00000000   0.00000000
1987 male ADFG_Pot    0.00000000   0.00000000   0.00000000
1988 male Pot_Fishery    0.00000000   0.00063550   1.00000000
1988 male Trawl_Bycatch    0.00000000   0.00000000   0.00000000
1988 male Fixed_bycatch    0.00000000   0.00000000   0.00000000
1988 male NMFS_Trawl    0.00000000   0.00000000   0.00000000
1988 male ADFG_Pot    0.00000000   0.00000000   0.00000000
1989 male Pot_Fishery    0.00000000   0.00063550   1.00000000
1989 male Trawl_Bycatch    0.00000000   0.00000000   0.00000000
1989 male Fixed_bycatch    0.00000000   0.00000000   0.00000000
1989 male NMFS_Trawl    0.00000000   0.00000000   0.00000000
1989 male ADFG_Pot    0.00000000   0.00000000   0.00000000
1990 male Pot_Fishery    0.00000000   0.00063550   1.00000000
1990 male Trawl_Bycatch    0.00000000   0.00000000   0.00000000
1990 male Fixed_bycatch    0.00000000   0.00000000   0.00000000
1990 male NMFS_Trawl    0.00000000   0.00000000   0.00000000
1990 male ADFG_Pot    0.00000000   0.00000000   0.00000000
1991 male Pot_Fishery    0.00000000   0.00063550   1.00000000
1991 male Trawl_Bycatch    0.00000000   0.00000000   0.00000000
1991 male Fixed_bycatch    0.00000000   0.00000000   0.00000000
1991 male NMFS_Trawl    0.00000000   0.00000000   0.00000000
1991 male ADFG_Pot    0.00000000   0.00000000   0.00000000
1992 male Pot_Fishery    0.00000000   0.00063550   1.00000000
1992 male Trawl_Bycatch    0.00000000   0.00000000   0.00000000
1992 male Fixed_bycatch    0.00000000   0.00000000   0.00000000
1992 male NMFS_Trawl    0.00000000   0.00000000   0.00000000
1992 male ADFG_Pot    0.00000000   0.00000000   0.00000000
1993 male Pot_Fishery    0.00000000   0.00063550   1.00000000
1993 male Trawl_Bycatch    0.00000000   0.00000000   0.00000000
1993 male Fixed_bycatch    0.00000000   0.00000000   0.00000000
1993 male NMFS_Trawl    0.00000000   0.00000000   0.00000000
1993 male ADFG_Pot    0.00000000   0.00000000   0.00000000
1994 male Pot_Fishery    0.00000000   0.00063550   1.00000000
1994 male Trawl_Bycatch    0.00000000   0.00000000   0.00000000
1994 male Fixed_bycatch    0.00000000   0.00000000   0.00000000
1994 male NMFS_Trawl    0.00000000   0.00000000   0.00000000
1994 male ADFG_Pot    0.00000000   0.00000000   0.00000000
1995 male Pot_Fishery    0.00000000   0.00063550   1.00000000
1995 male Trawl_Bycatch    0.00000000   0.00000000   0.00000000
1995 male Fixed_bycatch    0.00000000   0.00000000   0.00000000
1995 male NMFS_Trawl    0.00000000   0.00000000   0.00000000
1995 male ADFG_Pot    0.00000000   0.00000000   0.00000000
1996 male Pot_Fishery    0.00000000   0.00063550   1.00000000
1996 male Trawl_Bycatch    0.00000000   0.00000000   0.00000000
1996 male Fixed_bycatch    0.00000000   0.00000000   0.00000000
1996 male NMFS_Trawl    0.00000000   0.00000000   0.00000000
1996 male ADFG_Pot    0.00000000   0.00000000   0.00000000
1997 male Pot_Fishery    0.00000000   0.00063550   1.00000000
1997 male Trawl_Bycatch    0.00000000   0.00000000   0.00000000
1997 male Fixed_bycatch    0.00000000   0.00000000   0.00000000
1997 male NMFS_Trawl    0.00000000   0.00000000   0.00000000
1997 male ADFG_Pot    0.00000000   0.00000000   0.00000000
1998 male Pot_Fishery    0.00000000   0.00063550   1.00000000
1998 male Trawl_Bycatch    0.00000000   0.00000000   0.00000000
1998 male Fixed_bycatch    0.00000000   0.00000000   0.00000000
1998 male NMFS_Trawl    0.00000000   0.00000000   0.00000000
1998 male ADFG_Pot    0.00000000   0.00000000   0.00000000
1999 male Pot_Fishery    0.00000000   0.00063550   1.00000000
1999 male Trawl_Bycatch    0.00000000   0.00000000   0.00000000
1999 male Fixed_bycatch    0.00000000   0.00000000   0.00000000
1999 male NMFS_Trawl    0.00000000   0.00000000   0.00000000
1999 male ADFG_Pot    0.00000000   0.00000000   0.00000000
2000 male Pot_Fishery    0.00000000   0.00063550   1.00000000
2000 male Trawl_Bycatch    0.00000000   0.00000000   0.00000000
2000 male Fixed_bycatch    0.00000000   0.00000000   0.00000000
2000 male NMFS_Trawl    0.00000000   0.00000000   0.00000000
2000 male ADFG_Pot    0.00000000   0.00000000   0.00000000
2001 male Pot_Fishery    0.00000000   0.00063550   1.00000000
2001 male Trawl_Bycatch    0.00000000   0.00000000   0.00000000
2001 male Fixed_bycatch    0.00000000   0.00000000   0.00000000
2001 male NMFS_Trawl    0.00000000   0.00000000   0.00000000
2001 male ADFG_Pot    0.00000000   0.00000000   0.00000000
2002 male Pot_Fishery    0.00000000   0.00063550   1.00000000
2002 male Trawl_Bycatch    0.00000000   0.00000000   0.00000000
2002 male Fixed_bycatch    0.00000000   0.00000000   0.00000000
2002 male NMFS_Trawl    0.00000000   0.00000000   0.00000000
2002 male ADFG_Pot    0.00000000   0.00000000   0.00000000
2003 male Pot_Fishery    0.00000000   0.00063550   1.00000000
2003 male Trawl_Bycatch    0.00000000   0.00000000   0.00000000
2003 male Fixed_bycatch    0.00000000   0.00000000   0.00000000
2003 male NMFS_Trawl    0.00000000   0.00000000   0.00000000
2003 male ADFG_Pot    0.00000000   0.00000000   0.00000000
2004 male Pot_Fishery    0.00000000   0.00063550   1.00000000
2004 male Trawl_Bycatch    0.00000000   0.00000000   0.00000000
2004 male Fixed_bycatch    0.00000000   0.00000000   0.00000000
2004 male NMFS_Trawl    0.00000000   0.00000000   0.00000000
2004 male ADFG_Pot    0.00000000   0.00000000   0.00000000
2005 male Pot_Fishery    0.00000000   0.00063550   1.00000000
2005 male Trawl_Bycatch    0.00000000   0.00000000   0.00000000
2005 male Fixed_bycatch    0.00000000   0.00000000   0.00000000
2005 male NMFS_Trawl    0.00000000   0.00000000   0.00000000
2005 male ADFG_Pot    0.00000000   0.00000000   0.00000000
2006 male Pot_Fishery    0.00000000   0.00063550   1.00000000
2006 male Trawl_Bycatch    0.00000000   0.00000000   0.00000000
2006 male Fixed_bycatch    0.00000000   0.00000000   0.00000000
2006 male NMFS_Trawl    0.00000000   0.00000000   0.00000000
2006 male ADFG_Pot    0.00000000   0.00000000   0.00000000
2007 male Pot_Fishery    0.00000000   0.00063550   1.00000000
2007 male Trawl_Bycatch    0.00000000   0.00000000   0.00000000
2007 male Fixed_bycatch    0.00000000   0.00000000   0.00000000
2007 male NMFS_Trawl    0.00000000   0.00000000   0.00000000
2007 male ADFG_Pot    0.00000000   0.00000000   0.00000000
2008 male Pot_Fishery    0.00000000   0.00063550   1.00000000
2008 male Trawl_Bycatch    0.00000000   0.00000000   0.00000000
2008 male Fixed_bycatch    0.00000000   0.00000000   0.00000000
2008 male NMFS_Trawl    0.00000000   0.00000000   0.00000000
2008 male ADFG_Pot    0.00000000   0.00000000   0.00000000
2009 male Pot_Fishery    0.00000000   0.00063550   1.00000000
2009 male Trawl_Bycatch    0.00000000   0.00000000   0.00000000
2009 male Fixed_bycatch    0.00000000   0.00000000   0.00000000
2009 male NMFS_Trawl    0.00000000   0.00000000   0.00000000
2009 male ADFG_Pot    0.00000000   0.00000000   0.00000000
2010 male Pot_Fishery    0.00000000   0.00063550   1.00000000
2010 male Trawl_Bycatch    0.00000000   0.00000000   0.00000000
2010 male Fixed_bycatch    0.00000000   0.00000000   0.00000000
2010 male NMFS_Trawl    0.00000000   0.00000000   0.00000000
2010 male ADFG_Pot    0.00000000   0.00000000   0.00000000
2011 male Pot_Fishery    0.00000000   0.00063550   1.00000000
2011 male Trawl_Bycatch    0.00000000   0.00000000   0.00000000
2011 male Fixed_bycatch    0.00000000   0.00000000   0.00000000
2011 male NMFS_Trawl    0.00000000   0.00000000   0.00000000
2011 male ADFG_Pot    0.00000000   0.00000000   0.00000000
2012 male Pot_Fishery    0.00000000   0.00063550   1.00000000
2012 male Trawl_Bycatch    0.00000000   0.00000000   0.00000000
2012 male Fixed_bycatch    0.00000000   0.00000000   0.00000000
2012 male NMFS_Trawl    0.00000000   0.00000000   0.00000000
2012 male ADFG_Pot    0.00000000   0.00000000   0.00000000
2013 male Pot_Fishery    0.00000000   0.00063550   1.00000000
2013 male Trawl_Bycatch    0.00000000   0.00000000   0.00000000
2013 male Fixed_bycatch    0.00000000   0.00000000   0.00000000
2013 male NMFS_Trawl    0.00000000   0.00000000   0.00000000
2013 male ADFG_Pot    0.00000000   0.00000000   0.00000000
2014 male Pot_Fishery    0.00000000   0.00063550   1.00000000
2014 male Trawl_Bycatch    0.00000000   0.00000000   0.00000000
2014 male Fixed_bycatch    0.00000000   0.00000000   0.00000000
2014 male NMFS_Trawl    0.00000000   0.00000000   0.00000000
2014 male ADFG_Pot    0.00000000   0.00000000   0.00000000
2015 male Pot_Fishery    0.00000000   0.00063550   1.00000000
2015 male Trawl_Bycatch    0.00000000   0.00000000   0.00000000
2015 male Fixed_bycatch    0.00000000   0.00000000   0.00000000
2015 male NMFS_Trawl    0.00000000   0.00000000   0.00000000
2015 male ADFG_Pot    0.00000000   0.00000000   0.00000000
2016 male Pot_Fishery    0.00000000   0.00063550   1.00000000
2016 male Trawl_Bycatch    0.00000000   0.00000000   0.00000000
2016 male Fixed_bycatch    0.00000000   0.00000000   0.00000000
2016 male NMFS_Trawl    0.00000000   0.00000000   0.00000000
2016 male ADFG_Pot    0.00000000   0.00000000   0.00000000
2017 male Pot_Fishery    0.00000000   0.00063550   1.00000000
2017 male Trawl_Bycatch    0.00000000   0.00000000   0.00000000
2017 male Fixed_bycatch    0.00000000   0.00000000   0.00000000
2017 male NMFS_Trawl    0.00000000   0.00000000   0.00000000
2017 male ADFG_Pot    0.00000000   0.00000000   0.00000000
2018 male Pot_Fishery    0.00000000   0.00063550   1.00000000
2018 male Trawl_Bycatch    0.00000000   0.00000000   0.00000000
2018 male Fixed_bycatch    0.00000000   0.00000000   0.00000000
2018 male NMFS_Trawl    0.00000000   0.00000000   0.00000000
2018 male ADFG_Pot    0.00000000   0.00000000   0.00000000
2019 male Pot_Fishery    0.00000000   0.00063550   1.00000000
2019 male Trawl_Bycatch    0.00000000   0.00000000   0.00000000
2019 male Fixed_bycatch    0.00000000   0.00000000   0.00000000
2019 male NMFS_Trawl    0.00000000   0.00000000   0.00000000
2019 male ADFG_Pot    0.00000000   0.00000000   0.00000000
2020 male Pot_Fishery    0.00000000   0.00063550   1.00000000
2020 male Trawl_Bycatch    0.00000000   0.00000000   0.00000000
2020 male Fixed_bycatch    0.00000000   0.00000000   0.00000000
2020 male NMFS_Trawl    0.00000000   0.00000000   0.00000000
2020 male ADFG_Pot    0.00000000   0.00000000   0.00000000
2021 male Pot_Fishery    1.00000000   1.00000000   1.00000000
2021 male Trawl_Bycatch    1.00000000   1.00000000   1.00000000
2021 male Fixed_bycatch    1.00000000   1.00000000   1.00000000
2021 male NMFS_Trawl    0.00000000   0.00000000   0.00000000
2021 male ADFG_Pot    0.00000000   0.00000000   0.00000000
#slx_discard
#Year Sex Fleet Discard
1978 male Pot_Fishery    1.00000001   0.99936451   0.00000101
1978 male Trawl_Bycatch    1.00000001   1.00000001   1.00000001
1978 male Fixed_bycatch    1.00000001   1.00000001   1.00000001
1978 male NMFS_Trawl    1.00000001   1.00000001   1.00000001
1978 male ADFG_Pot    1.00000001   1.00000001   1.00000001
1979 male Pot_Fishery    1.00000001   0.99936451   0.00000001
1979 male Trawl_Bycatch    1.00000001   1.00000001   1.00000001
1979 male Fixed_bycatch    1.00000001   1.00000001   1.00000001
1979 male NMFS_Trawl    1.00000001   1.00000001   1.00000001
1979 male ADFG_Pot    1.00000001   1.00000001   1.00000001
1980 male Pot_Fishery    1.00000001   0.99936451   0.00000001
1980 male Trawl_Bycatch    1.00000001   1.00000001   1.00000001
1980 male Fixed_bycatch    1.00000001   1.00000001   1.00000001
1980 male NMFS_Trawl    1.00000001   1.00000001   1.00000001
1980 male ADFG_Pot    1.00000001   1.00000001   1.00000001
1981 male Pot_Fishery    1.00000001   0.99936451   0.00000001
1981 male Trawl_Bycatch    1.00000001   1.00000001   1.00000001
1981 male Fixed_bycatch    1.00000001   1.00000001   1.00000001
1981 male NMFS_Trawl    1.00000001   1.00000001   1.00000001
1981 male ADFG_Pot    1.00000001   1.00000001   1.00000001
1982 male Pot_Fishery    1.00000001   0.99936451   0.00000001
1982 male Trawl_Bycatch    1.00000001   1.00000001   1.00000001
1982 male Fixed_bycatch    1.00000001   1.00000001   1.00000001
1982 male NMFS_Trawl    1.00000001   1.00000001   1.00000001
1982 male ADFG_Pot    1.00000001   1.00000001   1.00000001
1983 male Pot_Fishery    1.00000001   0.99936451   0.00000001
1983 male Trawl_Bycatch    1.00000001   1.00000001   1.00000001
1983 male Fixed_bycatch    1.00000001   1.00000001   1.00000001
1983 male NMFS_Trawl    1.00000001   1.00000001   1.00000001
1983 male ADFG_Pot    1.00000001   1.00000001   1.00000001
1984 male Pot_Fishery    1.00000001   0.99936451   0.00000001
1984 male Trawl_Bycatch    1.00000001   1.00000001   1.00000001
1984 male Fixed_bycatch    1.00000001   1.00000001   1.00000001
1984 male NMFS_Trawl    1.00000001   1.00000001   1.00000001
1984 male ADFG_Pot    1.00000001   1.00000001   1.00000001
1985 male Pot_Fishery    1.00000001   0.99936451   0.00000001
1985 male Trawl_Bycatch    1.00000001   1.00000001   1.00000001
1985 male Fixed_bycatch    1.00000001   1.00000001   1.00000001
1985 male NMFS_Trawl    1.00000001   1.00000001   1.00000001
1985 male ADFG_Pot    1.00000001   1.00000001   1.00000001
1986 male Pot_Fishery    1.00000001   0.99936451   0.00000001
1986 male Trawl_Bycatch    1.00000001   1.00000001   1.00000001
1986 male Fixed_bycatch    1.00000001   1.00000001   1.00000001
1986 male NMFS_Trawl    1.00000001   1.00000001   1.00000001
1986 male ADFG_Pot    1.00000001   1.00000001   1.00000001
1987 male Pot_Fishery    1.00000001   0.99936451   0.00000001
1987 male Trawl_Bycatch    1.00000001   1.00000001   1.00000001
1987 male Fixed_bycatch    1.00000001   1.00000001   1.00000001
1987 male NMFS_Trawl    1.00000001   1.00000001   1.00000001
1987 male ADFG_Pot    1.00000001   1.00000001   1.00000001
1988 male Pot_Fishery    1.00000001   0.99936451   0.00000001
1988 male Trawl_Bycatch    1.00000001   1.00000001   1.00000001
1988 male Fixed_bycatch    1.00000001   1.00000001   1.00000001
1988 male NMFS_Trawl    1.00000001   1.00000001   1.00000001
1988 male ADFG_Pot    1.00000001   1.00000001   1.00000001
1989 male Pot_Fishery    1.00000001   0.99936451   0.00000001
1989 male Trawl_Bycatch    1.00000001   1.00000001   1.00000001
1989 male Fixed_bycatch    1.00000001   1.00000001   1.00000001
1989 male NMFS_Trawl    1.00000001   1.00000001   1.00000001
1989 male ADFG_Pot    1.00000001   1.00000001   1.00000001
1990 male Pot_Fishery    1.00000001   0.99936451   0.00000001
1990 male Trawl_Bycatch    1.00000001   1.00000001   1.00000001
1990 male Fixed_bycatch    1.00000001   1.00000001   1.00000001
1990 male NMFS_Trawl    1.00000001   1.00000001   1.00000001
1990 male ADFG_Pot    1.00000001   1.00000001   1.00000001
1991 male Pot_Fishery    1.00000001   0.99936451   0.00000001
1991 male Trawl_Bycatch    1.00000001   1.00000001   1.00000001
1991 male Fixed_bycatch    1.00000001   1.00000001   1.00000001
1991 male NMFS_Trawl    1.00000001   1.00000001   1.00000001
1991 male ADFG_Pot    1.00000001   1.00000001   1.00000001
1992 male Pot_Fishery    1.00000001   0.99936451   0.00000001
1992 male Trawl_Bycatch    1.00000001   1.00000001   1.00000001
1992 male Fixed_bycatch    1.00000001   1.00000001   1.00000001
1992 male NMFS_Trawl    1.00000001   1.00000001   1.00000001
1992 male ADFG_Pot    1.00000001   1.00000001   1.00000001
1993 male Pot_Fishery    1.00000001   0.99936451   0.00000001
1993 male Trawl_Bycatch    1.00000001   1.00000001   1.00000001
1993 male Fixed_bycatch    1.00000001   1.00000001   1.00000001
1993 male NMFS_Trawl    1.00000001   1.00000001   1.00000001
1993 male ADFG_Pot    1.00000001   1.00000001   1.00000001
1994 male Pot_Fishery    1.00000001   0.99936451   0.00000001
1994 male Trawl_Bycatch    1.00000001   1.00000001   1.00000001
1994 male Fixed_bycatch    1.00000001   1.00000001   1.00000001
1994 male NMFS_Trawl    1.00000001   1.00000001   1.00000001
1994 male ADFG_Pot    1.00000001   1.00000001   1.00000001
1995 male Pot_Fishery    1.00000001   0.99936451   0.00000001
1995 male Trawl_Bycatch    1.00000001   1.00000001   1.00000001
1995 male Fixed_bycatch    1.00000001   1.00000001   1.00000001
1995 male NMFS_Trawl    1.00000001   1.00000001   1.00000001
1995 male ADFG_Pot    1.00000001   1.00000001   1.00000001
1996 male Pot_Fishery    1.00000001   0.99936451   0.00000001
1996 male Trawl_Bycatch    1.00000001   1.00000001   1.00000001
1996 male Fixed_bycatch    1.00000001   1.00000001   1.00000001
1996 male NMFS_Trawl    1.00000001   1.00000001   1.00000001
1996 male ADFG_Pot    1.00000001   1.00000001   1.00000001
1997 male Pot_Fishery    1.00000001   0.99936451   0.00000001
1997 male Trawl_Bycatch    1.00000001   1.00000001   1.00000001
1997 male Fixed_bycatch    1.00000001   1.00000001   1.00000001
1997 male NMFS_Trawl    1.00000001   1.00000001   1.00000001
1997 male ADFG_Pot    1.00000001   1.00000001   1.00000001
1998 male Pot_Fishery    1.00000001   0.99936451   0.00000001
1998 male Trawl_Bycatch    1.00000001   1.00000001   1.00000001
1998 male Fixed_bycatch    1.00000001   1.00000001   1.00000001
1998 male NMFS_Trawl    1.00000001   1.00000001   1.00000001
1998 male ADFG_Pot    1.00000001   1.00000001   1.00000001
1999 male Pot_Fishery    1.00000001   0.99936451   0.00000001
1999 male Trawl_Bycatch    1.00000001   1.00000001   1.00000001
1999 male Fixed_bycatch    1.00000001   1.00000001   1.00000001
1999 male NMFS_Trawl    1.00000001   1.00000001   1.00000001
1999 male ADFG_Pot    1.00000001   1.00000001   1.00000001
2000 male Pot_Fishery    1.00000001   0.99936451   0.00000001
2000 male Trawl_Bycatch    1.00000001   1.00000001   1.00000001
2000 male Fixed_bycatch    1.00000001   1.00000001   1.00000001
2000 male NMFS_Trawl    1.00000001   1.00000001   1.00000001
2000 male ADFG_Pot    1.00000001   1.00000001   1.00000001
2001 male Pot_Fishery    1.00000001   0.99936451   0.00000001
2001 male Trawl_Bycatch    1.00000001   1.00000001   1.00000001
2001 male Fixed_bycatch    1.00000001   1.00000001   1.00000001
2001 male NMFS_Trawl    1.00000001   1.00000001   1.00000001
2001 male ADFG_Pot    1.00000001   1.00000001   1.00000001
2002 male Pot_Fishery    1.00000001   0.99936451   0.00000001
2002 male Trawl_Bycatch    1.00000001   1.00000001   1.00000001
2002 male Fixed_bycatch    1.00000001   1.00000001   1.00000001
2002 male NMFS_Trawl    1.00000001   1.00000001   1.00000001
2002 male ADFG_Pot    1.00000001   1.00000001   1.00000001
2003 male Pot_Fishery    1.00000001   0.99936451   0.00000001
2003 male Trawl_Bycatch    1.00000001   1.00000001   1.00000001
2003 male Fixed_bycatch    1.00000001   1.00000001   1.00000001
2003 male NMFS_Trawl    1.00000001   1.00000001   1.00000001
2003 male ADFG_Pot    1.00000001   1.00000001   1.00000001
2004 male Pot_Fishery    1.00000001   0.99936451   0.00000001
2004 male Trawl_Bycatch    1.00000001   1.00000001   1.00000001
2004 male Fixed_bycatch    1.00000001   1.00000001   1.00000001
2004 male NMFS_Trawl    1.00000001   1.00000001   1.00000001
2004 male ADFG_Pot    1.00000001   1.00000001   1.00000001
2005 male Pot_Fishery    1.00000001   0.99936451   0.00000001
2005 male Trawl_Bycatch    1.00000001   1.00000001   1.00000001
2005 male Fixed_bycatch    1.00000001   1.00000001   1.00000001
2005 male NMFS_Trawl    1.00000001   1.00000001   1.00000001
2005 male ADFG_Pot    1.00000001   1.00000001   1.00000001
2006 male Pot_Fishery    1.00000001   0.99936451   0.00000001
2006 male Trawl_Bycatch    1.00000001   1.00000001   1.00000001
2006 male Fixed_bycatch    1.00000001   1.00000001   1.00000001
2006 male NMFS_Trawl    1.00000001   1.00000001   1.00000001
2006 male ADFG_Pot    1.00000001   1.00000001   1.00000001
2007 male Pot_Fishery    1.00000001   0.99936451   0.00000001
2007 male Trawl_Bycatch    1.00000001   1.00000001   1.00000001
2007 male Fixed_bycatch    1.00000001   1.00000001   1.00000001
2007 male NMFS_Trawl    1.00000001   1.00000001   1.00000001
2007 male ADFG_Pot    1.00000001   1.00000001   1.00000001
2008 male Pot_Fishery    1.00000001   0.99936451   0.00000001
2008 male Trawl_Bycatch    1.00000001   1.00000001   1.00000001
2008 male Fixed_bycatch    1.00000001   1.00000001   1.00000001
2008 male NMFS_Trawl    1.00000001   1.00000001   1.00000001
2008 male ADFG_Pot    1.00000001   1.00000001   1.00000001
2009 male Pot_Fishery    1.00000001   0.99936451   0.00000001
2009 male Trawl_Bycatch    1.00000001   1.00000001   1.00000001
2009 male Fixed_bycatch    1.00000001   1.00000001   1.00000001
2009 male NMFS_Trawl    1.00000001   1.00000001   1.00000001
2009 male ADFG_Pot    1.00000001   1.00000001   1.00000001
2010 male Pot_Fishery    1.00000001   0.99936451   0.00000001
2010 male Trawl_Bycatch    1.00000001   1.00000001   1.00000001
2010 male Fixed_bycatch    1.00000001   1.00000001   1.00000001
2010 male NMFS_Trawl    1.00000001   1.00000001   1.00000001
2010 male ADFG_Pot    1.00000001   1.00000001   1.00000001
2011 male Pot_Fishery    1.00000001   0.99936451   0.00000001
2011 male Trawl_Bycatch    1.00000001   1.00000001   1.00000001
2011 male Fixed_bycatch    1.00000001   1.00000001   1.00000001
2011 male NMFS_Trawl    1.00000001   1.00000001   1.00000001
2011 male ADFG_Pot    1.00000001   1.00000001   1.00000001
2012 male Pot_Fishery    1.00000001   0.99936451   0.00000001
2012 male Trawl_Bycatch    1.00000001   1.00000001   1.00000001
2012 male Fixed_bycatch    1.00000001   1.00000001   1.00000001
2012 male NMFS_Trawl    1.00000001   1.00000001   1.00000001
2012 male ADFG_Pot    1.00000001   1.00000001   1.00000001
2013 male Pot_Fishery    1.00000001   0.99936451   0.00000001
2013 male Trawl_Bycatch    1.00000001   1.00000001   1.00000001
2013 male Fixed_bycatch    1.00000001   1.00000001   1.00000001
2013 male NMFS_Trawl    1.00000001   1.00000001   1.00000001
2013 male ADFG_Pot    1.00000001   1.00000001   1.00000001
2014 male Pot_Fishery    1.00000001   0.99936451   0.00000001
2014 male Trawl_Bycatch    1.00000001   1.00000001   1.00000001
2014 male Fixed_bycatch    1.00000001   1.00000001   1.00000001
2014 male NMFS_Trawl    1.00000001   1.00000001   1.00000001
2014 male ADFG_Pot    1.00000001   1.00000001   1.00000001
2015 male Pot_Fishery    1.00000001   0.99936451   0.00000001
2015 male Trawl_Bycatch    1.00000001   1.00000001   1.00000001
2015 male Fixed_bycatch    1.00000001   1.00000001   1.00000001
2015 male NMFS_Trawl    1.00000001   1.00000001   1.00000001
2015 male ADFG_Pot    1.00000001   1.00000001   1.00000001
2016 male Pot_Fishery    1.00000001   0.99936451   0.00000001
2016 male Trawl_Bycatch    1.00000001   1.00000001   1.00000001
2016 male Fixed_bycatch    1.00000001   1.00000001   1.00000001
2016 male NMFS_Trawl    1.00000001   1.00000001   1.00000001
2016 male ADFG_Pot    1.00000001   1.00000001   1.00000001
2017 male Pot_Fishery    1.00000001   0.99936451   0.00000001
2017 male Trawl_Bycatch    1.00000001   1.00000001   1.00000001
2017 male Fixed_bycatch    1.00000001   1.00000001   1.00000001
2017 male NMFS_Trawl    1.00000001   1.00000001   1.00000001
2017 male ADFG_Pot    1.00000001   1.00000001   1.00000001
2018 male Pot_Fishery    1.00000001   0.99936451   0.00000001
2018 male Trawl_Bycatch    1.00000001   1.00000001   1.00000001
2018 male Fixed_bycatch    1.00000001   1.00000001   1.00000001
2018 male NMFS_Trawl    1.00000001   1.00000001   1.00000001
2018 male ADFG_Pot    1.00000001   1.00000001   1.00000001
2019 male Pot_Fishery    1.00000001   0.99936451   0.00000001
2019 male Trawl_Bycatch    1.00000001   1.00000001   1.00000001
2019 male Fixed_bycatch    1.00000001   1.00000001   1.00000001
2019 male NMFS_Trawl    1.00000001   1.00000001   1.00000001
2019 male ADFG_Pot    1.00000001   1.00000001   1.00000001
2020 male Pot_Fishery    1.00000001   0.99936451   0.00000001
2020 male Trawl_Bycatch    1.00000001   1.00000001   1.00000001
2020 male Fixed_bycatch    1.00000001   1.00000001   1.00000001
2020 male NMFS_Trawl    1.00000001   1.00000001   1.00000001
2020 male ADFG_Pot    1.00000001   1.00000001   1.00000001
2021 male Pot_Fishery    1.00000000   1.00000000   1.00000000
2021 male Trawl_Bycatch    1.00000000   1.00000000   1.00000000
2021 male Fixed_bycatch    1.00000000   1.00000000   1.00000000
2021 male NMFS_Trawl    1.00000001   1.00000001   1.00000001
2021 male ADFG_Pot    1.00000001   1.00000001   1.00000001

# Select_control
# Selex_no first_par_no Phase Start_block End_block Env_Link Env_Link_Var Rand_Walk Start_year_RW End_year_RW Sigma_RW
1 1 3 1978 2008 0 0 0 1978 1978 0
1 1 3 2009 2020 0 0 0 1978 1978 0
2 7 -3 1978 2020 0 0 0 1978 1978 0
3 9 -3 1978 2020 0 0 0 1978 1978 0
4 11 4 1978 2021 0 0 0 1978 1978 0
5 14 4 1978 2021 0 0 0 1978 1978 0
-1 17 -7 1978 2020 0 0 0 1978 1978 0
-2 19 -3 1978 2020 0 0 0 1978 1978 0
-3 20 -3 1978 2020 0 0 0 1978 1978 0
-4 21 -3 1978 2021 0 0 0 1978 1978 0
-5 22 -3 1978 2021 0 0 0 1978 1978 0

#--------------------------------------------------------------------------------------------
# Natural, Fishing and Total mortality

# Proportion of M by season
# Year 1 2 3 4 5 
1978  0.00000000 0.07000000 0.00000000 0.56000000 0.37000000
1979  0.00000000 0.06000000 0.00000000 0.57000000 0.37000000
1980  0.00000000 0.07000000 0.00000000 0.56000000 0.37000000
1981  0.00000000 0.05000000 0.00000000 0.58000000 0.37000000
1982  0.00000000 0.07000000 0.00000000 0.56000000 0.37000000
1983  0.00000000 0.12000000 0.00000000 0.51000000 0.37000000
1984  0.00000000 0.10000000 0.00000000 0.53000000 0.37000000
1985  0.00000000 0.14000000 0.00000000 0.49000000 0.37000000
1986  0.00000000 0.14000000 0.00000000 0.49000000 0.37000000
1987  0.00000000 0.14000000 0.00000000 0.49000000 0.37000000
1988  0.00000000 0.14000000 0.00000000 0.49000000 0.37000000
1989  0.00000000 0.14000000 0.00000000 0.49000000 0.37000000
1990  0.00000000 0.14000000 0.00000000 0.49000000 0.37000000
1991  0.00000000 0.18000000 0.00000000 0.45000000 0.37000000
1992  0.00000000 0.14000000 0.00000000 0.49000000 0.37000000
1993  0.00000000 0.18000000 0.00000000 0.45000000 0.37000000
1994  0.00000000 0.18000000 0.00000000 0.45000000 0.37000000
1995  0.00000000 0.18000000 0.00000000 0.45000000 0.37000000
1996  0.00000000 0.18000000 0.00000000 0.45000000 0.37000000
1997  0.00000000 0.18000000 0.00000000 0.45000000 0.37000000
1998  0.00000000 0.18000000 0.00000000 0.45000000 0.37000000
1999  0.00000000 0.18000000 0.00000000 0.45000000 0.37000000
2000  0.00000000 0.18000000 0.00000000 0.45000000 0.37000000
2001  0.00000000 0.18000000 0.00000000 0.45000000 0.37000000
2002  0.00000000 0.18000000 0.00000000 0.45000000 0.37000000
2003  0.00000000 0.18000000 0.00000000 0.45000000 0.37000000
2004  0.00000000 0.18000000 0.00000000 0.45000000 0.37000000
2005  0.00000000 0.18000000 0.00000000 0.45000000 0.37000000
2006  0.00000000 0.18000000 0.00000000 0.45000000 0.37000000
2007  0.00000000 0.18000000 0.00000000 0.45000000 0.37000000
2008  0.00000000 0.18000000 0.00000000 0.45000000 0.37000000
2009  0.00000000 0.44000000 0.00000000 0.19000000 0.37000000
2010  0.00000000 0.44000000 0.00000000 0.19000000 0.37000000
2011  0.00000000 0.44000000 0.00000000 0.19000000 0.37000000
2012  0.00000000 0.44000000 0.00000000 0.19000000 0.37000000
2013  0.00000000 0.44000000 0.00000000 0.19000000 0.37000000
2014  0.00000000 0.44000000 0.00000000 0.19000000 0.37000000
2015  0.00000000 0.44000000 0.00000000 0.19000000 0.37000000
2016  0.00000000 0.44000000 0.00000000 0.19000000 0.37000000
2017  0.00000000 0.44000000 0.00000000 0.19000000 0.37000000
2018  0.00000000 0.44000000 0.00000000 0.19000000 0.37000000
2019  0.00000000 0.44000000 0.00000000 0.19000000 0.37000000
2020  0.00000000 0.44000000 0.00000000 0.19000000 0.37000000

# Natural_mortality-by-class
# Year Sex Maturity 1 2 3 
1978 male 1  0.18000000 0.18000000 0.18000000
1979 male 1  0.18000000 0.18000000 0.18000000
1980 male 1  0.18000000 0.18000000 0.18000000
1981 male 1  0.18000000 0.18000000 0.18000000
1982 male 1  0.18000000 0.18000000 0.18000000
1983 male 1  0.18000000 0.18000000 0.18000000
1984 male 1  0.18000000 0.18000000 0.18000000
1985 male 1  0.18000000 0.18000000 0.18000000
1986 male 1  0.18000000 0.18000000 0.18000000
1987 male 1  0.18000000 0.18000000 0.18000000
1988 male 1  0.18000000 0.18000000 0.18000000
1989 male 1  0.18000000 0.18000000 0.18000000
1990 male 1  0.18000000 0.18000000 0.18000000
1991 male 1  0.18000000 0.18000000 0.18000000
1992 male 1  0.18000000 0.18000000 0.18000000
1993 male 1  0.18000000 0.18000000 0.18000000
1994 male 1  0.18000000 0.18000000 0.18000000
1995 male 1  0.18000000 0.18000000 0.18000000
1996 male 1  0.18000000 0.18000000 0.18000000
1997 male 1  0.18000000 0.18000000 0.18000000
1998 male 1  0.87439420 0.87439420 0.87439420
1999 male 1  0.18000000 0.18000000 0.18000000
2000 male 1  0.18000000 0.18000000 0.18000000
2001 male 1  0.18000000 0.18000000 0.18000000
2002 male 1  0.18000000 0.18000000 0.18000000
2003 male 1  0.18000000 0.18000000 0.18000000
2004 male 1  0.18000000 0.18000000 0.18000000
2005 male 1  0.18000000 0.18000000 0.18000000
2006 male 1  0.18000000 0.18000000 0.18000000
2007 male 1  0.18000000 0.18000000 0.18000000
2008 male 1  0.18000000 0.18000000 0.18000000
2009 male 1  0.18000000 0.18000000 0.18000000
2010 male 1  0.18000000 0.18000000 0.18000000
2011 male 1  0.18000000 0.18000000 0.18000000
2012 male 1  0.18000000 0.18000000 0.18000000
2013 male 1  0.18000000 0.18000000 0.18000000
2014 male 1  0.18000000 0.18000000 0.18000000
2015 male 1  0.18000000 0.18000000 0.18000000
2016 male 1  0.18000000 0.18000000 0.18000000
2017 male 1  0.18000000 0.18000000 0.18000000
2018 male 1  0.18000000 0.18000000 0.18000000
2019 male 1  0.18000000 0.18000000 0.18000000
2020 male 1  0.18000000 0.18000000 0.18000000

# Fully-selected fishing mortality-by-season by sex and fishery
# Sex Fleet Year 1 2 3 4 5 
male Pot_Fishery 1978  0.00000000 0.00000000 0.30750177 0.00000000 0.00000000
male Pot_Fishery 1979  0.00000000 0.00000000 0.02363426 0.00000000 0.00000000
male Pot_Fishery 1980  0.00000000 0.00000000 0.00973421 0.00000000 0.00000000
male Pot_Fishery 1981  0.00000000 0.00000000 0.24591480 0.00000000 0.00000000
male Pot_Fishery 1982  0.00000000 0.00000000 0.51443576 0.00000000 0.00000000
male Pot_Fishery 1983  0.00000000 0.00000000 0.84486560 0.00000000 0.00000000
male Pot_Fishery 1984  0.00000000 0.00000000 0.56757020 0.00000000 0.00000000
male Pot_Fishery 1985  0.00000000 0.00000000 0.38425586 0.00000000 0.00000000
male Pot_Fishery 1986  0.00000000 0.00000000 0.21099542 0.00000000 0.00000000
male Pot_Fishery 1987  0.00000000 0.00000000 0.20178908 0.00000000 0.00000000
male Pot_Fishery 1988  0.00000000 0.00000000 0.21534704 0.00000000 0.00000000
male Pot_Fishery 1989  0.00000000 0.00000000 0.16853572 0.00000000 0.00000000
male Pot_Fishery 1990  0.00000000 0.00000000 0.23102482 0.00000000 0.00000000
male Pot_Fishery 1991  0.00000000 0.00000000 0.36819358 0.00000000 0.00000000
male Pot_Fishery 1992  0.00000000 0.00000000 0.26694716 0.00000000 0.00000000
male Pot_Fishery 1993  0.00000000 0.00000000 0.30178932 0.00000000 0.00000000
male Pot_Fishery 1994  0.00000000 0.00000000 0.40053602 0.00000000 0.00000000
male Pot_Fishery 1995  0.00000000 0.00000000 0.32117742 0.00000000 0.00000000
male Pot_Fishery 1996  0.00000000 0.00000000 0.33423999 0.00000000 0.00000000
male Pot_Fishery 1997  0.00000000 0.00000000 0.54638608 0.00000000 0.00000000
male Pot_Fishery 1998  0.00000000 0.00000000 0.50992578 0.00000000 0.00000000
male Pot_Fishery 1999  0.00000000 0.00000000 0.00000000 0.00000000 0.00000000
male Pot_Fishery 2000  0.00000000 0.00000000 0.00000000 0.00000000 0.00000000
male Pot_Fishery 2001  0.00000000 0.00000000 0.00000000 0.00000000 0.00000000
male Pot_Fishery 2002  0.00000000 0.00000000 0.00000000 0.00000000 0.00000000
male Pot_Fishery 2003  0.00000000 0.00000000 0.00000000 0.00000000 0.00000000
male Pot_Fishery 2004  0.00000000 0.00000000 0.00000000 0.00000000 0.00000000
male Pot_Fishery 2005  0.00000000 0.00000000 0.00000000 0.00000000 0.00000000
male Pot_Fishery 2006  0.00000000 0.00000000 0.00000000 0.00000000 0.00000000
male Pot_Fishery 2007  0.00000000 0.00000000 0.00000000 0.00000000 0.00000000
male Pot_Fishery 2008  0.00000000 0.00000000 0.00000000 0.00000000 0.00000000
male Pot_Fishery 2009  0.00000000 0.00000000 0.09916445 0.00000000 0.00000000
male Pot_Fishery 2010  0.00000000 0.00000000 0.29922672 0.00000000 0.00000000
male Pot_Fishery 2011  0.00000000 0.00000000 0.56696279 0.00000000 0.00000000
male Pot_Fishery 2012  0.00000000 0.00000000 0.73462234 0.00000000 0.00000000
male Pot_Fishery 2013  0.00000000 0.00000000 0.00000000 0.00000000 0.00000000
male Pot_Fishery 2014  0.00000000 0.00000000 0.13985092 0.00000000 0.00000000
male Pot_Fishery 2015  0.00000000 0.00000000 0.05004799 0.00000000 0.00000000
male Pot_Fishery 2016  0.00000000 0.00000000 0.00008935 0.00000000 0.00000000
male Pot_Fishery 2017  0.00000000 0.00000000 0.00009871 0.00000000 0.00000000
male Pot_Fishery 2018  0.00000000 0.00000000 0.00110986 0.00000000 0.00000000
male Pot_Fishery 2019  0.00000000 0.00000000 0.00000000 0.00000000 0.00000000
male Pot_Fishery 2020  0.00000000 0.00000000 0.00000000 0.00000000 0.00000000
male Trawl_Bycatch 1978  0.00000000 0.00000000 0.00000000 0.00000000 0.00000000
male Trawl_Bycatch 1979  0.00000000 0.00000000 0.00000000 0.00000000 0.00000000
male Trawl_Bycatch 1980  0.00000000 0.00000000 0.00000000 0.00000000 0.00000000
male Trawl_Bycatch 1981  0.00000000 0.00000000 0.00000000 0.00000000 0.00000000
male Trawl_Bycatch 1982  0.00000000 0.00000000 0.00000000 0.00000000 0.00000000
male Trawl_Bycatch 1983  0.00000000 0.00000000 0.00000000 0.00000000 0.00000000
male Trawl_Bycatch 1984  0.00000000 0.00000000 0.00000000 0.00000000 0.00000000
male Trawl_Bycatch 1985  0.00000000 0.00000000 0.00000000 0.00000000 0.00000000
male Trawl_Bycatch 1986  0.00000000 0.00000000 0.00000000 0.00000000 0.00000000
male Trawl_Bycatch 1987  0.00000000 0.00000000 0.00000000 0.00000000 0.00000000
male Trawl_Bycatch 1988  0.00000000 0.00000000 0.00000000 0.00000000 0.00000000
male Trawl_Bycatch 1989  0.00000000 0.00000000 0.00000000 0.00000000 0.00000000
male Trawl_Bycatch 1990  0.00000000 0.00000000 0.00000000 0.00000000 0.00000000
male Trawl_Bycatch 1991  0.00000000 0.00044060 0.00000000 0.00000000 0.00000000
male Trawl_Bycatch 1992  0.00000000 0.00025212 0.00000000 0.00000000 0.00000000
male Trawl_Bycatch 1993  0.00000000 0.00017858 0.00000000 0.00000000 0.00000000
male Trawl_Bycatch 1994  0.00000000 0.00003872 0.00000000 0.00000000 0.00000000
male Trawl_Bycatch 1995  0.00000000 0.00008032 0.00000000 0.00000000 0.00000000
male Trawl_Bycatch 1996  0.00000000 0.00006592 0.00000000 0.00000000 0.00000000
male Trawl_Bycatch 1997  0.00000000 0.00007103 0.00000000 0.00000000 0.00000000
male Trawl_Bycatch 1998  0.00000000 0.00010282 0.00000000 0.00000000 0.00000000
male Trawl_Bycatch 1999  0.00000000 0.00024995 0.00000000 0.00000000 0.00000000
male Trawl_Bycatch 2000  0.00000000 0.00022991 0.00000000 0.00000000 0.00000000
male Trawl_Bycatch 2001  0.00000000 0.00021732 0.00000000 0.00000000 0.00000000
male Trawl_Bycatch 2002  0.00000000 0.00032600 0.00000000 0.00000000 0.00000000
male Trawl_Bycatch 2003  0.00000000 0.00044799 0.00000000 0.00000000 0.00000000
male Trawl_Bycatch 2004  0.00000000 0.00004259 0.00000000 0.00000000 0.00000000
male Trawl_Bycatch 2005  0.00000000 0.00022079 0.00000000 0.00000000 0.00000000
male Trawl_Bycatch 2006  0.00000000 0.00108709 0.00000000 0.00000000 0.00000000
male Trawl_Bycatch 2007  0.00000000 0.00001648 0.00000000 0.00000000 0.00000000
male Trawl_Bycatch 2008  0.00000000 0.00008568 0.00000000 0.00000000 0.00000000
male Trawl_Bycatch 2009  0.00000000 0.00018927 0.00000000 0.00000000 0.00000000
male Trawl_Bycatch 2010  0.00000000 0.00010898 0.00000000 0.00000000 0.00000000
male Trawl_Bycatch 2011  0.00000000 0.00005877 0.00000000 0.00000000 0.00000000
male Trawl_Bycatch 2012  0.00000000 0.00000544 0.00000000 0.00000000 0.00000000
male Trawl_Bycatch 2013  0.00000000 0.00011548 0.00000000 0.00000000 0.00000000
male Trawl_Bycatch 2014  0.00000000 0.00000688 0.00000000 0.00000000 0.00000000
male Trawl_Bycatch 2015  0.00000000 0.00000765 0.00000000 0.00000000 0.00000000
male Trawl_Bycatch 2016  0.00000000 0.00017469 0.00000000 0.00000000 0.00000000
male Trawl_Bycatch 2017  0.00000000 0.00003735 0.00000000 0.00000000 0.00000000
male Trawl_Bycatch 2018  0.00000000 0.00000079 0.00000000 0.00000000 0.00000000
male Trawl_Bycatch 2019  0.00000000 0.00002293 0.00000000 0.00000000 0.00000000
male Trawl_Bycatch 2020  0.00000000 0.00000076 0.00000000 0.00000000 0.00000000
male Fixed_bycatch 1978  0.00000000 0.00000000 0.00000000 0.00000000 0.00000000
male Fixed_bycatch 1979  0.00000000 0.00000000 0.00000000 0.00000000 0.00000000
male Fixed_bycatch 1980  0.00000000 0.00000000 0.00000000 0.00000000 0.00000000
male Fixed_bycatch 1981  0.00000000 0.00000000 0.00000000 0.00000000 0.00000000
male Fixed_bycatch 1982  0.00000000 0.00000000 0.00000000 0.00000000 0.00000000
male Fixed_bycatch 1983  0.00000000 0.00000000 0.00000000 0.00000000 0.00000000
male Fixed_bycatch 1984  0.00000000 0.00000000 0.00000000 0.00000000 0.00000000
male Fixed_bycatch 1985  0.00000000 0.00000000 0.00000000 0.00000000 0.00000000
male Fixed_bycatch 1986  0.00000000 0.00000000 0.00000000 0.00000000 0.00000000
male Fixed_bycatch 1987  0.00000000 0.00000000 0.00000000 0.00000000 0.00000000
male Fixed_bycatch 1988  0.00000000 0.00000000 0.00000000 0.00000000 0.00000000
male Fixed_bycatch 1989  0.00000000 0.00000000 0.00000000 0.00000000 0.00000000
male Fixed_bycatch 1990  0.00000000 0.00000000 0.00000000 0.00000000 0.00000000
male Fixed_bycatch 1991  0.00000000 0.00000561 0.00000000 0.00000000 0.00000000
male Fixed_bycatch 1992  0.00000000 0.00028651 0.00000000 0.00000000 0.00000000
male Fixed_bycatch 1993  0.00000000 0.00005792 0.00000000 0.00000000 0.00000000
male Fixed_bycatch 1994  0.00000000 0.00001108 0.00000000 0.00000000 0.00000000
male Fixed_bycatch 1995  0.00000000 0.00001721 0.00000000 0.00000000 0.00000000
male Fixed_bycatch 1996  0.00000000 0.00000593 0.00000000 0.00000000 0.00000000
male Fixed_bycatch 1997  0.00000000 0.00002572 0.00000000 0.00000000 0.00000000
male Fixed_bycatch 1998  0.00000000 0.00018652 0.00000000 0.00000000 0.00000000
male Fixed_bycatch 1999  0.00000000 0.00068030 0.00000000 0.00000000 0.00000000
male Fixed_bycatch 2000  0.00000000 0.00022992 0.00000000 0.00000000 0.00000000
male Fixed_bycatch 2001  0.00000000 0.00037470 0.00000000 0.00000000 0.00000000
male Fixed_bycatch 2002  0.00000000 0.00018301 0.00000000 0.00000000 0.00000000
male Fixed_bycatch 2003  0.00000000 0.00050871 0.00000000 0.00000000 0.00000000
male Fixed_bycatch 2004  0.00000000 0.00029722 0.00000000 0.00000000 0.00000000
male Fixed_bycatch 2005  0.00000000 0.00026052 0.00000000 0.00000000 0.00000000
male Fixed_bycatch 2006  0.00000000 0.00056037 0.00000000 0.00000000 0.00000000
male Fixed_bycatch 2007  0.00000000 0.02761298 0.00000000 0.00000000 0.00000000
male Fixed_bycatch 2008  0.00000000 0.00209844 0.00000000 0.00000000 0.00000000
male Fixed_bycatch 2009  0.00000000 0.00224649 0.00000000 0.00000000 0.00000000
male Fixed_bycatch 2010  0.00000000 0.00292786 0.00000000 0.00000000 0.00000000
male Fixed_bycatch 2011  0.00000000 0.00027537 0.00000000 0.00000000 0.00000000
male Fixed_bycatch 2012  0.00000000 0.00036551 0.00000000 0.00000000 0.00000000
male Fixed_bycatch 2013  0.00000000 0.00024162 0.00000000 0.00000000 0.00000000
male Fixed_bycatch 2014  0.00000000 0.00033771 0.00000000 0.00000000 0.00000000
male Fixed_bycatch 2015  0.00000000 0.00054481 0.00000000 0.00000000 0.00000000
male Fixed_bycatch 2016  0.00000000 0.00124678 0.00000000 0.00000000 0.00000000
male Fixed_bycatch 2017  0.00000000 0.00467094 0.00000000 0.00000000 0.00000000
male Fixed_bycatch 2018  0.00000000 0.00097067 0.00000000 0.00000000 0.00000000
male Fixed_bycatch 2019  0.00000000 0.00085921 0.00000000 0.00000000 0.00000000
male Fixed_bycatch 2020  0.00000000 0.00050711 0.00000000 0.00000000 0.00000000
male NMFS_Trawl 1978  0.00000000 0.00000000 0.00000000 0.00000000 0.00000000
male NMFS_Trawl 1979  0.00000000 0.00000000 0.00000000 0.00000000 0.00000000
male NMFS_Trawl 1980  0.00000000 0.00000000 0.00000000 0.00000000 0.00000000
male NMFS_Trawl 1981  0.00000000 0.00000000 0.00000000 0.00000000 0.00000000
male NMFS_Trawl 1982  0.00000000 0.00000000 0.00000000 0.00000000 0.00000000
male NMFS_Trawl 1983  0.00000000 0.00000000 0.00000000 0.00000000 0.00000000
male NMFS_Trawl 1984  0.00000000 0.00000000 0.00000000 0.00000000 0.00000000
male NMFS_Trawl 1985  0.00000000 0.00000000 0.00000000 0.00000000 0.00000000
male NMFS_Trawl 1986  0.00000000 0.00000000 0.00000000 0.00000000 0.00000000
male NMFS_Trawl 1987  0.00000000 0.00000000 0.00000000 0.00000000 0.00000000
male NMFS_Trawl 1988  0.00000000 0.00000000 0.00000000 0.00000000 0.00000000
male NMFS_Trawl 1989  0.00000000 0.00000000 0.00000000 0.00000000 0.00000000
male NMFS_Trawl 1990  0.00000000 0.00000000 0.00000000 0.00000000 0.00000000
male NMFS_Trawl 1991  0.00000000 0.00000000 0.00000000 0.00000000 0.00000000
male NMFS_Trawl 1992  0.00000000 0.00000000 0.00000000 0.00000000 0.00000000
male NMFS_Trawl 1993  0.00000000 0.00000000 0.00000000 0.00000000 0.00000000
male NMFS_Trawl 1994  0.00000000 0.00000000 0.00000000 0.00000000 0.00000000
male NMFS_Trawl 1995  0.00000000 0.00000000 0.00000000 0.00000000 0.00000000
male NMFS_Trawl 1996  0.00000000 0.00000000 0.00000000 0.00000000 0.00000000
male NMFS_Trawl 1997  0.00000000 0.00000000 0.00000000 0.00000000 0.00000000
male NMFS_Trawl 1998  0.00000000 0.00000000 0.00000000 0.00000000 0.00000000
male NMFS_Trawl 1999  0.00000000 0.00000000 0.00000000 0.00000000 0.00000000
male NMFS_Trawl 2000  0.00000000 0.00000000 0.00000000 0.00000000 0.00000000
male NMFS_Trawl 2001  0.00000000 0.00000000 0.00000000 0.00000000 0.00000000
male NMFS_Trawl 2002  0.00000000 0.00000000 0.00000000 0.00000000 0.00000000
male NMFS_Trawl 2003  0.00000000 0.00000000 0.00000000 0.00000000 0.00000000
male NMFS_Trawl 2004  0.00000000 0.00000000 0.00000000 0.00000000 0.00000000
male NMFS_Trawl 2005  0.00000000 0.00000000 0.00000000 0.00000000 0.00000000
male NMFS_Trawl 2006  0.00000000 0.00000000 0.00000000 0.00000000 0.00000000
male NMFS_Trawl 2007  0.00000000 0.00000000 0.00000000 0.00000000 0.00000000
male NMFS_Trawl 2008  0.00000000 0.00000000 0.00000000 0.00000000 0.00000000
male NMFS_Trawl 2009  0.00000000 0.00000000 0.00000000 0.00000000 0.00000000
male NMFS_Trawl 2010  0.00000000 0.00000000 0.00000000 0.00000000 0.00000000
male NMFS_Trawl 2011  0.00000000 0.00000000 0.00000000 0.00000000 0.00000000
male NMFS_Trawl 2012  0.00000000 0.00000000 0.00000000 0.00000000 0.00000000
male NMFS_Trawl 2013  0.00000000 0.00000000 0.00000000 0.00000000 0.00000000
male NMFS_Trawl 2014  0.00000000 0.00000000 0.00000000 0.00000000 0.00000000
male NMFS_Trawl 2015  0.00000000 0.00000000 0.00000000 0.00000000 0.00000000
male NMFS_Trawl 2016  0.00000000 0.00000000 0.00000000 0.00000000 0.00000000
male NMFS_Trawl 2017  0.00000000 0.00000000 0.00000000 0.00000000 0.00000000
male NMFS_Trawl 2018  0.00000000 0.00000000 0.00000000 0.00000000 0.00000000
male NMFS_Trawl 2019  0.00000000 0.00000000 0.00000000 0.00000000 0.00000000
male NMFS_Trawl 2020  0.00000000 0.00000000 0.00000000 0.00000000 0.00000000
male ADFG_Pot 1978  0.00000000 0.00000000 0.00000000 0.00000000 0.00000000
male ADFG_Pot 1979  0.00000000 0.00000000 0.00000000 0.00000000 0.00000000
male ADFG_Pot 1980  0.00000000 0.00000000 0.00000000 0.00000000 0.00000000
male ADFG_Pot 1981  0.00000000 0.00000000 0.00000000 0.00000000 0.00000000
male ADFG_Pot 1982  0.00000000 0.00000000 0.00000000 0.00000000 0.00000000
male ADFG_Pot 1983  0.00000000 0.00000000 0.00000000 0.00000000 0.00000000
male ADFG_Pot 1984  0.00000000 0.00000000 0.00000000 0.00000000 0.00000000
male ADFG_Pot 1985  0.00000000 0.00000000 0.00000000 0.00000000 0.00000000
male ADFG_Pot 1986  0.00000000 0.00000000 0.00000000 0.00000000 0.00000000
male ADFG_Pot 1987  0.00000000 0.00000000 0.00000000 0.00000000 0.00000000
male ADFG_Pot 1988  0.00000000 0.00000000 0.00000000 0.00000000 0.00000000
male ADFG_Pot 1989  0.00000000 0.00000000 0.00000000 0.00000000 0.00000000
male ADFG_Pot 1990  0.00000000 0.00000000 0.00000000 0.00000000 0.00000000
male ADFG_Pot 1991  0.00000000 0.00000000 0.00000000 0.00000000 0.00000000
male ADFG_Pot 1992  0.00000000 0.00000000 0.00000000 0.00000000 0.00000000
male ADFG_Pot 1993  0.00000000 0.00000000 0.00000000 0.00000000 0.00000000
male ADFG_Pot 1994  0.00000000 0.00000000 0.00000000 0.00000000 0.00000000
male ADFG_Pot 1995  0.00000000 0.00000000 0.00000000 0.00000000 0.00000000
male ADFG_Pot 1996  0.00000000 0.00000000 0.00000000 0.00000000 0.00000000
male ADFG_Pot 1997  0.00000000 0.00000000 0.00000000 0.00000000 0.00000000
male ADFG_Pot 1998  0.00000000 0.00000000 0.00000000 0.00000000 0.00000000
male ADFG_Pot 1999  0.00000000 0.00000000 0.00000000 0.00000000 0.00000000
male ADFG_Pot 2000  0.00000000 0.00000000 0.00000000 0.00000000 0.00000000
male ADFG_Pot 2001  0.00000000 0.00000000 0.00000000 0.00000000 0.00000000
male ADFG_Pot 2002  0.00000000 0.00000000 0.00000000 0.00000000 0.00000000
male ADFG_Pot 2003  0.00000000 0.00000000 0.00000000 0.00000000 0.00000000
male ADFG_Pot 2004  0.00000000 0.00000000 0.00000000 0.00000000 0.00000000
male ADFG_Pot 2005  0.00000000 0.00000000 0.00000000 0.00000000 0.00000000
male ADFG_Pot 2006  0.00000000 0.00000000 0.00000000 0.00000000 0.00000000
male ADFG_Pot 2007  0.00000000 0.00000000 0.00000000 0.00000000 0.00000000
male ADFG_Pot 2008  0.00000000 0.00000000 0.00000000 0.00000000 0.00000000
male ADFG_Pot 2009  0.00000000 0.00000000 0.00000000 0.00000000 0.00000000
male ADFG_Pot 2010  0.00000000 0.00000000 0.00000000 0.00000000 0.00000000
male ADFG_Pot 2011  0.00000000 0.00000000 0.00000000 0.00000000 0.00000000
male ADFG_Pot 2012  0.00000000 0.00000000 0.00000000 0.00000000 0.00000000
male ADFG_Pot 2013  0.00000000 0.00000000 0.00000000 0.00000000 0.00000000
male ADFG_Pot 2014  0.00000000 0.00000000 0.00000000 0.00000000 0.00000000
male ADFG_Pot 2015  0.00000000 0.00000000 0.00000000 0.00000000 0.00000000
male ADFG_Pot 2016  0.00000000 0.00000000 0.00000000 0.00000000 0.00000000
male ADFG_Pot 2017  0.00000000 0.00000000 0.00000000 0.00000000 0.00000000
male ADFG_Pot 2018  0.00000000 0.00000000 0.00000000 0.00000000 0.00000000
male ADFG_Pot 2019  0.00000000 0.00000000 0.00000000 0.00000000 0.00000000
male ADFG_Pot 2020  0.00000000 0.00000000 0.00000000 0.00000000 0.00000000

# Fully-selected_fishing mortality by fleet
# Sex Year Season Fleet Pot_Fishery Trawl_Bycatch Fixed_bycatch NMFS_Trawl ADFG_Pot 
male 1978 1 0.00000000 0.00000000 0.00000000 0.00000000 0.00000000 
male 1978 2 0.00000000 0.00000000 0.00000000 0.00000000 0.00000000 
male 1978 3 0.30750177 0.00000000 0.00000000 0.00000000 0.00000000 
male 1978 4 0.00000000 0.00000000 0.00000000 0.00000000 0.00000000 
male 1978 5 0.00000000 0.00000000 0.00000000 0.00000000 0.00000000 
male 1979 1 0.00000000 0.00000000 0.00000000 0.00000000 0.00000000 
male 1979 2 0.00000000 0.00000000 0.00000000 0.00000000 0.00000000 
male 1979 3 0.02363426 0.00000000 0.00000000 0.00000000 0.00000000 
male 1979 4 0.00000000 0.00000000 0.00000000 0.00000000 0.00000000 
male 1979 5 0.00000000 0.00000000 0.00000000 0.00000000 0.00000000 
male 1980 1 0.00000000 0.00000000 0.00000000 0.00000000 0.00000000 
male 1980 2 0.00000000 0.00000000 0.00000000 0.00000000 0.00000000 
male 1980 3 0.00973421 0.00000000 0.00000000 0.00000000 0.00000000 
male 1980 4 0.00000000 0.00000000 0.00000000 0.00000000 0.00000000 
male 1980 5 0.00000000 0.00000000 0.00000000 0.00000000 0.00000000 
male 1981 1 0.00000000 0.00000000 0.00000000 0.00000000 0.00000000 
male 1981 2 0.00000000 0.00000000 0.00000000 0.00000000 0.00000000 
male 1981 3 0.24591480 0.00000000 0.00000000 0.00000000 0.00000000 
male 1981 4 0.00000000 0.00000000 0.00000000 0.00000000 0.00000000 
male 1981 5 0.00000000 0.00000000 0.00000000 0.00000000 0.00000000 
male 1982 1 0.00000000 0.00000000 0.00000000 0.00000000 0.00000000 
male 1982 2 0.00000000 0.00000000 0.00000000 0.00000000 0.00000000 
male 1982 3 0.51443576 0.00000000 0.00000000 0.00000000 0.00000000 
male 1982 4 0.00000000 0.00000000 0.00000000 0.00000000 0.00000000 
male 1982 5 0.00000000 0.00000000 0.00000000 0.00000000 0.00000000 
male 1983 1 0.00000000 0.00000000 0.00000000 0.00000000 0.00000000 
male 1983 2 0.00000000 0.00000000 0.00000000 0.00000000 0.00000000 
male 1983 3 0.84486560 0.00000000 0.00000000 0.00000000 0.00000000 
male 1983 4 0.00000000 0.00000000 0.00000000 0.00000000 0.00000000 
male 1983 5 0.00000000 0.00000000 0.00000000 0.00000000 0.00000000 
male 1984 1 0.00000000 0.00000000 0.00000000 0.00000000 0.00000000 
male 1984 2 0.00000000 0.00000000 0.00000000 0.00000000 0.00000000 
male 1984 3 0.56757020 0.00000000 0.00000000 0.00000000 0.00000000 
male 1984 4 0.00000000 0.00000000 0.00000000 0.00000000 0.00000000 
male 1984 5 0.00000000 0.00000000 0.00000000 0.00000000 0.00000000 
male 1985 1 0.00000000 0.00000000 0.00000000 0.00000000 0.00000000 
male 1985 2 0.00000000 0.00000000 0.00000000 0.00000000 0.00000000 
male 1985 3 0.38425586 0.00000000 0.00000000 0.00000000 0.00000000 
male 1985 4 0.00000000 0.00000000 0.00000000 0.00000000 0.00000000 
male 1985 5 0.00000000 0.00000000 0.00000000 0.00000000 0.00000000 
male 1986 1 0.00000000 0.00000000 0.00000000 0.00000000 0.00000000 
male 1986 2 0.00000000 0.00000000 0.00000000 0.00000000 0.00000000 
male 1986 3 0.21099542 0.00000000 0.00000000 0.00000000 0.00000000 
male 1986 4 0.00000000 0.00000000 0.00000000 0.00000000 0.00000000 
male 1986 5 0.00000000 0.00000000 0.00000000 0.00000000 0.00000000 
male 1987 1 0.00000000 0.00000000 0.00000000 0.00000000 0.00000000 
male 1987 2 0.00000000 0.00000000 0.00000000 0.00000000 0.00000000 
male 1987 3 0.20178908 0.00000000 0.00000000 0.00000000 0.00000000 
male 1987 4 0.00000000 0.00000000 0.00000000 0.00000000 0.00000000 
male 1987 5 0.00000000 0.00000000 0.00000000 0.00000000 0.00000000 
male 1988 1 0.00000000 0.00000000 0.00000000 0.00000000 0.00000000 
male 1988 2 0.00000000 0.00000000 0.00000000 0.00000000 0.00000000 
male 1988 3 0.21534704 0.00000000 0.00000000 0.00000000 0.00000000 
male 1988 4 0.00000000 0.00000000 0.00000000 0.00000000 0.00000000 
male 1988 5 0.00000000 0.00000000 0.00000000 0.00000000 0.00000000 
male 1989 1 0.00000000 0.00000000 0.00000000 0.00000000 0.00000000 
male 1989 2 0.00000000 0.00000000 0.00000000 0.00000000 0.00000000 
male 1989 3 0.16853572 0.00000000 0.00000000 0.00000000 0.00000000 
male 1989 4 0.00000000 0.00000000 0.00000000 0.00000000 0.00000000 
male 1989 5 0.00000000 0.00000000 0.00000000 0.00000000 0.00000000 
male 1990 1 0.00000000 0.00000000 0.00000000 0.00000000 0.00000000 
male 1990 2 0.00000000 0.00000000 0.00000000 0.00000000 0.00000000 
male 1990 3 0.23102482 0.00000000 0.00000000 0.00000000 0.00000000 
male 1990 4 0.00000000 0.00000000 0.00000000 0.00000000 0.00000000 
male 1990 5 0.00000000 0.00000000 0.00000000 0.00000000 0.00000000 
male 1991 1 0.00000000 0.00000000 0.00000000 0.00000000 0.00000000 
male 1991 2 0.00000000 0.00044060 0.00000561 0.00000000 0.00000000 
male 1991 3 0.36819358 0.00000000 0.00000000 0.00000000 0.00000000 
male 1991 4 0.00000000 0.00000000 0.00000000 0.00000000 0.00000000 
male 1991 5 0.00000000 0.00000000 0.00000000 0.00000000 0.00000000 
male 1992 1 0.00000000 0.00000000 0.00000000 0.00000000 0.00000000 
male 1992 2 0.00000000 0.00025212 0.00028651 0.00000000 0.00000000 
male 1992 3 0.26694716 0.00000000 0.00000000 0.00000000 0.00000000 
male 1992 4 0.00000000 0.00000000 0.00000000 0.00000000 0.00000000 
male 1992 5 0.00000000 0.00000000 0.00000000 0.00000000 0.00000000 
male 1993 1 0.00000000 0.00000000 0.00000000 0.00000000 0.00000000 
male 1993 2 0.00000000 0.00017858 0.00005792 0.00000000 0.00000000 
male 1993 3 0.30178932 0.00000000 0.00000000 0.00000000 0.00000000 
male 1993 4 0.00000000 0.00000000 0.00000000 0.00000000 0.00000000 
male 1993 5 0.00000000 0.00000000 0.00000000 0.00000000 0.00000000 
male 1994 1 0.00000000 0.00000000 0.00000000 0.00000000 0.00000000 
male 1994 2 0.00000000 0.00003872 0.00001108 0.00000000 0.00000000 
male 1994 3 0.40053602 0.00000000 0.00000000 0.00000000 0.00000000 
male 1994 4 0.00000000 0.00000000 0.00000000 0.00000000 0.00000000 
male 1994 5 0.00000000 0.00000000 0.00000000 0.00000000 0.00000000 
male 1995 1 0.00000000 0.00000000 0.00000000 0.00000000 0.00000000 
male 1995 2 0.00000000 0.00008032 0.00001721 0.00000000 0.00000000 
male 1995 3 0.32117742 0.00000000 0.00000000 0.00000000 0.00000000 
male 1995 4 0.00000000 0.00000000 0.00000000 0.00000000 0.00000000 
male 1995 5 0.00000000 0.00000000 0.00000000 0.00000000 0.00000000 
male 1996 1 0.00000000 0.00000000 0.00000000 0.00000000 0.00000000 
male 1996 2 0.00000000 0.00006592 0.00000593 0.00000000 0.00000000 
male 1996 3 0.33423999 0.00000000 0.00000000 0.00000000 0.00000000 
male 1996 4 0.00000000 0.00000000 0.00000000 0.00000000 0.00000000 
male 1996 5 0.00000000 0.00000000 0.00000000 0.00000000 0.00000000 
male 1997 1 0.00000000 0.00000000 0.00000000 0.00000000 0.00000000 
male 1997 2 0.00000000 0.00007103 0.00002572 0.00000000 0.00000000 
male 1997 3 0.54638608 0.00000000 0.00000000 0.00000000 0.00000000 
male 1997 4 0.00000000 0.00000000 0.00000000 0.00000000 0.00000000 
male 1997 5 0.00000000 0.00000000 0.00000000 0.00000000 0.00000000 
male 1998 1 0.00000000 0.00000000 0.00000000 0.00000000 0.00000000 
male 1998 2 0.00000000 0.00010282 0.00018652 0.00000000 0.00000000 
male 1998 3 0.50992578 0.00000000 0.00000000 0.00000000 0.00000000 
male 1998 4 0.00000000 0.00000000 0.00000000 0.00000000 0.00000000 
male 1998 5 0.00000000 0.00000000 0.00000000 0.00000000 0.00000000 
male 1999 1 0.00000000 0.00000000 0.00000000 0.00000000 0.00000000 
male 1999 2 0.00000000 0.00024995 0.00068030 0.00000000 0.00000000 
male 1999 3 0.00000000 0.00000000 0.00000000 0.00000000 0.00000000 
male 1999 4 0.00000000 0.00000000 0.00000000 0.00000000 0.00000000 
male 1999 5 0.00000000 0.00000000 0.00000000 0.00000000 0.00000000 
male 2000 1 0.00000000 0.00000000 0.00000000 0.00000000 0.00000000 
male 2000 2 0.00000000 0.00022991 0.00022992 0.00000000 0.00000000 
male 2000 3 0.00000000 0.00000000 0.00000000 0.00000000 0.00000000 
male 2000 4 0.00000000 0.00000000 0.00000000 0.00000000 0.00000000 
male 2000 5 0.00000000 0.00000000 0.00000000 0.00000000 0.00000000 
male 2001 1 0.00000000 0.00000000 0.00000000 0.00000000 0.00000000 
male 2001 2 0.00000000 0.00021732 0.00037470 0.00000000 0.00000000 
male 2001 3 0.00000000 0.00000000 0.00000000 0.00000000 0.00000000 
male 2001 4 0.00000000 0.00000000 0.00000000 0.00000000 0.00000000 
male 2001 5 0.00000000 0.00000000 0.00000000 0.00000000 0.00000000 
male 2002 1 0.00000000 0.00000000 0.00000000 0.00000000 0.00000000 
male 2002 2 0.00000000 0.00032600 0.00018301 0.00000000 0.00000000 
male 2002 3 0.00000000 0.00000000 0.00000000 0.00000000 0.00000000 
male 2002 4 0.00000000 0.00000000 0.00000000 0.00000000 0.00000000 
male 2002 5 0.00000000 0.00000000 0.00000000 0.00000000 0.00000000 
male 2003 1 0.00000000 0.00000000 0.00000000 0.00000000 0.00000000 
male 2003 2 0.00000000 0.00044799 0.00050871 0.00000000 0.00000000 
male 2003 3 0.00000000 0.00000000 0.00000000 0.00000000 0.00000000 
male 2003 4 0.00000000 0.00000000 0.00000000 0.00000000 0.00000000 
male 2003 5 0.00000000 0.00000000 0.00000000 0.00000000 0.00000000 
male 2004 1 0.00000000 0.00000000 0.00000000 0.00000000 0.00000000 
male 2004 2 0.00000000 0.00004259 0.00029722 0.00000000 0.00000000 
male 2004 3 0.00000000 0.00000000 0.00000000 0.00000000 0.00000000 
male 2004 4 0.00000000 0.00000000 0.00000000 0.00000000 0.00000000 
male 2004 5 0.00000000 0.00000000 0.00000000 0.00000000 0.00000000 
male 2005 1 0.00000000 0.00000000 0.00000000 0.00000000 0.00000000 
male 2005 2 0.00000000 0.00022079 0.00026052 0.00000000 0.00000000 
male 2005 3 0.00000000 0.00000000 0.00000000 0.00000000 0.00000000 
male 2005 4 0.00000000 0.00000000 0.00000000 0.00000000 0.00000000 
male 2005 5 0.00000000 0.00000000 0.00000000 0.00000000 0.00000000 
male 2006 1 0.00000000 0.00000000 0.00000000 0.00000000 0.00000000 
male 2006 2 0.00000000 0.00108709 0.00056037 0.00000000 0.00000000 
male 2006 3 0.00000000 0.00000000 0.00000000 0.00000000 0.00000000 
male 2006 4 0.00000000 0.00000000 0.00000000 0.00000000 0.00000000 
male 2006 5 0.00000000 0.00000000 0.00000000 0.00000000 0.00000000 
male 2007 1 0.00000000 0.00000000 0.00000000 0.00000000 0.00000000 
male 2007 2 0.00000000 0.00001648 0.02761298 0.00000000 0.00000000 
male 2007 3 0.00000000 0.00000000 0.00000000 0.00000000 0.00000000 
male 2007 4 0.00000000 0.00000000 0.00000000 0.00000000 0.00000000 
male 2007 5 0.00000000 0.00000000 0.00000000 0.00000000 0.00000000 
male 2008 1 0.00000000 0.00000000 0.00000000 0.00000000 0.00000000 
male 2008 2 0.00000000 0.00008568 0.00209844 0.00000000 0.00000000 
male 2008 3 0.00000000 0.00000000 0.00000000 0.00000000 0.00000000 
male 2008 4 0.00000000 0.00000000 0.00000000 0.00000000 0.00000000 
male 2008 5 0.00000000 0.00000000 0.00000000 0.00000000 0.00000000 
male 2009 1 0.00000000 0.00000000 0.00000000 0.00000000 0.00000000 
male 2009 2 0.00000000 0.00018927 0.00224649 0.00000000 0.00000000 
male 2009 3 0.09916445 0.00000000 0.00000000 0.00000000 0.00000000 
male 2009 4 0.00000000 0.00000000 0.00000000 0.00000000 0.00000000 
male 2009 5 0.00000000 0.00000000 0.00000000 0.00000000 0.00000000 
male 2010 1 0.00000000 0.00000000 0.00000000 0.00000000 0.00000000 
male 2010 2 0.00000000 0.00010898 0.00292786 0.00000000 0.00000000 
male 2010 3 0.29922672 0.00000000 0.00000000 0.00000000 0.00000000 
male 2010 4 0.00000000 0.00000000 0.00000000 0.00000000 0.00000000 
male 2010 5 0.00000000 0.00000000 0.00000000 0.00000000 0.00000000 
male 2011 1 0.00000000 0.00000000 0.00000000 0.00000000 0.00000000 
male 2011 2 0.00000000 0.00005877 0.00027537 0.00000000 0.00000000 
male 2011 3 0.56696279 0.00000000 0.00000000 0.00000000 0.00000000 
male 2011 4 0.00000000 0.00000000 0.00000000 0.00000000 0.00000000 
male 2011 5 0.00000000 0.00000000 0.00000000 0.00000000 0.00000000 
male 2012 1 0.00000000 0.00000000 0.00000000 0.00000000 0.00000000 
male 2012 2 0.00000000 0.00000544 0.00036551 0.00000000 0.00000000 
male 2012 3 0.73462234 0.00000000 0.00000000 0.00000000 0.00000000 
male 2012 4 0.00000000 0.00000000 0.00000000 0.00000000 0.00000000 
male 2012 5 0.00000000 0.00000000 0.00000000 0.00000000 0.00000000 
male 2013 1 0.00000000 0.00000000 0.00000000 0.00000000 0.00000000 
male 2013 2 0.00000000 0.00011548 0.00024162 0.00000000 0.00000000 
male 2013 3 0.00000000 0.00000000 0.00000000 0.00000000 0.00000000 
male 2013 4 0.00000000 0.00000000 0.00000000 0.00000000 0.00000000 
male 2013 5 0.00000000 0.00000000 0.00000000 0.00000000 0.00000000 
male 2014 1 0.00000000 0.00000000 0.00000000 0.00000000 0.00000000 
male 2014 2 0.00000000 0.00000688 0.00033771 0.00000000 0.00000000 
male 2014 3 0.13985092 0.00000000 0.00000000 0.00000000 0.00000000 
male 2014 4 0.00000000 0.00000000 0.00000000 0.00000000 0.00000000 
male 2014 5 0.00000000 0.00000000 0.00000000 0.00000000 0.00000000 
male 2015 1 0.00000000 0.00000000 0.00000000 0.00000000 0.00000000 
male 2015 2 0.00000000 0.00000765 0.00054481 0.00000000 0.00000000 
male 2015 3 0.05004799 0.00000000 0.00000000 0.00000000 0.00000000 
male 2015 4 0.00000000 0.00000000 0.00000000 0.00000000 0.00000000 
male 2015 5 0.00000000 0.00000000 0.00000000 0.00000000 0.00000000 
male 2016 1 0.00000000 0.00000000 0.00000000 0.00000000 0.00000000 
male 2016 2 0.00000000 0.00017469 0.00124678 0.00000000 0.00000000 
male 2016 3 0.00008935 0.00000000 0.00000000 0.00000000 0.00000000 
male 2016 4 0.00000000 0.00000000 0.00000000 0.00000000 0.00000000 
male 2016 5 0.00000000 0.00000000 0.00000000 0.00000000 0.00000000 
male 2017 1 0.00000000 0.00000000 0.00000000 0.00000000 0.00000000 
male 2017 2 0.00000000 0.00003735 0.00467094 0.00000000 0.00000000 
male 2017 3 0.00009871 0.00000000 0.00000000 0.00000000 0.00000000 
male 2017 4 0.00000000 0.00000000 0.00000000 0.00000000 0.00000000 
male 2017 5 0.00000000 0.00000000 0.00000000 0.00000000 0.00000000 
male 2018 1 0.00000000 0.00000000 0.00000000 0.00000000 0.00000000 
male 2018 2 0.00000000 0.00000079 0.00097067 0.00000000 0.00000000 
male 2018 3 0.00110986 0.00000000 0.00000000 0.00000000 0.00000000 
male 2018 4 0.00000000 0.00000000 0.00000000 0.00000000 0.00000000 
male 2018 5 0.00000000 0.00000000 0.00000000 0.00000000 0.00000000 
male 2019 1 0.00000000 0.00000000 0.00000000 0.00000000 0.00000000 
male 2019 2 0.00000000 0.00002293 0.00085921 0.00000000 0.00000000 
male 2019 3 0.00000000 0.00000000 0.00000000 0.00000000 0.00000000 
male 2019 4 0.00000000 0.00000000 0.00000000 0.00000000 0.00000000 
male 2019 5 0.00000000 0.00000000 0.00000000 0.00000000 0.00000000 
male 2020 1 0.00000000 0.00000000 0.00000000 0.00000000 0.00000000 
male 2020 2 0.00000000 0.00000076 0.00050711 0.00000000 0.00000000 
male 2020 3 0.00000000 0.00000000 0.00000000 0.00000000 0.00000000 
male 2020 4 0.00000000 0.00000000 0.00000000 0.00000000 0.00000000 
male 2020 5 0.00000000 0.00000000 0.00000000 0.00000000 0.00000000 

# Fishing mortality-at-size by sex and season (Continuous)
# Sex Year Season 1 2 3 
male 1978 1  0.00000000 0.00000000 0.00000000
male 1978 2  0.00000000 0.00000000 0.00000000
male 1978 3  0.02451912 0.03519900 0.30750152
male 1978 4  0.00000000 0.00000000 0.00000000
male 1978 5  0.00000000 0.00000000 0.00000000
male 1979 1  0.00000000 0.00000000 0.00000000
male 1979 2  0.00000000 0.00000000 0.00000000
male 1979 3  0.00188451 0.00270536 0.02363426
male 1979 4  0.00000000 0.00000000 0.00000000
male 1979 5  0.00000000 0.00000000 0.00000000
male 1980 1  0.00000000 0.00000000 0.00000000
male 1980 2  0.00000000 0.00000000 0.00000000
male 1980 3  0.00077617 0.00111425 0.00973421
male 1980 4  0.00000000 0.00000000 0.00000000
male 1980 5  0.00000000 0.00000000 0.00000000
male 1981 1  0.00000000 0.00000000 0.00000000
male 1981 2  0.00000000 0.00000000 0.00000000
male 1981 3  0.01960839 0.02814929 0.24591480
male 1981 4  0.00000000 0.00000000 0.00000000
male 1981 5  0.00000000 0.00000000 0.00000000
male 1982 1  0.00000000 0.00000000 0.00000000
male 1982 2  0.00000000 0.00000000 0.00000000
male 1982 3  0.04101932 0.05888625 0.51443576
male 1982 4  0.00000000 0.00000000 0.00000000
male 1982 5  0.00000000 0.00000000 0.00000000
male 1983 1  0.00000000 0.00000000 0.00000000
male 1983 2  0.00000000 0.00000000 0.00000000
male 1983 3  0.06736665 0.09670977 0.84486561
male 1983 4  0.00000000 0.00000000 0.00000000
male 1983 5  0.00000000 0.00000000 0.00000000
male 1984 1  0.00000000 0.00000000 0.00000000
male 1984 2  0.00000000 0.00000000 0.00000000
male 1984 3  0.04525608 0.06496842 0.56757020
male 1984 4  0.00000000 0.00000000 0.00000000
male 1984 5  0.00000000 0.00000000 0.00000000
male 1985 1  0.00000000 0.00000000 0.00000000
male 1985 2  0.00000000 0.00000000 0.00000000
male 1985 3  0.03063923 0.04398486 0.38425586
male 1985 4  0.00000000 0.00000000 0.00000000
male 1985 5  0.00000000 0.00000000 0.00000000
male 1986 1  0.00000000 0.00000000 0.00000000
male 1986 2  0.00000000 0.00000000 0.00000000
male 1986 3  0.01682404 0.02415215 0.21099542
male 1986 4  0.00000000 0.00000000 0.00000000
male 1986 5  0.00000000 0.00000000 0.00000000
male 1987 1  0.00000000 0.00000000 0.00000000
male 1987 2  0.00000000 0.00000000 0.00000000
male 1987 3  0.01608996 0.02309832 0.20178908
male 1987 4  0.00000000 0.00000000 0.00000000
male 1987 5  0.00000000 0.00000000 0.00000000
male 1988 1  0.00000000 0.00000000 0.00000000
male 1988 2  0.00000000 0.00000000 0.00000000
male 1988 3  0.01717102 0.02465027 0.21534704
male 1988 4  0.00000000 0.00000000 0.00000000
male 1988 5  0.00000000 0.00000000 0.00000000
male 1989 1  0.00000000 0.00000000 0.00000000
male 1989 2  0.00000000 0.00000000 0.00000000
male 1989 3  0.01343845 0.01929189 0.16853572
male 1989 4  0.00000000 0.00000000 0.00000000
male 1989 5  0.00000000 0.00000000 0.00000000
male 1990 1  0.00000000 0.00000000 0.00000000
male 1990 2  0.00000000 0.00000000 0.00000000
male 1990 3  0.01842112 0.02644486 0.23102482
male 1990 4  0.00000000 0.00000000 0.00000000
male 1990 5  0.00000000 0.00000000 0.00000000
male 1991 1  0.00000000 0.00000000 0.00000000
male 1991 2  0.00035521 0.00035527 0.00035528
male 1991 3  0.02935848 0.04214625 0.36819358
male 1991 4  0.00000000 0.00000000 0.00000000
male 1991 5  0.00000000 0.00000000 0.00000000
male 1992 1  0.00000000 0.00000000 0.00000000
male 1992 2  0.00034488 0.00034494 0.00034495
male 1992 3  0.02128544 0.03055681 0.26694716
male 1992 4  0.00000000 0.00000000 0.00000000
male 1992 5  0.00000000 0.00000000 0.00000000
male 1993 1  0.00000000 0.00000000 0.00000000
male 1993 2  0.00017179 0.00017182 0.00017183
male 1993 3  0.02406363 0.03454511 0.30178932
male 1993 4  0.00000000 0.00000000 0.00000000
male 1993 5  0.00000000 0.00000000 0.00000000
male 1994 1  0.00000000 0.00000000 0.00000000
male 1994 2  0.00003651 0.00003651 0.00003651
male 1994 3  0.03193735 0.04584841 0.40053602
male 1994 4  0.00000000 0.00000000 0.00000000
male 1994 5  0.00000000 0.00000000 0.00000000
male 1995 1  0.00000000 0.00000000 0.00000000
male 1995 2  0.00007285 0.00007286 0.00007286
male 1995 3  0.02560957 0.03676442 0.32117742
male 1995 4  0.00000000 0.00000000 0.00000000
male 1995 5  0.00000000 0.00000000 0.00000000
male 1996 1  0.00000000 0.00000000 0.00000000
male 1996 2  0.00005569 0.00005570 0.00005570
male 1996 3  0.02665114 0.03825966 0.33423999
male 1996 4  0.00000000 0.00000000 0.00000000
male 1996 5  0.00000000 0.00000000 0.00000000
male 1997 1  0.00000000 0.00000000 0.00000000
male 1997 2  0.00006967 0.00006968 0.00006968
male 1997 3  0.04356693 0.06254352 0.54638608
male 1997 4  0.00000000 0.00000000 0.00000000
male 1997 5  0.00000000 0.00000000 0.00000000
male 1998 1  0.00000000 0.00000000 0.00000000
male 1998 2  0.00017548 0.00017551 0.00017552
male 1998 3  0.04065971 0.05837000 0.50992578
male 1998 4  0.00000000 0.00000000 0.00000000
male 1998 5  0.00000000 0.00000000 0.00000000
male 1999 1  0.00000000 0.00000000 0.00000000
male 1999 2  0.00054000 0.00054010 0.00054011
male 1999 3  0.00000000 0.00000000 0.00000000
male 1999 4  0.00000000 0.00000000 0.00000000
male 1999 5  0.00000000 0.00000000 0.00000000
male 2000 1  0.00000000 0.00000000 0.00000000
male 2000 2  0.00029882 0.00029888 0.00029888
male 2000 3  0.00000000 0.00000000 0.00000000
male 2000 4  0.00000000 0.00000000 0.00000000
male 2000 5  0.00000000 0.00000000 0.00000000
male 2001 1  0.00000000 0.00000000 0.00000000
male 2001 2  0.00036113 0.00036120 0.00036121
male 2001 3  0.00000000 0.00000000 0.00000000
male 2001 4  0.00000000 0.00000000 0.00000000
male 2001 5  0.00000000 0.00000000 0.00000000
male 2002 1  0.00000000 0.00000000 0.00000000
male 2002 2  0.00035223 0.00035230 0.00035230
male 2002 3  0.00000000 0.00000000 0.00000000
male 2002 4  0.00000000 0.00000000 0.00000000
male 2002 5  0.00000000 0.00000000 0.00000000
male 2003 1  0.00000000 0.00000000 0.00000000
male 2003 2  0.00061262 0.00061274 0.00061275
male 2003 3  0.00000000 0.00000000 0.00000000
male 2003 4  0.00000000 0.00000000 0.00000000
male 2003 5  0.00000000 0.00000000 0.00000000
male 2004 1  0.00000000 0.00000000 0.00000000
male 2004 2  0.00018264 0.00018268 0.00018268
male 2004 3  0.00000000 0.00000000 0.00000000
male 2004 4  0.00000000 0.00000000 0.00000000
male 2004 5  0.00000000 0.00000000 0.00000000
male 2005 1  0.00000000 0.00000000 0.00000000
male 2005 2  0.00030683 0.00030689 0.00030689
male 2005 3  0.00000000 0.00000000 0.00000000
male 2005 4  0.00000000 0.00000000 0.00000000
male 2005 5  0.00000000 0.00000000 0.00000000
male 2006 1  0.00000000 0.00000000 0.00000000
male 2006 2  0.00114961 0.00114983 0.00114985
male 2006 3  0.00000000 0.00000000 0.00000000
male 2006 4  0.00000000 0.00000000 0.00000000
male 2006 5  0.00000000 0.00000000 0.00000000
male 2007 1  0.00000000 0.00000000 0.00000000
male 2007 2  0.01381680 0.01381939 0.01381967
male 2007 3  0.00000000 0.00000000 0.00000000
male 2007 4  0.00000000 0.00000000 0.00000000
male 2007 5  0.00000000 0.00000000 0.00000000
male 2008 1  0.00000000 0.00000000 0.00000000
male 2008 2  0.00111753 0.00111774 0.00111776
male 2008 3  0.00000000 0.00000000 0.00000000
male 2008 4  0.00000000 0.00000000 0.00000000
male 2008 5  0.00000000 0.00000000 0.00000000
male 2009 1  0.00000000 0.00000000 0.00000000
male 2009 2  0.00127439 0.00127463 0.00127466
male 2009 3  0.01153026 0.01988331 0.09916445
male 2009 4  0.00000000 0.00000000 0.00000000
male 2009 5  0.00000000 0.00000000 0.00000000
male 2010 1  0.00000000 0.00000000 0.00000000
male 2010 2  0.00155079 0.00155109 0.00155112
male 2010 3  0.03479233 0.05999747 0.29922672
male 2010 4  0.00000000 0.00000000 0.00000000
male 2010 5  0.00000000 0.00000000 0.00000000
male 2011 1  0.00000000 0.00000000 0.00000000
male 2011 2  0.00018466 0.00018470 0.00018470
male 2011 3  0.06592310 0.11368080 0.56696279
male 2011 4  0.00000000 0.00000000 0.00000000
male 2011 5  0.00000000 0.00000000 0.00000000
male 2012 1  0.00000000 0.00000000 0.00000000
male 2012 2  0.00018706 0.00018710 0.00018710
male 2012 3  0.08541757 0.14729795 0.73462234
male 2012 4  0.00000000 0.00000000 0.00000000
male 2012 5  0.00000000 0.00000000 0.00000000
male 2013 1  0.00000000 0.00000000 0.00000000
male 2013 2  0.00021315 0.00021319 0.00021320
male 2013 3  0.00000000 0.00000000 0.00000000
male 2013 4  0.00000000 0.00000000 0.00000000
male 2013 5  0.00000000 0.00000000 0.00000000
male 2014 1  0.00000000 0.00000000 0.00000000
male 2014 2  0.00017433 0.00017436 0.00017436
male 2014 3  0.01626104 0.02804128 0.13985092
male 2014 4  0.00000000 0.00000000 0.00000000
male 2014 5  0.00000000 0.00000000 0.00000000
male 2015 1  0.00000000 0.00000000 0.00000000
male 2015 2  0.00027847 0.00027852 0.00027853
male 2015 3  0.00581929 0.01003504 0.05004799
male 2015 4  0.00000000 0.00000000 0.00000000
male 2015 5  0.00000000 0.00000000 0.00000000
male 2016 1  0.00000000 0.00000000 0.00000000
male 2016 2  0.00076299 0.00076313 0.00076314
male 2016 3  0.00001039 0.00001791 0.00008935
male 2016 4  0.00000000 0.00000000 0.00000000
male 2016 5  0.00000000 0.00000000 0.00000000
male 2017 1  0.00000000 0.00000000 0.00000000
male 2017 2  0.00236486 0.00236531 0.00236535
male 2017 3  0.00001148 0.00001979 0.00009871
male 2017 4  0.00000000 0.00000000 0.00000000
male 2017 5  0.00000000 0.00000000 0.00000000
male 2018 1  0.00000000 0.00000000 0.00000000
male 2018 2  0.00048587 0.00048596 0.00048597
male 2018 3  0.00012905 0.00022254 0.00110986
male 2018 4  0.00000000 0.00000000 0.00000000
male 2018 5  0.00000000 0.00000000 0.00000000
male 2019 1  0.00000000 0.00000000 0.00000000
male 2019 2  0.00044786 0.00044794 0.00044795
male 2019 3  0.00000000 0.00000000 0.00000000
male 2019 4  0.00000000 0.00000000 0.00000000
male 2019 5  0.00000000 0.00000000 0.00000000
male 2020 1  0.00000000 0.00000000 0.00000000
male 2020 2  0.00025411 0.00025416 0.00025416
male 2020 3  0.00000000 0.00000000 0.00000000
male 2020 4  0.00000000 0.00000000 0.00000000
male 2020 5  0.00000000 0.00000000 0.00000000

# Fishing mortality-at-size by sex and season (Discrete)
# Sex Year Season 1 2 3 
male 1978 1  0.00000000 0.00000000 0.00000000
male 1978 2  0.00000000 0.00000000 0.00000000
male 1978 3  0.12259561 0.17554876 0.30750177
male 1978 4  0.00000000 0.00000000 0.00000000
male 1978 5  0.00000000 0.00000000 0.00000000
male 1979 1  0.00000000 0.00000000 0.00000000
male 1979 2  0.00000000 0.00000000 0.00000000
male 1979 3  0.00942257 0.01349249 0.02363426
male 1979 4  0.00000000 0.00000000 0.00000000
male 1979 5  0.00000000 0.00000000 0.00000000
male 1980 1  0.00000000 0.00000000 0.00000000
male 1980 2  0.00000000 0.00000000 0.00000000
male 1980 3  0.00388086 0.00555714 0.00973421
male 1980 4  0.00000000 0.00000000 0.00000000
male 1980 5  0.00000000 0.00000000 0.00000000
male 1981 1  0.00000000 0.00000000 0.00000000
male 1981 2  0.00000000 0.00000000 0.00000000
male 1981 3  0.09804196 0.14038956 0.24591480
male 1981 4  0.00000000 0.00000000 0.00000000
male 1981 5  0.00000000 0.00000000 0.00000000
male 1982 1  0.00000000 0.00000000 0.00000000
male 1982 2  0.00000000 0.00000000 0.00000000
male 1982 3  0.20509660 0.29368468 0.51443576
male 1982 4  0.00000000 0.00000000 0.00000000
male 1982 5  0.00000000 0.00000000 0.00000000
male 1983 1  0.00000000 0.00000000 0.00000000
male 1983 2  0.00000000 0.00000000 0.00000000
male 1983 3  0.33683324 0.48232278 0.84486561
male 1983 4  0.00000000 0.00000000 0.00000000
male 1983 5  0.00000000 0.00000000 0.00000000
male 1984 1  0.00000000 0.00000000 0.00000000
male 1984 2  0.00000000 0.00000000 0.00000000
male 1984 3  0.22628038 0.32401844 0.56757020
male 1984 4  0.00000000 0.00000000 0.00000000
male 1984 5  0.00000000 0.00000000 0.00000000
male 1985 1  0.00000000 0.00000000 0.00000000
male 1985 2  0.00000000 0.00000000 0.00000000
male 1985 3  0.15319614 0.21936667 0.38425586
male 1985 4  0.00000000 0.00000000 0.00000000
male 1985 5  0.00000000 0.00000000 0.00000000
male 1986 1  0.00000000 0.00000000 0.00000000
male 1986 2  0.00000000 0.00000000 0.00000000
male 1986 3  0.08412021 0.12045454 0.21099542
male 1986 4  0.00000000 0.00000000 0.00000000
male 1986 5  0.00000000 0.00000000 0.00000000
male 1987 1  0.00000000 0.00000000 0.00000000
male 1987 2  0.00000000 0.00000000 0.00000000
male 1987 3  0.08044980 0.11519876 0.20178908
male 1987 4  0.00000000 0.00000000 0.00000000
male 1987 5  0.00000000 0.00000000 0.00000000
male 1988 1  0.00000000 0.00000000 0.00000000
male 1988 2  0.00000000 0.00000000 0.00000000
male 1988 3  0.08585512 0.12293882 0.21534704
male 1988 4  0.00000000 0.00000000 0.00000000
male 1988 5  0.00000000 0.00000000 0.00000000
male 1989 1  0.00000000 0.00000000 0.00000000
male 1989 2  0.00000000 0.00000000 0.00000000
male 1989 3  0.06719226 0.09621485 0.16853572
male 1989 4  0.00000000 0.00000000 0.00000000
male 1989 5  0.00000000 0.00000000 0.00000000
male 1990 1  0.00000000 0.00000000 0.00000000
male 1990 2  0.00000000 0.00000000 0.00000000
male 1990 3  0.09210558 0.13188906 0.23102482
male 1990 4  0.00000000 0.00000000 0.00000000
male 1990 5  0.00000000 0.00000000 0.00000000
male 1991 1  0.00000000 0.00000000 0.00000000
male 1991 2  0.00044611 0.00044620 0.00044620
male 1991 3  0.14679238 0.21019693 0.36819358
male 1991 4  0.00000000 0.00000000 0.00000000
male 1991 5  0.00000000 0.00000000 0.00000000
male 1992 1  0.00000000 0.00000000 0.00000000
male 1992 2  0.00053852 0.00053862 0.00053863
male 1992 3  0.10642719 0.15239666 0.26694716
male 1992 4  0.00000000 0.00000000 0.00000000
male 1992 5  0.00000000 0.00000000 0.00000000
male 1993 1  0.00000000 0.00000000 0.00000000
male 1993 2  0.00023645 0.00023650 0.00023650
male 1993 3  0.12031816 0.17228760 0.30178933
male 1993 4  0.00000000 0.00000000 0.00000000
male 1993 5  0.00000000 0.00000000 0.00000000
male 1994 1  0.00000000 0.00000000 0.00000000
male 1994 2  0.00004979 0.00004980 0.00004980
male 1994 3  0.15968675 0.22866080 0.40053602
male 1994 4  0.00000000 0.00000000 0.00000000
male 1994 5  0.00000000 0.00000000 0.00000000
male 1995 1  0.00000000 0.00000000 0.00000000
male 1995 2  0.00009751 0.00009753 0.00009753
male 1995 3  0.12804786 0.18335601 0.32117742
male 1995 4  0.00000000 0.00000000 0.00000000
male 1995 5  0.00000000 0.00000000 0.00000000
male 1996 1  0.00000000 0.00000000 0.00000000
male 1996 2  0.00007184 0.00007185 0.00007186
male 1996 3  0.13325568 0.19081326 0.33423999
male 1996 4  0.00000000 0.00000000 0.00000000
male 1996 5  0.00000000 0.00000000 0.00000000
male 1997 1  0.00000000 0.00000000 0.00000000
male 1997 2  0.00009672 0.00009674 0.00009674
male 1997 3  0.21783464 0.31192470 0.54638608
male 1997 4  0.00000000 0.00000000 0.00000000
male 1997 5  0.00000000 0.00000000 0.00000000
male 1998 1  0.00000000 0.00000000 0.00000000
male 1998 2  0.00028928 0.00028933 0.00028934
male 1998 3  0.20329855 0.29110999 0.50992578
male 1998 4  0.00000000 0.00000000 0.00000000
male 1998 5  0.00000000 0.00000000 0.00000000
male 1999 1  0.00000000 0.00000000 0.00000000
male 1999 2  0.00093006 0.00093023 0.00093025
male 1999 3  0.00000000 0.00000000 0.00000000
male 1999 4  0.00000000 0.00000000 0.00000000
male 1999 5  0.00000000 0.00000000 0.00000000
male 2000 1  0.00000000 0.00000000 0.00000000
male 2000 2  0.00045973 0.00045982 0.00045982
male 2000 3  0.00000000 0.00000000 0.00000000
male 2000 4  0.00000000 0.00000000 0.00000000
male 2000 5  0.00000000 0.00000000 0.00000000
male 2001 1  0.00000000 0.00000000 0.00000000
male 2001 2  0.00059190 0.00059201 0.00059202
male 2001 3  0.00000000 0.00000000 0.00000000
male 2001 4  0.00000000 0.00000000 0.00000000
male 2001 5  0.00000000 0.00000000 0.00000000
male 2002 1  0.00000000 0.00000000 0.00000000
male 2002 2  0.00050890 0.00050900 0.00050901
male 2002 3  0.00000000 0.00000000 0.00000000
male 2002 4  0.00000000 0.00000000 0.00000000
male 2002 5  0.00000000 0.00000000 0.00000000
male 2003 1  0.00000000 0.00000000 0.00000000
male 2003 2  0.00095650 0.00095668 0.00095670
male 2003 3  0.00000000 0.00000000 0.00000000
male 2003 4  0.00000000 0.00000000 0.00000000
male 2003 5  0.00000000 0.00000000 0.00000000
male 2004 1  0.00000000 0.00000000 0.00000000
male 2004 2  0.00033974 0.00033980 0.00033981
male 2004 3  0.00000000 0.00000000 0.00000000
male 2004 4  0.00000000 0.00000000 0.00000000
male 2004 5  0.00000000 0.00000000 0.00000000
male 2005 1  0.00000000 0.00000000 0.00000000
male 2005 2  0.00048121 0.00048130 0.00048131
male 2005 3  0.00000000 0.00000000 0.00000000
male 2005 4  0.00000000 0.00000000 0.00000000
male 2005 5  0.00000000 0.00000000 0.00000000
male 2006 1  0.00000000 0.00000000 0.00000000
male 2006 2  0.00164711 0.00164742 0.00164745
male 2006 3  0.00000000 0.00000000 0.00000000
male 2006 4  0.00000000 0.00000000 0.00000000
male 2006 5  0.00000000 0.00000000 0.00000000
male 2007 1  0.00000000 0.00000000 0.00000000
male 2007 2  0.02762371 0.02762889 0.02762946
male 2007 3  0.00000000 0.00000000 0.00000000
male 2007 4  0.00000000 0.00000000 0.00000000
male 2007 5  0.00000000 0.00000000 0.00000000
male 2008 1  0.00000000 0.00000000 0.00000000
male 2008 2  0.00218367 0.00218408 0.00218412
male 2008 3  0.00000000 0.00000000 0.00000000
male 2008 4  0.00000000 0.00000000 0.00000000
male 2008 5  0.00000000 0.00000000 0.00000000
male 2009 1  0.00000000 0.00000000 0.00000000
male 2009 2  0.00243525 0.00243571 0.00243576
male 2009 3  0.05765130 0.09916445 0.09916445
male 2009 4  0.00000000 0.00000000 0.00000000
male 2009 5  0.00000000 0.00000000 0.00000000
male 2010 1  0.00000000 0.00000000 0.00000000
male 2010 2  0.00303621 0.00303678 0.00303684
male 2010 3  0.17396163 0.29922672 0.29922672
male 2010 4  0.00000000 0.00000000 0.00000000
male 2010 5  0.00000000 0.00000000 0.00000000
male 2011 1  0.00000000 0.00000000 0.00000000
male 2011 2  0.00033407 0.00033413 0.00033414
male 2011 3  0.32961552 0.56696279 0.56696279
male 2011 4  0.00000000 0.00000000 0.00000000
male 2011 5  0.00000000 0.00000000 0.00000000
male 2012 1  0.00000000 0.00000000 0.00000000
male 2012 2  0.00037087 0.00037094 0.00037095
male 2012 3  0.42708785 0.73462233 0.73462234
male 2012 4  0.00000000 0.00000000 0.00000000
male 2012 5  0.00000000 0.00000000 0.00000000
male 2013 1  0.00000000 0.00000000 0.00000000
male 2013 2  0.00035703 0.00035710 0.00035710
male 2013 3  0.00000000 0.00000000 0.00000000
male 2013 4  0.00000000 0.00000000 0.00000000
male 2013 5  0.00000000 0.00000000 0.00000000
male 2014 1  0.00000000 0.00000000 0.00000000
male 2014 2  0.00034452 0.00034459 0.00034460
male 2014 3  0.08130522 0.13985092 0.13985092
male 2014 4  0.00000000 0.00000000 0.00000000
male 2014 5  0.00000000 0.00000000 0.00000000
male 2015 1  0.00000000 0.00000000 0.00000000
male 2015 2  0.00055235 0.00055245 0.00055246
male 2015 3  0.02909643 0.05004799 0.05004799
male 2015 4  0.00000000 0.00000000 0.00000000
male 2015 5  0.00000000 0.00000000 0.00000000
male 2016 1  0.00000000 0.00000000 0.00000000
male 2016 2  0.00142118 0.00142144 0.00142147
male 2016 3  0.00005194 0.00008935 0.00008935
male 2016 4  0.00000000 0.00000000 0.00000000
male 2016 5  0.00000000 0.00000000 0.00000000
male 2017 1  0.00000000 0.00000000 0.00000000
male 2017 2  0.00470732 0.00470820 0.00470830
male 2017 3  0.00005739 0.00009871 0.00009871
male 2017 4  0.00000000 0.00000000 0.00000000
male 2017 5  0.00000000 0.00000000 0.00000000
male 2018 1  0.00000000 0.00000000 0.00000000
male 2018 2  0.00097127 0.00097145 0.00097147
male 2018 3  0.00064524 0.00110986 0.00110986
male 2018 4  0.00000000 0.00000000 0.00000000
male 2018 5  0.00000000 0.00000000 0.00000000
male 2019 1  0.00000000 0.00000000 0.00000000
male 2019 2  0.00088196 0.00088213 0.00088214
male 2019 3  0.00000000 0.00000000 0.00000000
male 2019 4  0.00000000 0.00000000 0.00000000
male 2019 5  0.00000000 0.00000000 0.00000000
male 2020 1  0.00000000 0.00000000 0.00000000
male 2020 2  0.00050776 0.00050786 0.00050787
male 2020 3  0.00000000 0.00000000 0.00000000
male 2020 4  0.00000000 0.00000000 0.00000000
male 2020 5  0.00000000 0.00000000 0.00000000

# Total mortality by size-class (continuous)
# Sex Maturity Year Season Total_mortality 1 2 3 
male 1 1978 1  0.00000000 0.00000000 0.00000000
male 1 1978 2  0.01260000 0.01260000 0.01260000
male 1 1978 3  0.02451912 0.03519900 0.30750152
male 1 1978 4  0.10080000 0.10080000 0.10080000
male 1 1978 5  0.06660000 0.06660000 0.06660000
male 1 1979 1  0.00000000 0.00000000 0.00000000
male 1 1979 2  0.01080000 0.01080000 0.01080000
male 1 1979 3  0.00188451 0.00270536 0.02363426
male 1 1979 4  0.10260000 0.10260000 0.10260000
male 1 1979 5  0.06660000 0.06660000 0.06660000
male 1 1980 1  0.00000000 0.00000000 0.00000000
male 1 1980 2  0.01260000 0.01260000 0.01260000
male 1 1980 3  0.00077617 0.00111425 0.00973421
male 1 1980 4  0.10080000 0.10080000 0.10080000
male 1 1980 5  0.06660000 0.06660000 0.06660000
male 1 1981 1  0.00000000 0.00000000 0.00000000
male 1 1981 2  0.00900000 0.00900000 0.00900000
male 1 1981 3  0.01960839 0.02814929 0.24591480
male 1 1981 4  0.10440000 0.10440000 0.10440000
male 1 1981 5  0.06660000 0.06660000 0.06660000
male 1 1982 1  0.00000000 0.00000000 0.00000000
male 1 1982 2  0.01260000 0.01260000 0.01260000
male 1 1982 3  0.04101932 0.05888625 0.51443576
male 1 1982 4  0.10080000 0.10080000 0.10080000
male 1 1982 5  0.06660000 0.06660000 0.06660000
male 1 1983 1  0.00000000 0.00000000 0.00000000
male 1 1983 2  0.02160000 0.02160000 0.02160000
male 1 1983 3  0.06736665 0.09670977 0.84486561
male 1 1983 4  0.09180000 0.09180000 0.09180000
male 1 1983 5  0.06660000 0.06660000 0.06660000
male 1 1984 1  0.00000000 0.00000000 0.00000000
male 1 1984 2  0.01800000 0.01800000 0.01800000
male 1 1984 3  0.04525608 0.06496842 0.56757020
male 1 1984 4  0.09540000 0.09540000 0.09540000
male 1 1984 5  0.06660000 0.06660000 0.06660000
male 1 1985 1  0.00000000 0.00000000 0.00000000
male 1 1985 2  0.02520000 0.02520000 0.02520000
male 1 1985 3  0.03063923 0.04398486 0.38425586
male 1 1985 4  0.08820000 0.08820000 0.08820000
male 1 1985 5  0.06660000 0.06660000 0.06660000
male 1 1986 1  0.00000000 0.00000000 0.00000000
male 1 1986 2  0.02520000 0.02520000 0.02520000
male 1 1986 3  0.01682404 0.02415215 0.21099542
male 1 1986 4  0.08820000 0.08820000 0.08820000
male 1 1986 5  0.06660000 0.06660000 0.06660000
male 1 1987 1  0.00000000 0.00000000 0.00000000
male 1 1987 2  0.02520000 0.02520000 0.02520000
male 1 1987 3  0.01608996 0.02309832 0.20178908
male 1 1987 4  0.08820000 0.08820000 0.08820000
male 1 1987 5  0.06660000 0.06660000 0.06660000
male 1 1988 1  0.00000000 0.00000000 0.00000000
male 1 1988 2  0.02520000 0.02520000 0.02520000
male 1 1988 3  0.01717102 0.02465027 0.21534704
male 1 1988 4  0.08820000 0.08820000 0.08820000
male 1 1988 5  0.06660000 0.06660000 0.06660000
male 1 1989 1  0.00000000 0.00000000 0.00000000
male 1 1989 2  0.02520000 0.02520000 0.02520000
male 1 1989 3  0.01343845 0.01929189 0.16853572
male 1 1989 4  0.08820000 0.08820000 0.08820000
male 1 1989 5  0.06660000 0.06660000 0.06660000
male 1 1990 1  0.00000000 0.00000000 0.00000000
male 1 1990 2  0.02520000 0.02520000 0.02520000
male 1 1990 3  0.01842112 0.02644486 0.23102482
male 1 1990 4  0.08820000 0.08820000 0.08820000
male 1 1990 5  0.06660000 0.06660000 0.06660000
male 1 1991 1  0.00000000 0.00000000 0.00000000
male 1 1991 2  0.03275521 0.03275527 0.03275528
male 1 1991 3  0.02935848 0.04214625 0.36819358
male 1 1991 4  0.08100000 0.08100000 0.08100000
male 1 1991 5  0.06660000 0.06660000 0.06660000
male 1 1992 1  0.00000000 0.00000000 0.00000000
male 1 1992 2  0.02554488 0.02554494 0.02554495
male 1 1992 3  0.02128544 0.03055681 0.26694716
male 1 1992 4  0.08820000 0.08820000 0.08820000
male 1 1992 5  0.06660000 0.06660000 0.06660000
male 1 1993 1  0.00000000 0.00000000 0.00000000
male 1 1993 2  0.03257179 0.03257182 0.03257183
male 1 1993 3  0.02406363 0.03454511 0.30178932
male 1 1993 4  0.08100000 0.08100000 0.08100000
male 1 1993 5  0.06660000 0.06660000 0.06660000
male 1 1994 1  0.00000000 0.00000000 0.00000000
male 1 1994 2  0.03243651 0.03243651 0.03243651
male 1 1994 3  0.03193735 0.04584841 0.40053602
male 1 1994 4  0.08100000 0.08100000 0.08100000
male 1 1994 5  0.06660000 0.06660000 0.06660000
male 1 1995 1  0.00000000 0.00000000 0.00000000
male 1 1995 2  0.03247285 0.03247286 0.03247286
male 1 1995 3  0.02560957 0.03676442 0.32117742
male 1 1995 4  0.08100000 0.08100000 0.08100000
male 1 1995 5  0.06660000 0.06660000 0.06660000
male 1 1996 1  0.00000000 0.00000000 0.00000000
male 1 1996 2  0.03245569 0.03245570 0.03245570
male 1 1996 3  0.02665114 0.03825966 0.33423999
male 1 1996 4  0.08100000 0.08100000 0.08100000
male 1 1996 5  0.06660000 0.06660000 0.06660000
male 1 1997 1  0.00000000 0.00000000 0.00000000
male 1 1997 2  0.03246967 0.03246968 0.03246968
male 1 1997 3  0.04356693 0.06254352 0.54638608
male 1 1997 4  0.08100000 0.08100000 0.08100000
male 1 1997 5  0.06660000 0.06660000 0.06660000
male 1 1998 1  0.00000000 0.00000000 0.00000000
male 1 1998 2  0.15756644 0.15756647 0.15756647
male 1 1998 3  0.04065971 0.05837000 0.50992578
male 1 1998 4  0.39347739 0.39347739 0.39347739
male 1 1998 5  0.32352586 0.32352586 0.32352586
male 1 1999 1  0.00000000 0.00000000 0.00000000
male 1 1999 2  0.03294000 0.03294010 0.03294011
male 1 1999 3  0.00000000 0.00000000 0.00000000
male 1 1999 4  0.08100000 0.08100000 0.08100000
male 1 1999 5  0.06660000 0.06660000 0.06660000
male 1 2000 1  0.00000000 0.00000000 0.00000000
male 1 2000 2  0.03269882 0.03269888 0.03269888
male 1 2000 3  0.00000000 0.00000000 0.00000000
male 1 2000 4  0.08100000 0.08100000 0.08100000
male 1 2000 5  0.06660000 0.06660000 0.06660000
male 1 2001 1  0.00000000 0.00000000 0.00000000
male 1 2001 2  0.03276113 0.03276120 0.03276121
male 1 2001 3  0.00000000 0.00000000 0.00000000
male 1 2001 4  0.08100000 0.08100000 0.08100000
male 1 2001 5  0.06660000 0.06660000 0.06660000
male 1 2002 1  0.00000000 0.00000000 0.00000000
male 1 2002 2  0.03275223 0.03275230 0.03275230
male 1 2002 3  0.00000000 0.00000000 0.00000000
male 1 2002 4  0.08100000 0.08100000 0.08100000
male 1 2002 5  0.06660000 0.06660000 0.06660000
male 1 2003 1  0.00000000 0.00000000 0.00000000
male 1 2003 2  0.03301262 0.03301274 0.03301275
male 1 2003 3  0.00000000 0.00000000 0.00000000
male 1 2003 4  0.08100000 0.08100000 0.08100000
male 1 2003 5  0.06660000 0.06660000 0.06660000
male 1 2004 1  0.00000000 0.00000000 0.00000000
male 1 2004 2  0.03258264 0.03258268 0.03258268
male 1 2004 3  0.00000000 0.00000000 0.00000000
male 1 2004 4  0.08100000 0.08100000 0.08100000
male 1 2004 5  0.06660000 0.06660000 0.06660000
male 1 2005 1  0.00000000 0.00000000 0.00000000
male 1 2005 2  0.03270683 0.03270689 0.03270689
male 1 2005 3  0.00000000 0.00000000 0.00000000
male 1 2005 4  0.08100000 0.08100000 0.08100000
male 1 2005 5  0.06660000 0.06660000 0.06660000
male 1 2006 1  0.00000000 0.00000000 0.00000000
male 1 2006 2  0.03354961 0.03354983 0.03354985
male 1 2006 3  0.00000000 0.00000000 0.00000000
male 1 2006 4  0.08100000 0.08100000 0.08100000
male 1 2006 5  0.06660000 0.06660000 0.06660000
male 1 2007 1  0.00000000 0.00000000 0.00000000
male 1 2007 2  0.04621680 0.04621939 0.04621967
male 1 2007 3  0.00000000 0.00000000 0.00000000
male 1 2007 4  0.08100000 0.08100000 0.08100000
male 1 2007 5  0.06660000 0.06660000 0.06660000
male 1 2008 1  0.00000000 0.00000000 0.00000000
male 1 2008 2  0.03351753 0.03351774 0.03351776
male 1 2008 3  0.00000000 0.00000000 0.00000000
male 1 2008 4  0.08100000 0.08100000 0.08100000
male 1 2008 5  0.06660000 0.06660000 0.06660000
male 1 2009 1  0.00000000 0.00000000 0.00000000
male 1 2009 2  0.08047439 0.08047463 0.08047466
male 1 2009 3  0.01153026 0.01988331 0.09916445
male 1 2009 4  0.03420000 0.03420000 0.03420000
male 1 2009 5  0.06660000 0.06660000 0.06660000
male 1 2010 1  0.00000000 0.00000000 0.00000000
male 1 2010 2  0.08075079 0.08075109 0.08075112
male 1 2010 3  0.03479233 0.05999747 0.29922672
male 1 2010 4  0.03420000 0.03420000 0.03420000
male 1 2010 5  0.06660000 0.06660000 0.06660000
male 1 2011 1  0.00000000 0.00000000 0.00000000
male 1 2011 2  0.07938466 0.07938470 0.07938470
male 1 2011 3  0.06592310 0.11368080 0.56696279
male 1 2011 4  0.03420000 0.03420000 0.03420000
male 1 2011 5  0.06660000 0.06660000 0.06660000
male 1 2012 1  0.00000000 0.00000000 0.00000000
male 1 2012 2  0.07938706 0.07938710 0.07938710
male 1 2012 3  0.08541757 0.14729795 0.73462234
male 1 2012 4  0.03420000 0.03420000 0.03420000
male 1 2012 5  0.06660000 0.06660000 0.06660000
male 1 2013 1  0.00000000 0.00000000 0.00000000
male 1 2013 2  0.07941315 0.07941319 0.07941320
male 1 2013 3  0.00000000 0.00000000 0.00000000
male 1 2013 4  0.03420000 0.03420000 0.03420000
male 1 2013 5  0.06660000 0.06660000 0.06660000
male 1 2014 1  0.00000000 0.00000000 0.00000000
male 1 2014 2  0.07937433 0.07937436 0.07937436
male 1 2014 3  0.01626104 0.02804128 0.13985092
male 1 2014 4  0.03420000 0.03420000 0.03420000
male 1 2014 5  0.06660000 0.06660000 0.06660000
male 1 2015 1  0.00000000 0.00000000 0.00000000
male 1 2015 2  0.07947847 0.07947852 0.07947853
male 1 2015 3  0.00581929 0.01003504 0.05004799
male 1 2015 4  0.03420000 0.03420000 0.03420000
male 1 2015 5  0.06660000 0.06660000 0.06660000
male 1 2016 1  0.00000000 0.00000000 0.00000000
male 1 2016 2  0.07996299 0.07996313 0.07996314
male 1 2016 3  0.00001039 0.00001791 0.00008935
male 1 2016 4  0.03420000 0.03420000 0.03420000
male 1 2016 5  0.06660000 0.06660000 0.06660000
male 1 2017 1  0.00000000 0.00000000 0.00000000
male 1 2017 2  0.08156486 0.08156531 0.08156535
male 1 2017 3  0.00001148 0.00001979 0.00009871
male 1 2017 4  0.03420000 0.03420000 0.03420000
male 1 2017 5  0.06660000 0.06660000 0.06660000
male 1 2018 1  0.00000000 0.00000000 0.00000000
male 1 2018 2  0.07968587 0.07968596 0.07968597
male 1 2018 3  0.00012905 0.00022254 0.00110986
male 1 2018 4  0.03420000 0.03420000 0.03420000
male 1 2018 5  0.06660000 0.06660000 0.06660000
male 1 2019 1  0.00000000 0.00000000 0.00000000
male 1 2019 2  0.07964786 0.07964794 0.07964795
male 1 2019 3  0.00000000 0.00000000 0.00000000
male 1 2019 4  0.03420000 0.03420000 0.03420000
male 1 2019 5  0.06660000 0.06660000 0.06660000
male 1 2020 1  0.00000000 0.00000000 0.00000000
male 1 2020 2  0.07945411 0.07945416 0.07945416
male 1 2020 3  0.00000000 0.00000000 0.00000000
male 1 2020 4  0.03420000 0.03420000 0.03420000
male 1 2020 5  0.06660000 0.06660000 0.06660000

# Total mortality by size-class (discrete)
# Sex Maturity Year Season Total_mortality 1 2 3 
male 1 1978 1  0.00000000 0.00000000 0.00000000
male 1 1978 2  0.01260000 0.01260000 0.01260000
male 1 1978 3  0.12259561 0.17554876 0.30750177
male 1 1978 4  0.10080000 0.10080000 0.10080000
male 1 1978 5  0.06660000 0.06660000 0.06660000
male 1 1979 1  0.00000000 0.00000000 0.00000000
male 1 1979 2  0.01080000 0.01080000 0.01080000
male 1 1979 3  0.00942257 0.01349249 0.02363426
male 1 1979 4  0.10260000 0.10260000 0.10260000
male 1 1979 5  0.06660000 0.06660000 0.06660000
male 1 1980 1  0.00000000 0.00000000 0.00000000
male 1 1980 2  0.01260000 0.01260000 0.01260000
male 1 1980 3  0.00388086 0.00555714 0.00973421
male 1 1980 4  0.10080000 0.10080000 0.10080000
male 1 1980 5  0.06660000 0.06660000 0.06660000
male 1 1981 1  0.00000000 0.00000000 0.00000000
male 1 1981 2  0.00900000 0.00900000 0.00900000
male 1 1981 3  0.09804196 0.14038956 0.24591480
male 1 1981 4  0.10440000 0.10440000 0.10440000
male 1 1981 5  0.06660000 0.06660000 0.06660000
male 1 1982 1  0.00000000 0.00000000 0.00000000
male 1 1982 2  0.01260000 0.01260000 0.01260000
male 1 1982 3  0.20509660 0.29368468 0.51443576
male 1 1982 4  0.10080000 0.10080000 0.10080000
male 1 1982 5  0.06660000 0.06660000 0.06660000
male 1 1983 1  0.00000000 0.00000000 0.00000000
male 1 1983 2  0.02160000 0.02160000 0.02160000
male 1 1983 3  0.33683324 0.48232278 0.84486561
male 1 1983 4  0.09180000 0.09180000 0.09180000
male 1 1983 5  0.06660000 0.06660000 0.06660000
male 1 1984 1  0.00000000 0.00000000 0.00000000
male 1 1984 2  0.01800000 0.01800000 0.01800000
male 1 1984 3  0.22628038 0.32401844 0.56757020
male 1 1984 4  0.09540000 0.09540000 0.09540000
male 1 1984 5  0.06660000 0.06660000 0.06660000
male 1 1985 1  0.00000000 0.00000000 0.00000000
male 1 1985 2  0.02520000 0.02520000 0.02520000
male 1 1985 3  0.15319614 0.21936667 0.38425586
male 1 1985 4  0.08820000 0.08820000 0.08820000
male 1 1985 5  0.06660000 0.06660000 0.06660000
male 1 1986 1  0.00000000 0.00000000 0.00000000
male 1 1986 2  0.02520000 0.02520000 0.02520000
male 1 1986 3  0.08412021 0.12045454 0.21099542
male 1 1986 4  0.08820000 0.08820000 0.08820000
male 1 1986 5  0.06660000 0.06660000 0.06660000
male 1 1987 1  0.00000000 0.00000000 0.00000000
male 1 1987 2  0.02520000 0.02520000 0.02520000
male 1 1987 3  0.08044980 0.11519876 0.20178908
male 1 1987 4  0.08820000 0.08820000 0.08820000
male 1 1987 5  0.06660000 0.06660000 0.06660000
male 1 1988 1  0.00000000 0.00000000 0.00000000
male 1 1988 2  0.02520000 0.02520000 0.02520000
male 1 1988 3  0.08585512 0.12293882 0.21534704
male 1 1988 4  0.08820000 0.08820000 0.08820000
male 1 1988 5  0.06660000 0.06660000 0.06660000
male 1 1989 1  0.00000000 0.00000000 0.00000000
male 1 1989 2  0.02520000 0.02520000 0.02520000
male 1 1989 3  0.06719226 0.09621485 0.16853572
male 1 1989 4  0.08820000 0.08820000 0.08820000
male 1 1989 5  0.06660000 0.06660000 0.06660000
male 1 1990 1  0.00000000 0.00000000 0.00000000
male 1 1990 2  0.02520000 0.02520000 0.02520000
male 1 1990 3  0.09210558 0.13188906 0.23102482
male 1 1990 4  0.08820000 0.08820000 0.08820000
male 1 1990 5  0.06660000 0.06660000 0.06660000
male 1 1991 1  0.00000000 0.00000000 0.00000000
male 1 1991 2  0.03284611 0.03284620 0.03284620
male 1 1991 3  0.14679238 0.21019693 0.36819358
male 1 1991 4  0.08100000 0.08100000 0.08100000
male 1 1991 5  0.06660000 0.06660000 0.06660000
male 1 1992 1  0.00000000 0.00000000 0.00000000
male 1 1992 2  0.02573852 0.02573862 0.02573863
male 1 1992 3  0.10642719 0.15239666 0.26694716
male 1 1992 4  0.08820000 0.08820000 0.08820000
male 1 1992 5  0.06660000 0.06660000 0.06660000
male 1 1993 1  0.00000000 0.00000000 0.00000000
male 1 1993 2  0.03263645 0.03263650 0.03263650
male 1 1993 3  0.12031816 0.17228760 0.30178933
male 1 1993 4  0.08100000 0.08100000 0.08100000
male 1 1993 5  0.06660000 0.06660000 0.06660000
male 1 1994 1  0.00000000 0.00000000 0.00000000
male 1 1994 2  0.03244979 0.03244980 0.03244980
male 1 1994 3  0.15968675 0.22866080 0.40053602
male 1 1994 4  0.08100000 0.08100000 0.08100000
male 1 1994 5  0.06660000 0.06660000 0.06660000
male 1 1995 1  0.00000000 0.00000000 0.00000000
male 1 1995 2  0.03249751 0.03249753 0.03249753
male 1 1995 3  0.12804786 0.18335601 0.32117742
male 1 1995 4  0.08100000 0.08100000 0.08100000
male 1 1995 5  0.06660000 0.06660000 0.06660000
male 1 1996 1  0.00000000 0.00000000 0.00000000
male 1 1996 2  0.03247184 0.03247185 0.03247186
male 1 1996 3  0.13325568 0.19081326 0.33423999
male 1 1996 4  0.08100000 0.08100000 0.08100000
male 1 1996 5  0.06660000 0.06660000 0.06660000
male 1 1997 1  0.00000000 0.00000000 0.00000000
male 1 1997 2  0.03249672 0.03249674 0.03249674
male 1 1997 3  0.21783464 0.31192470 0.54638608
male 1 1997 4  0.08100000 0.08100000 0.08100000
male 1 1997 5  0.06660000 0.06660000 0.06660000
male 1 1998 1  0.00000000 0.00000000 0.00000000
male 1 1998 2  0.15768024 0.15768029 0.15768030
male 1 1998 3  0.20329855 0.29110999 0.50992578
male 1 1998 4  0.39347739 0.39347739 0.39347739
male 1 1998 5  0.32352586 0.32352586 0.32352586
male 1 1999 1  0.00000000 0.00000000 0.00000000
male 1 1999 2  0.03333006 0.03333023 0.03333025
male 1 1999 3  0.00000000 0.00000000 0.00000000
male 1 1999 4  0.08100000 0.08100000 0.08100000
male 1 1999 5  0.06660000 0.06660000 0.06660000
male 1 2000 1  0.00000000 0.00000000 0.00000000
male 1 2000 2  0.03285973 0.03285982 0.03285982
male 1 2000 3  0.00000000 0.00000000 0.00000000
male 1 2000 4  0.08100000 0.08100000 0.08100000
male 1 2000 5  0.06660000 0.06660000 0.06660000
male 1 2001 1  0.00000000 0.00000000 0.00000000
male 1 2001 2  0.03299190 0.03299201 0.03299202
male 1 2001 3  0.00000000 0.00000000 0.00000000
male 1 2001 4  0.08100000 0.08100000 0.08100000
male 1 2001 5  0.06660000 0.06660000 0.06660000
male 1 2002 1  0.00000000 0.00000000 0.00000000
male 1 2002 2  0.03290890 0.03290900 0.03290901
male 1 2002 3  0.00000000 0.00000000 0.00000000
male 1 2002 4  0.08100000 0.08100000 0.08100000
male 1 2002 5  0.06660000 0.06660000 0.06660000
male 1 2003 1  0.00000000 0.00000000 0.00000000
male 1 2003 2  0.03335650 0.03335668 0.03335670
male 1 2003 3  0.00000000 0.00000000 0.00000000
male 1 2003 4  0.08100000 0.08100000 0.08100000
male 1 2003 5  0.06660000 0.06660000 0.06660000
male 1 2004 1  0.00000000 0.00000000 0.00000000
male 1 2004 2  0.03273974 0.03273980 0.03273981
male 1 2004 3  0.00000000 0.00000000 0.00000000
male 1 2004 4  0.08100000 0.08100000 0.08100000
male 1 2004 5  0.06660000 0.06660000 0.06660000
male 1 2005 1  0.00000000 0.00000000 0.00000000
male 1 2005 2  0.03288121 0.03288130 0.03288131
male 1 2005 3  0.00000000 0.00000000 0.00000000
male 1 2005 4  0.08100000 0.08100000 0.08100000
male 1 2005 5  0.06660000 0.06660000 0.06660000
male 1 2006 1  0.00000000 0.00000000 0.00000000
male 1 2006 2  0.03404711 0.03404742 0.03404745
male 1 2006 3  0.00000000 0.00000000 0.00000000
male 1 2006 4  0.08100000 0.08100000 0.08100000
male 1 2006 5  0.06660000 0.06660000 0.06660000
male 1 2007 1  0.00000000 0.00000000 0.00000000
male 1 2007 2  0.06002371 0.06002889 0.06002946
male 1 2007 3  0.00000000 0.00000000 0.00000000
male 1 2007 4  0.08100000 0.08100000 0.08100000
male 1 2007 5  0.06660000 0.06660000 0.06660000
male 1 2008 1  0.00000000 0.00000000 0.00000000
male 1 2008 2  0.03458367 0.03458408 0.03458412
male 1 2008 3  0.00000000 0.00000000 0.00000000
male 1 2008 4  0.08100000 0.08100000 0.08100000
male 1 2008 5  0.06660000 0.06660000 0.06660000
male 1 2009 1  0.00000000 0.00000000 0.00000000
male 1 2009 2  0.08163525 0.08163571 0.08163576
male 1 2009 3  0.05765130 0.09916445 0.09916445
male 1 2009 4  0.03420000 0.03420000 0.03420000
male 1 2009 5  0.06660000 0.06660000 0.06660000
male 1 2010 1  0.00000000 0.00000000 0.00000000
male 1 2010 2  0.08223621 0.08223678 0.08223684
male 1 2010 3  0.17396163 0.29922672 0.29922672
male 1 2010 4  0.03420000 0.03420000 0.03420000
male 1 2010 5  0.06660000 0.06660000 0.06660000
male 1 2011 1  0.00000000 0.00000000 0.00000000
male 1 2011 2  0.07953407 0.07953413 0.07953414
male 1 2011 3  0.32961552 0.56696279 0.56696279
male 1 2011 4  0.03420000 0.03420000 0.03420000
male 1 2011 5  0.06660000 0.06660000 0.06660000
male 1 2012 1  0.00000000 0.00000000 0.00000000
male 1 2012 2  0.07957087 0.07957094 0.07957095
male 1 2012 3  0.42708785 0.73462233 0.73462234
male 1 2012 4  0.03420000 0.03420000 0.03420000
male 1 2012 5  0.06660000 0.06660000 0.06660000
male 1 2013 1  0.00000000 0.00000000 0.00000000
male 1 2013 2  0.07955703 0.07955710 0.07955710
male 1 2013 3  0.00000000 0.00000000 0.00000000
male 1 2013 4  0.03420000 0.03420000 0.03420000
male 1 2013 5  0.06660000 0.06660000 0.06660000
male 1 2014 1  0.00000000 0.00000000 0.00000000
male 1 2014 2  0.07954452 0.07954459 0.07954460
male 1 2014 3  0.08130522 0.13985092 0.13985092
male 1 2014 4  0.03420000 0.03420000 0.03420000
male 1 2014 5  0.06660000 0.06660000 0.06660000
male 1 2015 1  0.00000000 0.00000000 0.00000000
male 1 2015 2  0.07975235 0.07975245 0.07975246
male 1 2015 3  0.02909643 0.05004799 0.05004799
male 1 2015 4  0.03420000 0.03420000 0.03420000
male 1 2015 5  0.06660000 0.06660000 0.06660000
male 1 2016 1  0.00000000 0.00000000 0.00000000
male 1 2016 2  0.08062118 0.08062144 0.08062147
male 1 2016 3  0.00005194 0.00008935 0.00008935
male 1 2016 4  0.03420000 0.03420000 0.03420000
male 1 2016 5  0.06660000 0.06660000 0.06660000
male 1 2017 1  0.00000000 0.00000000 0.00000000
male 1 2017 2  0.08390732 0.08390820 0.08390830
male 1 2017 3  0.00005739 0.00009871 0.00009871
male 1 2017 4  0.03420000 0.03420000 0.03420000
male 1 2017 5  0.06660000 0.06660000 0.06660000
male 1 2018 1  0.00000000 0.00000000 0.00000000
male 1 2018 2  0.08017127 0.08017145 0.08017147
male 1 2018 3  0.00064524 0.00110986 0.00110986
male 1 2018 4  0.03420000 0.03420000 0.03420000
male 1 2018 5  0.06660000 0.06660000 0.06660000
male 1 2019 1  0.00000000 0.00000000 0.00000000
male 1 2019 2  0.08008196 0.08008213 0.08008214
male 1 2019 3  0.00000000 0.00000000 0.00000000
male 1 2019 4  0.03420000 0.03420000 0.03420000
male 1 2019 5  0.06660000 0.06660000 0.06660000
male 1 2020 1  0.00000000 0.00000000 0.00000000
male 1 2020 2  0.07970776 0.07970786 0.07970787
male 1 2020 3  0.00000000 0.00000000 0.00000000
male 1 2020 4  0.03420000 0.03420000 0.03420000
male 1 2020 5  0.06660000 0.06660000 0.06660000

#--------------------------------------------------------------------------------------------
# Numbers-at-size

# N(total)
#Year 1 2 3 
1978  3122936.70117762 2004519.02081456 1667550.45811908
1979  4231872.22441145 2371147.28247195 2291324.91753958
1980  3797135.56569095 3181544.56757327 3465448.09401834
1981  1436970.96860782 3206678.74967756 4831856.75051009
1982  1605397.07884489 1832149.26164402 4862920.03797154
1983  799871.98704237 1446836.18126783 3446712.75382854
1984  655623.35321791 859410.42643330 1970674.26937267
1985  920947.21765715 622428.13396952 1399170.10853647
1986  1356724.81078601 704394.02015242 1181577.54391247
1987  1321951.20761103 985240.13985877 1273466.73411198
1988  1234325.41680528 1057436.92789051 1479165.87026798
1989  2910078.62812433 1030541.54529099 1632386.63267552
1990  1862454.75804795 1965213.39609153 1936234.32419971
1991  1914727.71522802 1671906.06626495 2423614.42094087
1992  2095878.01309526 1585931.66652805 2386041.88914963
1993  2371914.31252424 1673773.87054216 2497019.87628669
1994  1616875.37273090 1849901.14393018 2578652.57510759
1995  1750933.14585882 1474195.40980333 2483691.68397797
1996  1756356.17823883 1439471.41514554 2384210.98853127
1997  914405.87376948 1429722.00722576 2287656.23235721
1998  610089.73203745 941635.26662731 1867260.76651515
1999  373769.74039468 312892.28661219 719259.42427799
2000  413486.99272989 315664.61507972 793863.21007554
2001  377240.50890628 339207.62832670 861543.61200075
2002  131183.17583969 326398.38888654 926405.32001098
2003  295946.72631685 182471.08612517 950601.22750765
2004  188965.77793861 228330.11589533 913756.38379322
2005  479185.90863523 182858.61883526 896276.60019106
2006  715146.54453905 332561.70608615 886380.47931427
2007  414453.35125962 515627.50602751 975313.47322479
2008  855895.16182117 400470.88839288 1098998.40104703
2009  696264.65213571 617940.87144748 1200386.56030060
2010  612146.99738593 590641.05724769 1277638.89832670
2011  469143.18265709 519068.42447520 1126466.39488889
2012  231481.56602706 402707.44445655 809189.64654973
2013  254986.22354638 235691.17590588 519699.76409665
2014  210664.04689441 222775.36813115 577196.68171555
2015  166431.11576153 189374.69122996 548146.34588329
2016  173024.81571564 155982.62129878 545710.06075697
2017  134485.78665086 149776.44989204 550552.13527144
2018  145340.39469754 125652.04123898 546903.28109890
2019  249238.19922234 124050.92298580 533287.93753600
2020  183323.64685601 182525.18808165 531583.60070031
2021  451371.66833275 164485.09153024 553444.12239215

# N(males)
#Year 1 2 3 
1978  3122936.70117762 2004519.02081456 1667550.45811908
1979  4231872.22441145 2371147.28247195 2291324.91753958
1980  3797135.56569095 3181544.56757327 3465448.09401834
1981  1436970.96860782 3206678.74967756 4831856.75051009
1982  1605397.07884489 1832149.26164402 4862920.03797154
1983  799871.98704237 1446836.18126783 3446712.75382854
1984  655623.35321791 859410.42643330 1970674.26937267
1985  920947.21765715 622428.13396952 1399170.10853647
1986  1356724.81078601 704394.02015242 1181577.54391247
1987  1321951.20761103 985240.13985877 1273466.73411198
1988  1234325.41680528 1057436.92789051 1479165.87026798
1989  2910078.62812433 1030541.54529099 1632386.63267552
1990  1862454.75804795 1965213.39609153 1936234.32419971
1991  1914727.71522802 1671906.06626495 2423614.42094087
1992  2095878.01309526 1585931.66652805 2386041.88914963
1993  2371914.31252424 1673773.87054216 2497019.87628669
1994  1616875.37273090 1849901.14393018 2578652.57510759
1995  1750933.14585882 1474195.40980333 2483691.68397797
1996  1756356.17823883 1439471.41514554 2384210.98853127
1997  914405.87376948 1429722.00722576 2287656.23235721
1998  610089.73203745 941635.26662731 1867260.76651515
1999  373769.74039468 312892.28661219 719259.42427799
2000  413486.99272989 315664.61507972 793863.21007554
2001  377240.50890628 339207.62832670 861543.61200075
2002  131183.17583969 326398.38888654 926405.32001098
2003  295946.72631685 182471.08612517 950601.22750765
2004  188965.77793861 228330.11589533 913756.38379322
2005  479185.90863523 182858.61883526 896276.60019106
2006  715146.54453905 332561.70608615 886380.47931427
2007  414453.35125962 515627.50602751 975313.47322479
2008  855895.16182117 400470.88839288 1098998.40104703
2009  696264.65213571 617940.87144748 1200386.56030060
2010  612146.99738593 590641.05724769 1277638.89832670
2011  469143.18265709 519068.42447520 1126466.39488889
2012  231481.56602706 402707.44445655 809189.64654973
2013  254986.22354638 235691.17590588 519699.76409665
2014  210664.04689441 222775.36813115 577196.68171555
2015  166431.11576153 189374.69122996 548146.34588329
2016  173024.81571564 155982.62129878 545710.06075697
2017  134485.78665086 149776.44989204 550552.13527144
2018  145340.39469754 125652.04123898 546903.28109890
2019  249238.19922234 124050.92298580 533287.93753600
2020  183323.64685601 182525.18808165 531583.60070031
2021  451371.66833275 164485.09153024 553444.12239215

# N(males_new)
#Year 1 2 3 
1978  3122936.70117762 2004519.02081456 1667550.45811908
1979  4231872.22441145 2371147.28247195 2291324.91753958
1980  3797135.56569095 3181544.56757327 3465448.09401834
1981  1436970.96860782 3206678.74967756 4831856.75051009
1982  1605397.07884489 1832149.26164402 4862920.03797154
1983  799871.98704237 1446836.18126783 3446712.75382854
1984  655623.35321791 859410.42643330 1970674.26937267
1985  920947.21765715 622428.13396952 1399170.10853647
1986  1356724.81078601 704394.02015242 1181577.54391247
1987  1321951.20761103 985240.13985877 1273466.73411198
1988  1234325.41680528 1057436.92789051 1479165.87026798
1989  2910078.62812433 1030541.54529099 1632386.63267552
1990  1862454.75804795 1965213.39609153 1936234.32419971
1991  1914727.71522802 1671906.06626495 2423614.42094087
1992  2095878.01309526 1585931.66652805 2386041.88914963
1993  2371914.31252424 1673773.87054216 2497019.87628669
1994  1616875.37273090 1849901.14393018 2578652.57510759
1995  1750933.14585882 1474195.40980333 2483691.68397797
1996  1756356.17823883 1439471.41514554 2384210.98853127
1997  914405.87376948 1429722.00722576 2287656.23235721
1998  610089.73203745 941635.26662731 1867260.76651515
1999  373769.74039468 312892.28661219 719259.42427799
2000  413486.99272989 315664.61507972 793863.21007554
2001  377240.50890628 339207.62832670 861543.61200075
2002  131183.17583969 326398.38888654 926405.32001098
2003  295946.72631685 182471.08612517 950601.22750765
2004  188965.77793861 228330.11589533 913756.38379322
2005  479185.90863523 182858.61883526 896276.60019106
2006  715146.54453905 332561.70608615 886380.47931427
2007  414453.35125962 515627.50602751 975313.47322479
2008  855895.16182117 400470.88839288 1098998.40104703
2009  696264.65213571 617940.87144748 1200386.56030060
2010  612146.99738593 590641.05724769 1277638.89832670
2011  469143.18265709 519068.42447520 1126466.39488889
2012  231481.56602706 402707.44445655 809189.64654973
2013  254986.22354638 235691.17590588 519699.76409665
2014  210664.04689441 222775.36813115 577196.68171555
2015  166431.11576153 189374.69122996 548146.34588329
2016  173024.81571564 155982.62129878 545710.06075697
2017  134485.78665086 149776.44989204 550552.13527144
2018  145340.39469754 125652.04123898 546903.28109890
2019  249238.19922234 124050.92298580 533287.93753600
2020  183323.64685601 182525.18808165 531583.60070031
2021  451371.66833275 164485.09153024 553444.12239215

# N(males_old)
#Year 1 2 3 
1978  0.00000000 0.00000000 0.00000000
1979  0.00000000 0.00000000 0.00000000
1980  0.00000000 0.00000000 0.00000000
1981  0.00000000 0.00000000 0.00000000
1982  0.00000000 0.00000000 0.00000000
1983  0.00000000 0.00000000 0.00000000
1984  0.00000000 0.00000000 0.00000000
1985  0.00000000 0.00000000 0.00000000
1986  0.00000000 0.00000000 0.00000000
1987  0.00000000 0.00000000 0.00000000
1988  0.00000000 0.00000000 0.00000000
1989  0.00000000 0.00000000 0.00000000
1990  0.00000000 0.00000000 0.00000000
1991  0.00000000 0.00000000 0.00000000
1992  0.00000000 0.00000000 0.00000000
1993  0.00000000 0.00000000 0.00000000
1994  0.00000000 0.00000000 0.00000000
1995  0.00000000 0.00000000 0.00000000
1996  0.00000000 0.00000000 0.00000000
1997  0.00000000 0.00000000 0.00000000
1998  0.00000000 0.00000000 0.00000000
1999  0.00000000 0.00000000 0.00000000
2000  0.00000000 0.00000000 0.00000000
2001  0.00000000 0.00000000 0.00000000
2002  0.00000000 0.00000000 0.00000000
2003  0.00000000 0.00000000 0.00000000
2004  0.00000000 0.00000000 0.00000000
2005  0.00000000 0.00000000 0.00000000
2006  0.00000000 0.00000000 0.00000000
2007  0.00000000 0.00000000 0.00000000
2008  0.00000000 0.00000000 0.00000000
2009  0.00000000 0.00000000 0.00000000
2010  0.00000000 0.00000000 0.00000000
2011  0.00000000 0.00000000 0.00000000
2012  0.00000000 0.00000000 0.00000000
2013  0.00000000 0.00000000 0.00000000
2014  0.00000000 0.00000000 0.00000000
2015  0.00000000 0.00000000 0.00000000
2016  0.00000000 0.00000000 0.00000000
2017  0.00000000 0.00000000 0.00000000
2018  0.00000000 0.00000000 0.00000000
2019  0.00000000 0.00000000 0.00000000
2020  0.00000000 0.00000000 0.00000000
2021  0.00000000 0.00000000 0.00000000

# N(males_mature)
#Year 1 2 3 
1978  3122936.70117762 2004519.02081456 1667550.45811908
1979  4231872.22441145 2371147.28247195 2291324.91753958
1980  3797135.56569095 3181544.56757327 3465448.09401834
1981  1436970.96860782 3206678.74967756 4831856.75051009
1982  1605397.07884489 1832149.26164402 4862920.03797154
1983  799871.98704237 1446836.18126783 3446712.75382854
1984  655623.35321791 859410.42643330 1970674.26937267
1985  920947.21765715 622428.13396952 1399170.10853647
1986  1356724.81078601 704394.02015242 1181577.54391247
1987  1321951.20761103 985240.13985877 1273466.73411198
1988  1234325.41680528 1057436.92789051 1479165.87026798
1989  2910078.62812433 1030541.54529099 1632386.63267552
1990  1862454.75804795 1965213.39609153 1936234.32419971
1991  1914727.71522802 1671906.06626495 2423614.42094087
1992  2095878.01309526 1585931.66652805 2386041.88914963
1993  2371914.31252424 1673773.87054216 2497019.87628669
1994  1616875.37273090 1849901.14393018 2578652.57510759
1995  1750933.14585882 1474195.40980333 2483691.68397797
1996  1756356.17823883 1439471.41514554 2384210.98853127
1997  914405.87376948 1429722.00722576 2287656.23235721
1998  610089.73203745 941635.26662731 1867260.76651515
1999  373769.74039468 312892.28661219 719259.42427799
2000  413486.99272989 315664.61507972 793863.21007554
2001  377240.50890628 339207.62832670 861543.61200075
2002  131183.17583969 326398.38888654 926405.32001098
2003  295946.72631685 182471.08612517 950601.22750765
2004  188965.77793861 228330.11589533 913756.38379322
2005  479185.90863523 182858.61883526 896276.60019106
2006  715146.54453905 332561.70608615 886380.47931427
2007  414453.35125962 515627.50602751 975313.47322479
2008  855895.16182117 400470.88839288 1098998.40104703
2009  696264.65213571 617940.87144748 1200386.56030060
2010  612146.99738593 590641.05724769 1277638.89832670
2011  469143.18265709 519068.42447520 1126466.39488889
2012  231481.56602706 402707.44445655 809189.64654973
2013  254986.22354638 235691.17590588 519699.76409665
2014  210664.04689441 222775.36813115 577196.68171555
2015  166431.11576153 189374.69122996 548146.34588329
2016  173024.81571564 155982.62129878 545710.06075697
2017  134485.78665086 149776.44989204 550552.13527144
2018  145340.39469754 125652.04123898 546903.28109890
2019  249238.19922234 124050.92298580 533287.93753600
2020  183323.64685601 182525.18808165 531583.60070031
2021  451371.66833275 164485.09153024 553444.12239215

# N(males_imature)
#Year 1 2 3 
1978  0.00000000 0.00000000 0.00000000
1979  0.00000000 0.00000000 0.00000000
1980  0.00000000 0.00000000 0.00000000
1981  0.00000000 0.00000000 0.00000000
1982  0.00000000 0.00000000 0.00000000
1983  0.00000000 0.00000000 0.00000000
1984  0.00000000 0.00000000 0.00000000
1985  0.00000000 0.00000000 0.00000000
1986  0.00000000 0.00000000 0.00000000
1987  0.00000000 0.00000000 0.00000000
1988  0.00000000 0.00000000 0.00000000
1989  0.00000000 0.00000000 0.00000000
1990  0.00000000 0.00000000 0.00000000
1991  0.00000000 0.00000000 0.00000000
1992  0.00000000 0.00000000 0.00000000
1993  0.00000000 0.00000000 0.00000000
1994  0.00000000 0.00000000 0.00000000
1995  0.00000000 0.00000000 0.00000000
1996  0.00000000 0.00000000 0.00000000
1997  0.00000000 0.00000000 0.00000000
1998  0.00000000 0.00000000 0.00000000
1999  0.00000000 0.00000000 0.00000000
2000  0.00000000 0.00000000 0.00000000
2001  0.00000000 0.00000000 0.00000000
2002  0.00000000 0.00000000 0.00000000
2003  0.00000000 0.00000000 0.00000000
2004  0.00000000 0.00000000 0.00000000
2005  0.00000000 0.00000000 0.00000000
2006  0.00000000 0.00000000 0.00000000
2007  0.00000000 0.00000000 0.00000000
2008  0.00000000 0.00000000 0.00000000
2009  0.00000000 0.00000000 0.00000000
2010  0.00000000 0.00000000 0.00000000
2011  0.00000000 0.00000000 0.00000000
2012  0.00000000 0.00000000 0.00000000
2013  0.00000000 0.00000000 0.00000000
2014  0.00000000 0.00000000 0.00000000
2015  0.00000000 0.00000000 0.00000000
2016  0.00000000 0.00000000 0.00000000
2017  0.00000000 0.00000000 0.00000000
2018  0.00000000 0.00000000 0.00000000
2019  0.00000000 0.00000000 0.00000000
2020  0.00000000 0.00000000 0.00000000
2021  0.00000000 0.00000000 0.00000000

# N(males_mature_new)
#Year 1 2 3 
1978  3122936.70117762 2004519.02081456 1667550.45811908
1979  4231872.22441145 2371147.28247195 2291324.91753958
1980  3797135.56569095 3181544.56757327 3465448.09401834
1981  1436970.96860782 3206678.74967756 4831856.75051009
1982  1605397.07884489 1832149.26164402 4862920.03797154
1983  799871.98704237 1446836.18126783 3446712.75382854
1984  655623.35321791 859410.42643330 1970674.26937267
1985  920947.21765715 622428.13396952 1399170.10853647
1986  1356724.81078601 704394.02015242 1181577.54391247
1987  1321951.20761103 985240.13985877 1273466.73411198
1988  1234325.41680528 1057436.92789051 1479165.87026798
1989  2910078.62812433 1030541.54529099 1632386.63267552
1990  1862454.75804795 1965213.39609153 1936234.32419971
1991  1914727.71522802 1671906.06626495 2423614.42094087
1992  2095878.01309526 1585931.66652805 2386041.88914963
1993  2371914.31252424 1673773.87054216 2497019.87628669
1994  1616875.37273090 1849901.14393018 2578652.57510759
1995  1750933.14585882 1474195.40980333 2483691.68397797
1996  1756356.17823883 1439471.41514554 2384210.98853127
1997  914405.87376948 1429722.00722576 2287656.23235721
1998  610089.73203745 941635.26662731 1867260.76651515
1999  373769.74039468 312892.28661219 719259.42427799
2000  413486.99272989 315664.61507972 793863.21007554
2001  377240.50890628 339207.62832670 861543.61200075
2002  131183.17583969 326398.38888654 926405.32001098
2003  295946.72631685 182471.08612517 950601.22750765
2004  188965.77793861 228330.11589533 913756.38379322
2005  479185.90863523 182858.61883526 896276.60019106
2006  715146.54453905 332561.70608615 886380.47931427
2007  414453.35125962 515627.50602751 975313.47322479
2008  855895.16182117 400470.88839288 1098998.40104703
2009  696264.65213571 617940.87144748 1200386.56030060
2010  612146.99738593 590641.05724769 1277638.89832670
2011  469143.18265709 519068.42447520 1126466.39488889
2012  231481.56602706 402707.44445655 809189.64654973
2013  254986.22354638 235691.17590588 519699.76409665
2014  210664.04689441 222775.36813115 577196.68171555
2015  166431.11576153 189374.69122996 548146.34588329
2016  173024.81571564 155982.62129878 545710.06075697
2017  134485.78665086 149776.44989204 550552.13527144
2018  145340.39469754 125652.04123898 546903.28109890
2019  249238.19922234 124050.92298580 533287.93753600
2020  183323.64685601 182525.18808165 531583.60070031
2021  451371.66833275 164485.09153024 553444.12239215
#--------------------------------------------------------------------------------------------
#Molting and growth

# Molt probability
#Sex Year 1 2 3 
male 1978  0.96415960 0.77461706 0.30511762
male 1979  0.96415960 0.77461706 0.30511762
male 1980  0.96415960 0.77461706 0.30511762
male 1981  0.96415960 0.77461706 0.30511762
male 1982  0.96415960 0.77461706 0.30511762
male 1983  0.96415960 0.77461706 0.30511762
male 1984  0.96415960 0.77461706 0.30511762
male 1985  0.96415960 0.77461706 0.30511762
male 1986  0.96415960 0.77461706 0.30511762
male 1987  0.96415960 0.77461706 0.30511762
male 1988  0.96415960 0.77461706 0.30511762
male 1989  0.96415960 0.77461706 0.30511762
male 1990  0.96415960 0.77461706 0.30511762
male 1991  0.96415960 0.77461706 0.30511762
male 1992  0.96415960 0.77461706 0.30511762
male 1993  0.96415960 0.77461706 0.30511762
male 1994  0.96415960 0.77461706 0.30511762
male 1995  0.96415960 0.77461706 0.30511762
male 1996  0.96415960 0.77461706 0.30511762
male 1997  0.96415960 0.77461706 0.30511762
male 1998  0.96415960 0.77461706 0.30511762
male 1999  0.96415960 0.77461706 0.30511762
male 2000  0.96415960 0.77461706 0.30511762
male 2001  0.96415960 0.77461706 0.30511762
male 2002  0.96415960 0.77461706 0.30511762
male 2003  0.96415960 0.77461706 0.30511762
male 2004  0.96415960 0.77461706 0.30511762
male 2005  0.96415960 0.77461706 0.30511762
male 2006  0.96415960 0.77461706 0.30511762
male 2007  0.96415960 0.77461706 0.30511762
male 2008  0.96415960 0.77461706 0.30511762
male 2009  0.96415960 0.77461706 0.30511762
male 2010  0.96415960 0.77461706 0.30511762
male 2011  0.96415960 0.77461706 0.30511762
male 2012  0.96415960 0.77461706 0.30511762
male 2013  0.96415960 0.77461706 0.30511762
male 2014  0.96415960 0.77461706 0.30511762
male 2015  0.96415960 0.77461706 0.30511762
male 2016  0.96415960 0.77461706 0.30511762
male 2017  0.96415960 0.77461706 0.30511762
male 2018  0.96415960 0.77461706 0.30511762
male 2019  0.96415960 0.77461706 0.30511762
male 2020  0.96415960 0.77461706 0.30511762

# Growth_transition_matrix
#growth_matrix for (sex, increment_no): male 1
 0.17610000 0.00000000 0.00000000
 0.70520000 0.22060000 0.00000000
 0.11870000 0.77940000 1.00000000

# Size_transition_matrix
#size_matrix for (sex, increment_no): male 1
0.20562891 0.67992535 0.11444574 
0 0.39626346 0.60373654 
0 0 1.00000000 

#--------------------------------------------------------------------------------------------
# Reference points
# Which combinations of season (rows) and fleet (column) have F>0 in the forecast
 1 0.00000000 0.00000000 0.00000000 0.00000000 0.00000000 
 2 0.00000000 1.00000000 1.00000000 0.00000000 0.00000000 
 3 1.00000000 0.00000000 0.00000000 0.00000000 0.00000000 
 4 0.00000000 0.00000000 0.00000000 0.00000000 0.00000000 
 5 0.00000000 0.00000000 0.00000000 0.00000000 0.00000000 

#----------------------------
#- Reference points and OFL -
#----------------------------
spr_syr
    1978
spr_nyr
    2020
spr_rbar
 829732.9583   0.0000
proj_rbar
 829732.9583   0.0000
spr_sexr
  1.0000
SR_alpha_prj
     0.00000000
SR_beta_prj
     0.00000000
spr_fofl
  0.26498759
spr_cofl_ret
 45.9516
#--------------------------------------------------------------------------------------------
#Simple likelihood
nloglike
 -68.4593   6.6698  -8.2607  -8.2251
   6.5611  85.1539
 -104.6657 -260.0070 -91.2227
  61.8596   0.0000   0.0000
   0.0000
nlogPenalty
   0.0000   9.6631   6.4430   0.0000   0.0000  47.1898   0.0000   0.0000   8.1091   1.9531   0.0000   0.0000   0.0000
priorDensity
   3.2958   2.7081   2.7081   2.7081   3.2340  -0.0010  -0.0010  -0.0010  -0.0010  -0.0010  -0.0010  -0.0010  -0.0010   0.0000   0.0000   0.0000   0.0000   0.0000   0.0000   0.0000   0.0000   0.0000   0.0000   0.0000   0.0000   0.0000   0.0000   0.0000   0.0000   0.0000   0.0000   0.0000   0.0000   0.0000   0.0000   0.0000   0.0000   0.0000   0.0000   0.0000   0.0000   0.0000   0.0000   0.0000   0.0000   0.0000   0.0000   0.0000   0.0000   0.0000   0.0000   0.0000   0.0000   0.0000   0.0000   0.0000   0.0000   0.0000   0.0000   0.0000   0.0000   0.0000   0.0000   0.0000   0.0000   0.0000   0.0000   0.0000   0.0000   0.0000   0.0000   0.0000   0.0000   0.0000   0.0000   0.0000   0.0000   0.0000   0.0000   0.0000   0.0000   0.0000   0.0000   0.0000   0.0000   0.0000   0.0000   0.0000   0.0000   0.0000   0.0000   0.0000   0.0000   0.0000   0.0000   0.0000   0.0000   0.0000   0.0000   0.0000   0.0000   0.0000   0.0000   0.0000   0.0000   0.0000   0.0000   0.0000   0.0000   0.0000   0.0000   0.0000   0.0000   0.0000   0.0000   0.0000   0.0000   0.0000   0.0000   0.0000   0.0000   0.0000   0.0000   0.0000   0.0000   0.0000   0.0000   0.0000   0.0000   0.0000   0.0000   0.0000   0.0000   0.0000   0.0000   0.0000   0.0000   0.0000   0.0000   0.0000   0.0000   0.0000   0.0000   0.0000   0.0000   0.0000   0.0000   0.0000   0.0000   0.6931   1.6094   0.0000   0.0000   0.0000   0.0000   0.0000   0.0000   0.0000   0.0000   0.0000   0.0000   0.0000   0.0000   0.0000   0.0000   0.0000   0.0000   0.0000   0.0000   0.0000   0.0000   0.0000   0.0000   0.0000   0.0000   0.0000   0.0000   0.0000   0.0000   0.0000   0.0000   0.0000   0.0000   0.0000   0.0000   0.0000   0.0000   0.0000   0.0000   0.0000   0.0000   0.0000   0.0000   0.0000   0.0000   0.0000   0.0000   0.0000   0.0000   0.0000   0.0000   0.0000   0.0000   0.0000   0.0000   0.0000   0.0000   0.0000   0.0000   0.0000   0.0000   0.0000   0.0000   0.0000   0.0000   0.0000   0.0000   0.0000   0.0000   0.0000   0.0000   0.0000   0.0000   0.0000   0.0000   0.0000   0.0000   0.0000   0.0000   0.0000   0.0000   0.0000   0.0000   0.0000   0.0000   0.0000   0.0000   0.0000   0.0000   0.0000   0.0000   0.0000   0.0000   0.0000   0.0000   0.0000   0.0000   0.0000   0.0000   0.0000   0.0000   0.0000   0.0000   0.0000   0.0000   0.0000   0.0000   0.0000   0.0000   0.0000   0.0000   0.0000   0.0000   0.0000   0.0000   0.0000   0.0000   0.0000   0.0000   0.0000   0.0000   0.0000   0.0000   0.0000   0.0000   0.0000   0.0000   0.0000   0.0000   0.0000   0.0000   0.0000   0.0000   0.0000   0.0000   0.0000   0.0000   0.0000   0.0000   0.0000   0.0000   0.0000   0.0000   0.0000   0.0000   0.0000   0.0000   0.0000   0.0000   0.0000   0.0000   0.0000   0.0000   0.0000   0.0000   0.0000   0.0000   0.0000   0.0000   0.0000   0.0000   0.0000   0.0000   0.0000   0.0000   0.0000   0.0000   0.0000   0.0000   0.0000   0.0000   0.0000   0.0000   0.0000   0.0000   0.0000   0.0000   0.0000   0.0000   0.0000   0.0000   0.0000   0.0000   0.0000   0.0000   0.0000   0.0000   0.0000   0.0000   0.0000   0.0000   0.0000   0.0000   0.0000

